match_id,competition_name,best_of,started_at,finished_at,duration_minutes
1-00309c0b-d5c8-47a7-bac1-19769b6ea563,South America 5V5 Queue,1,1785780759,1785783012,37.5
1-00537235-b7e1-40fb-9de5-589f68bdc4fd,South America 5V5 Queue,1,1786132219,1786134179,32.7
1-006f50af-1e5e-4557-bb87-f662af02e4ea,South America 5V5 Queue,1,1787028318,1787030197,31.3
1-0072c09b-9889-40cf-80e6-9be763d2cc99,South America 5V5 Queue,1,1787599804,1787602231,40.5
1-00749f47-f5a4-4827-979e-87be84e3e6ee,South America 5V5 Queue,1,1786737157,1786740063,48.4
1-008add6c-57b0-48d7-832f-60773cebd2db,South America 5V5 Queue,1,1785803288,1785805151,31.1
1-00979bab-4ecb-4b6f-a896-b690e71e2192,South America 5V5 Queue,1,1785947423,1785949932,41.8
1-00eb41f8-c489-4bd0-afe5-bf67b545795c,South America 5V5 Queue,1,1784417939,1784422097,69.3
1-01168cf9-861d-4755-bb24-05314778b0bc,South America 5V5 Queue,1,1787540579,1787542720,35.7
1-0137f6e7-47c2-47e2-8e79-4901a78c5074,South America 5V5 Queue,1,1786413116,1786414996,31.3
1-016697b4-eade-4655-b1b6-25a8b1e3a5eb,South America 5V5 Queue,1,1787092087,1787093973,31.4
1-01689838-49a2-422e-b180-b5368121329c,South America 5V5 Queue,1,1787359357,1787361681,38.7
1-0175c95b-8616-4a06-87ad-b69401798dcd,Europe 5v5 Queue,1,1785932031,1785934221,36.5
1-01a2b91a-49e6-4407-970a-43c5e410d346,South America 5V5 Queue,1,1785812770,1785815594,47.1
1-01e0ca7d-4c58-46b0-89b7-595aef941175,South America 5V5 Queue,1,1786768792,1786770770,33.0
1-01fe23a3-824a-44c6-8d84-dbd3e0706c86,South America 5V5 Queue,1,1787341054,1787343372,38.6
1-022b0304-0736-4003-9900-04612b2d0a2f,South America 5V5 Queue,1,1787353632,1787355058,23.8
1-028c8c8e-8480-42ee-b1ac-55e40e4170d0,South America 5V5 Queue,1,1786864686,1786866544,31.0
1-02980810-eb89-4d33-9a06-9eef3340c70a,South America 5V5 Queue,1,1787194846,1787196765,32.0
1-02d7d92d-66a5-45a2-a944-e8addd6fb75d,South America 5V5 Queue,1,1786051088,1786053081,33.2
1-02f6f4c6-9bd3-40cf-b590-f1854bf277b1,StarSeries S20 - Closed Qualifier SA,3,1785529057,1785531935,48.0
1-030a7c97-a7d7-405c-bea0-3b9888c86213,South America 5V5 Queue,1,1786746838,1786748846,33.5
1-030e6f29-685d-4ea3-a73c-633d98bed34b,South America 5V5 Queue,1,1787003957,1787006155,36.6
1-03204399-9df1-45c2-b41a-ac30cb83fc7e,South America 5V5 Queue,1,1787514079,1787516489,40.2
1-0325f4ab-76c9-4227-b75d-ea6b5b1b0f08,South America 5V5 Queue,1,1786821492,1786823466,32.9
1-034fdddb-b3e9-405f-b838-587f050cbce6,South America 5V5 Queue,1,1785777813,1785778655,14.0
1-0366135f-c509-4d65-bcc3-82d1f6fce66c,South America 5V5 Queue,1,1786639013,1786640690,27.9
1-038cf8e9-16ea-4b10-9aaf-9e31d5b72e9e,South America 5V5 Queue,1,1787336328,1787338274,32.4
1-03955421-5f1b-45df-bbdb-e7cb48eb7c5f,South America 5V5 Queue,1,1787624315,1787626074,29.3
1-03959157-d134-4995-bcda-20dd59be5ea0,South America 5V5 Queue,1,1787440605,1787442989,39.7
1-0398edfd-5ba3-4719-8947-73dec53b47be,South America 5V5 Queue,1,1787327225,1787330484,54.3
1-03dab5d8-3879-490f-ae1a-ea1b4b26f201,CCT 2026 South America 4 - Open Qualifier,1,1783189692,1783191370,28.0
1-03ff67da-9e24-4e44-bf33-9aefd5bb66e0,South America 5V5 Queue,1,1786466973,1786469193,37.0
1-04297a39-7560-4b2b-8031-5c4424f86116,South America 5V5 Queue,1,1784841885,1784845439,59.2
1-0429e6f9-07e2-4df9-8e58-9e1b479522bc,South America 5V5 Queue,1,1787293287,1787295506,37.0
1-0457f066-feab-4c07-9fdc-4a7c46c2ec94,South America 5V5 Queue,1,1784052852,1784054909,34.3
1-04af89ad-cc0f-439d-9ef3-2598edcf812e,South America 5V5 Queue,1,1787366025,1787367362,22.3
1-04b1ca73-e9ca-4e3f-a58d-5522e8684173,South America 5V5 Queue,1,1786252185,1786254525,39.0
1-04fa7a99-4d38-4da9-a375-16e9de6ee24c,South America 5V5 Queue,1,1787268770,1787270874,35.1
1-051352a7-ee9d-40cf-ad6b-06f47d609211,South America 5V5 Queue,1,1784532201,1784534128,32.1
1-051d5db6-a6fb-43f1-a4bb-7ec59e91acf5,South America 5V5 Queue,1,1787340507,1787342349,30.7
1-051ff012-64c6-4379-ba31-958175c73695,South America 5V5 Queue,1,1786860327,1786861919,26.5
1-055afa74-13ad-444e-914b-337b4e517f7b,South America 5V5 Queue,1,1787104548,1787108053,58.4
1-056313bb-362c-4490-bc4b-0f84632c4f0d,South America 5V5 Queue,1,1786310518,1786312351,30.6
1-05bf363b-5a14-4438-bbe0-69958e7e1329,South America 5V5 Queue,1,1787679721,1787681463,29.0
1-05f4be99-0c44-4769-b15b-6baafb26a573,South America 5V5 Queue,1,1786258944,1786261174,37.2
1-0600a67d-514a-46cb-bf3e-7890bb849c45,South America 2 - RES Showdown 4: BLAST Open Qualifier,1,1783259673,1783263178,58.4
1-061cf292-13d0-411e-ac91-6350aec65986,South America 5V5 Queue,1,1787195608,1787197994,39.8
1-0651c541-e099-40f9-a8f8-b2ad4c019316,South America 5V5 Queue,1,1787431107,1787433816,45.1
1-06589b63-4cc9-4486-b944-e9d1d58b593b,South America 5V5 Queue,1,1787635660,1787637771,35.2
1-06bd188e-ed46-465b-8b7b-518571e7fde7,CCT 2026 South America 5 - Open Qualifier,1,1786816276,1786817621,22.4
1-06c64039-e4de-4e8d-bdab-02fe05723f65,South America 5V5 Queue,1,1787458114,1787459639,25.4
1-06ed59af-256b-42d4-8917-b0e39697fcfc,South America 5V5 Queue,1,1786741042,1786743191,35.8
1-0708a2c9-969e-4956-851f-78cfc698dbe5,South America 5V5 Queue,1,1785104150,1785106562,40.2
1-070caffe-aa23-4360-aef9-718c86a5e6c4,South America 5V5 Queue,1,1784988623,1784989945,22.0
1-071d1418-28bb-4181-b0ec-11cd3f8b4a0b,South America 5V5 Queue,1,1786315045,1786316864,30.3
1-0728f95b-0aa9-4eec-9f34-ec16790580ed,South America 5V5 Queue,1,1786043727,1786046034,38.5
1-073b3de0-17e3-4be3-a9d5-ca982b2971b2,South America 5V5 Queue,1,1787256406,1787258261,30.9
1-075767dc-c40f-43e4-a75a-76fca0a509d0,South America 5V5 Queue,1,1787465276,1787466613,22.3
1-07625fe7-bddf-4795-ba72-cb7d28e3e357,South America 5V5 Queue,1,1786328067,1786329659,26.5
1-078e2bca-d09a-42cc-966d-1ed8aba97f70,South America 5V5 Queue,1,1787256123,1787258067,32.4
1-0797dcd9-69db-42d5-8882-e958d806049c,South America 5V5 Queue,1,1787622191,1787624786,43.2
1-07b1cbfc-6de4-43f2-88b9-9e9504e4f5c4,South America 5V5 Queue,1,1785378928,1785380742,30.2
1-07bb3550-3392-4a4a-b248-dd8252987ccb,South America 5V5 Queue,1,1787165512,1787167782,37.8
1-07f8c270-5388-4667-ac08-5a6fc71ff4e7,South America 5V5 Queue,1,1787529036,1787531187,35.9
1-07fa4c49-5f5b-4f99-bad4-0f00a4608761,South America 5V5 Queue,1,1787432959,1787434383,23.7
1-07fbea90-0d61-4fd1-8759-cbc055194a90,South America 5V5 Queue,1,1787377536,1787379976,40.7
1-0809a0e2-585f-4268-8641-bd19b1a4fa72,South America 5V5 Queue,1,1784434427,1784437320,48.2
1-0817500a-f061-4f37-bb01-910526e07813,South America 5V5 Queue,1,1787429364,1787431673,38.5
1-0826736e-47bb-4704-b010-954018509d07,South America 5V5 Queue,1,1787179920,1787181874,32.6
1-082e83a6-a9d3-4d1f-a3e3-68506fb0981a,South America 5V5 Queue,1,1786996515,1786999901,56.4
1-0853ad86-7647-4989-ab45-69acd748e65f,South America 5V5 Queue,1,1782254441,1782256744,38.4
1-087f338f-49f8-43fe-b486-175ae463dc60,South America 5V5 Queue,1,1787623756,1787625487,28.9
1-088791ee-a2b0-49db-bc41-0e6d91220a7d,South America 5V5 Queue,1,1787009397,1787011464,34.5
1-089aa05c-88ac-4c67-9124-64ed9320dcf9,South America 5V5 Queue,1,1787097021,1787098899,31.3
1-08ac4e6f-b6c6-48d1-91a1-fb854ec3f12e,South America 5V5 Queue,1,1778555982,1778559215,53.9
1-08c861d3-0efa-48b6-8750-a7725a82a063,South America 5V5 Queue,1,1786578405,1786580513,35.1
1-0902986a-13d5-4085-8230-c3ecbf1b1485,South America 5V5 Queue,1,1786592013,1786593787,29.6
1-091c1e91-4372-41c8-a058-c0a298b99bc5,South America 5V5 Queue,1,1786858201,1786860176,32.9
1-0920b5bc-209a-4534-8da0-cf5404a579a1,South America 5V5 Queue,1,1786377291,1786379311,33.7
1-09443468-9d4b-47d8-a0df-325e85ae8d65,South America 5V5 Queue,1,1787286299,1787287863,26.1
1-09501624-6194-4fa2-942d-d4be52fc980c,South America 5V5 Queue,1,1787419487,1787422040,42.5
1-095598bb-6a93-437a-88cc-2f5d5bf8cf35,South America 5V5 Queue,1,1787537275,1787539234,32.6
1-0964d523-6355-4d94-bee8-1a863a3919f6,South America 5V5 Queue,1,1783209558,1783211830,37.9
1-0967722d-2d59-49d1-8967-63e02df99fb4,South America 5V5 Queue,1,1787087716,1787089470,29.2
1-09700c19-ca80-49a4-bac5-d6bcd1742272,South America 5V5 Queue,1,1786817765,1786819906,35.7
1-0995245f-3c14-4f76-983c-74fb49513cfa,South America 5V5 Queue,1,1787266534,1787268512,33.0
1-09f7a5d5-0d08-499a-bd24-3454bdf5bd68,South America 5V5 Queue,1,1786574617,1786576817,36.7
1-0a100d80-1358-4906-8029-a588bef0186f,South America 5V5 Queue,1,1782153937,1782156479,42.4
1-0a33927b-e31a-4282-8752-7f1250989cd0,South America 5V5 Queue,1,1787619562,1787621559,33.3
1-0a3bf2aa-6a26-4d04-a4ce-9b6d79cf6b17,South America 5V5 Queue,1,1787508183,1787509995,30.2
1-0aa1b042-1927-400b-90bd-9e770632f869,South America 5V5 Queue,1,1787441198,1787443035,30.6
1-0ac7dbaf-dd51-4979-b819-8e0146145125,South America 5V5 Queue,1,1787103398,1787104811,23.6
1-0afd1dab-34ab-4031-85ac-244293e83d4c,South America 5V5 Queue,1,1786041687,1786043985,38.3
1-0b07002e-4357-42a3-ac46-b41dc76080fb,South America 5V5 Queue,1,1786259810,1786261685,31.2
1-0b27f2e9-d46d-4691-b153-8f66a991c707,South America 5V5 Queue,1,1785209403,1785211397,33.2
1-0b2bdb21-11f6-46f1-80e7-82c2fc0d904f,South America 5V5 Queue,1,1786823653,1786825678,33.8
1-0b3ae9b8-e243-40eb-a18e-da7ddae710cd,South America 5V5 Queue,1,1787189273,1787190624,22.5
1-0b40f545-4e2d-4159-9eaf-ae8bc99495a8,South America 5V5 Queue,1,1784765081,1784766761,28.0
1-0bb506eb-0484-46bc-a688-d9fae168cff9,South America 5V5 Queue,1,1785109050,1785110982,32.2
1-0bcaa533-19d7-4286-8421-9c39a7fca35e,South America 5V5 Queue,1,1787368517,1787370380,31.1
1-0bcf9520-b11a-48be-b1a0-88dc33ba2865,South America 5V5 Queue,1,1787515156,1787517498,39.0
1-0bdaeb0c-1f4f-43a4-9882-eaccf951f6dc,South America 5V5 Queue,1,1787255561,1787257855,38.2
1-0c051ee9-7ec3-4b39-bb24-6b32dbcb0d31,South America 5V5 Queue,1,1787503328,1787506213,48.1
1-0c1117e1-5b00-4189-a019-7cc56b5d2bd2,South America 5V5 Queue,1,1786401415,1786403380,32.8
1-0c1ca80f-776d-46d9-be8b-f8aa515f931e,South America 5V5 Queue,1,1787606318,1787608451,35.5
1-0c4fa4ab-6fcb-49f2-938d-952cf446bd14,CCT 2026 South America 5 - Open Qualifier,1,1786824738,1786827030,38.2
1-0c7e17de-6d75-45cc-bac6-9163ad5266e3,South America 5V5 Queue,1,1786074327,1786076828,41.7
1-0c857050-ce93-4a52-8f36-bc313b9b681c,South America 5V5 Queue,1,1787462315,1787464361,34.1
1-0d20c83d-71b6-4a28-ae4a-ec2f27a95c89,CCT 2026 South America 3 - Open Qualifier,1,1781979639,1781982513,47.9
1-0d4db8ef-8588-429b-b8a2-5291b186e89c,South America 5V5 Queue,1,1786649934,1786652520,43.1
1-0d604a3a-9ce3-44b1-a842-20a1aed9e021,South America 5V5 Queue,1,1787665746,1787668056,38.5
1-0d669bab-76c5-447c-b4b1-8ab9021a8443,South America 5V5 Queue,1,1785303874,1785305413,25.6
1-0da64fa2-6d45-48ed-848a-73d4a1f5ff69,South America 5V5 Queue,1,1787534201,1787535401,20.0
1-0dc70d72-1a6e-46dd-bb01-f5bad9f68223,South America 5V5 Queue,1,1786219477,1786221851,39.6
1-0de2f559-302c-4bcf-b54d-2b6459156287,South America 5V5 Queue,1,1784762989,1784764370,23.0
1-0e6ba703-6026-4dfc-9648-8b456d2d97c8,South America 5V5 Queue,1,1787528728,1787531334,43.4
1-0e8b388a-3a11-4968-ad4d-39be07319d5e,Europe 5v5 Queue,1,1786739467,1786741307,30.7
1-0e96b64e-8268-4b6d-957c-5a64d0ba5718,South America 5V5 Queue,1,1787336832,1787337908,17.9
1-0e9be792-a190-43cb-88b2-12624af8ca2b,South America 5V5 Queue,1,1787434340,1787436070,28.8
1-0ea36e5d-6db0-460e-900e-314689d9edd9,South America 5V5 Queue,1,1786338381,1786340047,27.8
1-0ead957b-b260-4763-a54f-28fc26608708,South America 5V5 Queue,1,1786157061,1786159415,39.2
1-0ed3a0cf-a5d1-48d7-800b-aa0168bb9e59,South America 5V5 Queue,1,1787271652,1787272995,22.4
1-0ee77569-a528-49a1-9e1f-d87985fd0dec,South America 5V5 Queue,1,1787636722,1787638795,34.5
1-0ef450b2-8573-4e78-8fbe-a697ae560993,South America 5V5 Queue,1,1787424398,1787426017,27.0
1-0f04e97c-1f53-429a-9ccb-4c778e0a969d,South America 5V5 Queue,1,1787347901,1787349387,24.8
1-0f55baef-a464-4d19-9e89-137cf7f66e69,South America 5V5 Queue,1,1785107046,1785108727,28.0
1-0f8cfc37-77b2-400b-8394-243ce2c0e4d9,South America 5V5 Queue,1,1787673026,1787675113,34.8
1-0fcc3fab-8cb4-45e4-8e3e-c86ea47a98a7,South America 5V5 Queue,1,1786853707,1786855867,36.0
1-0ffd0197-c81d-442b-a7fe-88a5fd5c60d4,South America 5V5 Queue,1,1786996947,1786998782,30.6
1-1026bcb9-bfa8-4e79-b250-2a50f2e00bc1,South America 5V5 Queue,1,1786751244,1786753176,32.2
1-1059f499-c4ae-4a25-b6e2-99630ac1d4f4,South America 5V5 Queue,1,1787511073,1787513669,43.3
1-108afb30-cca8-4af6-b341-d1858c0535b9,South America 5V5 Queue,1,1787192430,1787194665,37.2
1-10e3628c-c097-4a12-8671-da96e00abae5,South America 5V5 Queue,1,1787254084,1787255751,27.8
1-11019ddb-9cce-40c0-87ac-e972fba3813c,South America 5V5 Queue,1,1786158040,1786160051,33.5
1-110626a1-76c3-489b-928a-5d5add7d4096,South America 5V5 Queue,1,1786668330,1786670129,30.0
1-1117d57f-569c-4675-b15b-edd982def759,South America 5V5 Queue,1,1787626723,1787628708,33.1
1-1140f485-0a57-457c-b867-2325ecae9726,South America 5V5 Queue,1,1787085695,1787088421,45.4
1-11a46908-3bb8-44e5-8107-2be491856c5c,South America 5V5 Queue,1,1787285781,1787287950,36.1
1-11ba262f-749c-488f-8c6b-038accf049b7,South America 5V5 Queue,1,1787346253,1787348483,37.2
1-11c0f5d5-b64e-4232-bcd7-6f58320e08ae,South America 5V5 Queue,1,1787442152,1787443873,28.7
1-11ea32cd-7654-454b-9f48-3229860a6fc7,South America 5V5 Queue,1,1787066890,1787068269,23.0
1-11f5daf0-41b3-4ff7-9563-68781eb62c18,South America 5V5 Queue,1,1787578385,1787580412,33.8
1-11f62438-861a-4efa-8af3-a944e3f6f6ba,South America 5V5 Queue,1,1785975446,1785977422,32.9
1-122a0761-d8e8-473f-a309-d86d242be78d,South America 5V5 Queue,1,1786049106,1786050852,29.1
1-12532f20-4041-44ee-aa71-1f00c2898085,South America 5V5 Queue,1,1785188986,1785190920,32.2
1-12571a7b-aeb5-407c-a836-12b6ff9ad45e,South America 5V5 Queue,1,1787023746,1787025505,29.3
1-125d8dd1-a97f-46dd-99cb-5ad072380fb6,South America 5V5 Queue,1,1787632419,1787635811,56.5
1-126474d7-6db7-41fb-a62c-de5f50f02b52,South America 5V5 Queue,1,1787248508,1787250759,37.5
1-12fa88a3-3e2f-4dfa-9e01-b314f5cb2ec5,S58 SA Open Central - Regular Season,1,,1785352414,
1-12fe7bbc-5410-492a-94b5-4ec77ab4a972,South America 5V5 Queue,1,1787449971,1787452739,46.1
1-134f3212-8e65-45fc-a431-9259ed0c9180,South America 5V5 Queue,1,1786496037,1786499011,49.6
1-1361e6e6-c367-4523-a7a4-2c75c501577c,South America 5V5 Queue,1,1787103076,1787105621,42.4
1-1398d0f3-3378-41a7-a64e-18277af69694,South America 5V5 Queue,1,1787376831,1787378521,28.2
1-139b9437-455e-47c8-9fbc-919c7296ee80,CCT 2026 South America 5 - Open Qualifier,1,1786821291,1786824030,45.6
1-13a72b51-aca2-4810-b4b9-1350361f5587,South America 5V5 Queue,1,1787175781,1787177381,26.7
1-13a9c5f7-8083-4775-83bd-68119e7daeab,South America 5V5 Queue,1,1785351422,1785353630,36.8
1-13b7eb20-3dda-498d-9419-3267d6d60bd1,South America 5V5 Queue,1,1786501186,1786504070,48.1
1-13d19018-4a8d-4cf3-b290-98c6409515e1,Betboom Storm 4 - Borracheiros vs MEIA NOITE,3,1786389540,1786391685,35.8
1-13d43d75-0c43-41d2-94ee-40394f285790,South America 5V5 Queue,1,1786652979,1786654847,31.1
1-1434b1cb-cb4d-4c58-8027-615425df8e0a,South America 5V5 Queue,1,1787681531,1787683150,27.0
1-146717ec-9f41-41f4-aad8-dcc19fcf270b,South America 5V5 Queue,1,1787180979,1787182436,24.3
1-147c5bc9-71c6-4498-877f-623fa80e5944,CCT 2026 Challengers South America 2 - Open Qualifier 1,1,,1785614135,
1-14a5ea4b-8e41-4b17-914c-d5205fc47fad,South America 5V5 Queue,1,1785041982,1785044366,39.7
1-14a9b64b-a8ac-421a-9bc1-369d43080244,South America 5V5 Queue,1,1787687345,1787689610,37.8
1-14c408f7-b047-417c-a77e-456c2f374187,South America 5V5 Queue,1,1787536274,1787538397,35.4
1-14dfba36-32e5-4ba2-93b2-02b139631531,South America 5V5 Queue,1,1786855334,1786857482,35.8
1-1525ada9-6f98-46cd-a5cf-b0142bc16d97,South America 5V5 Queue,1,1787194116,1787196824,45.1
1-1567faf2-d648-4385-9d7f-26d06ea18faf,South America 5V5 Queue,1,1786936293,1786938481,36.5
1-1573c459-ebe1-4517-b06a-74ec585ee0a2,South America 5V5 Queue,1,1787546566,1787548648,34.7
1-157e861c-dc26-4e86-bbd9-9c44ea77423f,South America 5V5 Queue,1,1785526626,1785529433,46.8
1-158e6b02-1443-4e56-8ea7-05b1d0ea88ac,South America 5V5 Queue,1,1786946176,1786948192,33.6
1-1591db14-e54f-4796-85d9-84517b5caa2c,South America 5V5 Queue,1,1787338116,1787340421,38.4
1-159fd6ee-e8bd-46e3-b886-a278c87e4ba4,South America 5V5 Queue,1,1786908927,1786910590,27.7
1-15ccc4f4-5b88-4f66-b12b-1ca7e54da017,South America 5V5 Queue,1,1787338996,1787341216,37.0
1-15e829fd-ff39-4097-8dc9-b41c77803b27,CS2 2026 - GoGameFestival,3,1787514751,1787516984,37.2
1-16308f87-aa46-4d19-9184-89bfb3b985ef,South America 5V5 Queue,1,1783301595,1783303367,29.5
1-1643f680-004b-4039-8ca6-e0dbbb194afc,South America 5V5 Queue,1,1787560997,1787563323,38.8
1-168f775d-2c6b-4a37-b1fa-63f57c18a930,South America 5V5 Queue,1,1787070961,1787072781,30.3
1-16dca681-3c8d-4b97-8b50-10b819583054,South America 5V5 Queue,1,1786988145,1786990469,38.7
1-16e028a1-4a23-4746-aaaa-73b4edd0ac9d,South America 5V5 Queue,1,1787093660,1787095873,36.9
1-16e6bafc-e403-4ef0-8545-e0213b9d28df,South America 5V5 Queue,1,1785459234,1785462267,50.5
1-16f2449c-9e90-44b8-a810-e168a9bf3f0a,South America 5V5 Queue,1,1787464790,1787466762,32.9
1-1714652a-2e7b-4ed2-b628-e18507d5c872,South America 5V5 Queue,1,1787283184,1787285250,34.4
1-173b9a12-055c-4281-a7e7-161f956bba0c,StarSeries S20 - Closed Qualifier SA,3,1785443447,1785446499,50.9
1-17429aff-623a-4906-a42a-47ba12456d3b,South America 5V5 Queue,1,1787635644,1787637887,37.4
1-175c0406-9e84-4e32-8c79-558fafc75cdb,South America 5V5 Queue,1,1786553151,1786555217,34.4
1-17632a20-ba6c-4b1f-a96c-646698f4fa8d,South America 5V5 Queue,1,1787609634,1787611040,23.4
1-1766ee9c-1186-4670-95e7-926e173ae7c2,Europe 5v5 Queue,1,1785265431,1785267420,33.1
1-178e1e97-9aaf-47fc-8b64-01959cc99776,South America 5V5 Queue,1,1787028699,1787030860,36.0
1-17a8637d-7f46-4a8e-a40a-848933c6b8f0,South America 5V5 Queue,1,1787009061,1787011239,36.3
1-17aa931e-14d6-4deb-b387-797ef2b383e6,South America 5V5 Queue,1,1787417045,1787418684,27.3
1-17c9b366-29a2-40f4-a9bc-7d409e9db422,South America 5V5 Queue,1,1787273424,1787275578,35.9
1-17d9cae3-3e67-4c9e-bd38-20c233a4b56b,Europe 5v5 Queue,1,1786037537,1786039370,30.6
1-17ebaa48-24df-457e-9f34-aeaa2810d658,South America 5V5 Queue,1,1787460200,1787462321,35.4
1-17f0234c-a3cf-4e53-b13f-2601bf59a384,South America 5V5 Queue,1,1786586566,1786588959,39.9
1-17fced9d-87b1-418d-b224-18e321a3cfe2,South America 5V5 Queue,1,1786938811,1786941436,43.8
1-181aa102-4d74-4e57-b896-962d2caa29e9,South America 5V5 Queue,1,1787613876,1787616204,38.8
1-1839f4f7-0379-4714-9bcd-52f254866bea,South America 5V5 Queue,1,1786990188,1786991592,23.4
1-185042a9-3732-4835-ac80-2da0495389d1,South America 5V5 Queue,1,1787622811,1787625667,47.6
1-1857ee87-3ac0-4e38-aac5-1799a7d80159,South America 5V5 Queue,1,1787425040,1787427317,38.0
1-185801d5-9cad-4acc-b11b-d6c9f9d9c819,South America 5V5 Queue,1,1780092518,1780095427,48.5
1-18a0bb69-7e6a-4e3a-bfc1-cb67dc7e98d1,Europe 5v5 Queue,1,1786457826,1786460947,52.0
1-18b149c3-d348-41a9-adca-bc3a84bd1194,South America 5V5 Queue,1,1787003888,1787006205,38.6
1-18c61d7f-17ba-498e-8094-9704f1ea8bd6,South America 5V5 Queue,1,1787093828,1787095720,31.5
1-18d4aa3a-2e73-4a90-9854-2ec84a976b81,South America 5V5 Queue,1,1787632603,1787635131,42.1
1-18ef4c67-21ff-4246-8086-a47e08be892f,Europe 5v5 Queue,1,1785878432,1785880142,28.5
1-18f95459-5d1b-413d-9d80-734f46438d48,South America 5V5 Queue,1,1785893749,1785895911,36.0
1-192077b3-31f5-454d-9d79-0d21e7b4d468,South America 5V5 Queue,1,1786670065,1786672337,37.9
1-1924152b-2493-4a6d-bc8f-cbbba47f457f,South America 5V5 Queue,1,1784820511,1784823014,41.7
1-192ba06f-944a-48ab-8028-903aa0424c0f,South America 5V5 Queue,1,1787603631,1787605357,28.8
1-196546b8-b341-4b78-8389-44535bb90953,South America 5V5 Queue,1,1786322516,1786324648,35.5
1-196b5454-e2b7-4596-86b2-efe2be4fcabf,South America 5V5 Queue,1,1786216920,1786219336,40.3
1-19741af2-60cd-48be-806e-b6e99e781fb8,South America 5V5 Queue,1,1786728483,1786730238,29.2
1-19967e3c-72cc-4ff3-beda-992305145cd5,South America 5V5 Queue,1,1786057841,1786060016,36.2
1-19a6042b-57cb-4591-9922-412c073b842d,South America 5V5 Queue,1,1787378393,1787380583,36.5
1-19e7fc7e-cd65-40ee-9485-f1e4975170a3,South America 2 - RES Showdown 4: BLAST Open Qualifier,1,1783256702,1783257782,18.0
1-1a161005-cccb-47b8-a674-c06016218df1,South America 5V5 Queue,1,1787453658,1787455737,34.6
1-1a6139f9-a73f-413b-aec7-743f95983302,South America 5V5 Queue,1,1786238485,1786240580,34.9
1-1a621cfc-f075-48e0-b6a9-15a88d5b5e22,South America 5V5 Queue,1,1787092121,1787094265,35.7
1-1a8f96da-b2cf-4bfc-a3e7-57971a42fd31,South America 5V5 Queue,1,1787438469,1787441005,42.3
1-1ace8523-4f52-40d0-8820-e531f553487d,South America 5V5 Queue,1,1787158980,1787161482,41.7
1-1acfab98-7817-4319-80d0-35de311f59f4,CCT 2026 South America 4 - Open Qualifier,1,1783184342,1783184342,0.0
1-1b15c8c0-1b88-4224-87ab-d367b96e6cc9,South America 5V5 Queue,1,1786912322,1786914359,34.0
1-1b263511-d28e-4820-a0df-9b09081a56b5,South America 5V5 Queue,1,1787072610,1787075285,44.6
1-1b295a2d-6cef-453b-9670-4cf95fe47ff0,South America 5V5 Queue,1,1785460125,1785462887,46.0
1-1b628765-c3d7-4608-8429-85a870f929c4,South America 5V5 Queue,1,1787379072,1787380898,30.4
1-1b8f7106-5112-4978-900c-d207ac8cb6f1,South America 5V5 Queue,1,1787491009,1787492727,28.6
1-1b96733c-6626-4be9-9639-7ce9da85151b,South America 5V5 Queue,1,1784170207,1784174758,75.8
1-1bd942af-71c0-448c-a4fa-9d92019caa1e,South America 5V5 Queue,1,1787006474,1787008260,29.8
1-1c0b0f15-411a-49ab-aa7f-3391b4a3a26d,South America 5V5 Queue,1,1786209432,1786212314,48.0
1-1c1aa306-167c-4542-bfba-c5af22f051aa,South America 5V5 Queue,1,1785271139,1785273085,32.4
1-1c21a856-c2b9-4f17-b1ca-c015f759cc7d,South America 5V5 Queue,1,1786823267,1786827344,68.0
1-1c5b8079-1125-4618-86b7-d63bda33e3c5,Europe 5v5 Queue,1,1786563537,1786567058,58.7
1-1c615fdb-0711-4b3e-9397-f1355f52ad1c,South America 5V5 Queue,1,1787516077,1787518953,47.9
1-1ca692c5-a72c-4867-bb74-a4ae6c6ea5d7,South America 5V5 Queue,1,1786995581,1786997230,27.5
1-1cac1287-9b1c-4f60-987f-54bf45a5e69b,South America 5V5 Queue,1,1786745937,1786748268,38.9
1-1d0dd2f2-a5d5-4f07-9fc7-a99b3d1228c0,South America 5V5 Queue,1,1785285057,1785287623,42.8
1-1d138f15-0a4c-4b3e-84d7-5cad42b9c62b,South America 5V5 Queue,1,1785351420,1785353917,41.6
1-1d202854-2f83-4f8f-ab9b-97b48dfd6a03,South America 5V5 Queue,1,1787182658,1787184958,38.3
1-1d5efef2-33d0-4688-a341-eafc50a297b8,FASTCUP SC CHALLENGE III,1,1786764856,1786766525,27.8
1-1d871079-4d27-453b-b08c-d77ba9fdf706,South America 5V5 Queue,1,1787683416,1787685677,37.7
1-1d916cf5-e861-4769-8848-874275012c01,South America 5V5 Queue,1,1787101333,1787103201,31.1
1-1d985e93-4648-4ae9-a40a-d10173b3e64c,South America 5V5 Queue,1,1786930703,1786933245,42.4
1-1d9c9f3c-1cfd-4320-b4ca-25b01653d5a6,South America 5V5 Queue,1,1786869144,1786873339,69.9
1-1ddc2c87-ecf9-465c-adbb-b49c6d775e34,South America 5V5 Queue,1,1787088966,1787090836,31.2
1-1defaa48-a86a-423b-89ff-0dc6b46819fd,South America 5V5 Queue,1,1787108573,1787112811,70.6
1-1e402869-f71d-4166-9b01-a4d66b3e4c7f,Betboom Storm 4 - ALKA vs paiN Academy,3,1786224759,1786229240,74.7
1-1e6eaf12-acaf-4f3c-9a2d-56d74639b76f,South America 5V5 Queue,1,1786220211,1786222029,30.3
1-1efca73b-475f-4acb-a7f0-f3a5261ca50a,FASTCUP SC CHALLENGE III,1,1786582112,1786583592,24.7
1-1efd24a8-897d-4afa-9c8e-a29355b4d673,South America 5V5 Queue,1,1787691741,1787693639,31.6
1-1f2f088c-6d11-4f51-bc54-07e1db54dbbc,South America 5V5 Queue,1,1787262475,1787264368,31.6
1-1f45214a-18d8-42d7-86dd-7e5b8635db16,South America 5V5 Queue,1,1787353093,1787355345,37.5
1-1f7a1d1c-24da-498b-af48-5ba5f302cbd0,Europe 5v5 Queue,1,1786542021,1786544076,34.2
1-1f92b9c5-73f6-420c-b3bd-3148b1851610,South America 5V5 Queue,1,1787633297,1787635539,37.4
1-1fdba642-3082-4a16-ac2c-d8b4c86174ed,South America 5V5 Queue,1,1784348708,1784350387,28.0
1-2039a10b-91cd-4a38-8a0e-c5f23f1eb114,South America 5V5 Queue,1,1786424081,1786426080,33.3
1-203d9af5-7f75-4084-bd9a-8a8a5e9e5f10,South America 5V5 Queue,1,1787434000,1787436529,42.1
1-2049c8da-7b9e-48d2-98c5-27920511a288,South America 5V5 Queue,1,1787621606,1787623610,33.4
1-20827670-cd4a-4452-a42a-deafaf9be04e,South America 5V5 Queue,1,1787604461,1787607558,51.6
1-2095f022-3239-4e7e-9b8d-f5a5d506c6ba,South America 5V5 Queue,1,1787611572,1787614167,43.2
1-209d8433-5a9f-4b99-9983-a17607b62eb2,South America 5V5 Queue,1,1787005219,1787007081,31.0
1-20ab2ac4-d543-4050-806b-b4157cdae988,South America 5V5 Queue,1,1787031862,1787033627,29.4
1-20bc1bd2-1eba-4a42-8c1d-2333b72412a0,South America 5V5 Queue,1,1787541328,1787543343,33.6
1-20e14549-c640-44c1-8adb-f169ebc1ecc1,South America 5V5 Queue,1,1787322701,1787325461,46.0
1-20e7c460-3f29-4518-8063-455569b9efd7,South America 5V5 Queue,1,1786587272,1786589137,31.1
1-20faf1b7-f5d3-4ec5-bd61-59ef51d342d4,South America 5V5 Queue,1,1786502165,1786504549,39.7
1-2100ec17-e4a3-4991-bcf2-bfeaaff49065,South America 5V5 Queue,1,1786480237,1786482070,30.6
1-211fb943-ce9e-47df-9184-e43074c197e6,South America 5V5 Queue,1,1786322443,1786324236,29.9
1-218e39fe-819a-40a7-8d7c-f3ddd3f1eccb,South America 5V5 Queue,1,1785266692,1785267949,20.9
1-218e7570-f8ea-45ed-9cb3-e41ef1b449cb,South America 5V5 Queue,1,1786596005,1786598068,34.4
1-219a8646-0f47-4c2b-9dc3-de133e5dd6c5,South America 5V5 Queue,1,1785981339,1785983172,30.6
1-21a6bd26-66b8-4a2e-b7a3-b2691eb07ba1,South America 5V5 Queue,1,1787526392,1787527933,25.7
1-21afae4d-9a79-4138-9279-d916a04aed9c,South America 5V5 Queue,1,1787342226,1787344188,32.7
1-21b64d73-1e91-4748-905c-1a4239a3b4ac,South America 5V5 Queue,1,1786338302,1786340494,36.5
1-21c2075e-df7c-4df9-ba30-c24672ce8f96,South America 5V5 Queue,1,1786759587,1786763784,70.0
1-21c460a5-c917-4db0-b94c-7227ef65787d,South America 5V5 Queue,1,1786582380,1786584430,34.2
1-220d90b7-e373-419f-b9c4-6856c7c970d2,South America 5V5 Queue,1,1787019475,1787021325,30.8
1-221c518a-bb79-45a9-8754-e70368515324,South America 5V5 Queue,1,1784438339,1784443391,84.2
1-223e7266-ae10-405e-950a-80f3d13b8c1e,South America 5V5 Queue,1,1787191435,1787194161,45.4
1-224de08f-5234-4893-9b50-16b56e1a4a3a,South America 5V5 Queue,1,1787445255,1787446595,22.3
1-225bd35e-96a9-4a52-8c4b-a07cf772ff78,South America 5V5 Queue,1,1785109182,1785112143,49.4
1-2271e8c0-a441-4e55-81bb-708a48b05f96,South America 5V5 Queue,1,1787690656,1787693449,46.5
1-228bff07-a219-4867-b52c-172f141bb89a,South America 5V5 Queue,1,1787105457,1787108862,56.8
1-22e7830c-0559-4c73-82a6-a0d915d2be54,South America 5V5 Queue,1,1787661871,1787663799,32.1
1-22ec5b93-ab93-4961-8cd0-826e0249467d,South America 5V5 Queue,1,1787629720,1787631795,34.6
1-22f9a0b6-df5a-486b-ba9c-b10ea9dea876,South America 5V5 Queue,1,1786318060,1786320159,35.0
1-231de2b1-d6d5-4f99-8e09-40d295ab54fa,South America 5V5 Queue,1,1787454553,1787457104,42.5
1-232de5e9-5bc5-4916-9026-8b93acaeb933,Europe 5v5 Queue,1,1786461994,1786465658,61.1
1-23499318-1be8-4dee-9235-548a849f6e81,South America 5V5 Queue,1,1787336438,1787338855,40.3
1-2356cbfe-1394-4f82-8d1d-4d17c9b5ca85,South America 5V5 Queue,1,1786512427,1786515321,48.2
1-23ad286b-f358-45ff-b333-47ee5f906cdf,South America 5V5 Queue,1,1787464269,1787466084,30.2
1-23af8114-26cd-4581-98fc-ab22cfbc8c25,South America 5V5 Queue,1,1787505924,1787507954,33.8
1-23ddb9f0-6325-4140-a51e-a2aa8a73a5fa,South America 5V5 Queue,1,1785036518,1785040444,65.4
1-24156364-e483-48e0-b360-f384fe2ad064,South America 5V5 Queue,1,1786391228,1786393105,31.3
1-2434cb5d-151e-40d6-b5de-3b70f95cc39a,South America 5V5 Queue,1,1786666806,1786668685,31.3
1-24643d65-5676-45ec-9f6a-bbaa864d258e,South America 5V5 Queue,1,1787199702,1787201513,30.2
1-2479adc7-1669-4a70-9344-bd29c11b2d12,South America 5V5 Queue,1,1786840280,1786842418,35.6
1-247c6b24-1d86-41d3-90e9-1eb201fe1793,South America 5V5 Queue,1,1786039346,1786041949,43.4
1-249a76b2-4156-460a-b7f9-d4849673f644,S58 SA Open Central - Regular Season,1,,1786313717,
1-24ad7a8b-e547-456d-bb03-44fb8846c65c,Betboom Storm 4 - Bestia vs Yawara,3,1786136019,1786138584,42.8
1-24b34d93-be94-4392-9782-3648c2ebf5fd,South America 5V5 Queue,1,1786824691,1786827263,42.9
1-24b80ccb-9733-4f65-b310-c7637e48caaa,South America 5V5 Queue,1,1786936901,1786939782,48.0
1-24ddbb3a-f7cd-4ab2-ae9f-5e37a8c287ca,South America 5V5 Queue,1,1786398524,1786399764,20.7
1-250efcaf-ce37-4e16-acc2-df74972d2936,South America 5V5 Queue,1,1787174445,1787176901,40.9
1-25452f6c-8a66-411b-ba72-a94d1c40a1cd,South America 5V5 Queue,1,1787089903,1787091729,30.4
1-25460379-b760-4eb8-8833-58c79ae62745,South America 5V5 Queue,1,1779585892,1779587998,35.1
1-25608543-b8b6-4128-a444-9b310ec8aee4,South America 5V5 Queue,1,1786330815,1786334064,54.1
1-25829cf5-e245-4a7d-ae08-8c2a41f80200,South America 5V5 Queue,1,1787261702,1787263637,32.2
1-258b827b-9f68-4ca2-90a7-176876cd4ee5,South America 5V5 Queue,1,1786934032,1786936101,34.5
1-259977b2-e414-486e-8721-599575a6129f,South America 5V5 Queue,1,1787188153,1787190343,36.5
1-25c628e7-5169-4a92-adc6-77ccd469482d,South America 5V5 Queue,1,1787676760,1787679420,44.3
1-25d409bb-a423-4677-9bea-51c4680730da,South America 5V5 Queue,1,1787463674,1787465669,33.2
1-25ffff6c-39ca-48b5-9286-1c2cd93b8d1b,South America 5V5 Queue,1,1786847078,1786849826,45.8
1-2603ae3f-1ad0-475e-9e7f-bb85039ed75b,South America 5V5 Queue,1,1786897571,1786899354,29.7
1-260f4358-1d53-4437-8a22-76fe92eef034,South America 5V5 Queue,1,1787030271,1787032362,34.9
1-26192e30-92c2-4892-8c83-05d8945f6bf9,South America 5V5 Queue,1,1787539098,1787541917,47.0
1-2635ad42-1be9-4f1c-b84f-6bc66ca2a914,South America 5V5 Queue,1,1787295051,1787297192,35.7
1-263eb2ab-5594-464c-8216-89a1f1f0b7f9,South America 5V5 Queue,1,1787523788,1787525581,29.9
1-2644fdf7-d03a-4ab5-b3df-aceef8b63cfc,South America 5V5 Queue,1,1787109911,1787112538,43.8
1-265d4cd2-a8bf-4922-8ad0-063781087925,South America 5V5 Queue,1,1786926140,1786928334,36.6
1-268b5384-bb0d-4577-98d1-5a0f6a13235f,Betboom Storm - Season 3,3,1779049584,1779054410,80.4
1-26c0d077-fd1a-4668-91ae-32ceed10cb19,South America 5V5 Queue,1,1786943170,1786945606,40.6
1-26db4183-9895-496e-99dd-f591fe65c55a,South America 5V5 Queue,1,1787374996,1787377340,39.1
1-26e7b597-dbf9-42af-9644-9bf84562b3e0,South America 5V5 Queue,1,1787189038,1787192411,56.2
1-26f528ae-fa66-4a53-89bc-9500495bc1a9,South America 5V5 Queue,1,1786586857,1786589052,36.6
1-26f62d99-0e01-4bfb-90c4-5c802f45ae91,South America 5V5 Queue,1,1786939187,1786941230,34.0
1-271ae016-662a-4ede-a23b-b3005a0c5d4c,South America 5V5 Queue,1,1787181670,1787183415,29.1
1-27490c07-78ea-4756-8e2b-f65bc1d86eb3,South America 5V5 Queue,1,1787445060,1787447101,34.0
1-2774c2ed-ab93-44cb-9418-91e4fc26fd0c,South America 5V5 Queue,1,1786560584,1786562853,37.8
1-2795db16-bfea-4a85-a5e0-9d1d3d7855bd,South America 5V5 Queue,1,1787686177,1787688606,40.5
1-279f1644-41af-4d38-b260-e8f24d677a94,CCT 2026 South America 5 - Open Qualifier,1,1786823149,1786825798,44.1
1-27f09e3d-f490-464d-b45a-36d8266410e8,South America 5V5 Queue,1,1787630701,1787632947,37.4
1-284d0cb0-706a-4535-85ec-f8150f963df5,South America 5V5 Queue,1,1786298950,1786301061,35.2
1-284dfb7e-a460-4db5-abdc-b2291b48c235,South America 5V5 Queue,1,1786402845,1786404826,33.0
1-2881a19c-a944-46ad-a98f-8e646ad8025b,South America 5V5 Queue,1,1787094597,1787096611,33.6
1-288598b5-f6fe-4adf-a8d3-01eaf1947501,South America 5V5 Queue,1,1787023957,1787027478,58.7
1-289faf2e-4a2b-4b7b-8dfd-49c0f44b7b95,South America 5V5 Queue,1,1786750270,1786752618,39.1
1-28ca4c66-ef7f-4ab7-b4d6-a3dff606dd1a,S58 SA Open Central - Regular Season,1,1787094386,1787096652,37.8
1-28d89ee7-b733-42b6-acc8-05df0171909c,South America 5V5 Queue,1,1786845392,1786847459,34.5
1-28f143c5-d700-41e2-8fa1-e909d45bd137,South America 5V5 Queue,1,1787088705,1787090175,24.5
1-29049089-8a16-40d2-b650-0ca6fa51d170,South America 5V5 Queue,1,1786676025,1786680295,71.2
1-2911ea82-2de7-474b-b285-4071062a63ae,South America 5V5 Queue,1,1786926567,1786929060,41.5
1-294125fe-f4d8-45ec-89d5-940b7d3d7c5c,South America 5V5 Queue,1,1787457540,1787459333,29.9
1-294e0d48-c528-4d54-a3b3-1c9e9316201c,South America 5V5 Queue,1,1786323592,1786325801,36.8
1-2993a410-054e-4466-afd4-fa0916bb3937,South America 5V5 Queue,1,1786987059,1786989226,36.1
1-29a40d82-e512-4baf-b622-7d0b2d061088,South America 5V5 Queue,1,1787369152,1787370381,20.5
1-29f7cf7b-9fe1-48a8-a302-33b03728304a,South America 5V5 Queue,1,1785180848,1785183097,37.5
1-2a10075a-3355-4e0f-a0b5-1ff4bacadcda,South America 5V5 Queue,1,1787509380,1787511412,33.9
1-2a1b3faf-4d8d-4136-8c03-742863aad9dd,South America 5V5 Queue,1,1785972200,1785973655,24.2
1-2a37316e-b4bf-41e9-9b23-4e67b758f960,South America 5V5 Queue,1,1787116084,1787117915,30.5
1-2a378a75-2646-42e0-a8a3-050dd0817d61,South America 5V5 Queue,1,1787237900,1787240330,40.5
1-2a6cd88e-5351-4102-ab23-bc7bdcd7728f,South America 5V5 Queue,1,1786503673,1786505578,31.8
1-2a979a94-a622-482d-9e27-a4a202439537,South America 5V5 Queue,1,1787249103,1787251201,35.0
1-2acb26b5-23ea-4f3d-aab8-4e0723d00531,South America 5V5 Queue,1,1786918631,1786920163,25.5
1-2ad3a6a3-a13a-4f37-9de0-c04e8828080a,South America 5V5 Queue,1,1787081783,1787084859,51.3
1-2ad531ba-192b-4631-88e6-765f1b403c92,South America 5V5 Queue,1,1787356515,1787359697,53.0
1-2aed1e0a-e857-4998-bc2d-9eb16e8139e2,South America 5V5 Queue,1,1787070202,1787072422,37.0
1-2b09be98-ab2b-4681-b4d5-068d3c937cf6,South America 5V5 Queue,1,1781826695,1781829202,41.8
1-2b406b4e-efeb-404c-b082-dd3e5a7885c8,South America 5V5 Queue,1,1784761703,1784763315,26.9
1-2b592c5b-ad6b-4506-8c96-fe229edc8324,South America 5V5 Queue,1,1786031259,1786033521,37.7
1-2ba80aec-8ffe-474f-af62-2a0ab49a0a9f,Europe 5v5 Queue,1,1784753582,1784755773,36.5
1-2bd5333b-d215-476b-bd49-780df5fe6797,South America 5V5 Queue,1,1784250031,1784252240,36.8
1-2bdc24ec-3e2e-480f-8f88-fa3d68b15956,South America 5V5 Queue,1,1787253612,1787255366,29.2
1-2be09718-fb81-40bb-b93e-457840f568eb,South America 5V5 Queue,1,1787532294,1787533736,24.0
1-2c1a8e84-4433-4314-9541-282d2fd210a4,South America 5V5 Queue,1,1787103362,1787105164,30.0
1-2c1aa11b-b7d8-4428-a82f-2fa2e5e00ffa,South America 5V5 Queue,1,1787277553,1787279060,25.1
1-2c261ea5-7c93-4158-9e0b-5ea1fb7c1e61,South America 5V5 Queue,1,1786054376,1786057579,53.4
1-2c4a9f54-e9dd-4816-8a96-2b581af9a9f5,South America 5V5 Queue,1,1784345659,1784346846,19.8
1-2c60979c-9a84-40d3-950f-96c9b8d5d504,South America 5V5 Queue,1,1787598892,1787601086,36.6
1-2cfea17d-27c8-4ba7-9aa0-b8f35dafb5dc,South America 5V5 Queue,1,1787332960,1787335977,50.3
1-2d48ee55-8b22-45ea-b62b-5388827fd2db,South America 5V5 Queue,1,1786935810,1786939268,57.6
1-2d4f4a3c-4bae-4055-8803-3d044574a4c2,South America 5V5 Queue,1,1785547137,1785550351,53.6
1-2d5e2cf1-b5cf-49b0-8820-24baec22f2db,South America 5V5 Queue,1,1787363870,1787365715,30.8
1-2d6696b7-db9a-47fc-bde9-1c3cc07d37be,South America 5V5 Queue,1,1785693180,1785695450,37.8
1-2d674052-60ab-4969-8ecb-511c2f96cbc5,South America 5V5 Queue,1,1786390990,1786393468,41.3
1-2d6a5a2c-1050-43de-9d6d-366d5901c7f4,South America 5V5 Queue,1,1787453061,1787454702,27.4
1-2d871403-a38d-46f6-8ac2-4270c0bc18da,South America 5V5 Queue,1,1786821228,1786823899,44.5
1-2d944f98-9d2f-45d7-8f26-d3006059f6c4,South America 5V5 Queue,1,1785033810,1785035799,33.1
1-2d9a03c4-035c-46c2-8481-f6ef48c00802,South America 5V5 Queue,1,1786556134,1786558267,35.5
1-2db9d183-8306-4d0c-91d8-a09276f3e82a,South America 5V5 Queue,1,1787693593,1787695531,32.3
1-2dcd6eed-5bed-4f34-9c66-d858dcac6baf,South America 5V5 Queue,1,1787370605,1787372368,29.4
1-2df2634e-2ed1-4670-9241-a9983384ea40,South America 5V5 Queue,1,1787439817,1787441548,28.9
1-2e010637-b4fa-4bf0-91d4-6b7fed7b8197,South America 5V5 Queue,1,1787413833,1787416771,49.0
1-2e1c02b0-2aa0-4a18-afbf-0f252f6a8ce3,South America 5V5 Queue,1,1781286996,1781289297,38.4
1-2e206fe2-a191-4d22-9c76-00bc4a60a319,South America 5V5 Queue,1,1787200495,1787204193,61.6
1-2e4a03c6-a11d-4d5d-be5a-39ba8fd33848,South America 5V5 Queue,1,1785290842,1785292811,32.8
1-2e69dae8-d290-4537-9719-b62bb621e2c4,Europe 5v5 Queue,1,1786653392,1786655409,33.6
1-2e6ddb63-c0dd-42f6-93c8-004b1ef77bc6,South America 5V5 Queue,1,1782314813,1782317368,42.6
1-2e74d6f7-f296-4dbb-aac7-f0d43ea58d94,South America 5V5 Queue,1,1786937749,1786940766,50.3
1-2eb8173e-5726-4ca4-b3ba-97bcd315f6ab,South America 5V5 Queue,1,1785648317,1785650182,31.1
1-2f0d1834-a0dd-4964-bbf1-afa1e8f8d53c,South America 5V5 Queue,1,1787098633,1787100647,33.6
1-2f13e0db-4eeb-4398-930b-1d53a1991aae,South America 5V5 Queue,1,1787186754,1787189954,53.3
1-2f1b80c8-94f8-46c1-b984-b93c4c8d3b51,South America 5V5 Queue,1,1786823994,1786826449,40.9
1-2f6b2def-4fc1-46e7-9e5b-735d8b0405c3,South America 5V5 Queue,1,1787015400,1787018416,50.3
1-2f72605e-188f-4b35-92cf-d140f2af2481,South America 5V5 Queue,1,1787184137,1787186196,34.3
1-2f786c69-c63c-46c9-b44e-edaf42cb6859,South America 5V5 Queue,1,1787150900,1787153437,42.3
1-2f804a37-c7ff-4e72-b97a-4cf652029a77,South America 5V5 Queue,1,1786250989,1786253398,40.1
1-2f84ab79-7c21-4f53-96a7-f2abf3507d26,South America 5V5 Queue,1,1787278257,1787280800,42.4
1-2f99c090-a364-4434-af2d-de367fa46e06,South America 5V5 Queue,1,1786324239,1786325827,26.5
1-2faace2e-488c-49d6-bbbc-a81fe8e0547b,South America 5V5 Queue,1,1786380844,1786382314,24.5
1-2fba0805-3818-47f9-90bf-c70e5e7dd0f0,South America 5V5 Queue,1,1783309159,1783311468,38.5
1-2fc51743-3959-47a1-bfc2-6215cad0161a,South America 5V5 Queue,1,1786838014,1786840299,38.1
1-2fcc65a8-240d-433c-b9b1-ead6bab7300d,South America 5V5 Queue,1,1786504698,1786506807,35.1
1-2fe58654-d41f-4baa-8d97-c896733dedac,South America 5V5 Queue,1,1787023021,1787025918,48.3
1-2fe7a359-b1ca-416d-9ae9-cc190cbd6017,South America 5V5 Queue,1,1787664040,1787665466,23.8
1-30124250-bf61-44e5-810a-f22482ce7e9c,South America 5V5 Queue,1,1784788658,1784790265,26.8
1-30136680-ca12-49a3-aff9-14dbe30184bc,CS2 2026 - GoGameFestival,3,1787508595,1787510071,24.6
1-30176b21-96ef-4d77-82aa-b1a1011b72b6,South America 5V5 Queue,1,1786936265,1786939805,59.0
1-3021efba-f996-4c1a-95c7-8e098eb1dc4d,South America 5V5 Queue,1,1787024867,1787027036,36.1
1-304664b0-b38b-47d4-95f3-310765276432,South America 5V5 Queue,1,1787120237,1787123485,54.1
1-3063265b-bcf6-4273-b9f7-88c927ad0e6b,South America 5V5 Queue,1,1786504721,1786506913,36.5
1-30a9cf64-de37-465f-b87f-cd5bc0ec688a,South America 5V5 Queue,1,1785269566,1785272199,43.9
1-30deca69-7754-4c4c-aa0c-826e0ed1ac60,South America 5V5 Queue,1,1782322952,1782325015,34.4
1-30e28450-158f-4af9-82ac-415c2947940c,South America 5V5 Queue,1,1787261050,1787262867,30.3
1-3104a747-1caa-4dfa-bc1e-6347f5862c45,South America 5V5 Queue,1,1787545086,1787547972,48.1
1-31099f6b-7ae0-4c4a-9e1b-2dcb99465524,South America 5V5 Queue,1,1786412959,1786414730,29.5
1-3110ed7e-f68f-4f08-95cc-35a72f03292e,S58 SA Open Central - Regular Season,1,,1785799941,
1-3143b697-17d2-40af-9d0f-8ffd16fdcfcd,South America 5V5 Queue,1,1787006460,1787008390,32.2
1-315ff14b-397f-411e-a2e2-b19269aa718e,South America 5V5 Queue,1,1786582702,1786584637,32.2
1-3162ba14-69f4-43f4-9daa-0237a69997fc,South America 5V5 Queue,1,1787627386,1787628691,21.8
1-31730125-455f-45ee-8ac5-9cc20f7722b1,South America 5V5 Queue,1,1784779617,1784781671,34.2
1-31854f34-ed4b-4c24-9d14-40900516dce8,South America 5V5 Queue,1,1787552392,1787554033,27.4
1-319e5108-4df8-4c0b-847c-c06c37fb7cd1,South America 5V5 Queue,1,1787005616,1787007813,36.6
1-321e22e9-e069-4e51-a031-8c006ea30210,CCT 2026 South America 4 - Open Qualifier,1,1783187381,1783188972,26.5
1-3238eea6-bc7f-4dbd-a070-d2d85f553c46,Europe 5v5 Queue,1,1786478188,1786479671,24.7
1-323b6f0d-3947-4e3e-ad62-23e6b2a9aea7,Betboom Storm 4 - Keyd Stars vs Borracheiros,3,1785783544,1785786149,43.4
1-324a290c-28d2-482f-a73e-e734d8178a94,South America 5V5 Queue,1,1787355842,1787358195,39.2
1-324ce7ac-ae48-4225-82eb-f19535a8f680,South America 5V5 Queue,1,1785938573,1785941067,41.6
1-3299d6ef-09c8-4b8d-b5e5-d7c82242544e,South America 5V5 Queue,1,1787612444,1787614565,35.4
1-32e68bfa-0483-484b-8b77-5a5b342a4242,South America 5V5 Queue,1,1787596955,1787599482,42.1
1-32ea5be6-9a1f-4ca9-bf1f-9aa51d8e1004,South America 5V5 Queue,1,1787374757,1787376283,25.4
1-32f9cdd2-5a3b-4e7c-9bb2-530741595530,South America 5V5 Queue,1,1787466672,1787468178,25.1
1-3316c8ab-5b16-43af-9004-aebcb4c82710,South America 5V5 Queue,1,1782170771,1782173525,45.9
1-33212b9c-1720-404b-99d9-7c6c3b6c0728,South America 5V5 Queue,1,1786411285,1786414530,54.1
1-332249ec-cf88-490c-8bb2-13fc3a3708b8,South America 5V5 Queue,1,1787641124,1787644909,63.1
1-3327f5aa-18eb-4cb1-b988-9c67e654ed92,South America 5V5 Queue,1,1787435594,1787439128,58.9
1-338de13e-04ed-483d-894c-6b1789bfc5e3,South America 5V5 Queue,1,1787113218,1787115184,32.8
1-33931a02-7302-423a-a471-908d9d2fb8d1,South America 5V5 Queue,1,1787085143,1787087415,37.9
1-339a1686-3cc4-4163-8ec3-4f12a5c153b9,South America 5V5 Queue,1,1787694244,1787696348,35.1
1-33d2495e-fe30-4a67-b32e-c3add2631202,South America 5V5 Queue,1,1787198282,1787200047,29.4
1-33e03766-5ffe-47bc-9795-9ae28c0cc61e,South America 5V5 Queue,1,1787090474,1787091824,22.5
1-33fd7a42-0bc3-4a0c-9502-279e3517b365,South America 5V5 Queue,1,1787031637,1787033096,24.3
1-340b98b8-7007-4df3-83fa-9f7111c95522,Europe 5v5 Queue,1,1786586687,1786588985,38.3
1-3423778d-730f-459d-80fc-5b1e095460ca,South America 5V5 Queue,1,1786992068,1786994945,48.0
1-34250f56-4906-4955-a417-6642ecbfbbc9,South America 5V5 Queue,1,1786237661,1786240428,46.1
1-344a4fd0-7549-4595-bfda-2191e7501438,South America 5V5 Queue,1,1787182350,1787184139,29.8
1-345bf524-1cce-4703-831a-a9dcfde43664,South America 5V5 Queue,1,1787289052,1787291484,40.5
1-346a26f6-3d5d-4b82-8495-c07c92ed1767,South America 5V5 Queue,1,1787177712,1787180675,49.4
1-347a78a0-def7-4644-b437-c413b6ad6675,South America 5V5 Queue,1,1786053262,1786055275,33.5
1-348be54a-4597-41dc-b29d-7eebdd2cc55e,South America 5V5 Queue,1,1787447800,1787449604,30.1
1-34a75984-1c93-45b1-8291-c419c6baf011,South America 5V5 Queue,1,1786305949,1786308295,39.1
1-34b860e1-4fb7-4645-b0ac-b66799789121,South America 5V5 Queue,1,1784843972,1784846619,44.1
1-34e790a9-4525-4f84-84ee-071f561fdb28,South America 5V5 Queue,1,1787266156,1787267989,30.6
1-353a1dfb-812e-4923-9d31-e1f5baed817c,South America 5V5 Queue,1,1787165647,1787167625,33.0
1-3548f853-740d-4757-b038-6461ebc7e99e,South America 5V5 Queue,1,1786467198,1786469666,41.1
1-357a5306-4863-49cf-8080-6d3e37762117,South America 5V5 Queue,1,1786919760,1786922021,37.7
1-358a7582-094d-4bf6-abce-b04745ea332a,South America 5V5 Queue,1,1786416566,1786418738,36.2
1-3598c7ff-c07f-4e88-bb52-49a081281b0b,South America 5V5 Queue,1,1786740155,1786743271,51.9
1-35a6abcb-a4cf-4cb8-be20-d16a58c93050,South America 5V5 Queue,1,1786671737,1786674163,40.4
1-35bd0f15-0da6-4e9f-bbff-5a8f388d8234,South America 5V5 Queue,1,1786510794,1786513285,41.5
1-35c86d17-3ed4-4efe-b271-09e9606e4ff3,South America 5V5 Queue,1,1786851361,1786853510,35.8
1-35cb6400-28e2-4288-a55d-106ded64d03b,South America 5V5 Queue,1,1787203373,1787205746,39.5
1-35d7c507-edf0-49f1-8714-eec34c411f4a,South America 5V5 Queue,1,1787015370,1787017466,34.9
1-3618a378-fd24-437f-a187-6fbc6b13f3ec,South America 5V5 Queue,1,1787519733,1787521896,36.0
1-3619978a-cf85-4557-b1ba-bd2d0ce4e41e,South America 5V5 Queue,1,1787342937,1787346017,51.3
1-36376a97-092a-4f15-adbd-77009d209da7,South America 5V5 Queue,1,1787601700,1787604407,45.1
1-3658ab49-dc07-460e-97da-3cda24becaa6,South America 5V5 Queue,1,1786654728,1786657338,43.5
1-3675b66a-a287-426c-bfa9-dae09b732460,South America 5V5 Queue,1,1787612929,1787615476,42.5
1-36827e7e-c133-4935-b44d-bf4550810949,Europe 5v5 Queue,1,1786821966,1786824156,36.5
1-36c4f4da-a9e9-4919-af4d-f439c947ee17,South America 5V5 Queue,1,1787012392,1787015665,54.5
1-36ce7866-90ce-45fc-b54b-6dd89fb2f236,South America 5V5 Queue,1,1787016333,1787018244,31.9
1-36d001ee-cabf-4f21-8585-260dce8a168a,South America 5V5 Queue,1,1786326888,1786329363,41.2
1-36d087e2-26df-4954-be82-113550045738,South America 5V5 Queue,1,1786745506,1786747628,35.4
1-36d854ea-22ec-4832-9cdc-1c5c3a64b411,South America 5V5 Queue,1,1786296923,1786298478,25.9
1-36fd8d1e-8319-43fd-8a5d-e2be62dea692,South America 5V5 Queue,1,1787073657,1787075208,25.9
1-37048037-d7ca-4a84-a23a-3ba61ef710fc,South America 5V5 Queue,1,1787622695,1787625035,39.0
1-376a06be-022e-4bd2-b7c4-aeeab09f2e08,South America 5V5 Queue,1,1787188163,1787190428,37.8
1-376e603a-e2a8-4dd2-a425-4b7658c18069,South America 5V5 Queue,1,1785178453,1785180340,31.4
1-3770aae9-cef4-45a9-abec-f0aa429ad793,South America 5V5 Queue,1,1787368920,1787370914,33.2
1-37979135-f789-413e-a06b-df77e122e3b2,South America 5V5 Queue,1,1787447569,1787449178,26.8
1-37ad1518-31b2-43f8-b075-511f643f1535,CCT 2026 South America 5 - Open Qualifier,1,1786814886,1786816545,27.6
1-37adad07-5bbd-4531-b3e1-118078996a84,South America 5V5 Queue,1,1787371653,1787374264,43.5
1-37d43fa4-c789-4833-aa54-4c9b46b2c1b7,South America 5V5 Queue,1,1786056327,1786057827,25.0
1-37fb855c-e7f9-4672-b126-93111abf12c5,South America 5V5 Queue,1,1787353347,1787355182,30.6
1-381ddd45-b25b-40bc-a788-69dc90f41cc1,South America 5V5 Queue,1,1786751736,1786753656,32.0
1-384331ac-ccb9-4760-a75b-22b06181b3cc,South America 5V5 Queue,1,1787324144,1787326442,38.3
1-385b0f8d-51ae-4f6d-8734-ce70361aa809,South America 5V5 Queue,1,1787429760,1787432253,41.5
1-388a23e5-4cd0-40c5-bc43-9ac270806d0d,South America 5V5 Queue,1,1787452996,1787455024,33.8
1-38a59f24-74d8-489b-86e3-d7562a58e7b0,South America 5V5 Queue,1,1786818676,1786820749,34.5
1-38bb5a6f-8f13-43ab-b023-e4fa11e2ce1e,South America 5V5 Queue,1,1778553277,1778555523,37.4
1-38e1b56b-9f0b-476b-9b0f-1fa7ac79b50d,South America 5V5 Queue,1,1786815867,1786817369,25.0
1-38ebf6f0-fddb-46ed-80fe-2fcda5c45b33,Europe 5v5 Queue,1,1786488579,1786490799,37.0
1-3905f482-d6b8-4821-8097-be56452fa648,South America 5V5 Queue,1,1785288211,1785290412,36.7
1-390ee18b-18fd-4187-833c-e067309d5685,South America 5V5 Queue,1,1786245411,1786247938,42.1
1-398bfcfc-0e8c-46a2-b9a9-15e4ebe0c5f4,South America 5V5 Queue,1,1785989179,1785991366,36.5
1-399c42f5-4ffe-45f7-bc37-82175014e4ee,South America 5V5 Queue,1,1785953205,1785955325,35.3
1-39af32bb-a1fd-41ee-b33e-7bcba11adc67,South America 5V5 Queue,1,1787357443,1787359822,39.6
1-39e5f8eb-eaa1-440d-a63d-37469aca8d20,South America 5V5 Queue,1,1787620928,1787622642,28.6
1-3a0d9803-2fad-4272-bbf8-afc91312d1bf,South America 5V5 Queue,1,1784837748,1784840446,45.0
1-3a2af743-a097-402c-9e57-9474bf1da030,South America 5V5 Queue,1,1787510445,1787511389,15.7
1-3a5624ef-7974-4862-89e1-1aa9c79c4188,South America 5V5 Queue,1,1787452021,1787454323,38.4
1-3a70eb9b-fd8d-47b4-86e2-2237da3b28e9,South America 5V5 Queue,1,1786469445,1786471617,36.2
1-3a72b2f0-3f60-46ee-8b4b-45648101fa45,South America 5V5 Queue,1,1787163654,1787165287,27.2
1-3a928bc3-43b7-4b87-b61b-61b1df9e6116,South America 5V5 Queue,1,1787006220,1787008164,32.4
1-3ad7c9ed-37a4-4e1b-899d-009fda2d4425,South America 5V5 Queue,1,1787175829,1787177456,27.1
1-3aec5868-6ced-4970-ba1c-3a5098d5130d,South America 5V5 Queue,1,1787680568,1787681999,23.9
1-3af1bc29-fde3-40e9-8d33-d3c2087fba8e,South America 5V5 Queue,1,1786406241,1786408323,34.7
1-3b031321-db15-4721-b905-74f5a2df15b1,South America 5V5 Queue,1,1787551697,1787553778,34.7
1-3b3c74b4-84a5-4c78-b9b0-7609c385d006,South America 5V5 Queue,1,1787347169,1787349123,32.6
1-3b45ba9a-186a-4cca-aaa4-4a555fdf492b,South America 5V5 Queue,1,1787422648,1787424240,26.5
1-3b46b5eb-41e6-4c90-8df4-0ad338b86038,South America 5V5 Queue,1,1786465176,1786468134,49.3
1-3b548f94-122d-4613-8773-5dbdcc77dc6f,South America 5V5 Queue,1,1786072388,1786075819,57.2
1-3b5860e5-77d3-4e76-bda1-579a8334e68e,South America 5V5 Queue,1,1786929212,1786931055,30.7
1-3b5c5221-d815-4b13-9b46-3258c02dea65,S58 SA Open Central - Regular Season,1,1787263802,1787265697,31.6
1-3b60f64d-fadb-46ca-86ad-7f9584e6cfd1,South America 5V5 Queue,1,1787292722,1787294831,35.1
1-3b658d4d-0915-4ffb-8f1c-37287682952c,South America 5V5 Queue,1,1787012410,1787014345,32.2
1-3b8ad65a-cbb0-4044-b416-efbd6c471d10,CSCL x SKINRAVE - 5v5 League | 400 USD Prize-pool | Season 5 [Weekly Event],1,1786993142,1786993142,0.0
1-3b993ad2-e6e6-4c9f-a46e-2f8c3bc62bc2,South America 5V5 Queue,1,1787185501,1787188685,53.1
1-3b9c45ba-ae03-4b3d-802b-161efe5d2124,South America 5V5 Queue,1,1786469905,1786471534,27.1
1-3ba010b7-eae5-416b-93b2-2755e73ce0e8,South America 5V5 Queue,1,1787674794,1787677134,39.0
1-3ba1363c-f80a-451b-aa4b-8e2285865f6a,South America 5V5 Queue,1,1786655435,1786656910,24.6
1-3ba88216-fe1a-490d-8170-3da24afa24aa,South America 5V5 Queue,1,1786667149,1786668917,29.5
1-3bb0cf07-ad7b-428a-9b4c-e66db5d83871,South America 5V5 Queue,1,1787592287,1787594348,34.4
1-3bb62025-7e8b-44b6-884d-1193795fc92c,South America 5V5 Queue,1,1786857318,1786858742,23.7
1-3bd5808f-58f2-4887-b7a7-ea927a377fa8,South America 5V5 Queue,1,1787013410,1787015309,31.6
1-3bd7518a-7ce0-4d89-8387-aa72ed861188,South America 5V5 Queue,1,1786731141,1786733209,34.5
1-3bdd6402-0862-4164-a6d2-dd1e7dfef904,South America 5V5 Queue,1,1787176344,1787178731,39.8
1-3be62e1c-0c48-427a-b426-8a73014f473c,South America 5V5 Queue,1,1786949822,1786951941,35.3
1-3bf2da2e-c193-4e17-a37a-afb7a3a22dca,South America 5V5 Queue,1,1787455947,1787459486,59.0
1-3bfa13db-fbc2-4b62-8892-37f4444a42ca,South America 5V5 Queue,1,1786406520,1786410829,71.8
1-3c119ffd-72f0-416d-9115-a8904df22fb1,South America 5V5 Queue,1,1787690895,1787693749,47.6
1-3c45d67c-0584-4826-a449-08dd0944fb15,South America 5V5 Queue,1,1782166163,1782170528,72.8
1-3cabc792-55e4-4246-a751-c627043d217a,South America 5V5 Queue,1,1787022296,1787024981,44.8
1-3cad9f72-a32f-49d1-9097-7cc9e7c32ca5,South America 5V5 Queue,1,1787527949,1787530367,40.3
1-3cbd8f96-694c-411f-b678-97ba1d3b3b23,South America 5V5 Queue,1,1787457914,1787459557,27.4
1-3cc99e37-7dc3-44aa-829f-8fefda2e6368,South America 5V5 Queue,1,1787094758,1787096729,32.9
1-3cde1a2d-6d0f-446b-b9b7-a946dbc1cf12,South America 5V5 Queue,1,1787374094,1787377913,63.6
1-3d07bac5-f703-4d11-9b20-9e4a73e20c2a,South America 5V5 Queue,1,1786935486,1786938738,54.2
1-3d0ca448-5173-451f-83af-00c2836b8632,South America 5V5 Queue,1,1785213329,1785215441,35.2
1-3d11d49d-6881-4dcb-9f5e-e9202558dbf0,South America 5V5 Queue,1,1787179111,1787181451,39.0
1-3d2b287d-7707-4d38-a3f8-e2d4bea62de0,South America 5V5 Queue,1,1786471468,1786473377,31.8
1-3d572533-deb2-491f-8e02-0f326434b73b,South America 5V5 Queue,1,1786297762,1786298536,12.9
1-3d649be8-69df-4958-b098-2405ac215bef,South America 5V5 Queue,1,1786900716,1786902933,37.0
1-3d760db1-fca0-4557-bba5-848071b29124,South America 5V5 Queue,1,1786925001,1786927452,40.9
1-3d94c737-f877-486c-982f-9c85d68b5261,South America 5V5 Queue,1,1787633579,1787634844,21.1
1-3dbd2bdc-cf11-4461-8314-a1d8fe81e8f7,South America 5V5 Queue,1,1787633781,1787635435,27.6
1-3dc0771d-e06c-4a87-90f7-7244e27a7d94,South America 5V5 Queue,1,1786390973,1786393471,41.6
1-3e1eb9c3-9e08-4e1c-bc22-048b2724d07c,South America 5V5 Queue,1,1785346361,1785350057,61.6
1-3e2afc5a-10ac-4dca-9e13-ac57dbd27601,CCT 2026 South America 5 - Open Qualifier,1,,1786815637,
1-3e537446-56eb-4137-b8e8-b6edb7c8fab6,South America 5V5 Queue,1,1784338620,1784340698,34.6
1-3e57f5a6-12c8-422c-9521-b9a9f0675e41,South America 5V5 Queue,1,1787176158,1787178661,41.7
1-3e89e267-70cc-4ce4-a53f-1301ff4adada,South America 5V5 Queue,1,1787531523,1787534605,51.4
1-3ee2700e-215c-47e0-be85-b03465b5c923,South America 5V5 Queue,1,1786815999,1786817949,32.5
1-3ee30ccd-01ba-4083-99b6-c46ff4e544f9,South America 5V5 Queue,1,1787161475,1787163842,39.5
1-3f19308d-67cf-4865-a384-c9b875160cd2,S58 SA Open Central - Regular Season,1,1786214450,1786216966,41.9
1-3f779816-1266-40e8-b13f-cc228bc106e6,South America 5V5 Queue,1,1787538238,1787540902,44.4
1-3f83ba90-d2cf-4cd5-80ff-a6e525ab8aa3,South America 5V5 Queue,1,1786347587,1786348976,23.1
1-3f8833f7-da6a-4d28-991d-a1a95b34e0e7,South America 5V5 Queue,1,1787184774,1787187209,40.6
1-3fd323b6-938e-440b-9dd8-2dae768efe97,South America 5V5 Queue,1,1785936242,1785938055,30.2
1-401cb5aa-5ad6-4265-989c-0ba2d9fde152,Europe 5v5 Queue,1,1786494264,1786495814,25.8
1-405bfd37-92f8-4be3-8be1-362ca0fdedda,South America 5V5 Queue,1,1787096924,1787098500,26.3
1-408702aa-3a73-4aee-ace1-c5d7c16abf21,South America 5V5 Queue,1,1787582974,1787586307,55.5
1-408fac9e-6de8-45d3-97ca-fb70a882ff25,South America 5V5 Queue,1,1787635379,1787637260,31.4
1-40bc62b0-d3e9-4ba9-b7ad-d329afcb62d2,South America 5V5 Queue,1,1786213255,1786215384,35.5
1-410445a9-292d-482c-902d-8f450e2ca7d4,South America 5V5 Queue,1,1787507189,1787510042,47.5
1-41515b5a-87ff-4878-a8c1-79dc68728812,South America 5V5 Queue,1,1787448218,1787449953,28.9
1-4178b22c-3dcc-4d7e-9419-5e0eb864009f,South America 5V5 Queue,1,1786566092,1786568326,37.2
1-41a00414-8a9c-41cd-8323-86d87fea889a,South America 5V5 Queue,1,1786164982,1786166842,31.0
1-41a65283-c88f-45e1-9f7d-3ec88fd5edb8,South America 5V5 Queue,1,1786403530,1786406641,51.9
1-41fbf226-45f7-4a60-955b-46aa2efd9569,South America 5V5 Queue,1,1787260189,1787262360,36.2
1-42069b3b-e167-40f6-9258-1f6fe6455463,South America 5V5 Queue,1,1786857910,1786859644,28.9
1-42150d43-443b-4b0f-9542-18e0f0e76219,South America 5V5 Queue,1,1787611106,1787612923,30.3
1-421fa66c-4914-4e30-81de-eacc5a0414c5,South America 5V5 Queue,1,1786391975,1786394195,37.0
1-42318e2a-83b5-4b8a-88ba-5596e75ce066,South America 5V5 Queue,1,1786326897,1786328700,30.1
1-423b26ac-b2f5-461c-a1e2-37cede941988,South America 5V5 Queue,1,1785278714,1785280442,28.8
1-424e8b17-1d9c-4225-928c-54fcda734d24,South America 5V5 Queue,1,1787628237,1787630263,33.8
1-42595e36-99d8-41f3-b045-9928c1239f5c,South America 5V5 Queue,1,1786940597,1786943710,51.9
1-425bdbf8-8353-4e7f-967b-b1fff691df48,South America 5V5 Queue,1,1786038185,1786040382,36.6
1-42af6d98-4308-45b8-ac64-0137d8d42348,South America 5V5 Queue,1,1787685692,1787687817,35.4
1-42d2e677-08f3-42cd-90b5-85043c8bb605,South America 5V5 Queue,1,1787622584,1787624223,27.3
1-42ed4dd7-adc4-48b3-8649-9516113f9556,South America 5V5 Queue,1,1786920139,1786922000,31.0
1-433e3ee7-85c2-43cd-b90d-443fa5254a4c,South America 5V5 Queue,1,1786917245,1786919096,30.9
1-433eed8b-d76e-43a1-8378-592bfcc8c676,South America 5V5 Queue,1,1786589217,1786591372,35.9
1-4348fa9d-848e-4cdc-879d-510bfecd83d7,South America 5V5 Queue,1,1787431030,1787433303,37.9
1-434cbaa9-bd40-4db8-9c3f-5b9886f294d8,South America 5V5 Queue,1,1787098868,1787100723,30.9
1-43572e35-69cc-461d-aca4-9eab04bbe7bf,Copa Ace 10 - Fase Inicial,1,1787622251,1787623900,27.5
1-435946b2-9557-4477-b37e-d92537583222,South America 5V5 Queue,1,1787025531,1787028065,42.2
1-43933e0a-d04b-47ec-b516-6a2e98e39155,South America 5V5 Queue,1,1787250981,1787254064,51.4
1-439a36ce-c145-4cc8-9fd0-fff825a94842,South America 5V5 Queue,1,1787359162,1787361318,35.9
1-43a27b4a-8c23-4cef-ab61-340928e59944,South America 5V5 Queue,1,1786719621,1786721318,28.3
1-43a55a0d-1bf8-4ccf-b6c3-711344e35ae3,Europe 5v5 Queue,1,1786660125,1786662122,33.3
1-43c6546b-6f0a-42d5-abed-624f0fce5f33,South America 5V5 Queue,1,1787619779,1787621325,25.8
1-43d293ef-285c-4d6c-8c52-f1d54876a12b,South America 5V5 Queue,1,1787092509,1787094446,32.3
1-43dc7a04-e626-486b-9f0f-b001d476aaa4,South America 5V5 Queue,1,1786922739,1786924981,37.4
1-44088c00-68ee-4299-a5bf-a2484e22b90e,South America 5V5 Queue,1,1787450693,1787452454,29.4
1-440999df-d5de-4f4b-a5b0-03c9f2338bf5,South America 5V5 Queue,1,1786240528,1786242759,37.2
1-441f2dca-e77f-405a-b20d-f13bcc4549d6,South America 5V5 Queue,1,1786496192,1786497668,24.6
1-442e1693-9026-4e52-ab07-bf25f4c46581,South America 5V5 Queue,1,1785981427,1785983715,38.1
1-445b3207-3a05-45a8-b232-65f8bfabe6a2,South America 5V5 Queue,1,1783482090,1783483759,27.8
1-445b41b3-6017-4e2a-a050-96c7cb416183,South America 5V5 Queue,1,1787374363,1787376619,37.6
1-446573c0-9b24-4dd9-bb02-5ae6edfbfa74,South America 5V5 Queue,1,1787507584,1787509686,35.0
1-44a06bbf-7040-4e54-a541-fc18baa2c994,South America 5V5 Queue,1,1786474609,1786476666,34.3
1-44a1fd1a-9de4-48d9-85c8-fca6a95e6520,South America 5V5 Queue,1,1787283927,1787285913,33.1
1-44cacd30-e27b-4121-b977-9e1a2f212af7,South America 5V5 Queue,1,1787281370,1787284382,50.2
1-44d69449-b2b5-4452-bd2d-9d3e25ad8df9,South America 5V5 Queue,1,1787016978,1787019201,37.0
1-44dbc76d-1ae7-4b11-807e-c1080c0c1c92,South America 5V5 Queue,1,1787272289,1787274104,30.2
1-44f36c56-06b4-4922-858c-81e2ad6b554d,South America 5V5 Queue,1,1787452441,1787453955,25.2
1-45053ecc-6c3e-480f-8313-b56def51d803,South America 5V5 Queue,1,1786997395,1786999335,32.3
1-4512a091-1479-423a-80d5-19e4819228dc,South America 5V5 Queue,1,1786506968,1786510912,65.7
1-4517d92a-9b89-44a5-94a9-da25af3f9adf,South America 5V5 Queue,1,1786681083,1786683183,35.0
1-453097b3-90ca-44cf-b69a-e828844d7316,South America 5V5 Queue,1,1787579059,1787581786,45.5
1-4550626e-5a61-4fb0-8c00-631ae80112f0,South America 5V5 Queue,1,1787465858,1787467812,32.6
1-458207ef-4cba-4f26-bdaf-c0e03d6e8814,South America 5V5 Queue,1,1787609276,1787611288,33.5
1-458aba12-cbb1-4823-9b75-1672e41a1050,South America 5V5 Queue,1,1787205092,1787207190,35.0
1-45902239-76c3-4b5e-9a6e-c982e83121ba,South America 5V5 Queue,1,1786072189,1786073680,24.9
1-4594a198-68c2-4d20-8151-d30c094fd555,South America 5V5 Queue,1,1786044270,1786046516,37.4
1-45b5b8ee-798b-44d3-884f-7da7b9f90866,Europe 5v5 Queue,1,1787680211,1787682532,38.7
1-45ccad03-d2ce-4edf-9fcd-1970cc089632,South America 5V5 Queue,1,1787543523,1787545022,25.0
1-45cebdcc-1b9b-4572-afc1-cae241f428aa,South America 5V5 Queue,1,1786043437,1786045752,38.6
1-45e66e36-270b-4db1-a1c9-942324b78482,South America 5V5 Queue,1,1787456781,1787458666,31.4
1-45f32cdd-d743-4df1-ad68-ce5353e2adbd,South America 5V5 Queue,1,1787200870,1787203027,36.0
1-45f77efd-d7b0-4b5e-a9c2-94028c1c6a84,South America 5V5 Queue,1,1786820575,1786822284,28.5
1-45ff93fe-808d-434e-a1e8-ad14a7a6a7ef,South America 5V5 Queue,1,1787593329,1787595242,31.9
1-4619143d-17af-4257-a58e-4d3aebe1010a,South America 5V5 Queue,1,1787172213,1787173844,27.2
1-463d2975-fd1e-479b-b9e2-4d3f819454fe,South America 5V5 Queue,1,1787275363,1787277895,42.2
1-464d8139-28fc-4177-a517-e96e52b36ca4,South America 5V5 Queue,1,1786422300,1786424291,33.2
1-4658f96b-6b45-431e-9979-d6fb90dbcfa9,South America 5V5 Queue,1,1787290307,1787292498,36.5
1-4667f910-eb8a-4266-a545-054bb05e86a4,South America 5V5 Queue,1,1787546670,1787548790,35.3
1-46a4a2dc-1b22-4afb-b4a8-93f55bc7a639,South America 5V5 Queue,1,1786388861,1786391520,44.3
1-46c0ca9c-ca21-471f-a11c-4cb52e4aa749,South America 5V5 Queue,1,1787364923,1787366601,28.0
1-46ccca3a-709b-4a02-9bfa-74ec01daf197,PLAYOFFS - GAME FEST,3,1780261311,1780264092,46.4
1-46d55285-c25f-46bf-b6cd-75e34a3db258,South America 5V5 Queue,1,1786320697,1786322087,23.2
1-46f30ebe-dcfd-4205-93ae-7cf8dd716b63,South America 5V5 Queue,1,1787370102,1787372438,38.9
1-4718209f-a0be-4267-94ec-5773d3fc9767,South America 5V5 Queue,1,1787095288,1787097773,41.4
1-4738b567-3ed2-46bf-80a6-9af67f711807,South America 5V5 Queue,1,1787424135,1787426366,37.2
1-475a992e-ef14-4b32-bc7b-33566f5c2f70,South America 5V5 Queue,1,1781214172,1781215881,28.5
1-47b870c1-9360-4106-bc15-bffe01b3cc11,South America 5V5 Queue,1,1787600543,1787603500,49.3
1-47ec9fad-ded7-458d-b966-e194b616de1b,South America 5V5 Queue,1,1785202084,1785204725,44.0
1-4815e9bb-1aeb-4657-9ffd-42f3d695ff5d,South America 5V5 Queue,1,1787633894,1787636021,35.5
1-48437a8e-8964-4deb-9f5a-84bfa131e7db,South America 5V5 Queue,1,1787174604,1787176180,26.3
1-4853cb35-6816-4de2-9d35-df101e9ce540,South America 5V5 Queue,1,1786565438,1786567442,33.4
1-48609179-6a7c-48e1-936a-e39f6d626046,South America 5V5 Queue,1,1786493592,1786495773,36.4
1-48804a79-336b-4ce6-8e13-558866c3e5cf,South America 5V5 Queue,1,1787514424,1787515892,24.5
1-4886163f-639a-4256-bf37-407902a7c7ca,South America 5V5 Queue,1,1786822559,1786824848,38.1
1-48972b9d-2450-47ef-8517-05a8c00b7ed3,South America 5V5 Queue,1,1786216143,1786218686,42.4
1-48af1a84-8a6b-4f72-85ea-001fc04b54f0,South America 5V5 Queue,1,1787551893,1787553809,31.9
1-48dcbf87-9f1d-413e-a39a-b509d9dff256,South America 5V5 Queue,1,1786922446,1786924719,37.9
1-48ff8e78-1cf0-402a-b21d-308e61f6a9a4,South America 5V5 Queue,1,1787522592,1787524467,31.2
1-498373ae-cc74-4f2a-a9c9-6a0d8feed2b3,South America 5V5 Queue,1,1787599671,1787602288,43.6
1-49b7045b-1b8d-4dff-a9ce-a5242f7bb99e,Europe 5v5 Queue,1,1786599600,1786601612,33.5
1-49c1ecf2-fb37-4e55-ba41-aeb1cbcefee4,Europe 5v5 Queue,1,1786645311,1786647165,30.9
1-49c81ae2-d081-46e9-bf89-e7f4966db4a3,South America 5V5 Queue,1,1786305351,1786307255,31.7
1-4a1e70af-adfa-43c4-af79-8858fda0d64b,South America 5V5 Queue,1,1787235283,1787237329,34.1
1-4a1ebb4c-e8ce-46e7-a9d9-2b376fc5be4f,South America 5V5 Queue,1,1786207548,1786210207,44.3
1-4a4c5dbe-8c2b-4f59-8584-8b4704f7b056,South America 5V5 Queue,1,1786500333,1786503175,47.4
1-4a4f43d6-f16b-4174-9bc3-50006a6aeb32,South America 5V5 Queue,1,1787531108,1787534061,49.2
1-4a539e11-44c7-4e79-a8b2-c96f92fea59a,South America 5V5 Queue,1,1784252998,1784254671,27.9
1-4a65efa9-f411-47b0-bd28-495661134806,South America 5V5 Queue,1,1786339226,1786340960,28.9
1-4a7a7714-eb44-4639-8408-0a9e119d03a9,South America 5V5 Queue,1,1787510168,1787512035,31.1
1-4a7e6872-fd79-49ef-a62a-f9bfccd51a5a,South America 5V5 Queue,1,1787677505,1787679407,31.7
1-4ac5f7b7-ccaf-4752-a72c-604c18596c1a,South America 5V5 Queue,1,1786660122,1786662510,39.8
1-4ae82ef6-bb25-47b3-af1f-906b82ff5b1c,South America 5V5 Queue,1,1780089445,1780091713,37.8
1-4b1822df-c85f-4d65-8b8a-bbe3031c057d,Counter Strike 2 at 2026 Esports Nations Cup: Brazil,3,1784156472,1784159347,47.9
1-4b20f151-e88e-448a-bc77-4cfaf5ad2682,South America 5V5 Queue,1,1786562861,1786564744,31.4
1-4b254393-853a-428c-882d-9310c212b7a1,South America 5V5 Queue,1,1786328493,1786330594,35.0
1-4b4b28ff-c9b8-42df-97af-0dae9072f0c1,South America 5V5 Queue,1,1787367888,1787370233,39.1
1-4b4b790b-47d9-447a-8aa7-621ddae363b8,AVRS CUP,3,1785975218,1785977586,39.5
1-4b50c77c-43d8-44d9-b216-2001c6158ff9,South America 5V5 Queue,1,1787087879,1787090194,38.6
1-4b656d2a-ca4a-43ff-8a9f-43cddc157cfb,Betboom Storm 4 - ALKA vs BORRACHEIROS,3,1786287019,1786290619,60.0
1-4b7cb269-fae8-4426-8876-6f46a55447bd,South America 5V5 Queue,1,1785873373,1785875576,36.7
1-4b8c251d-66f8-4368-8ef9-9f8d3d1a190f,South America 5V5 Queue,1,1787605473,1787607883,40.2
1-4b92bdf5-bdba-42aa-9f0d-e9f01e7bba2c,South America 5V5 Queue,1,1786650241,1786652283,34.0
1-4b9dd048-3384-41be-85cf-58e3780bc1e3,S58 SA Open Central - Regular Season,1,,1787624141,
1-4ba21716-2460-40bf-861c-aab9b654f1c7,South America 5V5 Queue,1,1786742886,1786745078,36.5
1-4bad28ce-bb08-495f-a3e9-7b93d213c8f1,South America 5V5 Queue,1,1786653430,1786655352,32.0
1-4bbf264c-3d37-4387-8b32-12cefcbba531,South America 5V5 Queue,1,1786999609,1787001390,29.7
1-4bcb9bea-f4e8-438b-bf42-c00b6cf28c7e,South America 5V5 Queue,1,1787530716,1787532715,33.3
1-4bdecb69-1047-4031-b23d-3c8c8ffb78ba,South America 5V5 Queue,1,1787627761,1787631073,55.2
1-4be521c8-c4e2-4705-8385-9db18cbb9976,South America 5V5 Queue,1,1787114610,1787116859,37.5
1-4be5f868-a52b-401d-b32e-ff04ced740a1,CCT 2026 Challengers South America 2 - Open Qualifier 2,1,1785693543,1785693543,0.0
1-4bea9bd9-fe28-4ba3-a4ef-dc9634eaec0b,South America 5V5 Queue,1,1784676346,1784678602,37.6
1-4beaa82a-643b-492a-8e6f-e4116d0f2437,South America 5V5 Queue,1,1786911613,1786913655,34.0
1-4becd581-1204-42ae-b62a-ce196e0a5cd8,South America 5V5 Queue,1,1786848544,1786851005,41.0
1-4c264d18-0968-42b0-8d41-5cc309df8b7a,S58 SA Open Central - Regular Season,1,1787010162,1787012265,35.0
1-4c2edb61-4738-417d-98e5-344b331def9f,South America 5V5 Queue,1,1782256319,1782258638,38.6
1-4c41a93d-f085-41cf-b4a1-c5b049d680cc,South America 5V5 Queue,1,1787273990,1787276110,35.3
1-4c437a23-e7d4-4397-a10b-7a42bd36dc2c,Europe 5v5 Queue,1,1786469968,1786472101,35.5
1-4c6ae4b8-2ab0-4156-86bb-76f7d51b6688,South America 5V5 Queue,1,1787100336,1787104023,61.5
1-4c78db95-4a5c-4fda-8315-04ea7dbf9240,South America 5V5 Queue,1,1787007495,1787009292,29.9
1-4c7a3c30-0e78-4992-a140-5b0a6422c174,South America 5V5 Queue,1,1786240780,1786243597,47.0
1-4c8c79b8-3596-4935-b36d-a184b6e6acca,South America 5V5 Queue,1,1786992551,1786994728,36.3
1-4c9000d7-cb3d-4d92-894f-0c03b761915c,South America 5V5 Queue,1,1787621262,1787623702,40.7
1-4cd90cbe-8482-45b2-ae11-099cf1e41028,South America 5V5 Queue,1,1787193334,1787195320,33.1
1-4d2e1bd3-d16f-441a-92c0-640f0f72bb85,South America 5V5 Queue,1,1787357663,1787361022,56.0
1-4d530253-a294-4ec0-adcf-df1a3d5c27ba,South America 5V5 Queue,1,1785113366,1785115468,35.0
1-4d7dd919-9df1-4684-9873-c1aa83f1efab,Betboom Storm 4 - METANOIA Wolves VS Isurus,3,,1786205412,
1-4d7e2513-fc16-4c4d-b529-5e8fb328e20c,South America 5V5 Queue,1,1786996509,1786998367,31.0
1-4da778e2-9af7-4e82-8462-27418af7e469,South America 5V5 Queue,1,1787361260,1787363689,40.5
1-4e06f79d-0a1a-4967-8484-948b20dc01d0,South America 5V5 Queue,1,1781284917,1781286474,25.9
1-4e0f80ac-ced6-485f-96df-5e95ca1f5dee,South America 5V5 Queue,1,1786935881,1786939394,58.5
1-4e41f277-8ce0-438e-bbbc-aa9a6ef1cf2d,South America 5V5 Queue,1,1787109091,1787111394,38.4
1-4e475b44-131c-45e1-88f8-8dc3f6c5295b,South America 5V5 Queue,1,1784595628,1784597779,35.9
1-4e4e6e93-4666-4f1c-9634-4ac289f4e5a8,South America 5V5 Queue,1,1787539795,1787541858,34.4
1-4e5bfbe9-498f-4e51-82fe-43695e03cef6,South America 5V5 Queue,1,1787111502,1787113610,35.1
1-4e81f7b6-3d7f-462a-a3e2-a5e4b59a9ed4,South America 5V5 Queue,1,1786570744,1786573164,40.3
1-4e90f027-2952-485f-a948-0be55f2da264,South America 5V5 Queue,1,1778550373,1778552873,41.7
1-4e937179-91da-474a-b6ad-a50bb620750b,South America 5V5 Queue,1,1786754071,1786755745,27.9
1-4ebc9c7f-bc46-4eb4-975c-5da35b7e482a,Europe 5v5 Queue,1,1785880901,1785882462,26.0
1-4edb9ca5-9096-4557-9529-96bb1469fc48,South America 5V5 Queue,1,1787446384,1787448094,28.5
1-4ee209f6-54d6-4022-80c6-ba65c556b7a8,South America 5V5 Queue,1,1786969209,1786971452,37.4
1-4efacf4e-ee43-408e-bfb7-63ba1a1213f4,Europe 5v5 Queue,1,1786596458,1786597258,13.3
1-4eff27ba-4607-445f-9758-62991ed40034,South America 5V5 Queue,1,1786757307,1786759552,37.4
1-4f011c2c-363d-460b-851f-35c7490f872c,South America 5V5 Queue,1,1785862902,1785864945,34.0
1-4f024149-853f-4f3d-bbfe-801feccbdb92,South America 5V5 Queue,1,1786640173,1786641801,27.1
1-4f054729-f24d-4329-85db-992c4c88a120,South America 5V5 Queue,1,1786417339,1786418620,21.4
1-4f1c3884-30ec-45bb-99ef-222868fb2522,South America 5V5 Queue,1,1786748337,1786751015,44.6
1-4f21b787-1ab1-40b5-9155-55e67c4539af,South America 5V5 Queue,1,1787360528,1787363687,52.6
1-4f329def-477c-4a80-a86e-e0c7b2cad8cc,South America 5V5 Queue,1,1787461030,1787463191,36.0
1-4f381628-15c0-4abd-8705-f676ab7cb117,South America 5V5 Queue,1,1787684481,1787686679,36.6
1-4f4f2857-6b52-49a5-b3c3-3a7d6adbf02e,South America 5V5 Queue,1,1787538268,1787540938,44.5
1-4f782b6a-3448-45c5-a9f0-4b697cc98104,South America 5V5 Queue,1,1786082103,1786084051,32.5
1-4f9440f7-1c43-46c0-b733-dfe2466b1403,South America 5V5 Queue,1,1785972799,1785975152,39.2
1-4f965d83-ed07-485e-9b48-e9b919923291,South America 5V5 Queue,1,1784342052,1784345034,49.7
1-501d4f77-736c-492a-b201-988612475f3a,Normal Competitive,1,1785106175,1785108939,46.1
1-505c6f26-897e-41f5-8dbe-f5e82561cbc5,South America 5V5 Queue,1,1787684383,1787686378,33.2
1-5081beac-e12a-4f21-a8bc-653b10bd7728,South America 5V5 Queue,1,1787445096,1787446757,27.7
1-50aec521-0ddf-4139-8c7d-ba3e3aad165a,South America 5V5 Queue,1,1786084473,1786086620,35.8
1-50ca3042-8f57-459a-9174-3dd34238779f,South America 5V5 Queue,1,1787198705,1787200053,22.5
1-50d677ad-3d0b-4a12-893e-3a813473ff3f,South America 5V5 Queue,1,1787595141,1787596637,24.9
1-50e7320b-44c5-49ff-9bec-ed192d1e4229,South America 5V5 Queue,1,1785816270,1785818961,44.9
1-51120a2b-e5f3-4bab-ab0e-59374742bacb,South America 5V5 Queue,1,1787503774,1787506431,44.3
1-511ea346-1e74-466e-ad71-b81c4c865c62,South America 5V5 Queue,1,1787605100,1787607368,37.8
1-51410a20-7d6d-403a-b169-d4f6e3c3498c,South America 5V5 Queue,1,1787460239,1787462655,40.3
1-517ae11b-c8fe-496b-a367-1b58b320e7ee,Europe 5v5 Queue,1,1785423694,1785425386,28.2
1-518e17b8-1401-45e8-848e-7a44c158881f,South America 5V5 Queue,1,1782238091,1782240102,33.5
1-51a7d9b2-d699-4f6a-b075-eb7e12b97fe5,South America 5V5 Queue,1,1787016423,1787018227,30.1
1-51b25ca7-c75a-4c3c-838e-ca7c7d3d17d7,Europe 5v5 Queue,1,1786747040,1786748653,26.9
1-51b89323-70f2-413a-aa64-8e1653bb9099,S58 SA Open Central - Regular Season,1,1787100286,1787102015,28.8
1-51bc5aba-f1e7-4bdf-86e4-171a975c5db9,South America 5V5 Queue,1,1786747811,1786750632,47.0
1-51df4fef-910b-4ec3-a69c-665bfeb7bd59,South America 5V5 Queue,1,1784824705,1784827497,46.5
1-521026fd-4fa9-44dd-a1be-991e2009538c,South America 5V5 Queue,1,1787524423,1787526124,28.4
1-521e2890-e64d-4dce-8af3-8ff60bc8666e,South America 5V5 Queue,1,1786116325,1786118393,34.5
1-5226fe74-c656-4272-863a-eb6d23db4e6a,South America 5V5 Queue,1,1786887960,1786889796,30.6
1-523b9b59-8095-41cf-9b57-52bbe09cc03d,South America 5V5 Queue,1,1786422100,1786424043,32.4
1-5255c114-3d85-4f61-b026-9c7bc0b52765,South America 5V5 Queue,1,1787440010,1787442223,36.9
1-525b796c-0a32-4e78-9eb5-d1ad92a29560,South America 5V5 Queue,1,1787375620,1787377707,34.8
1-526ee4e7-96e3-47dd-8496-5248b46bf3cb,South America 5V5 Queue,1,1787068568,1787069985,23.6
1-527a28d9-333a-443b-9607-7656d8c19bcc,South America 5V5 Queue,1,1786851944,1786853749,30.1
1-528ab478-4406-4c8c-acc6-e7081ca1b4c4,South America 5V5 Queue,1,1787250032,1787252261,37.1
1-52adc3ee-d43c-4fab-a5a4-3316aff3d6be,South America 5V5 Queue,1,1787598039,1787600581,42.4
1-52ae737f-d2db-4ce2-abc2-c87a619a95d0,South America 5V5 Queue,1,1787511802,1787513852,34.2
1-52b32a05-7b54-46a7-b9b2-df3b4c459412,South America 5V5 Queue,1,1786593737,1786595621,31.4
1-52be9f82-cf74-4f00-b4db-eddd39d1bce4,Europe 5v5 Queue,1,1786573655,1786575451,29.9
1-52c6581b-0f24-4a30-acae-c5d0c16ae79b,EWC26 CS2 LCQ - Group 2,3,1786202929,1786205798,47.8
1-531429ad-a032-43ec-ae3a-80f2ef37657f,South America 5V5 Queue,1,1787004194,1787006277,34.7
1-5342028d-ac67-4b36-b24a-a31775903e19,South America 5V5 Queue,1,1787028269,1787030641,39.5
1-53500289-e62e-4514-8122-c49c9b647d57,South America 5V5 Queue,1,1785817680,1785819770,34.8
1-53857dee-01bf-4fc6-b283-435254bf4e52,South America 5V5 Queue,1,1787113025,1787115713,44.8
1-53892af9-f0c0-47af-8397-8ad16ffd2eee,CCT 2026 South America 5 - Open Qualifier,1,1786818234,1786819818,26.4
1-53b95991-7aa9-4b40-8690-da619659a736,South America 5V5 Queue,1,1787379469,1787381359,31.5
1-53c8a53c-35ab-4936-87bf-11907810a9a7,South America 5V5 Queue,1,1786763674,1786766548,47.9
1-53d67cb6-1619-4860-8bf8-67e590cd3748,Late Night Ancient,1,,1787443502,
1-53db7695-e4b4-4ee4-95b9-c86544b480ad,South America 5V5 Queue,1,1787354941,1787357182,37.4
1-53dc91af-b130-45cb-b7f0-f6b2c21c4945,South America 5V5 Queue,1,1785271465,1785273514,34.1
1-53eb6ea0-b95c-4b04-a831-ac631bfbe265,South America 5V5 Queue,1,1785612413,1785614751,39.0
1-543cd3cd-81ab-4fe8-bc43-653223cd9e3b,South America 5V5 Queue,1,1787156426,1787158373,32.5
1-54453a20-7ed0-4659-b457-a50aea57fb45,South America 5V5 Queue,1,1787179834,1787182219,39.8
1-5466dddf-4103-44b2-9bb2-c31eb4b15d9b,South America 5V5 Queue,1,1786993789,1786996444,44.2
1-5479e77d-dac6-4140-a4b2-c0f98849a846,South America 5V5 Queue,1,1787627813,1787629651,30.6
1-548c04c2-d0fd-40d9-82c7-d5503f1432f8,Europe 5v5 Queue,1,1785943563,1785945653,34.8
1-5491bd2a-8396-488e-9cb7-ecbac1f4e43c,South America 5V5 Queue,1,1787017550,1787019375,30.4
1-5495a43d-c12e-4330-806a-81845d71b593,South America 5V5 Queue,1,1784786006,1784788169,36.0
1-54da2865-126e-402a-a70c-87ce92b48641,South America 5V5 Queue,1,1786401774,1786405039,54.4
1-54e028ae-78f7-4603-bc89-7f736673b765,South America 5V5 Queue,1,1786675838,1786677855,33.6
1-54fe33e2-f49b-4337-8c92-82fa9ef7644c,South America 5V5 Queue,1,1786556978,1786559222,37.4
1-551b0bdf-800c-4225-be0c-5812fb2aa753,South America 5V5 Queue,1,1787326678,1787328961,38.0
1-554dfd02-a819-44ba-be4b-d66003997e0c,South America 5V5 Queue,1,1787456660,1787458463,30.1
1-55727aa0-0c5e-46b6-bb41-f522fc8c2575,South America 5V5 Queue,1,1785297039,1785298939,31.7
1-559cc5c9-ab04-475b-9c79-78cfe5cfc099,South America 5V5 Queue,1,1787607787,1787609631,30.7
1-55a19872-eab0-478e-bfff-22c91c34a088,South America 5V5 Queue,1,1786246317,1786248233,31.9
1-55c294fd-9544-4267-91cf-16e77b8707fd,South America 5V5 Queue,1,1786760987,1786763534,42.5
1-55c8face-3e2a-4b03-8a6f-248992dc2e90,South America 5V5 Queue,1,1787683598,1787685380,29.7
1-55d7964d-e728-4965-93c5-38d204dcdc5e,South America 5V5 Queue,1,1785783195,1785785162,32.8
1-5607844b-6cc7-4397-8b36-79915f21aee0,South America 5V5 Queue,1,1787177692,1787179390,28.3
1-561a65e8-6663-4915-afb2-e9af975e80df,South America 5V5 Queue,1,1785175177,1785177882,45.1
1-562f5427-11bc-4ec0-860e-31421755e7ac,South America 5V5 Queue,1,1787358076,1787360328,37.5
1-564cccb0-eb8c-4a7a-90d9-109fc2859efb,South America 5V5 Queue,1,1786254105,1786257391,54.8
1-5690ea59-c37d-4c77-b260-e900e95b49d1,South America 5V5 Queue,1,1786412990,1786414798,30.1
1-569d59ea-4c17-4ab6-bb28-d226f7b8c692,South America 5V5 Queue,1,1787331543,1787333114,26.2
1-56aa308b-dec5-4519-b3cb-1a9cb89d30eb,South America 5V5 Queue,1,1786408908,1786411333,40.4
1-56ab46a8-75ca-4edf-8d7f-36d39eb47392,South America 5V5 Queue,1,1787436188,1787438903,45.2
1-56b15294-24db-49f5-95ad-21c92a51aa3a,South America 5V5 Queue,1,1786740305,1786741926,27.0
1-56d79356-b934-405d-8bc6-101c263d1a85,South America 5V5 Queue,1,1786590216,1786591650,23.9
1-56d88c32-1c4e-4011-9f22-0e106b5ad25b,South America 5V5 Queue,1,1778204471,1778206497,33.8
1-56de07d4-8c2c-4dca-909d-e6db98b4efdb,South America 5V5 Queue,1,1785623688,1785625466,29.6
1-56ea9867-16c7-490d-946d-72c1466e4e53,South America 5V5 Queue,1,1786494337,1786496796,41.0
1-570450f9-8c81-4677-9be7-985fd83529e5,South America 5V5 Queue,1,1786764255,1786766620,39.4
1-5735d48f-ac7d-49b8-a1e5-2055fed361fc,South America 5V5 Queue,1,1786584287,1786585936,27.5
1-574f3700-74eb-434e-816d-ab06f0ddf932,South America 5V5 Queue,1,1787444328,1787446181,30.9
1-576a8855-4af7-4032-be69-dbab441c3da8,South America 5V5 Queue,1,1785362979,1785364969,33.2
1-57b985de-a127-4d75-92b7-c98d73963eb4,South America 5V5 Queue,1,1787412808,1787414942,35.6
1-57c51925-637a-4417-b668-1ada903f03bf,South America 5V5 Queue,1,1787456530,1787459008,41.3
1-57d0b76e-13c6-41ac-a4b6-2e4b8c792416,South America 5V5 Queue,1,1785984320,1785986724,40.1
1-57d95e58-e33f-453b-bfc8-bf6a5478616b,South America 5V5 Queue,1,1787557048,1787559296,37.5
1-5803cfb6-241b-476e-af22-7ae0cdd77581,Europe 5v5 Queue,1,1786498083,1786499976,31.6
1-580a3c13-beb4-4097-b2b1-dd5577caa3f0,South America 5V5 Queue,1,1787519697,1787521905,36.8
1-582d43fe-7882-4f56-9a75-9aa09c9d6396,South America 5V5 Queue,1,1785186436,1785188154,28.6
1-5838172d-9522-4eaf-9ab4-58ea826c575b,South America 5V5 Queue,1,1786918349,1786921514,52.8
1-583bfc84-fed9-400c-b99b-e7502a06d28e,South America 5V5 Queue,1,1786842670,1786846276,60.1
1-5867377c-3003-4dde-be14-8219a44eca77,South America 5V5 Queue,1,1782254321,1782256002,28.0
1-587055d0-8e3e-4f66-a96f-98437621ef2c,South America 5V5 Queue,1,1787259640,1787261191,25.9
1-589be399-4a05-4fd7-9519-66658ad325fc,South America 5V5 Queue,1,1786990762,1786993358,43.3
1-58a349a2-60ae-42a9-94f1-e14112837c92,South America 5V5 Queue,1,1787185950,1787187836,31.4
1-58afcfa1-ff59-470d-9ae8-131121cf28e3,S58 SA Open Central - Regular Season,1,1786572747,1786574602,30.9
1-58d04d1c-ccfc-4f28-b33b-7ca232ce8bc9,South America 5V5 Queue,1,1786161619,1786163245,27.1
1-58d0c750-bde0-4ea7-b2b4-0025043ac368,South America 5V5 Queue,1,1787018248,1787020589,39.0
1-590f3cd5-6f4a-4faa-970e-3d8859f3a768,CS2 2026 - GoGameFestival,3,1787504296,1787504296,0.0
1-5926f111-c5d6-48f8-8e93-dd3eac7affca,South America 5V5 Queue,1,1786186539,1786190058,58.6
1-59b644d0-8975-4be7-a03b-40b3498bbd04,South America 5V5 Queue,1,1787454286,1787456318,33.9
1-59c01a1d-5a89-464e-9fa9-89d5e797a006,South America 5V5 Queue,1,1786741487,1786743196,28.5
1-5a01b0af-95ba-4cb5-8dc1-9712156ef8f9,South America 5V5 Queue,1,1787289343,1787291760,40.3
1-5a2cc001-7e9a-4d38-866f-81dcbdadc411,Counter Strike 2 at 2026 Esports Nations Cup: Brazil,3,1784162476,1784164473,33.3
1-5a467ea8-e53b-4200-96bd-eed3781aa9a1,South America 5V5 Queue,1,1787199603,1787202104,41.7
1-5a8075df-20b5-498c-a102-27c1985a1aca,South America 5V5 Queue,1,1787455153,1787457215,34.4
1-5a9a3195-07dd-4545-bc35-43916a613a74,South America 5V5 Queue,1,1786053242,1786055357,35.2
1-5ae6a973-a928-4ebd-87ce-e8e3fd53e9e4,South America 5V5 Queue,1,1787629222,1787631318,34.9
1-5afb79c1-216b-456e-b2a8-a82940672e5c,Europe 5v5 Queue,1,1786571699,1786573529,30.5
1-5b043b63-d866-4c2a-950d-201987db8324,South America 5V5 Queue,1,1787020160,1787022706,42.4
1-5b1c8d2a-a598-4a79-9f42-4a9d980f72ae,South America 5V5 Queue,1,1787526809,1787529319,41.8
1-5b264e0f-2f30-4c9e-ba2d-e38475309d36,South America 5V5 Queue,1,1787525209,1787526890,28.0
1-5bb46a02-88e8-4473-a6bf-cc3c090af5e0,South America 5V5 Queue,1,1786331192,1786333304,35.2
1-5bf2dc9e-1193-4911-b717-28c2bbba484e,South America 5V5 Queue,1,1787612680,1787614886,36.8
1-5bfa90d8-145a-4315-b029-2da6b0bbe823,South America 5V5 Queue,1,1786464405,1786466640,37.2
1-5c06572a-3915-4397-9aee-8e9770b362ae,South America 5V5 Queue,1,1787075494,1787078657,52.7
1-5c916ff2-ea66-4816-be73-53a39d601cd1,South America 5V5 Queue,1,1787273580,1787275909,38.8
1-5cad4c91-1f74-4e2a-a6d6-d9f393307942,South America 5V5 Queue,1,1787380444,1787381760,21.9
1-5d05ed1c-20ba-4382-ba60-144a504406be,South America 5V5 Queue,1,1786081180,1786083069,31.5
1-5d167e60-143a-422b-ad14-2c587d0ca746,South America 5V5 Queue,1,1786997246,1786999535,38.1
1-5d3c4630-2cb1-48f9-9e49-d78b06f2519e,South America 5V5 Queue,1,1787281500,1787283632,35.5
1-5d5619ce-e533-4cdd-8db0-0f234e1942ed,South America 5V5 Queue,1,1786135733,1786136975,20.7
1-5d673dbd-8960-4061-841d-1386219f46e3,South America 5V5 Queue,1,1787462760,1787464260,25.0
1-5d74bb58-713a-40f5-8a8b-144f4c2b7572,South America 5V5 Queue,1,1784920338,1784922527,36.5
1-5d7a7134-0ab1-4ac1-a514-05ab6b3a537d,South America 5V5 Queue,1,1787432663,1787435290,43.8
1-5d7ada54-3ef6-4892-a494-7d43660d9be0,South America 5V5 Queue,1,1782325339,1782327854,41.9
1-5daca34d-cfec-4f54-ade8-266b4bf299fc,StarSeries S20 - Closed Qualifier SA,3,1785612289,1785614533,37.4
1-5dc38206-bdcf-46c5-9ae7-a2c5bd3c8078,South America 5V5 Queue,1,1787021646,1787023478,30.5
1-5ddaacf7-0f41-460b-a132-71eb9b80f63d,South America 5V5 Queue,1,1787421770,1787423788,33.6
1-5ddb160f-feaa-44ed-b271-e74d844c3e09,South America 5V5 Queue,1,1786409719,1786411706,33.1
1-5de21300-ad84-4b8d-8961-585155a63b4b,South America 5V5 Queue,1,1785186682,1785189189,41.8
1-5de2d323-e8c3-43a1-9fa2-7b29c8ca8a2d,South America 5V5 Queue,1,1786647711,1786649821,35.2
1-5defb9b4-614d-4012-b7e1-d1b685f2c53a,South America 5V5 Queue,1,1787378573,1787380097,25.4
1-5e381327-3d72-4770-a7fd-205b9a71ba4c,South America 5V5 Queue,1,1786899738,1786901523,29.8
1-5e4772e3-17ca-433e-a73d-9b5b5f3cdce6,South America 5V5 Queue,1,1785300567,1785302708,35.7
1-5e64f298-5fe1-47f5-a2b1-efe5f25edbd9,South America 5V5 Queue,1,1785950996,1785952909,31.9
1-5e86eddf-9a32-465b-93c3-7dd16649ec97,South America 5V5 Queue,1,1787627937,1787629958,33.7
1-5ec843dc-4677-4774-9e11-f0d3e0c1c3f0,South America 5V5 Queue,1,1786379740,1786381158,23.6
1-5ed1008e-c10e-444d-93cb-1664faf4bb6b,South America 5V5 Queue,1,1786854232,1786856577,39.1
1-5edc29e5-ca3c-42bd-83a4-d1b8bce08806,South America 5V5 Queue,1,1787528796,1787530275,24.6
1-5ee4255c-12f7-4a7e-9cc3-aa8ea21055c5,South America 5V5 Queue,1,1787260805,1787262866,34.4
1-5eeceb96-f4d6-421f-8797-ed3c12a8df68,South America 5V5 Queue,1,1787448861,1787451234,39.5
1-5ef84f36-9521-4b00-b83d-48e492daf634,South America 5V5 Queue,1,1787529055,1787530879,30.4
1-5f0973d4-d033-4e57-adde-4f6271b41be0,South America 5V5 Queue,1,1787372629,1787374864,37.2
1-5f187c21-d1df-429c-b6d3-b84b2a413db5,South America 5V5 Queue,1,1787344507,1787346866,39.3
1-5f1af50e-56ed-4776-a25b-93a55f37b3cc,South America 5V5 Queue,1,1787012647,1787014787,35.7
1-5f3716e6-dc08-4ef3-9652-2af6a0bc9707,South America 5V5 Queue,1,1787014824,1787016781,32.6
1-5f404376-5e63-4e84-a283-17a8db8e6e17,South America 5V5 Queue,1,1787459492,1787462044,42.5
1-5f4406d1-a8b7-4991-bf18-b960bedb8381,South America 5V5 Queue,1,1785454438,1785456059,27.0
1-5f4412a5-f1d5-4d11-ad69-9616be185dfc,South America 5V5 Queue,1,1787624059,1787628351,71.5
1-5f9ea50a-d889-4460-aa95-25d520b8dbf6,South America 5V5 Queue,1,1787191426,1787194525,51.6
1-5fe6bf4b-62b4-4188-8280-84eb7e944544,South America 5V5 Queue,1,1786483097,1786484872,29.6
1-6000ebc3-0251-4a0f-8003-bdd3dfcc4d3e,South America 5V5 Queue,1,1781819801,1781821921,35.3
1-60179a89-7e53-4b61-883a-afd9404a07ba,South America 5V5 Queue,1,1787253613,1787255219,26.8
1-602c3ca7-735c-4180-86bf-b482b04639e6,South America 5V5 Queue,1,1787189690,1787191938,37.5
1-603b30c3-958a-452e-9c53-c2e1056d4af7,South America 5V5 Queue,1,1786314107,1786316294,36.5
1-606d5d60-56b7-4451-90de-b90e43b826ee,South America 5V5 Queue,1,1787626844,1787628631,29.8
1-607083f2-bf93-41f6-8c4d-b8bb29a26f76,South America 5V5 Queue,1,1787381962,1787384449,41.5
1-609529ed-9fa4-483d-a956-46574432f6f3,South America 5V5 Queue,1,1787278946,1787280669,28.7
1-609e1158-7e22-4b7b-9bde-1c9273330737,South America 5V5 Queue,1,1787609725,1787611700,32.9
1-60daca4a-cb5b-40ab-844a-6a79fb0dd463,South America 5V5 Queue,1,1787441741,1787444180,40.6
1-60dde10a-bd03-4eec-ac3d-0f3052046928,S58 SA Open Central - Regular Season,1,,1787696088,
1-61147ec2-2929-487e-8589-1458cda77f0c,Counter Strike 2 at 2026 Esports Nations Cup: Brazil,3,,1784064066,
1-61165213-5022-4f53-8988-38849f1d1554,CCT 2026 Challengers South America 2 - Open Qualifier 1,1,1785609935,1785611877,32.4
1-61220bc5-6e99-4f2a-bfc1-a2f2c22f29cc,South America 5V5 Queue,1,1786850098,1786853624,58.8
1-613c74c6-c8cb-4d70-a4bf-f7f304666e52,SA ECL S52 Cup 1,3,1787694940,1787697674,45.6
1-61428016-bdf8-4aa8-84e9-12c58c05c9e5,South America 5V5 Queue,1,1786834320,1786837096,46.3
1-6161ad60-e483-498e-9615-cfb520377d2e,South America 5V5 Queue,1,1786727328,1786728927,26.6
1-6175f7f7-18c7-4a42-9a05-4cb75c9e24d1,CCT 2026 South America 5 - Open Qualifier,1,1786816684,1786818543,31.0
1-61931e0e-d2e4-448d-bc39-7c37e496660e,South America 5V5 Queue,1,1787517178,1787519118,32.3
1-61b03252-b159-4e2e-a51b-307a1ded201e,South America 5V5 Queue,1,1786849391,1786851108,28.6
1-61c7d4ca-f9e1-4636-a59f-fa726dcf8ca4,South America 5V5 Queue,1,1787084568,1787086526,32.6
1-61feb972-66c3-4a73-b927-787c4c7ffd04,South America 5V5 Queue,1,1787023895,1787026226,38.9
1-62086af5-e0b7-427b-9bbf-0b94bccd502d,South America 5V5 Queue,1,1786752508,1786753740,20.5
1-6209bf7c-4ae5-4806-aaf1-f4a26911abca,South America 5V5 Queue,1,1786948246,1786950045,30.0
1-62407d2d-319e-49a4-80d8-fbf451b87fd5,South America 5V5 Queue,1,1787022015,1787027478,91.0
1-625ca409-d869-4e88-8822-a3230ae836df,South America 5V5 Queue,1,1786738799,1786740547,29.1
1-62a32373-fa3a-4518-a9f4-97b4564ebf18,South America 5V5 Queue,1,1786934791,1786936403,26.9
1-62ad50e2-1b2e-4fe6-8ce0-f215b96e3bf1,South America 5V5 Queue,1,1787271273,1787273297,33.7
1-62ad5c77-3263-4e4d-8332-7a3e01d50c0c,South America 5V5 Queue,1,1786984448,1786986873,40.4
1-62efd674-5f33-4861-ac50-b1fc81e48452,South America 5V5 Queue,1,1784590802,1784592161,22.6
1-62f21319-ec16-45a3-8151-cb67308ac33a,South America 5V5 Queue,1,1787604099,1787608178,68.0
1-62ffe0a5-dfba-4f5a-9294-062eff91f251,South America 5V5 Queue,1,1787001263,1787003565,38.4
1-630647b6-5b09-4b35-95bb-0bfea71297fa,Europe 5v5 Queue,1,1784669896,1784671473,26.3
1-6308ac65-1324-40cb-ae69-28c7fe9a00ec,South America 5V5 Queue,1,1787420447,1787422240,29.9
1-634978ad-27b6-41d2-bc99-e52a0844084c,South America 5V5 Queue,1,1787512548,1787514237,28.1
1-6359e935-30c9-45b0-a727-6bfe199870e1,South America 5V5 Queue,1,1786490554,1786492899,39.1
1-6391de20-2899-41a0-a3af-64b76c4f032a,South America 5V5 Queue,1,1785022220,1785023782,26.0
1-63e7b9b6-e814-4677-afce-8a91b1f5f597,South America 5V5 Queue,1,1786835709,1786837732,33.7
1-6428d917-bc93-404e-81aa-a1e2d713e780,South America 5V5 Queue,1,1784884534,1784887009,41.2
1-6431d10c-a7f1-45b8-8743-af2f2b0d3e44,South America 5V5 Queue,1,1787372671,1787374951,38.0
1-6488f52b-75f5-4d11-b511-a997cdd7c6de,South America 5V5 Queue,1,1787539777,1787541620,30.7
1-64a4c59c-78ae-4c5c-8b36-d97a327998c7,South America 5V5 Queue,1,1785976289,1785978429,35.7
1-64d2c37d-dd7f-4cc1-8fee-ea9d952f55b8,South America 5V5 Queue,1,1787271095,1787273130,33.9
1-64ddf239-f808-48cf-a40b-11bf354b4407,South America 5V5 Queue,1,1786132210,1786134448,37.3
1-651bb01c-f0e9-4d0a-adeb-02354673120c,South America 5V5 Queue,1,1787252888,1787254597,28.5
1-656d1ed8-7899-45da-ac8c-c10a00bad500,South America 5V5 Queue,1,1787170561,1787173058,41.6
1-6575f064-e28a-49b6-b819-e3e4e83a6b5a,South America 5V5 Queue,1,1787106956,1787108631,27.9
1-6577ca23-2b51-4b33-b9e6-c9c3b6566cad,South America 5V5 Queue,1,1785820075,1785822471,39.9
1-657e65ad-d170-4e46-a76e-183bdc41a4ad,South America 5V5 Queue,1,1785207843,1785210072,37.1
1-65c3d14e-7609-4d92-8346-1aa637c8f90d,South America 5V5 Queue,1,1787620742,1787622745,33.4
1-65d7a85f-735b-45db-bee7-8496c2e14610,South America 5V5 Queue,1,1786341367,1786343549,36.4
1-660d52ff-0022-4770-9ee1-aec63bc5bda2,South America 5V5 Queue,1,1786411766,1786415271,58.4
1-66159fcf-3b44-4ff7-9b01-f2bfeec47eb2,South America 5V5 Queue,1,1787521407,1787523170,29.4
1-6629b2b1-fb3d-45ec-a00b-b01b9d2f6d62,South America 5V5 Queue,1,1785349535,1785351221,28.1
1-663a33e8-6bb6-46b8-88c2-8559e6b6b573,South America 5V5 Queue,1,1787355357,1787357536,36.3
1-663df104-0e0b-4eb6-a8d5-674b7f7a39d1,South America 5V5 Queue,1,1787512786,1787514833,34.1
1-6671512f-cf20-48cd-af8a-50a55ef8d340,South America 5V5 Queue,1,1786977732,1786979503,29.5
1-6676bc75-18fb-40ed-a2a6-76c4fc6f7570,South America 5V5 Queue,1,1786507286,1786509909,43.7
1-66a401f3-292d-4683-b15f-3e4eaac5c557,South America 5V5 Queue,1,1786159922,1786161500,26.3
1-66ce2ac9-65a8-4ab1-a4ac-c2cc958b5361,South America 5V5 Queue,1,1786395928,1786398114,36.4
1-6702bf46-82ed-495a-b926-b4d19b7957c2,South America 5V5 Queue,1,1787608895,1787610730,30.6
1-670904b9-0b6f-490d-9cea-047b6b79771e,South America 5V5 Queue,1,1787020147,1787021820,27.9
1-670bf17b-9ab4-47f7-b385-5968258f9f3f,South America 5V5 Queue,1,1786600269,1786602710,40.7
1-6722ddbc-17b1-4d11-b8b6-fcbf68b184ab,South America 5V5 Queue,1,1785971783,1785974182,40.0
1-67944365-6d63-49cf-99e9-7ecd8b249cf1,South America 5V5 Queue,1,1787017539,1787020367,47.1
1-67963c99-b006-4669-97f2-75d50adc9253,South America 5V5 Queue,1,1787350850,1787352829,33.0
1-67db9f06-853e-49d9-9ef2-ca902f38895d,South America 5V5 Queue,1,1787600515,1787601714,20.0
1-67fad448-becb-4abe-8b00-583a83cae489,South America 5V5 Queue,1,1784673811,1784675902,34.9
1-683227f5-9fe6-4ca8-b78e-a54749216ec7,South America 5V5 Queue,1,1787083396,1787087705,71.8
1-685ec8a0-c847-4f33-a806-36c80c358ef9,South America 5V5 Queue,1,1787019358,1787021792,40.6
1-6883a943-f616-4510-8d65-7be46efa4fda,South America 5V5 Queue,1,1786594501,1786596698,36.6
1-68a21ca9-3312-48bf-8faf-a792703cc520,South America 5V5 Queue,1,1786827313,1786829230,31.9
1-69249d95-0758-41a0-b22c-181ffc5f60c7,South America 5V5 Queue,1,1787537138,1787539162,33.7
1-693261fd-8bd0-49bf-8ed9-de85b68b3e6a,South America 5V5 Queue,1,1786839340,1786842475,52.2
1-6983e483-929a-411c-9447-09e4ab3c5f1b,South America 5V5 Queue,1,1786487009,1786490680,61.2
1-69ec4a62-0eda-4f16-9559-eea90514d588,South America 5V5 Queue,1,1787248556,1787250873,38.6
1-6a04e7d5-6c0a-487a-aff4-9929c7d5626f,South America 5V5 Queue,1,1787007288,1787009509,37.0
1-6a11dbc9-1c23-49fa-8e05-93bf5909d53f,South America 5V5 Queue,1,1786755163,1786757055,31.5
1-6a30389f-9abb-4085-91e9-3f8df973a98f,South America 5V5 Queue,1,1785472992,1785475289,38.3
1-6a44dccf-f2e0-44ca-b809-d818a3b63078,South America 5V5 Queue,1,1787360726,1787362055,22.1
1-6a4750f3-bff4-48a3-aaf3-9dd70228ee32,South America 5V5 Queue,1,1787613165,1787615423,37.6
1-6a69e20b-ec5a-4753-8a59-85160f2f035a,South America 5V5 Queue,1,1785865956,1785867712,29.3
1-6a840e8d-b9a3-49ab-b885-eeef6b003d8d,South America 5V5 Queue,1,1787520317,1787522144,30.4
1-6aeb008f-c4eb-4a88-98d9-25b4686cbd38,South America 5V5 Queue,1,1787634192,1787636167,32.9
1-6b132c02-ad21-482e-b6c7-014aca1a4e18,South America 5V5 Queue,1,1787291062,1787293499,40.6
1-6b6e6b4e-b54b-4391-82d0-45254b5fa705,South America 5V5 Queue,1,1787613225,1787614980,29.2
1-6b7fb814-7c32-4300-95dd-e09558f7f236,South America 5V5 Queue,1,1787442562,1787444992,40.5
1-6ba5e5bf-9b61-49fa-9575-6867c7ae1fa0,South America 5V5 Queue,1,1786329951,1786332304,39.2
1-6beb2a7a-e96d-4891-8c14-74e8af409a1c,South America 5V5 Queue,1,1784256142,1784259175,50.5
1-6c047b55-cf28-49a1-9e37-11acba74a806,South America 5V5 Queue,1,1787117075,1787119257,36.4
1-6c07d607-5f2c-4119-9fe4-7860118f9fa9,S58 SA Open Central - Regular Season,1,1784847953,1784849367,23.6
1-6c12061c-5026-4244-ba69-40e4df366237,South America 5V5 Queue,1,1787432196,1787433830,27.2
1-6c19e5f5-12fb-42cc-bc69-ac2a98265d2c,South America 5V5 Queue,1,1787541409,1787543489,34.7
1-6c381e5b-a442-4e55-997b-ca6c9f89b58c,AVRS CUP,1,1784851331,1784852873,25.7
1-6c4d6f39-517c-4a3a-bd3e-7e6a01441ef3,South America 5V5 Queue,1,1786047520,1786049707,36.5
1-6c5ea219-0da1-4d69-bf63-7747e4a92107,South America 5V5 Queue,1,1785200545,1785202819,37.9
1-6c77d0fd-b6ad-4707-a0a4-f63a65c5c8ec,South America 5V5 Queue,1,1787693493,1787696040,42.5
1-6c8a1386-cbdf-4992-b1f7-13b21ec361d2,South America 5V5 Queue,1,1786648048,1786650637,43.1
1-6c989cf8-391b-4372-8acc-7df85496a7bb,South America 5V5 Queue,1,1786910664,1786913159,41.6
1-6ca5dae5-5799-4768-acf5-33e8986f7e3e,South America 5V5 Queue,1,1787535327,1787537859,42.2
1-6cbb35df-3769-428e-bbb4-de42f9b5e607,South America 5V5 Queue,1,1787442996,1787444898,31.7
1-6cd87886-0429-428c-8188-7a0a1a4c5305,South America 5V5 Queue,1,1786318658,1786320492,30.6
1-6cf5a6ef-cfe2-49a2-8b8e-84639b09be25,South America 5V5 Queue,1,1787268108,1787270734,43.8
1-6d0642bb-3851-47ed-add6-ed0db4dd277a,South America 5V5 Queue,1,1787527228,1787528777,25.8
1-6d0cc74d-7c08-4d86-8aae-d1da7021694b,South America 5V5 Queue,1,1786060282,1786062448,36.1
1-6d1ccff7-e2a1-421c-9098-50324810982f,South America 5V5 Queue,1,1786027242,1786028807,26.1
1-6d3e85a0-b64f-4845-9ca6-fdce29e77e18,South America 5V5 Queue,1,1786488650,1786490145,24.9
1-6d7a06b4-bca7-47b1-a8cf-a49053313894,South America 5V5 Queue,1,1786845191,1786846988,29.9
1-6d89aed8-7872-47e8-90f9-769e04a28e44,South America 5V5 Queue,1,1787548383,1787550723,39.0
1-6d8f9292-faab-4d76-ab6e-b39fb518ef10,South America 5V5 Queue,1,1786577163,1786579390,37.1
1-6dacb0b6-e77b-4210-846a-cc46b9bafb58,South America 5V5 Queue,1,1786645488,1786648939,57.5
1-6dba9d2b-8a0b-4140-be75-16643d4be2b0,South America 5V5 Queue,1,1787519137,1787521555,40.3
1-6dc3a0ed-e0e6-48ea-b4f8-7325f74a3325,South America 5V5 Queue,1,1787536920,1787538649,28.8
1-6dd0ee84-da27-47c9-b2ae-66bd97c51841,South America 5V5 Queue,1,1787084933,1787087254,38.7
1-6defa8d4-362a-411e-b269-30b082bf3a8d,South America 5V5 Queue,1,1787686374,1787687992,27.0
1-6e063e40-7ba7-446f-934f-5a3f64576db1,South America 5V5 Queue,1,1787470081,1787472485,40.1
1-6e0a7f5b-1a31-47f2-8b81-a8b0a30b9ce3,South America 5V5 Queue,1,1787380552,1787384693,69.0
1-6e216e8b-4fc3-4134-95f8-e559478d0e87,South America 5V5 Queue,1,1787289842,1787291694,30.9
1-6e22f839-96b1-4681-af86-510317b5182c,South America 5V5 Queue,1,1786777768,1786779766,33.3
1-6e2befde-d70b-41dd-992e-25fb374e08e4,Europe 5v5 Queue,1,1786581904,1786584372,41.1
1-6e38ba93-5c9a-4c96-b986-3f65dce2c68c,South America 5V5 Queue,1,1787193323,1787194696,22.9
1-6e3cf934-1bde-4eae-ae05-4fbdab47b00d,South America 5V5 Queue,1,1787071114,1787074212,51.6
1-6e62589f-0e85-43f5-80cc-d478ebc12697,South America 5V5 Queue,1,1787591475,1787593672,36.6
1-6e70069c-6793-4cac-8fd8-33f95f0af594,South America 5V5 Queue,1,1786393459,1786395419,32.7
1-6e797821-660a-482e-b081-539345160647,South America 5V5 Queue,1,1786866874,1786868733,31.0
1-6e7f4154-9c11-4003-b28a-06d64174e745,Europe 5v5 Queue,1,1785443183,1785444729,25.8
1-6e9b37f5-4d30-4105-9c25-9b72d90ab904,South America 5V5 Queue,1,1786853133,1786854882,29.1
1-6e9e2ec0-3932-4015-bfe9-4ee8a7dbacb8,South America 5V5 Queue,1,1786170250,1786170979,12.2
1-6eb0dfe9-3f81-45d3-adfb-f4bfe80bf8a4,South America 5V5 Queue,1,1787258078,1787260527,40.8
1-6ed97abf-5420-44cb-9796-d164339afa54,South America 5V5 Queue,1,1784664760,1784666985,37.1
1-6ee25436-8ac9-4e62-b620-5c67ae4d1bef,S58 SA Open Central - Regular Season,1,1785973254,1785975578,38.7
1-6ee82e52-acc1-49c1-946e-ed3507203e4f,South America 5V5 Queue,1,1787449960,1787452460,41.7
1-6f04e14c-617c-4539-8581-1a39171af214,South America 5V5 Queue,1,1787237531,1787238925,23.2
1-6f22a87b-5595-4b81-8aa8-3747263a6038,South America 5V5 Queue,1,1786820130,1786822103,32.9
1-6f42f457-357b-4a47-ad50-3a47ce9342fb,South America 5V5 Queue,1,1786746608,1786748745,35.6
1-6f49e966-6d68-455a-96bb-b7becc1ad4a8,South America 5V5 Queue,1,1787554195,1787556126,32.2
1-6fc02c7b-ca32-4151-99dc-1939ed28aa39,Normal Competitive,1,,1785105958,
1-6fd74c6d-375b-4595-9d75-752ebbdfc1d5,South America 5V5 Queue,1,1786737494,1786739163,27.8
1-70071826-e58a-482a-9018-b5558e6e1a48,South America 5V5 Queue,1,1786594487,1786596817,38.8
1-700ad72f-1937-41fd-909a-ea36a369579b,South America 5V5 Queue,1,1787286632,1787289686,50.9
1-701265e4-4f1e-449d-aa7b-c736b8e26a6e,South America 5V5 Queue,1,1787623243,1787625931,44.8
1-701ecb7e-c5b0-491d-b209-7cb9ec7f9d98,South America 5V5 Queue,1,1787188730,1787190708,33.0
1-70239e39-4014-47d7-bfb6-4b414544eb69,South America 5V5 Queue,1,1787695070,1787697588,42.0
1-704204b6-33d6-41da-a636-eb30b7840f4d,CCT 2026 Challengers South America 2 - Open Qualifier 1,1,,1785607366,
1-705b8e89-11e6-417b-9fe5-c992480ad439,South America 5V5 Queue,1,1787185704,1787187902,36.6
1-7067aa8a-a1e6-433b-aeae-081c0c44f140,South America 5V5 Queue,1,1787333442,1787336313,47.9
1-707f7026-570c-47d5-b03e-a8967348af3e,South America 5V5 Queue,1,1787468449,1787471019,42.8
1-707f98fa-831a-4d35-913f-2f770b5be2d4,StarSeries S20 - Closed Qualifier SA1,3,1785707270,1785709870,43.3
1-70870c36-208f-46df-8e38-7e61c88b8414,South America 5V5 Queue,1,1787263029,1787265970,49.0
1-708c05b9-d78c-46ae-83d5-0c11ec31a68d,South America 5V5 Queue,1,1786161312,1786163300,33.1
1-70940dbb-20ae-49e9-823a-cc201d9ab6fc,South America 5V5 Queue,1,1786592712,1786594407,28.2
1-709a82ad-f4b0-48f6-ba05-f9d64c5527e7,South America 5V5 Queue,1,1787201308,1787203608,38.3
1-70c70f04-4c25-4b41-97a2-d7efe6848242,South America 5V5 Queue,1,1781292353,1781293984,27.2
1-70e61348-579b-4169-a891-63527bfd8668,South America 5V5 Queue,1,1786857023,1786859316,38.2
1-710073fd-343d-4287-8104-7bb311b5dbaa,South America 5V5 Queue,1,1787181268,1787183617,39.1
1-710da113-ebe5-4bcd-ada9-82d3ba32d659,South America 5V5 Queue,1,1787016518,1787019123,43.4
1-7114fa72-2f8b-425f-b020-2a321d6fba94,South America 5V5 Queue,1,1786570262,1786572748,41.4
1-7129580d-6f67-435d-bb74-131e4d3b4249,South America 5V5 Queue,1,1787533758,1787536903,52.4
1-71323eec-cb7e-434a-945d-a9bfe770ba99,South America 5V5 Queue,1,1787385274,1787386677,23.4
1-715988a2-f375-4d2e-acc1-0636a1a807ec,South America 5V5 Queue,1,1786760370,1786762672,38.4
1-7179172e-a39d-49d9-9e83-307a07cf4cd8,South America 5V5 Queue,1,1787242119,1787245659,59.0
1-717990ef-360d-463a-8811-4bff2362d029,South America 5V5 Queue,1,1787204231,1787206456,37.1
1-71874d2b-77a8-4665-8079-e6c1bcca3a0f,South America 5V5 Queue,1,1786146265,1786148607,39.0
1-71879ba3-cdbf-4d32-a7d2-9f1fa6504c82,South America 5V5 Queue,1,1787430366,1787431794,23.8
1-71bf87a6-3600-4d44-a239-60e2b246bc74,S58 SA Open Central - Regular Season,1,1786569035,1786571965,48.8
1-71e576b2-6b08-44a0-83d1-7223471ee87c,South America 5V5 Queue,1,1786585780,1786588959,53.0
1-71e9f709-7be5-41b7-adfe-734acc9bc697,South America 5V5 Queue,1,1787282000,1787283648,27.5
1-72096f06-330d-4001-a457-a0a02d9e467e,South America 5V5 Queue,1,1786563715,1786565534,30.3
1-720fe12f-53cb-4878-95ca-2bde3602fd89,South America 5V5 Queue,1,1785813664,1785816001,39.0
1-721225ae-fbbf-4a58-a8bf-a06f4b5b554e,South America 5V5 Queue,1,1787252708,1787254266,26.0
1-7223acae-ae8b-4124-bcb7-87fb5528aa72,South America 5V5 Queue,1,1787177960,1787179927,32.8
1-7229dacc-5739-42b4-8744-6fa259ac0331,South America 5V5 Queue,1,1786397279,1786399904,43.8
1-7261bbb8-8eae-4d2f-ba11-67ebf2c533ac,South America 5V5 Queue,1,1786838793,1786841227,40.6
1-72775e8f-e213-4eac-8c11-b593c855c7a4,South America 5V5 Queue,1,1786325461,1786327838,39.6
1-727a8cc5-edbe-4329-a3ea-da4701bd0c0a,South America 5V5 Queue,1,1787339365,1787341748,39.7
1-727bba77-074a-48fa-bbb3-ec29373b86c5,South America 5V5 Queue,1,1786847456,1786849919,41.0
1-72802fbf-1ce8-456b-a6b2-ac8da4ee893f,Europe 5v5 Queue,1,1785595524,1785598069,42.4
1-72865bbe-7d24-4527-b1f0-99fd4c050f26,South America 5V5 Queue,1,1786738714,1786740268,25.9
1-72912971-b3e5-4d71-99f6-39aa6f54d755,South America 5V5 Queue,1,1786250617,1786252414,29.9
1-72a2831f-5c10-4580-87ac-f9dfd6970a5b,South America 5V5 Queue,1,1786674074,1786676281,36.8
1-73006e57-87be-44c6-a5a6-a8d9714a8300,South America 5V5 Queue,1,1786775508,1786777499,33.2
1-732869ce-aa38-4823-be7e-e33bb1524c8f,South America 5V5 Queue,1,1786248208,1786251052,47.4
1-738ff449-97fe-44d1-b5d3-92dd17f75d69,South America 5V5 Queue,1,1786905659,1786907679,33.7
1-73933852-d71a-4873-a5e8-3f9db02fc67d,South America 5V5 Queue,1,1787672513,1787674657,35.7
1-739c3092-0318-4277-a87b-97d69df50c42,South America 5V5 Queue,1,1786171683,1786174176,41.5
1-73af0ed3-c156-401c-9868-8d2de211107c,South America 5V5 Queue,1,1786769428,1786773232,63.4
1-73c3f430-e45e-4c5c-a5af-c33dec95ca3e,South America 5V5 Queue,1,1787484589,1787486503,31.9
1-7409cda0-9e76-4646-a3dc-546ec56391f8,South America 5V5 Queue,1,1787175927,1787178027,35.0
1-740f762e-5d4d-4daa-b30b-33976834f65f,South America 5V5 Queue,1,1787336796,1787339060,37.7
1-740fdf78-071f-4030-99bf-deb5e64c6076,South America 5V5 Queue,1,1786772212,1786774468,37.6
1-741be9aa-fae4-4335-857b-4f2fe43c2d2f,South America 5V5 Queue,1,1787534139,1787536454,38.6
1-7424d0c1-745a-4ec6-9588-b2027da0d98c,South America 5V5 Queue,1,1785808516,1785810719,36.7
1-74697fc4-9637-44b0-83e2-c10e0fc1a15a,South America 5V5 Queue,1,1786170417,1786172304,31.4
1-746fb236-92b2-4cea-898e-487985c357ba,South America 5V5 Queue,1,1787680111,1787682706,43.2
1-74917274-86fd-498a-86f8-01460bd87ea4,South America 5V5 Queue,1,1787275921,1787277688,29.4
1-74b43cb6-96cd-46f3-8f67-4a92095d0f17,South America 5V5 Queue,1,1787543076,1787546026,49.2
1-74b9926e-5f73-47ce-85a3-6b5d5e0b240e,South America 5V5 Queue,1,1785942993,1785944941,32.5
1-74dbaded-8d2b-4094-99e3-5a040562ffa8,South America 5V5 Queue,1,1787271448,1787273612,36.1
1-74f7ffbe-e30a-4575-825c-96f4f81f7da8,SA ECL S52 Cup 1,3,1787694930,1787697158,37.1
1-74ff333a-0333-43e2-9223-b3abbed2d49b,South America 5V5 Queue,1,1787510334,1787512313,33.0
1-752a36a5-44a3-4f46-931d-469279158d18,South America 5V5 Queue,1,1787348140,1787349439,21.6
1-7564ff5f-0603-4e5f-b8e2-cf2eed6e9c83,South America 5V5 Queue,1,1784783804,1784785827,33.7
1-7570448b-89ce-417d-a189-80ad47772a11,South America 5V5 Queue,1,1786372327,1786374522,36.6
1-7581af0e-ae7f-47f5-bcda-5ab08da24a2c,South America 5V5 Queue,1,1785186077,1785188092,33.6
1-7594ace6-5565-4cb0-a427-f48fde04b55b,South America 5V5 Queue,1,1787258534,1787260732,36.6
1-7594c509-1c7b-41c1-a9a6-866af5a0d53c,South America 5V5 Queue,1,1787001774,1787004273,41.6
1-75ae1748-eae9-40f2-a3e2-f49fc5ac6613,Europe 5v5 Queue,1,1786592314,1786595615,55.0
1-75b3d750-e055-4bed-bb8a-e46dfa115b41,Fila ESergipano,3,1787271291,1787273087,29.9
1-75e367fe-9067-4963-9b94-1179111912db,South America 5V5 Queue,1,1786992991,1786995349,39.3
1-75f79a16-6722-4a01-bd7f-508c2faa48ff,CCT 2026 South America 5 - Open Qualifier,1,1786817020,1786818295,21.2
1-76085f7a-d4c3-4fdc-86a7-297d1cb16100,South America 5V5 Queue,1,1787193716,1787196097,39.7
1-7613840e-43e9-407f-9132-ff53728137a9,South America 5V5 Queue,1,1787538579,1787540694,35.2
1-761dff4a-5105-47ba-a0e6-4e7a1fcd3285,South America 5V5 Queue,1,1787084291,1787087676,56.4
1-768a1b48-374d-44ed-a664-cc637c5c706d,South America 5V5 Queue,1,1786740513,1786742835,38.7
1-76927812-31cc-4a58-8c61-a0ce9183c369,South America 5V5 Queue,1,1787247812,1787248986,19.6
1-76b01b92-ec9b-49ad-8e05-37f3e936cd65,South America 5V5 Queue,1,1787507933,1787509980,34.1
1-76ba15a6-930d-4d3f-b65f-15e3e9be9b0d,South America 5V5 Queue,1,1787244301,1787247699,56.6
1-76bcc2f3-1205-4710-baa8-56943c692684,South America 5V5 Queue,1,1786676635,1786678091,24.3
1-76d17e90-7e00-41a4-8c56-fa1f8a8425d6,SA ECL S52 Cup 1,3,1787694869,1787697152,38.0
1-76d6eb9d-18c9-44fc-9868-58ddae97d4d5,South America 5V5 Queue,1,1787276859,1787278961,35.0
1-76d9cf27-2105-4fdd-8e99-f582e92f5006,South America 5V5 Queue,1,1785790214,1785792295,34.7
1-76f39608-e9e4-433b-8c37-b4bbee07bd52,South America 5V5 Queue,1,1787364933,1787367632,45.0
1-7732d5fd-1238-4b87-809f-f67703b51ede,South America 5V5 Queue,1,1787012251,1787017008,79.3
1-7734a317-37b6-4884-b29d-6afe0290a8c3,South America 5V5 Queue,1,1787544981,1787547645,44.4
1-77be4023-3365-4ba0-b651-658a0a97ede6,South America 5V5 Queue,1,1787589944,1787593841,65.0
1-77d46c78-1ba9-4c63-b1e4-8412a217cbbd,South America 5V5 Queue,1,1787278661,1787280921,37.7
1-77e109bf-da5e-4762-91cd-9a317185c9e4,South America 5V5 Queue,1,1787075528,1787077132,26.7
1-77ff4255-dd3a-4975-a0b1-a63db2561b2c,South America 5V5 Queue,1,1787196985,1787198493,25.1
1-780bbd25-0a00-4d62-b602-e5683b8363ed,South America 5V5 Queue,1,1787450494,1787453707,53.5
1-7812f15b-beed-4a7a-808b-3b5995d7c699,South America 5V5 Queue,1,1785451177,1785453163,33.1
1-7815aae8-ffe1-4fae-9dac-f07d695f1bab,South America 5V5 Queue,1,1786234023,1786235992,32.8
1-7839bb77-4529-48d9-8332-1a252cf9eba2,South America 5V5 Queue,1,1787280835,1787282894,34.3
1-78476bd4-4f9b-4a26-8193-4a5f8412ad8a,South America 5V5 Queue,1,1786129942,1786132421,41.3
1-784a3449-222b-4422-aa6f-f786d2a863bc,South America 5V5 Queue,1,1787291132,1787292668,25.6
1-786b9eca-d009-4016-84c0-ca24c19fae42,South America 5V5 Queue,1,1787620466,1787622145,28.0
1-78725c5d-5ca3-4192-94f2-9504289ef893,South America 5V5 Queue,1,1786930060,1786933240,53.0
1-7881504b-7b1c-4177-9fd8-529e5f61fd2c,South America 5V5 Queue,1,1786996804,1786998615,30.2
1-78912219-3cef-4c3f-a5e8-5bac7acda2d6,South America 5V5 Queue,1,1787114234,1787116488,37.6
1-789d7910-e06e-4f54-b21f-23ae3a636331,StarSeries S20 - Closed Qualifier SA,3,1785621300,1785624390,51.5
1-78bbab47-fa07-4c88-8442-97c8774f1235,South America 5V5 Queue,1,1786040836,1786043328,41.5
1-79046df4-d2c8-4e40-b392-a92a5933b703,South America 5V5 Queue,1,1785454173,1785456491,38.6
1-791380ab-eba4-482e-8cfb-a8ea760d4b63,South America 5V5 Queue,1,1785785799,1785787221,23.7
1-791cdd34-bb67-4c9e-a5e1-5004e8619e8a,South America 5V5 Queue,1,1787451810,1787453890,34.7
1-7922a70b-f512-4dd7-87aa-6101853ffa06,Betboom Storm 4 - BESTIA vs Isurus,3,1786315164,1786316511,22.4
1-79231a0a-bcf5-42ec-a684-5ceb136597fa,South America 5V5 Queue,1,1786662442,1786664587,35.8
1-79426695-9141-403e-8d5a-97bf559b4904,South America 5V5 Queue,1,1787076595,1787078798,36.7
1-79590096-d57e-4970-b7f7-07f966b82739,South America 5V5 Queue,1,1786768209,1786771588,56.3
1-79a04181-9ab7-4f7c-9e43-30a216b4b08e,South America 5V5 Queue,1,1786649172,1786650552,23.0
1-79b52994-1dc0-41c2-a5cf-22d09a8dc9f2,South America 5V5 Queue,1,1787113740,1787115063,22.1
1-79b7ba9d-7b27-4022-8e20-2c51c074468e,South America 5V5 Queue,1,1787107494,1787109975,41.4
1-79be74ec-a36e-4197-ad8b-9c0a23ef58c8,South America 5V5 Queue,1,1786771748,1786773314,26.1
1-79d5ad20-95ab-4b82-838d-b7dc622c4b4b,South America 5V5 Queue,1,1785182688,1785185658,49.5
1-7a1fe54c-8d8f-44ea-be6c-872a749fc259,South America 5V5 Queue,1,1786374957,1786376739,29.7
1-7a4ab599-697b-41af-ba85-e206f9fa400a,South America 5V5 Queue,1,1786377120,1786379503,39.7
1-7a854d79-0b89-43e9-8e99-9155a9a39f35,South America 5V5 Queue,1,1785205201,1785208372,52.9
1-7aaa8614-c2a7-4ca3-98b9-83a637b4c1f2,South America 5V5 Queue,1,1787101444,1787103284,30.7
1-7b015c0d-0bcb-4338-be1b-e566e117b3f1,South America 5V5 Queue,1,1787332127,1787333767,27.3
1-7b0b5d6b-5c06-491a-82ec-6dfa76fb5d0f,South America 5V5 Queue,1,1786241208,1786243295,34.8
1-7b26e543-b483-42e1-926a-992867517286,South America 5V5 Queue,1,1784670947,1784673000,34.2
1-7b4a34ed-3087-4556-be33-22f9b722d254,South America 5V5 Queue,1,1787101859,1787105211,55.9
1-7b66ea0f-1b8f-4de0-9403-fcae3a8d4ca1,South America 5V5 Queue,1,1782266186,1782268917,45.5
1-7b81330d-2f1e-4222-9bf3-b63b41da7d0a,South America 5V5 Queue,1,1787680024,1787682372,39.1
1-7b9cc72e-6474-4e81-b9b2-afbf53fb0a27,South America 5V5 Queue,1,1787630977,1787633378,40.0
1-7bb4d960-ba31-4ebc-98f2-39e007123c23,South America 5V5 Queue,1,1787154229,1787156353,35.4
1-7be95789-4777-4985-9a2b-82acdd1f375f,South America 5V5 Queue,1,1787088064,1787091668,60.1
1-7c29065f-ff83-46c0-9e57-8bdc6b19cedb,South America 5V5 Queue,1,1787184818,1787186335,25.3
1-7c48de57-95da-4c3d-b150-2d40c7f962d5,South America 5V5 Queue,1,1786310239,1786312879,44.0
1-7c76d23a-e70b-494f-a736-79779dc21a2a,CCT 2026 Challengers South America 2 - Open Qualifier 1,1,,1785614121,
1-7c79b2bc-26de-41b4-bc8f-113055ea993c,South America 5V5 Queue,1,1787269798,1787271179,23.0
1-7c88cffe-179b-4bbd-ace7-6b5b0df19ab0,South America 5V5 Queue,1,1786421315,1786423394,34.6
1-7cbb7dbe-2eaa-416e-af50-8d6b3d766c03,South America 5V5 Queue,1,1786388096,1786390786,44.8
1-7cbd2fad-d872-4c99-b7a4-8d60bba3c48f,South America 5V5 Queue,1,1786582791,1786585953,52.7
1-7cd3562e-7f18-4395-8f25-f6ae34991061,South America 5V5 Queue,1,1786745198,1786747600,40.0
1-7cd76c47-926d-47f2-87c5-1ba2560fc922,South America 5V5 Queue,1,1787427528,1787429571,34.0
1-7ced5b55-ff9c-4ac5-8fe4-2a77efb61102,South America 5V5 Queue,1,1786852074,1786854465,39.9
1-7d32b1ce-b91f-4c98-accf-f3083a12c82c,CCT 2026 South America 3 - Open Qualifier,1,1781976509,1781977790,21.4
1-7d3e4ab2-3d0f-45e3-b950-a3ebf2da2fbd,South America 5V5 Queue,1,1786930833,1786933198,39.4
1-7d3e7845-883b-454f-ae92-39584d01caf8,South America 5V5 Queue,1,1786504797,1786506771,32.9
1-7d459343-0a0e-46b5-a731-60a2e6d5e98b,Europe 5v5 Queue,1,1786651567,1786653025,24.3
1-7d55cd9f-271a-421d-b22f-f290a309c812,South America 5V5 Queue,1,1786325434,1786328281,47.5
1-7d64e54a-6151-4de9-a9db-399fddc4e00a,South America 5V5 Queue,1,1787512793,1787514581,29.8
1-7d7edf2e-325a-412f-b552-e956707c8c87,South America 5V5 Queue,1,1787628787,1787631000,36.9
1-7d99b2b7-e03b-44dc-9d7a-2c6d8dfa9a65,South America 5V5 Queue,1,1787110774,1787113777,50.0
1-7db1355c-1e11-4190-b6aa-a0165fbac17a,South America 5V5 Queue,1,1785987732,1785990053,38.7
1-7dc9e2fd-542d-4f3e-83d8-2cc27794005f,South America 5V5 Queue,1,1785801386,1785803640,37.6
1-7de1ba02-5900-4a2b-8e76-7437e75b9b18,South America 5V5 Queue,1,1786893499,1786895414,31.9
1-7de1dae3-440b-407e-a03e-650d3902d4f1,South America 5V5 Queue,1,1787087447,1787089000,25.9
1-7e0adc34-c5f7-486f-b4eb-ca47a8895949,South America 5V5 Queue,1,1787198528,1787200753,37.1
1-7e0d74cc-5f9b-44dd-baf1-66dbd08f48ae,South America 5V5 Queue,1,1786775262,1786776729,24.4
1-7e3a9429-faa4-4ec5-9ab0-5e274cdaec62,South America 5V5 Queue,1,1787610526,1787612502,32.9
1-7e86aa4b-e9af-40e5-b8d2-435add38b23b,South America 5V5 Queue,1,1786738342,1786740706,39.4
1-7e9a9f4c-1b89-464f-953c-beac4be1fa8a,South America 5V5 Queue,1,1787351920,1787354349,40.5
1-7e9eca2c-7ddb-466b-87c5-861480ade713,South America 5V5 Queue,1,1786422778,1786424687,31.8
1-7ea171d4-79a7-4205-96b5-4ba4a40609f3,South America 5V5 Queue,1,1787108752,1787110285,25.6
1-7ee5a902-8f67-494b-b69d-dad44e4a6a5a,South America 5V5 Queue,1,1787105099,1787107253,35.9
1-7ee79896-7ecf-4552-bcb0-233682d75ba0,South America 5V5 Queue,1,1785009821,1785012466,44.1
1-7efae2dd-0866-4c10-847d-f2fdf2096d84,South America 5V5 Queue,1,1786666902,1786668886,33.1
1-7efca146-f258-4dbe-9114-8d6e77e7b49d,South America 5V5 Queue,1,1786507822,1786509084,21.0
1-7f096a86-12bf-4f66-8a41-1829c7920b13,Europe 5v5 Queue,1,1787600348,1787602192,30.7
1-7f0dd5e7-5507-432c-9705-40a051ba60fb,South America 5V5 Queue,1,1787027132,1787028590,24.3
1-7f1ed954-86c5-49c5-b28b-2a346b9503b1,South America 5V5 Queue,1,1787100797,1787103006,36.8
1-7f201c41-6ecd-47f2-b589-b9afc710284a,South America 5V5 Queue,1,1787339361,1787341242,31.4
1-7f2d30dc-3f17-426b-b3aa-8fb368fb5d61,South America 5V5 Queue,1,1786827762,1786829572,30.2
1-7f4acd60-9738-4380-91f2-d3f905b0a8c5,South America 5V5 Queue,1,1787281118,1787284898,63.0
1-7f70cca0-f8d3-41d6-815a-ab4bad4d717e,South America 5V5 Queue,1,1787674976,1787677212,37.3
1-7f8a6610-8c2f-4e1d-b8b0-5cb13a240f4b,South America 5V5 Queue,1,1786507014,1786509065,34.2
1-7f92afb2-e5f7-4a80-badf-200a11c62e07,South America 5V5 Queue,1,1787524801,1787526993,36.5
1-7fabcd92-8146-4f6d-996c-00595cb54c26,South America 5V5 Queue,1,1787683199,1787685775,42.9
1-7fb4ac8f-12bd-41c6-a3af-b986f506b4cd,FECAPEES CUP ,3,1784767147,1784769681,42.2
1-7fda914e-1c15-46d9-acf6-31423dcd9e2f,South America 5V5 Queue,1,1787160616,1787162582,32.8
1-7fe334f8-18f2-4df8-92de-186998416f8b,South America 5V5 Queue,1,1787637479,1787638724,20.8
1-800775e8-8805-4f7b-bfcd-c9660b26781f,South America 5V5 Queue,1,1786577018,1786578694,27.9
1-800f2981-a136-45ea-89ff-6fd32bb691b5,South America 5V5 Queue,1,1784845705,1784847460,29.2
1-8011e654-5099-4182-81ad-dcbc0a51e7d2,South America 5V5 Queue,1,1787268716,1787270162,24.1
1-8031131a-dc6c-4573-a762-7767277806dc,South America 5V5 Queue,1,1787688354,1787690789,40.6
1-803a8899-9744-42e0-ad0d-c2068f4b5599,South America 5V5 Queue,1,1787436534,1787438626,34.9
1-80826961-995b-4aa0-b01a-3b03704ad152,South America 5V5 Queue,1,1787104432,1787105852,23.7
1-8099a0b2-ee1d-426a-a410-7c6034b067fd,South America 5V5 Queue,1,1786573716,1786576100,39.7
1-80bcf940-e820-4861-83d9-ae388cd0d88b,South America 5V5 Queue,1,1786478023,1786480083,34.3
1-80f1f0bd-8f72-4ba5-abc6-31f6abe379c3,South America 5V5 Queue,1,1785564294,1785566774,41.3
1-80f6ca23-db1c-4244-b3fb-0d7ab508c3a8,South America 5V5 Queue,1,1784587808,1784589786,33.0
1-8111601f-5994-42c9-982f-5f10e02473a7,South America 5V5 Queue,1,1787467267,1787469765,41.6
1-8144de59-44c3-4fbb-b95f-7acf3bee9413,South America 5V5 Queue,1,1787179384,1787181254,31.2
1-8151d3a1-1599-4e3c-960f-125968400894,South America 5V5 Queue,1,1787273915,1787276458,42.4
1-81670fb9-f876-44f5-b53b-1372453d7086,S58 SA Open Central - Regular Season,1,1787009937,1787011943,33.4
1-816ff3d2-9d94-4270-956d-3e82ca0c1cea,South America 5V5 Queue,1,1787689963,1787692347,39.7
1-81d23fa8-e20f-4816-a78c-526a7bc60785,South America 5V5 Queue,1,1787612997,1787615199,36.7
1-81ed9123-b6b4-4f1c-9acb-7163a3619604,South America 5V5 Queue,1,1787243607,1787245169,26.0
1-821ef5e9-bbee-439c-bed8-e43e370de9d6,South America 5V5 Queue,1,1784815433,1784817553,35.3
1-827976af-f66d-4b1c-9beb-4feb1fec9d28,South America 5V5 Queue,1,1787376637,1787378804,36.1
1-829198de-ce50-48d7-86a3-5964fc3daeff,South America 5V5 Queue,1,1786172067,1786174066,33.3
1-82e239a2-380e-4214-b270-87470044ef2c,South America 5V5 Queue,1,1786326173,1786327976,30.1
1-83267aca-3449-4958-96a5-863bdffa1b6a,South America 5V5 Queue,1,1787418903,1787421309,40.1
1-83342bff-66fa-4022-8dad-60acf733aaed,South America 5V5 Queue,1,1787001838,1787003915,34.6
1-83378129-4a00-444b-a08a-29ce1986624c,South America 5V5 Queue,1,1787449467,1787451675,36.8
1-8354a208-e222-4d5a-9311-bbede72fcf67,Europe 5v5 Queue,1,1786465691,1786467862,36.2
1-83718bcc-5b0c-4a26-8f49-8f35474f975f,CCT 2026 South America 5 - Open Qualifier,1,1786814342,1786814342,0.0
1-83719505-0928-4fae-bbcf-7649aa3efa91,South America 5V5 Queue,1,1787525272,1787526640,22.8
1-837bdb4d-d127-4983-87c9-4facb6e637e5,South America 5V5 Queue,1,1787101936,1787104513,43.0
1-838b832c-0f60-4674-8a95-0ca0808074bd,South America 5V5 Queue,1,1787341482,1787343544,34.4
1-8399f60f-2891-4a4c-8b43-552d04851e1c,Betboom Storm 4 - GREMIO vs Keyd Stars,3,1786125057,1786127666,43.5
1-83cc282f-991f-4e81-972f-6737c7f2db91,South America 5V5 Queue,1,1787081626,1787084060,40.6
1-83fe0570-39e5-4459-a142-ee31392b4bc1,Europe 5v5 Queue,1,1787689658,1787692443,46.4
1-843ef026-ef10-4c2a-a93b-3ef35e2cc3fc,South America 5V5 Queue,1,1787544206,1787546425,37.0
1-8447533c-0b4f-419e-918e-018441f575e1,South America 5V5 Queue,1,1787625200,1787626910,28.5
1-846a2ee2-b138-40a5-9c5c-eb48a5ddaadf,South America 5V5 Queue,1,1785467515,1785469728,36.9
1-84bea955-8f93-42b2-86c5-7f81e265263c,South America 5V5 Queue,1,1786383810,1786385489,28.0
1-84d6b53f-4081-4b3d-ab1b-893343febad8,South America 5V5 Queue,1,1787170169,1787172324,35.9
1-852f3dd0-6e64-44a8-9bec-d1948132552a,South America 5V5 Queue,1,1786001045,1786003221,36.3
1-853062ce-f905-4022-865b-9c15ea0557ad,South America 5V5 Queue,1,1787285321,1787287428,35.1
1-85668ae4-0284-4391-a8af-9ad5b83c90f5,South America 5V5 Queue,1,1787625688,1787627759,34.5
1-8572e46a-33d3-4b5b-9a5a-796eb59ea292,South America 5V5 Queue,1,1787026128,1787028301,36.2
1-859c78ca-fbd0-4b4d-91f9-9d98f617c8da,South America 5V5 Queue,1,1787237957,1787240752,46.6
1-85bd4af3-cdcf-420e-9857-1eac55308982,Europe 5v5 Queue,1,1786480289,1786482118,30.5
1-8621cead-18bb-4d45-a939-268df48bec0c,South America 5V5 Queue,1,1787548162,1787550189,33.8
1-864fb2be-efb8-48a7-ac64-782410fba8b5,South America 5V5 Queue,1,1787018615,1787021020,40.1
1-865635fc-ba06-441a-ae0e-afee2533a917,South America 5V5 Queue,1,1787591031,1787592947,31.9
1-8670e3bc-f82a-41ea-90ac-a9c64c4c847b,South America 5V5 Queue,1,1787118626,1787120451,30.4
1-868ffdc6-b123-4aa5-94d6-1137f1492c4a,South America 5V5 Queue,1,1787264330,1787267121,46.5
1-8698afb0-95d6-4f16-b47a-5cb813032170,South America 5V5 Queue,1,1787027480,1787029120,27.3
1-86ae60b5-fb42-4909-98b9-f7c9ce98ce79,South America 5V5 Queue,1,1787251725,1787253309,26.4
1-86ca555b-214d-4e90-91ce-ba9e4f242cd6,South America 5V5 Queue,1,1786029262,1786030832,26.2
1-86ee057c-ee01-4417-9a72-2739a1460d5f,CCT 2026 South America 5 - Open Qualifier,1,1786814791,1786816273,24.7
1-86f53c3f-0e6c-4ff6-84ce-e29a921500ff,South America 5V5 Queue,1,1787673700,1787676357,44.3
1-87092bd2-a099-4018-8df1-a45752d8c784,South America 5V5 Queue,1,1787014396,1787016675,38.0
1-871f170f-57a8-4a2c-a248-16cf25864c33,South America 5V5 Queue,1,1787191065,1787193464,40.0
1-8774b88a-ce75-4a31-b8c8-70b043642975,South America 5V5 Queue,1,1787528160,1787529804,27.4
1-87880dc5-60f7-49a4-91b1-b9101bd328dd,South America 5V5 Queue,1,1787333955,1787336585,43.8
1-8799dba8-3547-42eb-ab51-9bae1b576e37,South America 5V5 Queue,1,1786404292,1786406194,31.7
1-87d7bc52-5bf7-4a4b-92ce-8eed3364add9,CCT 2026 Challengers South America 2 - Open Qualifier 2,1,1785694421,1785695920,25.0
1-87df9975-e4f7-4cbf-b0c5-290ba371683c,South America 5V5 Queue,1,1787000201,1787002959,46.0
1-87ffaea1-0081-49ee-b0d0-07516fb3ffb5,South America 5V5 Queue,1,1787372953,1787375355,40.0
1-887d51c6-c91e-4e30-a16c-c26c02ba7402,South America 5V5 Queue,1,1787521722,1787524466,45.7
1-888297da-8908-4c7e-91e9-663534eb0242,South America 5V5 Queue,1,1787365817,1787368287,41.2
1-88a223aa-461a-48e7-8cb9-d423fbb6574b,South America 5V5 Queue,1,1786755474,1786757739,37.8
1-88a4212d-2292-4443-87ba-98955d5518a1,South America 5V5 Queue,1,1787621723,1787623541,30.3
1-88b41b36-1981-480d-8682-86dce141f682,South America 5V5 Queue,1,1787028813,1787031988,52.9
1-88b43dda-63d3-4148-8408-04bce8d9a10c,South America 5V5 Queue,1,1786334958,1786335956,16.6
1-88d34d8c-73c0-47fc-b933-74e7c9349768,South America 5V5 Queue,1,1787329170,1787331268,35.0
1-89038829-e563-4317-aa43-1950f8ae4977,South America 5V5 Queue,1,1786558455,1786562216,62.7
1-89064256-a9e7-4d6a-8428-2911e2fee5cc,South America 5V5 Queue,1,1787679631,1787681337,28.4
1-890b777e-ab53-4202-a088-dd2e8d8d5655,South America 5V5 Queue,1,1787630027,1787631521,24.9
1-894031f2-879a-4278-9625-e1afb07ac024,FASTCUP SC CHALLENGE III,1,1786925033,1786926633,26.7
1-89a023ba-b4a7-446a-932f-188ec236a3d8,South America 5V5 Queue,1,1787529898,1787532473,42.9
1-89a9d7ee-93fd-4736-abc7-a01e3be95678,South America 5V5 Queue,1,1786179520,1786181558,34.0
1-89c4cf95-07e6-4d64-98a7-2992a3961fbe,South America 5V5 Queue,1,1787672258,1787674597,39.0
1-89e7e232-a0ac-4e44-8943-daf7cff80b87,South America 5V5 Queue,1,1784958633,1784961158,42.1
1-89f3341c-19d7-42f3-b2e8-a1c2bc265d0f,South America 5V5 Queue,1,1787461910,1787463964,34.2
1-8a00c4a1-78ec-45ea-a924-63506b8c3873,South America 5V5 Queue,1,1784838333,1784839886,25.9
1-8a23a1a9-86fb-4da2-bd24-2589a8acbc4a,South America 5V5 Queue,1,1785203089,1785205737,44.1
1-8a3d3d96-d574-498f-815e-fb44caaee5ba,Imagineleague 2026 -Counter-Strike 2 - Group Stage,1,1786813539,1786814890,22.5
1-8a55baea-f498-4044-9db7-d0aea8028ee3,South America 5V5 Queue,1,1786334148,1786335966,30.3
1-8a5a120f-338b-44af-9821-3d040773e471,South America 5V5 Queue,1,1786247740,1786249443,28.4
1-8a8631fc-441a-4ae8-b5a4-e982ee16a448,South America 5V5 Queue,1,1786819904,1786822135,37.2
1-8adcbb91-35b4-448d-baeb-bba4fccb2419,Europe 5v5 Queue,1,1787660058,1787662301,37.4
1-8afd231f-868e-4bea-ab9e-b4cc30f2d5d1,South America 5V5 Queue,1,1787018539,1787019962,23.7
1-8b11fa42-949e-44d4-81dc-d8d54dfaced7,S58 SA Open Central - Regular Season,1,,1787265921,
1-8b2b06f4-ca9f-427c-b870-6a10a00b772f,South America 5V5 Queue,1,1787169283,1787171317,33.9
1-8b52b9fa-cb87-47cb-b84c-7471bfffa284,South America 5V5 Queue,1,1787525269,1787527401,35.5
1-8b5be3a6-63ba-4a5e-b579-0f6c7c2d8233,South America 5V5 Queue,1,1786941236,1786943498,37.7
1-8b6f0901-a09b-41c5-9ef5-dedf1d4d8ddd,South America 5V5 Queue,1,1786250242,1786251857,26.9
1-8ba0d6ea-9bec-41e0-9b8f-ac3f801e868b,South America 5V5 Queue,1,1786669543,1786671223,28.0
1-8ba17bfd-c0de-43bb-a2bd-6a77d1b3fbcb,South America 5V5 Queue,1,1786672239,1786674941,45.0
1-8bceb87a-b23a-4f08-adb7-62d64d85c5a5,South America 5V5 Queue,1,1787371972,1787374231,37.6
1-8bf5323f-aa2f-4d37-b2ba-4b1a4d3a7090,S58 SA Open Central - Regular Season,1,,1787614946,
1-8c29fd69-0a24-42a4-a110-3c8cc1897829,South America 5V5 Queue,1,1786844600,1786846752,35.9
1-8c2a67e5-58d9-415f-a4f5-4c74a2b4db0a,South America 5V5 Queue,1,1787197008,1787198776,29.5
1-8c65b9fc-bcd3-4313-a9e4-2a2eadf5febd,South America 5V5 Queue,1,1786068507,1786070360,30.9
1-8ca1c409-19ed-4295-801f-8b82a78ef4f8,South America 5V5 Queue,1,1787382366,1787384354,33.1
1-8cae37b0-0c4e-4851-8a55-86ce2532689c,South America 5V5 Queue,1,1787631546,1787633228,28.0
1-8cf1d430-1085-4da8-b310-894e994a525b,South America 5V5 Queue,1,1786215688,1786217207,25.3
1-8cfd4226-4022-4fe9-ba4a-57c5c4e37f7a,South America 5V5 Queue,1,1787512601,1787514704,35.0
1-8d029eac-b9dc-4ec2-a825-ea978d00bd0f,CCT 2026 South America 4 - Open Qualifier,1,1783187794,1783189564,29.5
1-8d28b2e1-86b1-4925-a4ed-72ae2130e719,South America 5V5 Queue,1,1787091636,1787093677,34.0
1-8d2c8e42-cadc-4bb2-a824-ce58d2e07b0c,South America 5V5 Queue,1,1786844260,1786846851,43.2
1-8d4a4a55-e2cf-443d-a6a7-4403a6a52cff,South America 5V5 Queue,1,1787527201,1787529100,31.6
1-8d515267-ef6a-4f12-a45e-f9499a60ef00,South America 5V5 Queue,1,1786596663,1786597651,16.5
1-8d820485-9dfb-4a18-8b93-5fe52fcaa2ad,South America 5V5 Queue,1,1785290061,1785291963,31.7
1-8d83259b-ace5-44da-9075-1cd2970a5d64,South America 5V5 Queue,1,1786755473,1786757579,35.1
1-8dbb518b-ef67-4f78-bc43-c7a1b598f3c0,South America 5V5 Queue,1,1787531180,1787532599,23.6
1-8dc9a387-3da2-4280-94d1-f33474933fce,South America 5V5 Queue,1,1786666681,1786668971,38.2
1-8dc9d2ba-943b-463b-afd3-266f98420eb5,South America 5V5 Queue,1,1787611432,1787613088,27.6
1-8dd7391d-55b4-4713-8236-e6351008b9a9,S58 SA Open Central - Regular Season,1,1787614533,1787615787,20.9
1-8de45d28-4d9f-48e1-b99f-7a97642c2f05,South America 5V5 Queue,1,1786914250,1786916741,41.5
1-8df41105-e884-4aac-b9ff-2b45c3bf1c98,South America 5V5 Queue,1,1785268602,1785270908,38.4
1-8dfcfc6b-68a0-4c4e-a72e-221e773730da,South America 5V5 Queue,1,1786943430,1786944830,23.3
1-8e04ebf7-bd15-4701-a962-86e43e412dcf,South America 5V5 Queue,1,1786827668,1786829469,30.0
1-8e15aa9f-072f-46fc-816a-2e52f9efc167,South America 5V5 Queue,1,1786850007,1786852220,36.9
1-8e190ca7-7c42-40f6-9319-1b3df89ab8bb,South America 5V5 Queue,1,1787337827,1787340299,41.2
1-8e4c0736-a144-4960-814e-8a51aca2d7a6,South America 5V5 Queue,1,1787632863,1787635163,38.3
1-8e51fd3a-885c-4c89-bf3d-3e9ccc929d72,South America 5V5 Queue,1,1787021407,1787023220,30.2
1-8e53ab51-1b45-4c77-b483-518a48ef3c2d,Normal Competitive,1,1785103142,1785103142,0.0
1-8e63f549-f654-4a42-81eb-0e4aeef5b8f9,South America 5V5 Queue,1,1785435818,1785438106,38.1
1-8e6dfa22-7bd7-454f-9c5e-e51426a347d9,South America 5V5 Queue,1,1787418237,1787420236,33.3
1-8e720d44-1bcb-490e-87a1-5f1520d9e16c,Betboom Storm 4 - GREMIO vs Procyon,3,1786302853,1786304918,34.4
1-8e7c8910-272a-404c-8e34-9474bb217f77,South America 5V5 Queue,1,1787240966,1787243566,43.3
1-8eabd336-975a-4d46-acab-ca35f7621378,South America 5V5 Queue,1,1786372533,1786374547,33.6
1-8eb42f44-5db8-48aa-ace1-84e3b79ca555,South America 5V5 Queue,1,1784598580,1784600990,40.2
1-8ec55e72-93bf-47e1-87f3-425fdb54219d,CCT 2026 Challengers South America 2 - Open Qualifier 2,1,1785696676,1785699174,41.6
1-8ecdfe6b-bd29-4ea9-ac4e-a6d8a51e1172,South America 5V5 Queue,1,1787182301,1787184081,29.7
1-8ed2079e-805d-4245-aa5b-10657480f734,South America 5V5 Queue,1,1787678301,1787680330,33.8
1-8ee71cee-f846-4551-9769-6e1e10221c80,South America 5V5 Queue,1,1787459816,1787463115,55.0
1-8f24a6ba-7ec2-4bed-b5e0-dd42d6ca8cd8,South America 5V5 Queue,1,1785897499,1785899595,34.9
1-8f3fe054-dcee-4033-89da-032b5a82fa13,CCT 2026 Challengers South America 2 - Open Qualifier 1,1,1785610647,1785611842,19.9
1-8f5d9767-f56a-421c-a410-19081356da96,South America 5V5 Queue,1,1786387665,1786389359,28.2
1-8f8e8c14-324a-46ba-a818-9c3daa7fbd4d,South America 5V5 Queue,1,1786231396,1786233299,31.7
1-8f8ea304-2f7f-4bad-8fb9-5f2fc0b8d0e4,South America 5V5 Queue,1,1786384325,1786386249,32.1
1-8f9677e0-cea9-4c5e-8c54-6df5becc27ab,South America 5V5 Queue,1,1785556488,1785558935,40.8
1-8fa41034-1ad4-43ed-96ae-ab8de4f9b3c0,South America 5V5 Queue,1,1787036543,1787039487,49.1
1-8fa78f2c-95b2-423a-a7cd-ddd97ffba91d,South America 5V5 Queue,1,1786248448,1786250659,36.9
1-8fb11f31-fc2e-497c-9244-b74b04a083d4,South America 5V5 Queue,1,1787295735,1787297778,34.0
1-8fb68b38-a423-4682-b891-a32fdaaa8b25,South America 5V5 Queue,1,1786731952,1786734421,41.1
1-8fdb4b34-5503-4add-ab4e-cf37736f6778,South America 5V5 Queue,1,1786063687,1786065474,29.8
1-8fe3d631-05cb-4ec8-b743-23a5c8c27d50,South America 5V5 Queue,1,1785198186,1785200149,32.7
1-8fef0df7-6558-4fdb-a3cd-1ca7c77fd666,South America 5V5 Queue,1,1787038800,1787040769,32.8
1-8ffb0e16-ae59-434a-a1eb-7eedb144f724,South America 5V5 Queue,1,1786369229,1786371095,31.1
1-900fd19a-dd4f-441c-b1f6-d55db7e5e530,South America 5V5 Queue,1,1786500081,1786502809,45.5
1-901b98cb-3aa2-4c16-a6ed-a932a5a1fb8c,South America 5V5 Queue,1,1787457282,1787459798,41.9
1-904ff60d-cb70-4bd9-8ac3-1d42188475e3,South America 5V5 Queue,1,1787375709,1787378766,51.0
1-90557fe7-6bdf-41a2-9ff7-18c71b16c321,South America 5V5 Queue,1,1787458644,1787461071,40.5
1-907851fd-650d-4014-886b-b5f4b85792c3,South America 5V5 Queue,1,1786394304,1786396683,39.6
1-90af4a1d-93a7-4f7d-926a-9c7f498351f6,S58 SA Open Central - Regular Season,1,1785280538,1785283003,41.1
1-90eaeec7-8933-461a-a241-6aec7ffbccb1,South America 5V5 Queue,1,1787275629,1787277423,29.9
1-910331e6-fc10-4770-9fb1-47a8b8964070,South America 5V5 Queue,1,1786605081,1786608418,55.6
1-913dc29e-3d72-4e6d-a8ec-15fce3e340f6,South America 5V5 Queue,1,1787026874,1787030391,58.6
1-91506e81-6abb-481b-afda-6748a8a5c75e,South America 5V5 Queue,1,1786933348,1786934953,26.8
1-9154dcf8-e5aa-47e1-8bbb-a0d4496a7d10,South America 5V5 Queue,1,1787459792,1787461751,32.6
1-915d949f-f552-4213-b4ef-35aa7afceec3,South America 5V5 Queue,1,1785798351,1785800408,34.3
1-9168cfff-7050-4e68-a34c-1b103c24c3dc,South America 5V5 Queue,1,1787261504,1787263899,39.9
1-916fac62-4118-4fde-9d5a-2a1a229cbf77,South America 5V5 Queue,1,1787334790,1787336603,30.2
1-918b63db-2e6f-43a5-a691-426b6d2a2059,South America 5V5 Queue,1,1787201757,1787204223,41.1
1-919a07ad-0ed8-4252-8d5b-4908e58f85af,South America 5V5 Queue,1,1787668514,1787670800,38.1
1-923ce679-638a-4932-a6f6-e4b39d55b355,South America 5V5 Queue,1,1786234313,1786235863,25.8
1-9247d5b0-c1f4-492a-8c60-cbf63660b3ff,South America 5V5 Queue,1,1787012815,1787014485,27.8
1-9272869b-dcee-4fc6-a7c7-c7ac1f6c0c74,South America 5V5 Queue,1,1787681396,1787683401,33.4
1-927cfab2-40b9-4046-b098-defef06b309c,South America 5V5 Queue,1,1787537799,1787539649,30.8
1-9293f7c6-e94b-41bc-bfd2-4eb80ab81c55,South America 5V5 Queue,1,1785559410,1785561411,33.4
1-92a498ca-7627-4ee4-a9d7-9f07347c3fe1,South America 5V5 Queue,1,1787364479,1787366567,34.8
1-92ae847f-10c9-4bb3-b5d4-c88fd4210ff9,South America 5V5 Queue,1,1786748620,1786750755,35.6
1-92ccf9db-efa1-47a2-9c73-15978741f443,South America 5V5 Queue,1,1787273701,1787275068,22.8
1-92ce453b-3692-4688-a719-ca2e48ac77a4,South America 5V5 Queue,1,1787452392,1787454090,28.3
1-92d07ca9-c61f-45bd-a374-12ca4e58e707,South America 5V5 Queue,1,1786997945,1786999685,29.0
1-92d38f70-d1f8-4fcb-8587-da3e019ec02f,South America 5V5 Queue,1,1787620062,1787622261,36.6
1-93002f5c-3913-4ce6-97f9-9e6889febff3,Europe 5v5 Queue,1,1786467126,1786469246,35.3
1-931ad998-b1f2-42ff-9ff0-12ec70820d7b,South America 5V5 Queue,1,1786820412,1786822768,39.3
1-9329ad69-79d8-42de-bca0-45109c20f16f,South America 5V5 Queue,1,1781907036,1781909308,37.9
1-9329d27f-1377-4805-b3ba-b38a296cf72d,South America 5V5 Queue,1,1787099283,1787101263,33.0
1-932f982c-eca4-4282-8297-53de0154a344,South America 5V5 Queue,1,1787254755,1787256667,31.9
1-935efdf7-fe71-4502-bf7e-74b1d947ced8,South America 5V5 Queue,1,1787362502,1787364420,32.0
1-937eef98-1a9e-4c22-a6ba-ba0ed7cac576,South America 5V5 Queue,1,1787603244,1787605157,31.9
1-93d46a35-686d-4025-b3d0-89560877f7af,South America 5V5 Queue,1,1786505935,1786507457,25.4
1-93e4e57c-c7ec-4ca8-9e9e-b0b791ddf3b5,South America 5V5 Queue,1,1786154144,1786155745,26.7
1-940487a5-eb13-4597-af70-fed9eea0c48d,South America 5V5 Queue,1,1787624140,1787627121,49.7
1-9412fe7b-c0f0-48cb-a401-029e90769b51,South America 5V5 Queue,1,1785276063,1785278197,35.6
1-9414675b-775a-4d54-92b1-ee6ded2b5933,South America 5V5 Queue,1,1784752154,1784754328,36.2
1-94214e29-e76e-4af7-85c2-24fd63f094a3,South America 5V5 Queue,1,1787350429,1787352275,30.8
1-948d3012-aa57-4808-bb39-8d2e5a2a675b,South America 5V5 Queue,1,1785180954,1785182498,25.7
1-949ffae8-c819-4a62-b6ea-21bb0545110b,South America 5V5 Queue,1,1787352476,1787354044,26.1
1-94bd0775-3940-4eed-bdf7-f52ed3204bde,South America 5V5 Queue,1,1785273891,1785276005,35.2
1-94cab7e7-9a00-4a08-9afe-de0c1d706e6b,South America 5V5 Queue,1,1787026145,1787028026,31.4
1-94ded2d0-0c64-4e88-a6db-06d10e38729b,South America 5V5 Queue,1,1787008001,1787010398,40.0
1-94e08814-0c03-42b6-87f4-2d3f0c92877f,South America 5V5 Queue,1,1787426003,1787427293,21.5
1-94fc8b0b-3fa3-48e8-a25e-e8f13a874538,Imagineleague 2026 -Counter-Strike 2 - Group Stage,1,1786824395,1786826748,39.2
1-957a48f0-4c96-448f-957e-032c3df3606e,Betboom Storm 4 - UNO MILLE vs paiN Academy,3,1786303877,1786306452,42.9
1-9584f3f2-fd99-4744-9d63-b1e8028b843f,South America 5V5 Queue,1,1786406882,1786408899,33.6
1-9585d2f9-8bfe-43e6-9742-d2ce60b5f631,South America 5V5 Queue,1,1787270021,1787272097,34.6
1-958919f5-56fd-451d-8fe6-bd14e778c2d9,South America 5V5 Queue,1,1786460694,1786462558,31.1
1-95b03cfd-676e-46ff-84ff-1f148a8da697,South America 5V5 Queue,1,1787265812,1787268195,39.7
1-95b6099a-d45e-4746-84d8-7e2bbf12531f,South America 5V5 Queue,1,1787370091,1787372265,36.2
1-961cf2b8-40f0-4bb4-a0cd-ce18afedd92f,Europe 5v5 Queue,1,1786302945,1786305427,41.4
1-96362ac0-91b7-4153-a55a-5ac3b62fee0e,South America 5V5 Queue,1,1786217390,1786219370,33.0
1-963e95f2-65c0-4458-9796-523bcd177ea8,Europe 5v5 Queue,1,1786580158,1786581438,21.3
1-965bc853-c353-4f27-b86e-57c3da9ef184,South America 5V5 Queue,1,1787604951,1787607033,34.7
1-96657b86-56fe-419a-bcf2-40f6b24017a2,South America 5V5 Queue,1,1786329884,1786333977,68.2
1-9682510d-92db-4d77-ae9e-6f74e4a72592,South America 5V5 Queue,1,1787695723,1787697569,30.8
1-96907396-8e7d-43cd-8508-6c69dfcb63e5,Europe 5v5 Queue,1,1786472502,1786474457,32.6
1-96bd8114-6b60-4e3c-86e0-75ddea0a3ca0,South America 5V5 Queue,1,1785277217,1785278606,23.1
1-96be51a1-8ee1-42ac-bb15-5cc1b52e746d,South America 5V5 Queue,1,1787620848,1787623195,39.1
1-96c6c3db-90f2-4b92-b060-489f1d3b6857,South America 5V5 Queue,1,1786942464,1786944569,35.1
1-96f033dd-0183-47f7-9cb0-c546de83832a,South America 5V5 Queue,1,1786762474,1786764202,28.8
1-97398faf-cfd7-4d39-9cb5-cbddc47b4e19,South America 5V5 Queue,1,1786598306,1786600022,28.6
1-97417ecb-5d35-4b9d-8e6c-feb4129b5991,South America 5V5 Queue,1,1786300925,1786302382,24.3
1-974515f9-af0a-4fcf-806f-06c49426e2b0,South America 5V5 Queue,1,1785210390,1785212666,37.9
1-975a032a-9633-4bbc-9ed8-097ec13c09a3,Betboom Storm 4 - Galorys vs Borracheiros,3,1786060543,1786062808,37.8
1-9762af8c-d6eb-40c3-8883-0c396f854c22,South America 5V5 Queue,1,1786498933,1786501267,38.9
1-976b9464-f352-4f3c-be05-f99cc39520ce,South America 5V5 Queue,1,1787156637,1787158498,31.0
1-976c65b9-1560-45ba-b3b0-b70ede59c92c,South America 5V5 Queue,1,1787635141,1787636925,29.7
1-978e0bc9-240c-4daa-b7d6-349450209cde,South America 5V5 Queue,1,1787368060,1787370396,38.9
1-978f545d-5fd8-4afb-85de-38911f6256ba,South America 5V5 Queue,1,1785273563,1785275915,39.2
1-97b3bb73-45c6-43e4-8089-902e5cee7377,South America 5V5 Queue,1,1787529337,1787531275,32.3
1-97c7bb15-ad01-442a-bfb9-8edebe631e04,South America 5V5 Queue,1,1786302343,1786304010,27.8
1-97d7a1f6-15d1-48c5-9c65-e64d0a473564,Fila ESergipano,3,1787018516,1787020140,27.1
1-97ec9130-a51d-49eb-a48c-215565a1f070,South America 5V5 Queue,1,1786459795,1786461583,29.8
1-97f636d5-81be-40f5-8e7b-2841eb47e487,South America 5V5 Queue,1,1787447412,1787449063,27.5
1-97f99e84-1de3-4787-9c57-4509e7341d17,South America 5V5 Queue,1,1786500499,1786503393,48.2
1-98672a4a-c331-4c9d-a1dc-d905bc7e44c4,Europe 5v5 Queue,1,1786584798,1786586503,28.4
1-9868a214-660f-47d7-86f0-b11d1bdf30df,South America 5V5 Queue,1,1787102292,1787104138,30.8
1-989293e2-d1ae-49ef-a651-037d613a0c34,South America 5V5 Queue,1,1787361086,1787363704,43.6
1-98a956ae-b244-43df-8b00-2139d865f6f2,AVRS CUP,1,1784682769,1784684299,25.5
1-98a9de70-4e2f-4588-b7ed-a0cc2d4ae62c,South America 5V5 Queue,1,1786069278,1786071323,34.1
1-98bafee0-41b8-4060-9835-0f78163a6012,S58 SA Open Central - Regular Season,1,1786390663,1786392831,36.1
1-98ce7c62-ef67-482e-9c6f-ccb2bc5f4312,S58 SA Open Central - Regular Season,1,1786405072,1786406218,19.1
1-98d36d38-f9b1-4658-b4bc-32d39c6b728b,South America 5V5 Queue,1,1787626885,1787629028,35.7
1-98e5c7c3-af3b-4188-a671-d5e87faa0b17,South America 5V5 Queue,1,1786137526,1786141367,64.0
1-9910ce24-7271-49f5-abb6-774ef18f6700,South America 5V5 Queue,1,1787200213,1787202221,33.5
1-9913e2fa-e117-4b52-88e9-8e3d1ea54009,South America 5V5 Queue,1,1784673282,1784675364,34.7
1-99397ea9-c1c4-4ddd-8be1-16d581dbe148,South America 5V5 Queue,1,1787008571,1787010824,37.5
1-99414efe-ccc4-4348-a0d6-bdbd9425a063,StarSeries S20 - Closed Qualifier SA,3,1785369861,1785372249,39.8
1-99777360-6ee1-45d9-9fbe-09c601acacff,South America 5V5 Queue,1,1787029307,1787031231,32.1
1-997c1cfd-2e78-4e04-8ac4-a82dddb5fa17,South America 5V5 Queue,1,1786591586,1786593448,31.0
1-99a7066f-f0ee-4ffc-9238-9814f7cfc3ae,South America 5V5 Queue,1,1787365249,1787367784,42.2
1-99d295b7-6468-43e3-b000-fbfc380f2a97,South America 5V5 Queue,1,1786385975,1786387991,33.6
1-99f8caef-804a-45bd-a3fa-5a7c301b9c1a,South America 5V5 Queue,1,1787464325,1787466444,35.3
1-99fded66-dc3c-4897-844c-628971743491,South America 5V5 Queue,1,1784350813,1784353245,40.5
1-99ff63aa-b6fa-4764-a9cd-1102970b25ec,South America 5V5 Queue,1,1787349752,1787352205,40.9
1-9a046b28-70b7-44ad-bd01-a97f11904c6c,South America 5V5 Queue,1,1786499325,1786501056,28.9
1-9a42a0e9-36bd-45c4-b9b5-0058392e6e02,Europe 5v5 Queue,1,1786314117,1786316074,32.6
1-9a4e0b23-10cc-4b3a-b5b5-0633bd616e10,South America 5V5 Queue,1,1786585073,1786587063,33.2
1-9a53553e-6765-40f1-b393-faed47ae55a3,South America 5V5 Queue,1,1786749981,1786752445,41.1
1-9a7f1fd3-8b2b-49b4-8ea4-ee8622e2b601,S58 SA Open Central - Regular Season,1,,1784245513,
1-9aa933c0-0735-46ac-893f-eccd61fbef33,South America 5V5 Queue,1,1786157464,1786159966,41.7
1-9af8a78a-36cf-45f2-b533-4d2edc594ff1,South America 5V5 Queue,1,1787192538,1787195120,43.0
1-9b0fc659-7a20-4541-91cc-2ee47ecbe21a,South America 5V5 Queue,1,1787088600,1787090778,36.3
1-9b4b8183-a21f-4c84-9557-c37b4f8ca6f2,South America 5V5 Queue,1,1787670984,1787673358,39.6
1-9b54c556-ec64-4a8b-bd61-aa1076be7685,South America 5V5 Queue,1,1785175028,1785177169,35.7
1-9b7f9445-ca32-48dd-a63b-d01f1a1982e2,S58 SA Open Central - Regular Season,1,1786578276,1786579788,25.2
1-9b901eaa-57e9-41fe-a34c-7911136a3bb8,South America 5V5 Queue,1,1786916489,1786918548,34.3
1-9b9fd710-4e53-46fa-ace1-7bfea47aecb8,South America 5V5 Queue,1,1786980106,1786982533,40.5
1-9be7033e-b726-413a-a027-84484f7ce5c8,South America 5V5 Queue,1,1787549728,1787551101,22.9
1-9bf14693-b5b3-491d-b04b-9246bef22eb0,South America 5V5 Queue,1,1787435182,1787436852,27.8
1-9bf371ea-e128-4a7c-b3d6-7e741dd6aa21,South America 5V5 Queue,1,1787172334,1787174274,32.3
1-9bfc8db7-1791-43db-b3c3-ea3e630fdacf,South America 5V5 Queue,1,1785893155,1785895321,36.1
1-9c16510e-413e-4256-bd76-e9d895850341,South America 5V5 Queue,1,1786492788,1786494605,30.3
1-9c4a4ddc-afa9-4aff-a9bc-5308fa153863,South America 5V5 Queue,1,1786988738,1786991807,51.1
1-9c6cbae0-d95f-468e-80cb-f69c35d93bbe,South America 5V5 Queue,1,1787444152,1787447674,58.7
1-9c8b89d4-0d94-41d3-86a0-0938d9f59b0f,South America 5V5 Queue,1,1787091006,1787093208,36.7
1-9cceba68-74c6-4fec-9575-d300bd8d0856,South America 5V5 Queue,1,1786744188,1786746178,33.2
1-9cf1b29e-8b39-4e9c-a09b-fcfd21497835,South America 5V5 Queue,1,1786326472,1786329539,51.1
1-9cf7339b-0d13-4690-a982-87eca76a15d0,South America 5V5 Queue,1,1787605144,1787607625,41.4
1-9d064e43-2b14-4057-a0e1-c67abb126b09,South America 5V5 Queue,1,1787268385,1787272660,71.2
1-9d2505a0-7d4b-4e59-9d1d-ec763538ff24,South America 5V5 Queue,1,1786296702,1786298182,24.7
1-9d311d9a-a60c-49ff-a4e1-9835f33f1bd2,Europe 5v5 Queue,1,1786578363,1786579847,24.7
1-9d599096-d69d-4fcd-a01b-f4c4d109176c,South America 5V5 Queue,1,1787063426,1787065992,42.8
1-9d65aab4-0c78-4ec5-92d0-a848e497f335,South America 5V5 Queue,1,1785554209,1785555962,29.2
1-9dcf3e73-f680-42a8-a110-f837cb4ce472,South America 5V5 Queue,1,1786382400,1786384180,29.7
1-9de5dec8-41ac-47f4-9284-a569f95f4c66,South America 5V5 Queue,1,1786468413,1786470059,27.4
1-9e14f8e8-3600-465a-a5fd-291cdef0f302,South America 5V5 Queue,1,1785791375,1785793473,35.0
1-9e2d4444-582d-4a6f-ad91-57425fe57975,South America 5V5 Queue,1,1786855512,1786857951,40.6
1-9e3c8b4c-0695-4ce6-a9a6-30c29acfd21a,South America 5V5 Queue,1,1787602559,1787603807,20.8
1-9e3e16d8-f771-4f76-a33c-4da514d18f61,South America 5V5 Queue,1,1786918137,1786920473,38.9
1-9e450839-59d0-440a-94d6-a72e4c6f4589,South America 5V5 Queue,1,1786680773,1786682088,21.9
1-9e4d67ed-352a-41fc-9abf-d2f6b256caf5,South America 5V5 Queue,1,1787601664,1787603790,35.4
1-9e63cbcc-a654-414b-9d7b-dd268f651645,South America 5V5 Queue,1,1784676639,1784678630,33.2
1-9e656306-c1db-47c4-ab43-4e395a774a24,South America 5V5 Queue,1,1785802086,1785803900,30.2
1-9e68ff3f-1dd8-40f6-97c8-2a9bdbc1d538,S58 SA Open Central - Regular Season,1,1785195411,1785197198,29.8
1-9e7d8169-1eea-4549-8834-b79a9e49dbc6,South America 5V5 Queue,1,1786913988,1786916177,36.5
1-9e835917-a62d-4072-865f-830609f24a53,South America 5V5 Queue,1,1787079038,1787081927,48.1
1-9ea67c4b-0776-428f-8ccb-d0c2a770ff1d,South America 5V5 Queue,1,1787286229,1787288506,38.0
1-9ebf9eba-5fb8-4a06-ab47-db5ff16c8bf2,South America 5V5 Queue,1,1787362249,1787364625,39.6
1-9edc7401-5ed2-43d7-8792-391570bba0e0,South America 5V5 Queue,1,1786554795,1786556299,25.1
1-9edd25d7-169d-4246-be90-01d89f5b67d0,South America 5V5 Queue,1,1786504976,1786506795,30.3
1-9ee2f0fc-8e50-405e-bf2b-c99921c2f492,S58 SA Open Central - Regular Season,1,1786142331,1786143784,24.2
1-9f18bc46-d16a-4ad7-986c-e86f265b5564,South America 5V5 Queue,1,1786305272,1786307362,34.8
1-9f34268f-aa74-4b6e-9edb-d2ea8a50b09b,South America 5V5 Queue,1,1786547600,1786550086,41.4
1-9f6a35ba-c6e6-4bff-a99b-46a68724a05f,South America 5V5 Queue,1,1787012107,1787014122,33.6
1-9f6c7114-7eee-4e09-b846-863442000a93,South America 5V5 Queue,1,1786477940,1786480653,45.2
1-9f830622-c418-4c24-9aac-14503bd3f46a,South America 5V5 Queue,1,1786331643,1786333597,32.6
1-9f8c777e-872e-414d-9d78-e32cdc73fc68,South America 5V5 Queue,1,1787075107,1787077498,39.9
1-9f8f76f1-2172-4ab7-985b-58f33a1c311a,South America 5V5 Queue,1,1786149124,1786151091,32.8
1-9fad1572-1c45-478a-9536-da19ca0d2a1c,South America 5V5 Queue,1,1787098802,1787101154,39.2
1-9fd863f4-c362-43bc-ae64-3a0974435a8d,South America 5V5 Queue,1,1787366499,1787368580,34.7
1-a011c85a-4ae1-4406-94c7-1a6597207485,South America 5V5 Queue,1,1787681821,1787684184,39.4
1-a025705c-5729-471a-9b70-a090fe7e9d3e,Betboom Storm 4 - Yawara vs Ex-GUARA,3,,1785807341,
1-a034b925-58e3-4cf2-b1a4-c3a0250d511b,South America 5V5 Queue,1,1786161319,1786163972,44.2
1-a0410b26-e126-4f3f-b31f-0f2b3c540372,South America 5V5 Queue,1,1787290004,1787292076,34.5
1-a04bf15f-cf88-4220-879e-09990028dc62,South America 5V5 Queue,1,1787283820,1787286012,36.5
1-a0a59b96-b0e6-4803-b1fe-e14ae394574d,South America 5V5 Queue,1,1787032550,1787035974,57.1
1-a0d8ead3-4916-4c7a-ae4c-061e83d5f146,South America 5V5 Queue,1,1786991469,1786993491,33.7
1-a0fe0610-9ee1-4787-bf8d-9f941c8965ab,South America 5V5 Queue,1,1787241570,1787243262,28.2
1-a105e4da-f34e-48a8-bc75-53dcc72f62cb,South America 5V5 Queue,1,1787612877,1787615272,39.9
1-a13b1834-79e6-41fa-af9e-19d2d9fa2687,Europe 5v5 Queue,1,1786597525,1786598927,23.4
1-a14188c5-c598-4a54-b41d-4d3fbee22b45,South America 5V5 Queue,1,1786600040,1786602594,42.6
1-a142e6db-54e8-46a9-80b3-6e58c3aa0e0e,South America 5V5 Queue,1,1786492134,1786494024,31.5
1-a145922c-4b44-47d5-99d7-306a136dcc4a,South America 5V5 Queue,1,1787255966,1787257714,29.1
1-a153f231-ab90-4b1c-9689-9563d6a01b3f,South America 5V5 Queue,1,1786472470,1786474415,32.4
1-a1600059-d93b-497c-9109-12203b28783b,South America 5V5 Queue,1,1787360930,1787362177,20.8
1-a16bc3d9-365b-477c-bdd9-e5f9756809a2,South America 5V5 Queue,1,1787190608,1787192550,32.4
1-a1afa759-f696-4abf-a99f-54edf6132db0,South America 5V5 Queue,1,1782872436,1782874623,36.5
1-a1bb24be-229a-482f-a154-8e1aa69c1df2,South America 5V5 Queue,1,1786766481,1786768015,25.6
1-a1f35e9b-57bd-466f-8b2c-a168bb5f70c5,South America 5V5 Queue,1,1786922160,1786924044,31.4
1-a1fa4f0c-a38b-47d3-819e-a22e6cebcf9a,South America 5V5 Queue,1,1787542862,1787544793,32.2
1-a202446a-fe6a-4589-98fd-de76e1b5ddfa,South America 5V5 Queue,1,1786939943,1786942003,34.3
1-a20dcf61-21f8-47ad-b13f-4dc32182433d,South America 5V5 Queue,1,1786753415,1786755283,31.1
1-a2177c23-46c9-4ebe-be56-aea24daa8a91,South America 5V5 Queue,1,1787088000,1787090380,39.7
1-a22a5365-031e-4978-9443-0025cb71dd90,South America 5V5 Queue,1,1787267319,1787269500,36.4
1-a238e8b0-41d8-4e4a-b5cd-b41d18092d75,South America 5V5 Queue,1,1786078896,1786081475,43.0
1-a2732399-8de6-4925-9453-5e594cadacd6,South America 5V5 Queue,1,1787017581,1787019624,34.0
1-a2843420-944a-4a31-901a-909b66d06ceb,South America 5V5 Queue,1,1787445815,1787447604,29.8
1-a2950371-16ab-4cfe-9091-ef34bf650db4,South America 5V5 Queue,1,1786817289,1786819751,41.0
1-a29a91ff-5cac-416b-b1c6-ce310f3b2cd5,South America 5V5 Queue,1,1787186568,1787191028,74.3
1-a2a1318b-0aba-454e-9218-5c700454f725,South America 5V5 Queue,1,1787690031,1787692225,36.6
1-a2d0d888-a916-4405-8cda-8325ae8f11f0,South America 5V5 Queue,1,1786340285,1786343999,61.9
1-a338663a-e4f9-4d58-93a9-2c4ffa64a642,South America 5V5 Queue,1,1786732865,1786734921,34.3
1-a3598849-445d-4a34-bc65-b325568e7495,South America 5V5 Queue,1,1786911925,1786914078,35.9
1-a37350ac-f22f-4fff-8591-284b03df00f8,South America 5V5 Queue,1,1786335691,1786338127,40.6
1-a373568e-447d-49fa-a821-738404c23e3f,South America 5V5 Queue,1,1787517661,1787519235,26.2
1-a38a27ea-a4b9-4c14-b3ef-ae2a8edcabbe,South America 5V5 Queue,1,1787109158,1787111249,34.9
1-a3d96cdd-f729-4221-a9c1-1fffc0a371e4,S58 SA Open Central - Regular Season,1,,1786055546,
1-a3e37ba8-3bd9-43d0-9fd1-0bf63748a465,South America 5V5 Queue,1,1787378462,1787380677,36.9
1-a3e926ef-836c-4dfe-96de-aeaaa74e7f75,Betboom Storm 4 - GREMIO vs paiN Academy,3,1785807604,1785810698,51.6
1-a3ee4cf1-b90a-41af-9ac5-a75469d11e93,Betboom Storm 4 - Gamdom Imperial vs Galorys,3,1786151386,1786154096,45.2
1-a3f7b8fb-11b1-435f-93cd-e93a9fc3210b,South America 5V5 Queue,1,1787006095,1787008253,36.0
1-a40beaff-a993-4efa-9c7a-45e2932acc34,South America 5V5 Queue,1,1786941660,1786943553,31.6
1-a42d9eaa-ceaf-4ee4-9dff-c83d09c492e7,South America 5V5 Queue,1,1786917540,1786920048,41.8
1-a454cae3-a663-41be-a8e9-5ac9569b07c4,South America 5V5 Queue,1,1787252460,1787253586,18.8
1-a4778524-f5d2-4003-8378-8564791b6ced,South America 5V5 Queue,1,1780088764,1780090412,27.5
1-a48de956-0a19-4803-9583-34645dc2abe8,South America 5V5 Queue,1,1787191783,1787193685,31.7
1-a4abd813-db1d-4ac4-b59b-4eb54e886673,South America 5V5 Queue,1,1787349541,1787351483,32.4
1-a4bd3b9a-6edd-43e1-b130-dee4736e26ad,South America 5V5 Queue,1,1786381286,1786384334,50.8
1-a4e364ee-9498-4d0f-a1c2-8cac194e0ba5,South America 5V5 Queue,1,1787597435,1787599341,31.8
1-a54181e5-1b0d-4743-9f6a-b510d11dfb85,South America 5V5 Queue,1,1787607788,1787610692,48.4
1-a55a9053-7a38-4db2-accd-cc542a8963dd,South America 5V5 Queue,1,1787202606,1787204515,31.8
1-a56d2bf8-e10e-450e-b741-22d778661d5a,South America 5V5 Queue,1,1786589757,1786592060,38.4
1-a56efba9-eb6d-4b4d-ac49-057e6544a133,South America 5V5 Queue,1,1787080782,1787082955,36.2
1-a5bcfc03-060a-44a9-8773-949ca3e9d1ad,South America 5V5 Queue,1,1786932642,1786935492,47.5
1-a622249a-3fb6-4c4e-a68c-41902b27c735,South America 5V5 Queue,1,1787288925,1787290766,30.7
1-a6280699-cd37-451f-8889-c4e9362aa650,South America 5V5 Queue,1,1785796560,1785798145,26.4
1-a62a7f17-5954-42a2-a91b-30b875d6e0a6,South America 5V5 Queue,1,1786752933,1786754362,23.8
1-a63b1bcb-3be6-43ee-a25f-f649376b0b11,South America 5V5 Queue,1,1785210480,1785212719,37.3
1-a65a7667-8aba-47a9-a56f-8ddca26dfcb2,South America 5V5 Queue,1,1786495593,1786501322,95.5
1-a65b4ac8-b2c8-487d-9e7a-6574f4999dd2,Fila ESergipano,3,1787099076,1787100808,28.9
1-a686972b-6a9f-4a28-bdaf-f0009210e333,South America 5V5 Queue,1,1787521800,1787522643,14.1
1-a68844d7-a7f0-4a42-b474-606f23b093af,South America 5V5 Queue,1,1787513866,1787515614,29.1
1-a6a83c93-2aa4-4e25-84e5-39f299f520e8,South America 5V5 Queue,1,1787593839,1787595956,35.3
1-a6bbc2d9-688a-4166-a145-2659360c6049,South America 5V5 Queue,1,1786999072,1787000937,31.1
1-a6c82c19-2f3a-46a2-ab7e-12a3e4fbe15b,South America 5V5 Queue,1,1787523845,1787526298,40.9
1-a6e627aa-5952-43c4-966a-cd6cc96aeaa2,FASTCUP SC CHALLENGE III,1,1787018938,1787021596,44.3
1-a740adda-87df-4d3a-846b-cba68425171d,South America 5V5 Queue,1,1786757594,1786759412,30.3
1-a77f5667-1b7d-45a6-9a6e-545dfa15d441,South America 5V5 Queue,1,1787517027,1787519142,35.2
1-a787ba90-3f17-4701-b61b-177816991934,South America 5V5 Queue,1,1786673756,1786675531,29.6
1-a79ff826-3fa4-40f6-8239-a88fa9875456,South America 5V5 Queue,1,1784601739,1784604139,40.0
1-a7ad5740-62dc-4a8f-9d33-cd60480ca33a,South America 5V5 Queue,1,1787488703,1787490693,33.2
1-a7af939e-7f81-4046-937c-618b0d7a3e18,South America 5V5 Queue,1,1787007224,1787009380,35.9
1-a7b19aff-a71e-45a0-b786-384485237e17,S58 SA Open Central - Regular Season,1,1787006259,1787008082,30.4
1-a7ba680f-7efa-4f12-8bb5-022f0d0da3a3,South America 5V5 Queue,1,1786861058,1786864227,52.8
1-a7e1039a-1af0-4fce-938a-37a6aebeeca5,South America 5V5 Queue,1,1786311443,1786313596,35.9
1-a7efd123-0193-4dda-8bda-8ac2b9119b82,South America 5V5 Queue,1,1787436968,1787438911,32.4
1-a7fc1448-806d-4673-a35d-1598d7a8632e,South America 5V5 Queue,1,1786583725,1786585798,34.5
1-a83312d5-ed3a-4d4f-a0d5-14c03a1b3713,South America 5V5 Queue,1,1786676352,1786677697,22.4
1-a83696ae-ad7b-4f86-9c76-83bbe9048a4d,South America 5V5 Queue,1,1787627398,1787629415,33.6
1-a83b36b9-d675-4b61-b9d8-c9130b285a7a,South America 5V5 Queue,1,1786073486,1786076081,43.2
1-a83c87bc-1507-4bf5-874d-afc8f6aa91a8,South America 5V5 Queue,1,1787298032,1787300817,46.4
1-a87fbae5-8450-4a1a-a818-8d06c4504e64,South America 5V5 Queue,1,1786767747,1786769966,37.0
1-a883c09f-e5c3-4f4e-b795-6ab7739415fe,South America 5V5 Queue,1,1787535337,1787538139,46.7
1-a8a42d70-93d9-40d8-89ce-9ffde6fe3542,South America 5V5 Queue,1,1786743170,1786744892,28.7
1-a8b8b49b-fc44-4ad6-a684-f18c37699465,South America 5V5 Queue,1,1786232627,1786235101,41.2
1-a8b8c878-682b-493a-8c45-9ba8a44bc015,South America 5V5 Queue,1,1787623934,1787627452,58.6
1-a8ce09ee-59b2-4ee5-a446-37653c27ced2,South America 5V5 Queue,1,1787575876,1787577973,35.0
1-a8ce5b05-5ad3-4ede-afbe-edb29c58d37b,South America 5V5 Queue,1,1787366421,1787368924,41.7
1-a8d4258c-0587-4e0c-b121-b43e5e56fa3e,South America 5V5 Queue,1,1786393541,1786396402,47.7
1-a8d6a1f4-2d5b-4260-aa43-d459577e3ca0,South America 5V5 Queue,1,1787539713,1787542588,47.9
1-a8f40679-c65a-4f73-b59c-85decdc0db07,South America 5V5 Queue,1,1786482345,1786484628,38.0
1-a8faa39b-7cb2-497a-bfa2-19346c20b9f8,South America 5V5 Queue,1,1785863226,1785866908,61.4
1-a93a8e78-7f19-4aab-a1a8-37352795cee2,South America 5V5 Queue,1,1786381014,1786383167,35.9
1-a941ed75-7a15-4441-9ffc-87bd7fe8d958,South America 5V5 Queue,1,1787112365,1787114093,28.8
1-a95abd63-3662-4085-9a1d-f09b6c4dcdc3,South America 5V5 Queue,1,1786765293,1786768026,45.5
1-a9b58c41-31c3-4bba-8102-dfc770dad951,South America 5V5 Queue,1,1786585593,1786587996,40.0
1-aa4f5bb0-ebb0-44f1-af8f-683ccf80192c,South America 5V5 Queue,1,1786412396,1786414538,35.7
1-aa56cf3a-a785-4d64-a848-a47de5311e70,South America 5V5 Queue,1,1784592906,1784595198,38.2
1-aa89b578-b20e-4024-8d05-1dce5bfb2bd3,South America 5V5 Queue,1,1787429138,1787431476,39.0
1-aabf8597-6bf9-4e55-97e6-2b94a832b762,South America 5V5 Queue,1,1787110530,1787112766,37.3
1-aae53ccc-d774-45fc-b666-f7dd2de4e76b,South America 5V5 Queue,1,1787277894,1787279850,32.6
1-ab08587e-1f34-439c-bfee-666e4e36e3a6,South America 5V5 Queue,1,1787519353,1787521011,27.6
1-ab8abf3f-f765-4b19-ab34-57ea7871ad2e,South America 5V5 Queue,1,1786925771,1786927729,32.6
1-ab9672d5-02d0-45b5-860d-ec2f98b6ee5a,South America 5V5 Queue,1,1786320742,1786322258,25.3
1-abb26cae-a6bb-413a-9873-1cd19bc75619,South America 5V5 Queue,1,1787363357,1787365069,28.5
1-abf45e80-2595-49ce-bb79-db6d122d8c25,South America 5V5 Queue,1,1786588464,1786589890,23.8
1-ac139e4a-9a72-4f64-b804-cd011dce92f5,South America 5V5 Queue,1,1787178314,1787180248,32.2
1-ac1c8f1d-9e98-4e0d-b8c5-585db46f0421,CCT 2026 South America 5 - Open Qualifier,1,1786816689,1786818961,37.9
1-ac29dab5-b9e7-413d-9df2-defca38d6853,CS2 2026 - GoGameFestival,3,1787504296,1787504296,0.0
1-ac35c4b6-4613-4915-95f6-c21aa5b28c3c,Europe 5v5 Queue,1,1786649655,1786651627,32.9
1-ac4e2a11-9727-482f-a6ce-5a0934d118a0,South America 5V5 Queue,1,1786036937,1786039894,49.3
1-ac5f485b-95fc-4445-82fb-ff44a95c0425,South America 5V5 Queue,1,1786502249,1786503987,29.0
1-ac9aa869-d9e5-4902-af65-d91fe7fe3627,South America 5V5 Queue,1,1786544410,1786546012,26.7
1-acb0ab75-9c79-4350-81b4-880884494f9d,South America 5V5 Queue,1,1785930761,1785932879,35.3
1-acb45f87-066a-443e-92e4-e120beca217d,South America 5V5 Queue,1,1786588234,1786590301,34.5
1-acbdc6f4-ba09-4206-899b-51ac544849ef,South America 5V5 Queue,1,1785859008,1785862686,61.3
1-acc19c1d-da5c-434b-9f20-3aff0c042e88,South America 5V5 Queue,1,1787195445,1787200059,76.9
1-ad3dd40b-41ec-4fc6-8583-1f770253c509,South America 5V5 Queue,1,1786689162,1786691360,36.6
1-ad3f8ef0-f9a0-4fb4-91c0-1e255832fa64,South America 5V5 Queue,1,1787582079,1787584009,32.2
1-adb4f8c8-4867-4718-8d5d-f18cb4eaf0ea,South America 5V5 Queue,1,1787261478,1787263036,26.0
1-adcf34aa-c9fc-4a64-9cab-b2b1834b9caa,South America 5V5 Queue,1,1787466159,1787468364,36.8
1-adeb595e-f7ef-4fb7-b21d-96dbd0b5f795,South America 5V5 Queue,1,1787279876,1787282118,37.4
1-ae0a72b1-04b8-4dae-af54-1bedc1a159b1,South America 5V5 Queue,1,1787161167,1787163081,31.9
1-ae19a1c0-acad-42b2-bd5f-78bbf58d564c,South America 5V5 Queue,1,1780086938,1780088736,30.0
1-ae22de59-f4d0-49d9-bcbe-0031cefdaf68,South America 5V5 Queue,1,1787687155,1787689554,40.0
1-ae2711ed-878e-4583-902d-bc9b9e5057e9,South America 5V5 Queue,1,1786462447,1786464913,41.1
1-ae3ca201-1c97-40ed-96fd-a8781693746b,South America 5V5 Queue,1,1787111231,1787114569,55.6
1-ae8a21b0-ad19-4729-8b13-d349dbe6543f,South America 5V5 Queue,1,1785355013,1785357084,34.5
1-aea8ac16-52cf-490d-bc6d-27d3050ecbdd,South America 5V5 Queue,1,1778559435,1778561335,31.7
1-aeb0f51e-2e58-43ae-b35d-67725f7ded93,South America 5V5 Queue,1,1787253520,1787255682,36.0
1-aeb674b4-60a1-4c20-9241-e5e35d9ea940,South America 5V5 Queue,1,1787258301,1787260660,39.3
1-aec20f9a-8de1-4b29-90e9-ee5499324d71,South America 5V5 Queue,1,1787448277,1787450308,33.9
1-aed29fb1-270b-4629-b6a4-82c71ce1ad78,South America 5V5 Queue,1,1787527300,1787530238,49.0
1-aed2d164-c5c6-49fa-94dd-b228b8116a55,Betboom Storm 4 - Borracheiros vs UNO MILLE,3,1786214890,1786217210,38.7
1-aee634b7-cec6-410f-b126-33bc8c352e0d,South America 5V5 Queue,1,1785530000,1785532068,34.5
1-af0c92c3-b5ab-49b0-8be2-84458456134d,South America 5V5 Queue,1,1787415532,1787417766,37.2
1-af51db39-4467-4879-9ea4-275c95a9c0c9,South America 5V5 Queue,1,1787360895,1787362566,27.9
1-af538d11-e2b0-4517-ac04-9670f8e413cd,South America 5V5 Queue,1,1786773309,1786775474,36.1
1-af53acc1-da0e-4e3a-ba78-57f870b1fecd,South America 5V5 Queue,1,1787263407,1787265197,29.8
1-af59056d-8b7c-4c2d-b091-2cb914b6151a,South America 5V5 Queue,1,1787687138,1787689402,37.7
1-af8219e1-b75b-43d6-b758-45800a34228c,South America 5V5 Queue,1,1787455451,1787458722,54.5
1-af86e412-1929-4962-b2d9-4bd6a2a01b47,South America 5V5 Queue,1,1787511594,1787513450,30.9
1-afa204fe-e350-475d-bad1-1a249f4b9738,South America 5V5 Queue,1,1786860015,1786863082,51.1
1-afa97c70-9ca7-40d3-93da-226e9a54f60b,South America 5V5 Queue,1,1787636533,1787638739,36.8
1-afdd292b-00bd-4538-a2dd-467fbe15d166,Europe 5v5 Queue,1,1786569038,1786571410,39.5
1-afdf4f73-4612-4ed4-9a13-0400cc1f5af6,South America 5V5 Queue,1,1785024458,1785026593,35.6
1-afe15995-c295-4cc7-993d-fac193737737,South America 5V5 Queue,1,1787074776,1787076286,25.2
1-afe7ebd9-5b1c-480d-af36-5b38c529a277,South America 5V5 Queue,1,1786326930,1786328354,23.7
1-b0075488-9a6a-41f4-ac49-1b6c9e273ba8,South America 5V5 Queue,1,1782311956,1782313916,32.7
1-b0424e39-ca80-410a-9860-1c353b858e84,South America 5V5 Queue,1,1786734241,1786736420,36.3
1-b05d922e-36da-4f69-908b-abb09814364a,South America 5V5 Queue,1,1785178335,1785180636,38.4
1-b06632bb-4783-46c6-b608-cededcb68812,South America 5V5 Queue,1,1786078555,1786080494,32.3
1-b090b1ff-cd16-4e00-a8a4-5512fbf59f25,South America 5V5 Queue,1,1786670773,1786672998,37.1
1-b0992d92-97ea-4681-a5a5-9245344a1f43,FASTCUP SC CHALLENGE III,1,,1786929478,
1-b0a51e49-70e4-4140-be71-4a0851b1d608,Europe 5v5 Queue,1,1785539565,1785540724,19.3
1-b0d2e987-0680-4336-ace0-5e3df4d4b2fe,South America 5V5 Queue,1,1787598681,1787600741,34.3
1-b0ec2b30-f01e-4eec-982d-441b161c2580,South America 5V5 Queue,1,1786987214,1786988970,29.3
1-b0fe4be9-6de4-416c-acad-1fd247371f0e,South America 5V5 Queue,1,1787685451,1787688460,50.1
1-b12cc8ca-4fc0-4247-9adf-3432b89c790c,South America 5V5 Queue,1,1786034990,1786036574,26.4
1-b13d24f3-cd04-4825-a6ad-59291299c2e7,South America 5V5 Queue,1,1784002013,1784004550,42.3
1-b17203e6-fe4b-4f43-918f-f2fb80dc7c31,South America 5V5 Queue,1,1787187691,1787190457,46.1
1-b176046c-93fa-470d-ad59-dea80fa5dda0,South America 5V5 Queue,1,1786518207,1786520559,39.2
1-b17f3f33-11e7-4df5-a198-f15cace898f9,South America 5V5 Queue,1,1787602383,1787604526,35.7
1-b18fdb26-3b16-4756-ac15-d4815a96e6e7,South America 5V5 Queue,1,1786061810,1786063644,30.6
1-b1ac2315-1cbe-4385-ae9a-5d6237ac6681,South America 5V5 Queue,1,1786557741,1786560146,40.1
1-b1ce185d-5607-4d45-a133-2d8a53321a51,South America 5V5 Queue,1,1787363266,1787365645,39.6
1-b2176cf1-dfca-466c-a957-47ebe7850cce,South America 5V5 Queue,1,1787670296,1787672873,43.0
1-b2584b9a-cde3-452d-b6fb-e5d6563adc5c,South America 5V5 Queue,1,1787361586,1787364775,53.1
1-b269b261-ba37-4206-82b7-a333b6924e58,South America 5V5 Queue,1,1786404803,1786406037,20.6
1-b2935bc9-5800-4ac7-bbc1-59865d0b8e8b,South America 5V5 Queue,1,1787331682,1787334016,38.9
1-b2a1088e-6be5-4f24-8165-1bdc7be3eb21,South America 5V5 Queue,1,1787014132,1787016138,33.4
1-b2adb0c7-a918-405a-b189-b14e29883a97,South America 5V5 Queue,1,1786996151,1786998486,38.9
1-b2ba3d2e-8c49-4f82-a80c-b09f2edad666,South America 5V5 Queue,1,1785379189,1785381139,32.5
1-b2cf35b6-b699-43ff-bcd6-c57a5e16150b,Europe 5v5 Queue,1,1786643070,1786645132,34.4
1-b2efb604-4c4b-4ada-8261-f394cc536872,South America 5V5 Queue,1,1787463839,1787465869,33.8
1-b30ad2e4-510a-40e9-9284-cc1c6597738c,South America 5V5 Queue,1,1787458210,1787460773,42.7
1-b367c295-c964-4f6a-a624-ca7eae95255f,South America 5V5 Queue,1,1787596946,1787599620,44.6
1-b36fd517-9b17-4400-80f1-e6b817e484cf,South America 5V5 Queue,1,1786650757,1786653155,40.0
1-b381d13c-2246-499f-875f-a6e293f907a1,South America 5V5 Queue,1,1787432489,1787434328,30.6
1-b38c8c38-8ebb-474e-a34d-4d0753612dde,South America 5V5 Queue,1,1786648892,1786651222,38.8
1-b3e61e29-8e8e-4530-971e-8ac01ae16a01,South America 5V5 Queue,1,1785964447,1785966697,37.5
1-b3ecb8b1-e783-4391-8ba4-0ff72d039e28,South America 5V5 Queue,1,1786163556,1786165961,40.1
1-b407fa6b-9135-4719-9b3d-0e2416e3078d,S58 SA Open Central - Regular Season,1,1786583494,1786587451,66.0
1-b4140c70-ffc6-44df-bd05-45d3df4cc221,South America 5V5 Queue,1,1785805313,1785807180,31.1
1-b44bfce6-dfe0-4343-a3c5-5fc1a5ddab57,South America 5V5 Queue,1,1784534447,1784536357,31.8
1-b45430b4-333f-4c25-bb2b-28ac8ae984b5,South America 5V5 Queue,1,1787098934,1787100965,33.9
1-b4606031-45d1-4c16-9a82-da3b8129f40b,South America 5V5 Queue,1,1786488760,1786491748,49.8
1-b46c1e10-76e4-40d9-8643-eacf9bd28498,CCT 2026 South America 5 - Open Qualifier,1,1786819449,1786821867,40.3
1-b47a11bb-39f3-4647-8d26-d999fe1bd6d5,Europe 5v5 Queue,1,1785962453,1785964457,33.4
1-b4884825-f2b0-4ec0-a2f6-b05b80abcf6f,South America 5V5 Queue,1,1787016265,1787018660,39.9
1-b48afbac-d98e-42d6-a515-bd563583d6d3,StarSeries S20 - Closed Qualifier SA,3,1785697944,1785701221,54.6
1-b4cc20cb-6034-473a-bdae-2e6126b09aed,South America 5V5 Queue,1,1787285345,1787288702,56.0
1-b4fa51c9-ac3c-4d0d-a628-f899c48a0911,South America 5V5 Queue,1,1787026132,1787028412,38.0
1-b515e200-c807-458b-bdfe-d92a99ed99ef,South America 5V5 Queue,1,1785462692,1785465286,43.2
1-b5200791-61ef-4314-946f-e3657ce1bb5c,South America 5V5 Queue,1,1786842863,1786844584,28.7
1-b5274fc6-d4ac-4dda-8cc8-13c0af272aa6,South America 5V5 Queue,1,1786999584,1787002023,40.6
1-b5716c48-fae6-4466-bcf2-d560a4715adb,South America 5V5 Queue,1,1785470353,1785472219,31.1
1-b5834e96-45a7-4c08-9601-49a3a1f636fe,South America 5V5 Queue,1,1787273162,1787274362,20.0
1-b5a05544-fe09-478b-aee6-1fff46d0201d,South America 5V5 Queue,1,1786831859,1786834107,37.5
1-b5a95cd9-91c2-4204-9a62-d4eab2f7129a,South America 5V5 Queue,1,1785347280,1785348312,17.2
1-b5c4a7b2-6503-4db9-8d94-aeede225fe85,CCT 2026 Challengers South America 2 - Open Qualifier 2,1,1785697433,1785701145,61.9
1-b5d379d9-3167-4f3e-b704-8b4b953c1901,South America 2 - RES Showdown 4: BLAST Open Qualifier,1,1783258126,1783260193,34.5
1-b5d58a60-a84f-48bb-be0b-f911a11404d1,South America 5V5 Queue,1,1787504907,1787506952,34.1
1-b5da976c-f4da-4612-b9de-c81f832358c0,South America 5V5 Queue,1,1787680816,1787682813,33.3
1-b5dc1eaa-bbfc-4ba8-a1f6-6d4abbe725f8,South America 5V5 Queue,1,1787196322,1787199090,46.1
1-b5e26988-38c1-4552-a95a-c06d415f4e75,SA ECL S52 Cup 1,3,1787694780,1787697590,46.8
1-b5ef7c56-6dd5-4585-9ac9-db2be6c56b05,South America 5V5 Queue,1,1783492120,1783493536,23.6
1-b608971d-205c-44e8-8d33-9cb93d9e502a,South America 5V5 Queue,1,1786335849,1786337397,25.8
1-b61b9fbc-3c21-48e2-9873-b6a8360a2c9b,EWC26 CS2 LCQ - Group 2,3,1786106539,1786109203,44.4
1-b6531224-1141-4c71-ad23-4183312069b6,South America 5V5 Queue,1,1787643472,1787645453,33.0
1-b6573572-6068-41f8-bd67-4f1cb3a6f209,South America 5V5 Queue,1,1787606291,1787609112,47.0
1-b65aab91-d1f9-4b21-9375-57852dc4f5f5,South America 5V5 Queue,1,1786150741,1786152299,26.0
1-b6613b14-ab31-46f3-8db9-9b8b266b96b7,South America 5V5 Queue,1,1787210343,1787212754,40.2
1-b683b430-7329-4c03-b8cb-6055dc3d2ce6,South America 5V5 Queue,1,1786851719,1786853841,35.4
1-b6eee712-b02e-4433-8382-dcfabb07713b,South America 5V5 Queue,1,1787629347,1787631311,32.7
1-b71be65d-c533-46f1-bc3d-fb2813431ac5,South America 5V5 Queue,1,1786503409,1786505846,40.6
1-b71e7fe3-0e3f-4003-a63f-435797370122,South America 5V5 Queue,1,1786245262,1786247424,36.0
1-b7535b50-76da-4e80-904b-4542a3a7d795,South America 5V5 Queue,1,1787619834,1787622335,41.7
1-b78392c9-5f72-40f8-95d7-dfd440faeb60,Europe 5v5 Queue,1,1786655981,1786658168,36.5
1-b7c8f363-861e-4b81-a14a-e98126f119f1,South America 5V5 Queue,1,1787461855,1787463603,29.1
1-b7cd0676-edb5-45fc-b3bd-1ece9906caec,South America 5V5 Queue,1,1785206372,1785208691,38.6
1-b7dd4bd6-fe1d-46df-9ebe-4703ece73197,South America 5V5 Queue,1,1786325937,1786327739,30.0
1-b7ecbc68-c49c-417d-9d87-8c2ee19a34bf,Betboom Storm 4 - BESTIA vs GREMIO,3,1785975684,1785978314,43.8
1-b86f7ba9-67e2-4437-9601-0f2a190cbfe0,South America 5V5 Queue,1,1787619919,1787622250,38.9
1-b8d77fdf-ea38-4cdc-bb94-0ff6e9f32571,South America 5V5 Queue,1,1786921662,1786923752,34.8
1-b8e6a1c6-b9ff-424b-9e28-f9a771e744de,South America 5V5 Queue,1,1787454547,1787455898,22.5
1-b8fd18dd-179d-4b8e-906e-760e3ebc6811,South America 5V5 Queue,1,1786684507,1786686727,37.0
1-b9031afe-02d6-444f-9033-ab5bac3ec6c2,Europe 5v5 Queue,1,1786647600,1786649231,27.2
1-b90ce887-cab3-4888-884b-a2bb4b7b3b15,South America 5V5 Queue,1,1787596289,1787598398,35.1
1-b9363a68-2d71-40f9-80e0-233f0476563b,S58 SA Open Central - Regular Season,1,,1783986286,
1-b940f312-1864-41f4-86ed-869eea0d20d5,Europe 5v5 Queue,1,1786044329,1786045814,24.8
1-b9547996-fc2e-46d0-b6f5-e05aa128e86d,South America 5V5 Queue,1,1785855465,1785857799,38.9
1-b986ee68-e971-4727-8cfb-ab09223c75cc,South America 5V5 Queue,1,1784256626,1784258859,37.2
1-b98b7efa-4414-4464-9494-a25eec9cd5da,South America 5V5 Queue,1,1786295905,1786297476,26.2
1-b99255c6-3614-4d47-af15-20c1d5e67647,South America 5V5 Queue,1,1787024027,1787025598,26.2
1-b997ae56-593e-48da-ab95-19d5d538d3fe,Europe 5v5 Queue,1,1786046647,1786048953,38.4
1-b9be5c33-8bda-4927-abfd-3d831e890b80,South America 5V5 Queue,1,1786222677,1786225803,52.1
1-b9cb0aa1-2db2-42ab-866b-52ddeb9d190f,South America 5V5 Queue,1,1782259055,1782261428,39.5
1-b9f31f77-1c87-450e-a128-9e79a134ccd8,South America 5V5 Queue,1,1787690387,1787691831,24.1
1-ba267d04-1a1b-4fed-976c-e0d2d70bc00b,South America 5V5 Queue,1,1786407858,1786409420,26.0
1-ba28fcb3-3587-497d-8009-bd696f9075ef,South America 5V5 Queue,1,1786852286,1786855088,46.7
1-ba54cac6-3faa-4ddb-89e6-3d70d65cb56c,South America 5V5 Queue,1,1786411314,1786413743,40.5
1-ba630b69-ac67-4a65-a480-0780b90ea4b1,South America 5V5 Queue,1,1786856714,1786859198,41.4
1-ba80d8bf-56ad-4dc5-b5ce-9ce94631311c,South America 5V5 Queue,1,1786563157,1786565008,30.9
1-bab57322-6daa-456e-9411-99030c5d17c6,South America 5V5 Queue,1,1787116875,1787118569,28.2
1-bad6b0d4-40ae-48dc-a1fd-3fdb74f29a00,South America 5V5 Queue,1,1787105315,1787107387,34.5
1-badba03b-5493-4e98-bc9c-c09657855f09,South America 5V5 Queue,1,1786756723,1786758662,32.3
1-bae017ab-a5b8-454d-bd08-47af91804f1d,South America 5V5 Queue,1,1787014968,1787018676,61.8
1-bb13e334-5d4f-4068-a0a2-9360aeb19549,South America 5V5 Queue,1,1787330859,1787333025,36.1
1-bb219bef-da4c-4fa1-9999-a7455f9c1bb3,South America 5V5 Queue,1,1787362252,1787364689,40.6
1-bb34c956-e354-4570-b1ad-41523cede13e,South America 5V5 Queue,1,1786834688,1786837024,38.9
1-bb69f904-e12e-42d5-981a-cdb440c5f4ec,South America 5V5 Queue,1,1787352447,1787355325,48.0
1-bb844ce3-93c4-438b-892e-d40963bd2724,South America 5V5 Queue,1,1786389002,1786391287,38.1
1-bbe2d066-132e-4a61-9756-c4ce13c9a173,South America 5V5 Queue,1,1787629157,1787632177,50.3
1-bbe5090e-db23-40b3-86be-2359fb2f2b3c,South America 5V5 Queue,1,1782161953,1782164209,37.6
1-bbf54b20-42a6-4e38-9f74-c72c225fef43,South America 5V5 Queue,1,1786819136,1786821299,36.0
1-bc011ec2-341c-4529-a287-23cdeda50840,South America 5V5 Queue,1,1786573258,1786575800,42.4
1-bc117e4e-83ae-42fd-8193-6e7396be8480,South America 5V5 Queue,1,1787608273,1787609824,25.9
1-bc25a1f5-de6f-4b8e-98c1-a7e057ca109e,Europe 5v5 Queue,1,1786601881,1786603772,31.5
1-bc3f9da7-5c68-4f77-8807-b08582c3fb47,South America 5V5 Queue,1,1787366005,1787368074,34.5
1-bc473cc0-bf49-4369-8150-8b16edb27c76,South America 5V5 Queue,1,1786759687,1786761519,30.5
1-bc4f53e9-da0f-4381-b6cd-b09f36f41b9d,South America 5V5 Queue,1,1786511039,1786513352,38.5
1-bc55df16-71d8-40ea-b3d7-bd31d3d75a37,South America 5V5 Queue,1,1784658980,1784660767,29.8
1-bc68a57f-8519-42f2-93f5-5c8f275ec905,South America 5V5 Queue,1,1786157537,1786159780,37.4
1-bcbf03bf-59de-43d8-bcf2-28991c7aa6ba,South America 5V5 Queue,1,1786329373,1786332171,46.6
1-bccea553-f2f3-4a8e-ba84-bd2c467676aa,South America 5V5 Queue,1,1787080427,1787084077,60.8
1-bce7edde-e2e7-44a9-a3a6-ab75da32eff5,South America 5V5 Queue,1,1787163461,1787165627,36.1
1-bcf076c7-41db-4c01-a49d-319490883207,South America 5V5 Queue,1,1787103741,1787105604,31.1
1-bcfd637c-8130-4d67-90b9-9a641a2bc30e,South America 5V5 Queue,1,1787107191,1787109358,36.1
1-bd094966-70fd-4101-8417-dee426d763f4,South America 5V5 Queue,1,1786399816,1786402651,47.2
1-bd550db0-fce3-4b85-a937-d1a5c13007e2,South America 5V5 Queue,1,1785522826,1785526660,63.9
1-bd5c3cc6-f625-4001-ae71-5af6c020b4fb,South America 5V5 Queue,1,1786838345,1786840830,41.4
1-bd6b3a88-a02f-4cb5-8e8f-06020a4afd13,S58 SA Open Central - Regular Season,1,1787607407,1787609382,32.9
1-bd81a1e7-76bb-4358-8271-12da56738f01,South America 5V5 Queue,1,1785958433,1785964648,103.6
1-bd825460-7269-4aeb-b80c-d51f1be2ef7d,South America 5V5 Queue,1,1786679013,1786681267,37.6
1-bd9070ed-b637-4c2c-bc51-6148755a6dfd,South America 5V5 Queue,1,1786230520,1786232796,37.9
1-bdaa182d-e727-486f-b361-bb238a2f5035,South America 5V5 Queue,1,1787014727,1787017110,39.7
1-bdcad6b6-639a-47c1-a18b-5709c8e374ca,South America 5V5 Queue,1,1787688535,1787690445,31.8
1-bdd5278a-9d4c-41d0-8f29-bdbfe75775dc,South America 5V5 Queue,1,1785998187,1786000644,41.0
1-bdd9e104-bb29-4699-8bdb-0305a353da18,Europe 5v5 Queue,1,1787657783,1787659387,26.7
1-bddab37a-21b1-44f7-823a-891135e574f5,South America 5V5 Queue,1,1787203096,1787205019,32.0
1-be26522c-4c44-422d-b822-4026c243d939,South America 5V5 Queue,1,1786924068,1786925905,30.6
1-be2efa73-5202-4055-a3ca-502e3e7ec0c3,South America 5V5 Queue,1,1786745730,1786747960,37.2
1-be3833c6-3a91-4ef9-abcc-a83ed3b66642,South America 5V5 Queue,1,1786648209,1786649726,25.3
1-be3d386c-5169-4d41-aa7a-a9d3fcd7edff,South America 5V5 Queue,1,1787510808,1787512750,32.4
1-be67b73b-b3f8-45b2-89c2-c03c3f028b61,S58 SA Open Central - Regular Season,1,,1787182861,
1-be8c0720-a71b-4fe9-b99a-9a1b546586c7,South America 5V5 Queue,1,1787527949,1787530530,43.0
1-be977f73-bd6b-4a3b-94d5-127d8f5e9d76,South America 5V5 Queue,1,1787086957,1787090693,62.3
1-be992be6-eaad-44a3-b111-cb3ebbc31493,South America 5V5 Queue,1,1787606136,1787608653,42.0
1-bea9c154-e8d2-40d4-8c5e-2775e11ecd58,South America 5V5 Queue,1,1786489656,1786491624,32.8
1-bee33d5d-9f39-4109-92e9-604905fe682d,South America 5V5 Queue,1,1786569662,1786571992,38.8
1-beea6015-1d1c-4deb-8449-d26f5e44824d,South America 5V5 Queue,1,1786154808,1786156928,35.3
1-beeb3c00-fa5c-43a7-8384-9cb0e13219f1,South America 5V5 Queue,1,1787533429,1787535280,30.9
1-beed1e4c-59eb-49d7-af81-f8d1eddbf0b8,South America 5V5 Queue,1,1787614702,1787618653,65.8
1-bef21201-c568-4afd-a167-71f8a2ae5ed9,South America 5V5 Queue,1,1786748319,1786749968,27.5
1-bef5104a-cfd7-47b9-9057-8314b1bb4508,South America 5V5 Queue,1,1787424737,1787427132,39.9
1-bf2340c6-d386-41e0-829e-42049a28d1f5,South America 5V5 Queue,1,1786773985,1786776360,39.6
1-bf5f6e54-ebf7-441d-a687-c46a9f91bd35,S58 SA Open Central - Regular Season,1,,1787619892,
1-bf605d63-337b-480e-bd92-6ca94ae0b46a,StarSeries S20 - Closed Qualifier SA,3,1785255323,1785258299,49.6
1-bf718280-31d5-440a-a29d-c61155375a76,South America 5V5 Queue,1,1787263730,1787265885,35.9
1-bf9c1234-155c-4345-ab4a-769043f5c15c,South America 5V5 Queue,1,1787596477,1787598697,37.0
1-bfae4897-299a-43fe-990e-7824a9d01e58,South America 5V5 Queue,1,1786847357,1786849467,35.2
1-c0111c59-f7a1-4955-8b9b-1e109404feb0,South America 5V5 Queue,1,1786591807,1786594037,37.2
1-c07787c7-5026-4ed7-9d63-b89dcabcdfeb,South America 5V5 Queue,1,1786251370,1786253824,40.9
1-c084f492-d29c-4abe-a9ca-4875db9a98f2,S58 SA Open Central - Regular Season,1,,1786404630,
1-c0b2b839-b717-4482-b07a-63c6c0edb9b9,South America 5V5 Queue,1,1786939883,1786941656,29.6
1-c10acc7e-889b-4ea6-abc9-5c8f9cf4e16f,South America 5V5 Queue,1,1780539885,1780541860,32.9
1-c116de4e-cdaa-4f86-9338-25fd8fafaaaa,South America 5V5 Queue,1,1787282471,1787284438,32.8
1-c1546150-c79b-455d-bdf0-5b35a8e05b86,South America 5V5 Queue,1,1787266768,1787269041,37.9
1-c1577811-a22c-4646-bbb4-9f4a31057308,South America 5V5 Queue,1,1785794504,1785796763,37.6
1-c15a492a-c138-4e6d-8fd0-eafb255cb731,South America 5V5 Queue,1,1786417048,1786419029,33.0
1-c160c5bf-a7d9-480b-85a6-e5063ce2999e,South America 5V5 Queue,1,1785542683,1785545132,40.8
1-c16435b0-d9e3-4d04-8067-431c7734e0b4,South America 5V5 Queue,1,1787000728,1787003625,48.3
1-c16ae053-8919-4725-a886-7abbfd5ea29c,South America 5V5 Queue,1,1786033458,1786036001,42.4
1-c178c393-79cd-4cb0-811c-72e7b1e2d10e,S58 SA Open Central - Regular Season,1,1784763575,1784765425,30.8
1-c17a38f1-ef99-4695-b74a-320eb21b076d,South America 5V5 Queue,1,1786071098,1786073081,33.0
1-c1ab2400-d4ce-462b-bc7b-01bf619147a1,Copa Ace 10 - Fase Inicial,1,1787274523,1787276309,29.8
1-c1cc3652-1523-4a16-ad8c-9164e515bb3f,South America 5V5 Queue,1,1786654227,1786658254,67.1
1-c1cd5e40-f323-43dd-990b-47caf21e8782,South America 5V5 Queue,1,1785203860,1785207452,59.9
1-c1f051d9-6c6f-4c9c-89af-1aab08f05b9a,CCT 2026 South America 5 - Open Qualifier,1,1786815251,1786817783,42.2
1-c1f9ac64-ac75-4f7c-b35a-875f306ee63c,South America 5V5 Queue,1,1787283120,1787285733,43.5
1-c218c25f-50d2-4158-bf94-aca473c3d40d,S58 SA Open Central - Regular Season,1,,1787087706,
1-c2486140-aa57-4337-89b0-1f789a4f54fc,South America 5V5 Queue,1,1786333570,1786335627,34.3
1-c25251d0-0921-4147-82dc-05027eee1fbf,South America 5V5 Queue,1,1786063052,1786065586,42.2
1-c26f639d-a75d-470a-85de-096ee7443ed3,South America 5V5 Queue,1,1786741829,1786744959,52.2
1-c277cd1f-cd0e-4a7b-b2db-1b7632da378c,South America 5V5 Queue,1,1785797325,1785799201,31.3
1-c27f2b56-460b-4294-9619-c6e2b8e7a8bb,South America 5V5 Queue,1,1787519988,1787522136,35.8
1-c2c94ada-79bd-4a88-89ee-ac04ad2619f7,South America 5V5 Queue,1,1786915165,1786917822,44.3
1-c2e312c3-08a1-4fbf-90c8-58a8ee6fd4f1,South America 5V5 Queue,1,1786154648,1786156691,34.0
1-c2fc2199-f085-4f92-91a5-519b029d9dd7,South America 5V5 Queue,1,1787272318,1787273752,23.9
1-c315192c-54df-47f3-8de4-166e4edd6bb6,South America 5V5 Queue,1,1786661418,1786663953,42.2
1-c32f0048-ab02-4c35-81ed-58a9cad2cfdc,South America 5V5 Queue,1,1787689820,1787693304,58.1
1-c3478114-aeae-4795-8853-2c3de47d5d10,CCT 2026 South America 5 - Open Qualifier,1,,1786827616,
1-c34e19d4-7141-40b8-a259-a57a14f31aa7,South America 5V5 Queue,1,1786993717,1786996139,40.4
1-c3a1cdff-3b26-42a1-a009-97a98259af67,South America 5V5 Queue,1,1787522289,1787523903,26.9
1-c3b4d65d-7bb4-4c77-bb89-97aae0a04a22,South America 5V5 Queue,1,1787517921,1787519494,26.2
1-c3e829f7-d9f6-4ec9-bdcb-c4598adb2e6f,South America 5V5 Queue,1,1787329382,1787331597,36.9
1-c400db21-0787-4357-be8f-3b9f82611419,South America 5V5 Queue,1,1786415458,1786419422,66.1
1-c41e8403-d719-4cad-8101-2aee855f5c6d,South America 5V5 Queue,1,1787177386,1787179682,38.3
1-c447b272-aaa0-4e2c-8358-e588255f8087,South America 5V5 Queue,1,1787194569,1787197782,53.5
1-c45f0f9f-0a0d-473b-8ed4-3832ea52fff3,South America 5V5 Queue,1,1786381501,1786383386,31.4
1-c4846041-b9a0-4259-81f9-d5300e76c988,South America 5V5 Queue,1,1786405465,1786407913,40.8
1-c4a4e9c1-1a02-4c59-8438-fb504b561cd0,South America 5V5 Queue,1,1787526074,1787528190,35.3
1-c4ca716a-cc45-47e5-b082-5529633f614e,South America 5V5 Queue,1,1786321400,1786323436,33.9
1-c4d6eae7-f96e-40f5-babf-3a427a708e13,South America 5V5 Queue,1,1786386812,1786388500,28.1
1-c4e5f7ec-1131-4e97-bd3c-b5c89441040a,South America 5V5 Queue,1,1787267363,1787269127,29.4
1-c4fccb22-4b79-441c-8cd2-ce42be23cf8a,South America 5V5 Queue,1,1787189190,1787191512,38.7
1-c501e6f2-2eb1-46cc-8234-cedf1e623993,South America 5V5 Queue,1,1787265521,1787267704,36.4
1-c5173cbe-6481-4ab2-abdf-6ed27cd81e75,South America 5V5 Queue,1,1787283397,1787285056,27.6
1-c51e4989-6ae7-474c-bcf0-e3adf650aae1,South America 5V5 Queue,1,1786328776,1786330652,31.3
1-c5a843aa-f952-45a3-b5a6-30e07b342e6f,South America 5V5 Queue,1,1787370856,1787373552,44.9
1-c5a8a032-1073-4e2c-aa37-e004f6556f73,Betboom Storm 4 - paiN Academy vs MEIA NOITE,3,1786030669,1786033877,53.5
1-c5c0b684-e84a-43cb-a446-389f3833ef95,South America 5V5 Queue,1,1787551372,1787553984,43.5
1-c5ef99a2-61e5-4c65-b8f3-a40b990ccc3b,South America 5V5 Queue,1,1787206226,1787207655,23.8
1-c5f72922-9e1d-400d-a717-2233b122edcf,South America 5V5 Queue,1,1786335342,1786338991,60.8
1-c5fa6e63-cdac-4a07-a6d3-072c579cfe4b,South America 5V5 Queue,1,1786163980,1786165705,28.8
1-c5fee3f8-15a0-4ba7-ade4-e68fc1f5e439,South America 5V5 Queue,1,1787446690,1787451138,74.1
1-c601936a-30e9-49a5-8bc5-e9e713425752,South America 5V5 Queue,1,1786825096,1786826911,30.2
1-c611c2bd-4236-4ce8-af9c-a56c8ae1ca22,AVRS CUP,1,1784679458,1784681660,36.7
1-c6147821-6a34-440c-b647-3d168cbfb920,South America 5V5 Queue,1,1787276698,1787279111,40.2
1-c6147f5c-313b-4f1c-aec5-15333170b447,South America 5V5 Queue,1,1787279861,1787281674,30.2
1-c61c9abf-1106-43e6-8b73-ae0fe3748561,South America 5V5 Queue,1,1786752989,1786754772,29.7
1-c63fe3e5-67e6-4bb2-8512-baa5eb893d5b,South America 5V5 Queue,1,1786760137,1786762035,31.6
1-c69c8c52-3e47-440a-aca4-7ab4e797ab67,Betboom Storm 4 - Galorys vs Keyd Stars,3,1786320916,1786322944,33.8
1-c6ac2028-897f-4e65-8551-d638ea0242d2,South America 5V5 Queue,1,1786907559,1786909337,29.6
1-c6b76b3e-335e-47e2-a3eb-a493438b55e2,CCT 2026 South America 3 - Open Qualifier,1,1781974743,1781974743,0.0
1-c6b8cb5c-3b5e-48c6-9d4d-d2770797908d,Europe 5v5 Queue,1,1786485171,1786488384,53.5
1-c7091934-4f1e-4305-98ab-e7c7933bbcc6,South America 5V5 Queue,1,1786161963,1786164117,35.9
1-c70b1ef6-644d-4172-a7e8-10ea386d46c8,S58 SA Open Central - Regular Season,1,1787188154,1787190714,42.7
1-c7212de5-a029-455a-8eec-6d975dfad61b,South America 5V5 Queue,1,1786927938,1786930126,36.5
1-c76113ce-914a-4886-9b6a-261addbe8843,South America 5V5 Queue,1,1785945610,1785947717,35.1
1-c76dab82-f6dd-4892-bf32-efa74b9811b5,Betboom Storm - Season 3,3,1778965350,1778968118,46.1
1-c76e1377-7e51-40e5-a245-063fbb901657,S58 SA Open Central - Regular Season,1,,1787010317,
1-c772e706-6f68-41f9-8a59-a6b8ff10243e,South America 5V5 Queue,1,1787278082,1787279784,28.4
1-c794beb6-ff8d-4853-918f-59904f7114e4,South America 5V5 Queue,1,1785804173,1785805851,28.0
1-c7a6e86f-f406-4d0c-a870-54ea95aa74b6,South America 5V5 Queue,1,1787542260,1787543955,28.2
1-c7b74ff9-51fe-4002-afb2-8a75f9df6df9,FASTCUP SC CHALLENGE III,1,1787101665,1787103649,33.1
1-c7d517bc-dd0f-4142-837d-137447219249,South America 5V5 Queue,1,1787548431,1787550711,38.0
1-c7d952b4-547c-4653-a208-0b9bfb11a17e,South America 5V5 Queue,1,1785895828,1785897961,35.5
1-c7f52f85-03b3-46dd-88b0-c3d2d6c4fd35,South America 5V5 Queue,1,1786243156,1786244930,29.6
1-c809c330-ee1c-421a-9d8f-dc34acd6a9a9,South America 5V5 Queue,1,1786137238,1786139533,38.2
1-c81fc444-3368-455e-b2e9-792fadcc6e95,South America 5V5 Queue,1,1786676567,1786678752,36.4
1-c8264aaf-a084-4d88-9f7a-9daddf993c27,South America 5V5 Queue,1,1785822470,1785824276,30.1
1-c83d5e3c-fa33-4037-8a16-b065c010b41b,South America 5V5 Queue,1,1784259506,1784261172,27.8
1-c842b007-08c6-4e54-ac0b-2913125c27dc,South America 5V5 Queue,1,1784590581,1784592692,35.2
1-c84b207c-b381-4899-96ba-ae068bdc298c,South America 5V5 Queue,1,1786860686,1786862558,31.2
1-c85f3ead-348b-4d88-bb90-258562d2fc4e,South America 5V5 Queue,1,1785456495,1785460055,59.3
1-c87081c1-27d3-4482-91f2-dd8d9d749916,South America 5V5 Queue,1,1787428985,1787431457,41.2
1-c880c070-ffd5-441c-ad10-4cc646f20247,South America 5V5 Queue,1,1787158585,1787160366,29.7
1-c886ac62-f5d2-47aa-be80-8e99640dae73,South America 5V5 Queue,1,1786945229,1786948512,54.7
1-c888212e-d686-4d67-b881-437bbd3a5ada,South America 5V5 Queue,1,1787174384,1787175739,22.6
1-c8933882-d11f-4954-8416-69f304bb7f7f,South America 5V5 Queue,1,1787363989,1787366110,35.4
1-c8949e7f-e436-4376-9f84-c5c22f579517,South America 5V5 Queue,1,1787524839,1787526999,36.0
1-c89745af-87c1-4b1c-b9ba-dffc74d3c502,Betboom Storm 4 - Yawara vs Isurus,3,1786042096,1786045330,53.9
1-c8bf45be-6d9f-4eb6-8e7f-b7d0cd062d18,South America 5V5 Queue,1,1784345279,1784347393,35.2
1-c8cbbe98-9327-4cc1-b31f-17b80317716f,South America 5V5 Queue,1,1784790960,1784792911,32.5
1-c8db0e9b-3398-414c-9882-5f0b5755c176,South America 5V5 Queue,1,1787339477,1787342502,50.4
1-c8e10176-6a35-49c4-a6c4-58cf60def30b,South America 5V5 Queue,1,1787276538,1787279328,46.5
1-c8e2e88f-d07b-410d-8f6e-50d5cb83e9f0,South America 5V5 Queue,1,1786913431,1786916027,43.3
1-c8e9cb69-1481-4382-898e-30b2f6982004,South America 5V5 Queue,1,1787542042,1787544819,46.3
1-c8ec7786-9d64-43b4-b52e-40f472f22152,South America 5V5 Queue,1,1787636433,1787638050,26.9
1-c90e819c-9a9b-47b1-b12a-4250960b3d3c,South America 5V5 Queue,1,1786664344,1786666016,27.9
1-c93322aa-d4c4-4495-96fb-eb16fba71bee,South America 5V5 Queue,1,1786419356,1786421591,37.2
1-c9a3418a-6d8e-4f43-b40d-87147c8c74b3,Normal Competitive,1,,1787177140,
1-c9b8aa2e-c59e-4f2c-88b8-ab2daf7d432c,South America 5V5 Queue,1,1785892372,1785894627,37.6
1-c9c29b2a-cd9e-483f-8642-7af209a29cc0,South America 5V5 Queue,1,1787530906,1787533845,49.0
1-c9c447ea-223f-4ad8-9482-44552be808a9,Europe 5v5 Queue,1,1786461876,1786464491,43.6
1-c9e448de-541d-46f9-99a9-d88dc6be9a81,Europe 5v5 Queue,1,1785537151,1785539010,31.0
1-ca06128c-4bfb-4b2e-9724-22be966c4063,South America 5V5 Queue,1,1786403372,1786405970,43.3
1-ca21004b-d511-4649-bc5d-248237b7c738,South America 5V5 Queue,1,1785562124,1785563758,27.2
1-ca3bc4bf-3d38-48e1-9ec8-1ed3360fe125,FASTCUP SC CHALLENGE III,1,1787015298,1787018090,46.5
1-ca6abc7b-ec8f-424b-a50f-f37fb2e0efd5,South America 5V5 Queue,1,1787343883,1787346083,36.7
1-ca90d26d-40d4-43f6-9588-262ab804deb0,South America 5V5 Queue,1,1786589254,1786591346,34.9
1-caad1d91-6609-4793-b9a2-153cfcc09faf,South America 5V5 Queue,1,1786386064,1786388303,37.3
1-cac7b753-e744-4055-833c-f8af6dc4b86d,South America 5V5 Queue,1,1786736656,1786738470,30.2
1-cafa867d-a789-48ff-9b8d-7e3514b2c5fc,South America 5V5 Queue,1,1787371438,1787373841,40.0
1-cb2c724f-e271-4501-b7cf-0126c13b3fd9,South America 5V5 Queue,1,1785626627,1785628353,28.8
1-cb300d34-ed4e-45b0-bae2-36f1d23e3fca,South America 5V5 Queue,1,1787520919,1787524161,54.0
1-cb31fca8-a4fb-44d6-82c1-1932f70ddfff,South America 5V5 Queue,1,1787256756,1787258400,27.4
1-cb3b36b3-c391-458d-88f6-0a72fcd05a1a,South America 5V5 Queue,1,1784834156,1784837904,62.5
1-cb741149-eb6b-4cb9-9997-afe05426e90b,South America 5V5 Queue,1,1785875454,1785877799,39.1
1-cba000d8-0917-4d53-9336-226899a54fcd,South America 5V5 Queue,1,1785381344,1785383261,31.9
1-cba81f06-c20f-4b4c-8379-0bf2a85c810b,South America 5V5 Queue,1,1786550561,1786552607,34.1
1-cbad5529-cf7e-4038-82b8-f8287281d860,South America 5V5 Queue,1,1787187360,1787190645,54.8
1-cbcc4bcc-1874-478d-9641-7ba4d5af9f09,South America 5V5 Queue,1,1787625284,1787627556,37.9
1-cbe54c3c-0120-4bf4-aa95-caa2ee37d127,South America 5V5 Queue,1,1786668830,1786670512,28.0
1-cbea2af9-93bd-42fa-9da0-f9f4d54b1587,South America 5V5 Queue,1,1787426729,1787428960,37.2
1-cc092b05-68a2-48bc-b2e2-ce67f7259f86,South America 5V5 Queue,1,1787531457,1787532903,24.1
1-cc0ab755-1a40-40e7-8eab-3b025569bc42,Europe 5v5 Queue,1,1785939942,1785942091,35.8
1-cc2bcf14-e4db-4162-af51-27de4d6c9985,South America 5V5 Queue,1,1787668331,1787670153,30.4
1-cc39e1c2-e06a-4dc0-bb75-f06c7f6a211f,South America 5V5 Queue,1,1786678350,1786680677,38.8
1-cc45ada8-f0f7-40dc-945c-42b115b36b62,S58 SA Open Central - Regular Season,1,1786578085,1786580529,40.7
1-cc58e51f-2600-44f6-8232-4b542a09c146,South America 5V5 Queue,1,1787280276,1787282602,38.8
1-cc7ce791-83f7-4381-be33-50bba0f4be1e,South America 5V5 Queue,1,1787015613,1787018042,40.5
1-ccb36e59-1a02-4efc-86e5-faf53fa1ccb3,South America 5V5 Queue,1,1786927722,1786930157,40.6
1-ccbbf781-f4fd-4dc3-8cb2-e843eb9182e0,South America 5V5 Queue,1,1787000222,1787003126,48.4
1-ccbeb92f-5d09-4379-ab7f-73d93d37b838,South America 5V5 Queue,1,1786497944,1786499887,32.4
1-ccd33f94-7c1e-4f5f-8f11-ba64ad58b1f3,South America 5V5 Queue,1,1786995925,1786998412,41.5
1-cce2310e-b854-472f-9a81-6ef3b9afbb63,South America 5V5 Queue,1,1787637564,1787639436,31.2
1-cce25c1c-a73a-4855-a616-3582aee4f66d,South America 5V5 Queue,1,1786513520,1786516847,55.5
1-ccf20964-3900-443f-87dc-5db7bd55d3a6,South America 5V5 Queue,1,1786299039,1786301152,35.2
1-cd647869-badc-4d67-9018-75b5a08a1094,South America 5V5 Queue,1,1787595656,1787598560,48.4
1-cd8dbc34-ce2a-4f3d-9050-cc4615aea49a,South America 5V5 Queue,1,1787587742,1787590324,43.0
1-cd949f63-e1c6-4e73-bf12-12de0aadc3e4,South America 5V5 Queue,1,1787094693,1787096737,34.1
1-cda30e15-7b82-4888-af1f-c03b00216983,South America 5V5 Queue,1,1785550748,1785553640,48.2
1-cdeada34-8967-4c53-bf60-41e6a705da0b,South America 5V5 Queue,1,1787623768,1787626562,46.6
1-ce04b5fd-349d-4dab-95cf-144fff978a33,South America 5V5 Queue,1,1786942114,1786946014,65.0
1-ce0c869f-cd61-42b8-aa22-f94040adfb57,South America 5V5 Queue,1,1785546997,1785549124,35.5
1-ce0d5774-8217-46b3-a69c-3d4272c16b06,South America 5V5 Queue,1,1785887660,1785891314,60.9
1-ce0df1b7-8b40-4565-99aa-60fd054849be,South America 5V5 Queue,1,1787018966,1787020908,32.4
1-ce5b496e-e629-4056-a59f-6764baa8cc15,South America 5V5 Queue,1,1787338088,1787340400,38.5
1-ce5bf70b-dc79-4b96-ad8f-290cf5a19b90,South America 5V5 Queue,1,1784767075,1784769694,43.6
1-ce6119a2-0366-41c7-a64e-d25d017cd088,South America 5V5 Queue,1,1786678033,1786680431,40.0
1-ce87de73-3be7-4177-af95-5ae201ebbc66,South America 5V5 Queue,1,1786076311,1786078296,33.1
1-ce8e8dce-9a89-4615-90a7-8a3a3c17c915,Europe 5v5 Queue,1,1786482962,1786485005,34.0
1-ce9b728c-cdf0-44ad-bd8b-64d501b01705,South America 5V5 Queue,1,1786764142,1786765680,25.6
1-cedcee7b-a218-4c40-b33c-24b32f035107,South America 5V5 Queue,1,1786151694,1786153969,37.9
1-ceffd4e2-5699-43f1-aef3-328893633a2c,South America 5V5 Queue,1,1786988084,1786990144,34.3
1-cf030b39-7fcf-4b39-a2da-aaa4defae80f,South America 5V5 Queue,1,1786157404,1786159619,36.9
1-cf033dfb-1c13-4995-87eb-1f7956e626de,South America 5V5 Queue,1,1786810058,1786811976,32.0
1-cf1000f2-18d4-4b17-8688-bfe832526140,South America 5V5 Queue,1,1787689396,1787690932,25.6
1-cf71ec13-5344-4fad-b57f-734362a96f1c,South America 5V5 Queue,1,1786912765,1786914204,24.0
1-cf732af0-774e-432b-a54d-b40224c2ba3e,South America 5V5 Queue,1,1787253016,1787255293,38.0
1-cf837c78-cd3a-482b-97b8-95b6449f39d3,South America 5V5 Queue,1,1785194408,1785196229,30.4
1-cf83cffc-2fae-45ea-aba0-098eab86cb42,South America 5V5 Queue,1,1786256555,1786258394,30.6
1-cf8b8d6d-3867-4a7d-a934-2905ee9874f1,South America 5V5 Queue,1,1787420900,1787422600,28.3
1-cfb57d73-82ee-436b-ab30-a78469ce0bf1,South America 5V5 Queue,1,1787693185,1787695870,44.8
1-cfb752b9-bbeb-49e4-9565-9fda2c217839,South America 5V5 Queue,1,1787502728,1787504694,32.8
1-cfc7e0b7-2b7e-4c79-996c-3ad206a13b49,South America 5V5 Queue,1,1786579395,1786581125,28.8
1-cfe908c1-0f66-40ad-95e5-34596df3eb5d,South America 5V5 Queue,1,1786830355,1786833037,44.7
1-cff0d612-b67e-4625-84e6-2ac8013c89f1,South America 5V5 Queue,1,1786906410,1786908702,38.2
1-d0016688-b33b-4495-9b9c-336cda4d2f1d,South America 5V5 Queue,1,1787682094,1787684203,35.1
1-d0119159-e73f-4113-8d0b-cfe4103ff0a0,South America 5V5 Queue,1,1787074377,1787076245,31.1
1-d0351ab8-0959-49ac-8644-e0c5f3367bd5,South America 5V5 Queue,1,1787343407,1787345221,30.2
1-d036b08f-e6b3-46e7-a4e6-c98c79f18e8a,South America 5V5 Queue,1,1787584162,1787586222,34.3
1-d036d8c6-11b9-492b-a3d9-67070d87dda6,South America 5V5 Queue,1,1786383812,1786385684,31.2
1-d041f436-277b-48b7-a266-a15635504be1,South America 5V5 Queue,1,1786336944,1786339472,42.1
1-d0467ed6-b2e2-4a20-bfa4-05c4784d88ea,South America 5V5 Queue,1,1786560137,1786562443,38.4
1-d0521559-36f6-4caf-be11-322b1b1aba23,South America 5V5 Queue,1,1787632354,1787633837,24.7
1-d08b0dfe-d55c-4547-a543-a97c4ca4d409,South America 5V5 Queue,1,1786059914,1786061325,23.5
1-d0a6cc5a-4d00-4a7e-bec6-28f5f4c58576,South America 5V5 Queue,1,1786564499,1786566013,25.2
1-d127139e-f854-45e3-b40d-7fa8016ebf14,South America 5V5 Queue,1,1787077299,1787079587,38.1
1-d1491f4a-50ff-4d7d-8bac-28632a3b52fe,South America 5V5 Queue,1,1787009065,1787011492,40.5
1-d1585537-a7ca-4c4b-8e60-beae6ca22979,CCT 2026 Challengers South America 2 - Open Qualifier 2,1,1785693898,1785696012,35.2
1-d19635e2-35f8-46dc-a401-e6f905220248,South America 5V5 Queue,1,1787673112,1787675405,38.2
1-d19cb992-2196-4aca-b3cf-c9511244a37f,South America 5V5 Queue,1,1786744556,1786746810,37.6
1-d1c35ce6-7e08-4240-89b5-96b9f13a3dd3,South America 5V5 Queue,1,1787609432,1787611412,33.0
1-d1d7fbc6-b39a-4486-af72-39b57df661d1,S58 SA Open Central - Regular Season,1,1786135029,1786137119,34.8
1-d1ecca94-9e7f-4abd-87d8-c64d69d259b4,South America 5V5 Queue,1,1787440669,1787442675,33.4
1-d203a3e8-88e8-4ae3-90ee-d2a022c06d4c,Europe 5v5 Queue,1,1786544416,1786546420,33.4
1-d2062774-0dab-482d-ba5a-ab3ea99608f3,South America 5V5 Queue,1,1787022771,1787024800,33.8
1-d20bd4e4-3774-479c-a062-019867ec3406,South America 5V5 Queue,1,1787288705,1787290570,31.1
1-d20d79b6-2914-4e2e-b33b-e1f25663db4d,Imagineleague 2026 - Legends Stage - Mandacaru E-Sports x Burrice Dotomundo,3,1786911305,1786913712,40.1
1-d2123cef-6a71-4c93-899e-84fd54430010,South America 5V5 Queue,1,1786046475,1786047926,24.2
1-d22c34e1-fd90-4f62-b9d1-ead5b9a26035,South America 5V5 Queue,1,1787625944,1787627229,21.4
1-d236091c-4064-45ea-b2cf-84f22486402d,S58 SA Open Central - Regular Season,1,1786405061,1786406243,19.7
1-d24e50dd-bd46-4b0c-b67d-136a5ac507bc,South America 5V5 Queue,1,1786744197,1786745743,25.8
1-d277f6c8-81fc-4cb2-a3c6-1a6c10eb77e0,South America 5V5 Queue,1,1787112720,1787114018,21.6
1-d2799554-2c43-4e8e-b20e-54f25656799e,South America 5V5 Queue,1,1786910545,1786912543,33.3
1-d2914e23-ee2b-441a-bc12-418831804416,South America 5V5 Queue,1,1787258918,1787261150,37.2
1-d2c1cc30-b1b9-4647-95cb-f6fb40ff0a21,South America 5V5 Queue,1,1787453949,1787456201,37.5
1-d2d2a271-83cb-407a-a6ab-0fff08dc1655,South America 5V5 Queue,1,1787479036,1787481381,39.1
1-d2e03eb9-8cf4-4731-b58a-ae703f810bd1,Europe 5v5 Queue,1,1784816136,1784822463,105.5
1-d324d8e6-80e8-4fcf-8ecb-2ec30e5f17d8,South America 5V5 Queue,1,1786652402,1786654489,34.8
1-d34cf743-93e8-46db-be10-cb83decb49c8,South America 5V5 Queue,1,1785986873,1785989077,36.7
1-d34fcb0a-6006-4625-b827-0fa6cec24a94,South America 5V5 Queue,1,1787634493,1787636417,32.1
1-d36f8020-bc43-416e-a347-d73c71c1675c,South America 5V5 Queue,1,1787077632,1787080086,40.9
1-d3930c77-7b82-488f-aa6d-d8323871b97a,South America 5V5 Queue,1,1786744684,1786746526,30.7
1-d39b2b96-ddb0-4ee2-945d-34f1030c09ee,South America 5V5 Queue,1,1786828631,1786830854,37.0
1-d39fd1a2-d507-4bcc-9eac-9e536302b02e,South America 5V5 Queue,1,1786903435,1786905434,33.3
1-d3f829af-404f-46c8-9d2b-fc88e1f70227,South America 5V5 Queue,1,1786330779,1786332526,29.1
1-d4338fbe-27a2-49ba-92d8-e71219c14c2c,South America 5V5 Queue,1,1786515734,1786518149,40.2
1-d44bdf0f-9555-43da-814e-46edbd71abec,South America 5V5 Queue,1,1787639507,1787641727,37.0
1-d4a795f6-33e9-4e92-93ba-51877e9286f4,South America 5V5 Queue,1,1787080260,1787081560,21.7
1-d4b5b02d-da22-4892-a277-ae2cefc98a7f,S58 SA Open Central - Regular Season,1,1785881488,1785884532,50.7
1-d4b68812-7a3d-4279-a42c-de2a32a3273d,South America 5V5 Queue,1,1782165332,1782167233,31.7
1-d4cf0a44-51cc-49a9-acad-da79a9eb5ab8,South America 5V5 Queue,1,1785970251,1785972480,37.1
1-d539ae40-cca4-43f7-970c-db41f6c76703,South America 5V5 Queue,1,1786762259,1786764430,36.2
1-d553b891-1392-45de-a1b6-79e0275100a8,Europe 5v5 Queue,1,1786496370,1786497723,22.6
1-d56d97ba-12ad-4cce-9753-abff053ab99f,South America 5V5 Queue,1,1784336805,1784338217,23.5
1-d59cfc53-0554-4f9e-b440-3ce1b1acf99c,Imagineleague 2026 - Legends Stage - Red Canids Academy x Mormaco,3,1786909177,1786910510,22.2
1-d5d4a063-ef4a-4de8-8a5a-d9ad3e8afca2,South America 5V5 Queue,1,1784431218,1784433086,31.1
1-d5df1098-bae4-4b05-aab2-80bf025b540f,South America 5V5 Queue,1,1787444609,1787446728,35.3
1-d5e25f2a-f98f-46c2-8824-8d227923dbf5,South America 5V5 Queue,1,1786928067,1786933119,84.2
1-d5eb1fc9-8a1b-4eee-ba62-d81ccdde232b,South America 5V5 Queue,1,1784667503,1784669303,30.0
1-d5f8d94e-50a5-471b-b5b9-6f995464fb1d,South America 5V5 Queue,1,1787293213,1787296440,53.8
1-d604eb93-7d78-4cec-8722-df1f1b1b3d07,South America 5V5 Queue,1,1787692537,1787694901,39.4
1-d6293355-cb20-4bdf-9f03-dbb81bc1abe7,South America 5V5 Queue,1,1787544141,1787546482,39.0
1-d63197f2-e69f-49ae-a240-2a595e9b5be6,South America 5V5 Queue,1,1786065880,1786068558,44.6
1-d6324735-f1ae-41e8-9a22-1e4ef9e413e8,South America 5V5 Queue,1,1786055895,1786057553,27.6
1-d655b0fa-8f94-4676-b841-045dc957b95a,South America 5V5 Queue,1,1786478945,1786480296,22.5
1-d684109a-e6bd-4385-a5b7-e4f3ec6a85de,South America 5V5 Queue,1,1785743274,1785744974,28.3
1-d68dbfe9-6272-4d65-92c3-64512b0452b7,South America 5V5 Queue,1,1787610905,1787612401,24.9
1-d68f606a-b25e-46d0-8ec6-4c03729cbe2c,South America 5V5 Queue,1,1785013526,1785015058,25.5
1-d68f6826-ba7b-473f-88db-dace8fd74288,South America 5V5 Queue,1,1786933555,1786935919,39.4
1-d6af9d6e-5a79-4e53-8fe1-58edf85fdef8,South America 5V5 Queue,1,1787194138,1787197314,52.9
1-d6bd5d7d-a5bd-4828-a2c3-1549d3519b3e,South America 5V5 Queue,1,1787442393,1787444390,33.3
1-d6d17cae-965f-44c1-a884-eed8f02d243e,South America 5V5 Queue,1,1784846407,1784849280,47.9
1-d73c1b65-63e7-40e3-92f9-98cdfd1d39bd,CCT 2026 South America 5 - Open Qualifier,1,,1786814982,
1-d76b691f-5337-4b69-9ae3-d338b4ce4e72,South America 5V5 Queue,1,1787106475,1787108912,40.6
1-d7746981-5799-46a9-b611-ba53b9cf70f3,South America 5V5 Queue,1,1786048972,1786050444,24.5
1-d78aa817-65f5-4ce1-9d46-0b140aa8f6ba,EWC26 CS2 LCQ - Playoffs,3,1786271152,1786274244,51.5
1-d7b0b233-0ca0-4c64-a449-1b1ef6bc8c88,South America 5V5 Queue,1,1787630466,1787632355,31.5
1-d7ca1d6c-bfe1-4ec3-8f13-f1ee857131e0,South America 5V5 Queue,1,1786134794,1786136996,36.7
1-d805b590-b004-4452-95ff-365de3ce89f9,South America 5V5 Queue,1,1786846913,1786848947,33.9
1-d8121568-3bdf-454e-bf7b-bb2f434914a1,South America 5V5 Queue,1,1786244878,1786246552,27.9
1-d81442b9-4170-4b8b-9cf8-f89843056d09,South America 5V5 Queue,1,1787028241,1787030535,38.2
1-d81b1583-e90f-4f59-a6b0-0b79cb004357,South America 5V5 Queue,1,1786838317,1786841206,48.1
1-d84e0045-fc19-4c6a-9dab-ae3f3904f1b2,South America 5V5 Queue,1,1786553021,1786555237,36.9
1-d860de6f-22eb-454b-9b4d-125d631236d9,South America 5V5 Queue,1,1787019241,1787021185,32.4
1-d877ee66-be8f-475d-8046-de3ad368549d,South America 5V5 Queue,1,1787518480,1787520069,26.5
1-d89c94ac-5d12-4114-867f-8280364bc63a,South America 5V5 Queue,1,1786228490,1786230169,28.0
1-d8f64dde-9924-44f1-a8c1-f4fdea7a1eb5,South America 5V5 Queue,1,1787536050,1787538618,42.8
1-d907bf8b-a976-4627-a793-3a83851ff5ae,South America 5V5 Queue,1,1787454955,1787458021,51.1
1-d91a9068-37d7-4a64-bca1-9e1d7b232d67,South America 5V5 Queue,1,1787533077,1787534905,30.5
1-d932e95b-258d-4990-a54b-f6257a2e5fea,South America 5V5 Queue,1,1782441323,1782443341,33.6
1-d94270cf-118f-4898-a4dc-2d8814c739b3,South America 5V5 Queue,1,1786657445,1786659392,32.5
1-d962b716-036d-4e5f-a482-7468fda38950,South America 5V5 Queue,1,1786128414,1786129703,21.5
1-d967c563-f8e8-44e2-875a-bf1fcb04ef85,South America 5V5 Queue,1,1786242186,1786244072,31.4
1-d9af420f-e2be-4f73-8a53-121ab5378f52,South America 5V5 Queue,1,1786745411,1786747391,33.0
1-d9f27e32-8b47-4711-b24c-63aae037f5f4,South America 5V5 Queue,1,1787355503,1787357174,27.9
1-da0a52d7-9e2f-402a-9d6a-8fcde71265a6,South America 5V5 Queue,1,1786902120,1786904752,43.9
1-da847f2d-a27a-4c58-ae33-40aa827d0364,South America 5V5 Queue,1,1787116276,1787118965,44.8
1-dac82847-09d5-4a07-b89c-f6fedb1cfbdf,South America 5V5 Queue,1,1785349554,1785351776,37.0
1-daee46af-988f-4931-a9ee-d4c24d637dac,South America 5V5 Queue,1,1786567788,1786569360,26.2
1-db052bcd-4912-47f3-892a-134730cade50,South America 5V5 Queue,1,1786419468,1786421125,27.6
1-db1178d6-3338-4924-b398-f02f09a384e6,South America 5V5 Queue,1,1786498064,1786500496,40.5
1-db1c97a9-b51f-4378-a8e6-a3883c8fab61,CSCL x SKINRAVE - 5v5 League | 400 USD Prize-pool | Season 5 [Weekly Event],1,,1786996057,
1-db37c0c3-61b1-4806-bf07-b29676176e31,South America 5V5 Queue,1,1786331137,1786333002,31.1
1-db83220d-045d-4b55-9885-820f351cac68,South America 5V5 Queue,1,1787255326,1787257907,43.0
1-db8af247-052f-42ec-b7f9-94473f1825d9,South America 5V5 Queue,1,1785457495,1785459399,31.7
1-db8c441d-1070-45dd-a87e-8dffd86e1908,South America 5V5 Queue,1,1786128859,1786131754,48.2
1-db8fd4b2-697c-42cb-9d2f-be5626c9da7f,South America 5V5 Queue,1,1786077337,1786079010,27.9
1-db9d28b9-643a-41e3-afa6-91dcc44d4d04,South America 5V5 Queue,1,1786989241,1786991228,33.1
1-db9fcbc2-1d01-468b-ae5f-c2d423b7ef6e,South America 5V5 Queue,1,1787518174,1787520549,39.6
1-dbaf4d0e-b335-448d-bb17-c1cacbfece60,South America 5V5 Queue,1,1786144611,1786146026,23.6
1-dbcd6225-2059-43a3-a9a0-b86f3569e9b5,South America 5V5 Queue,1,1786408519,1786410816,38.3
1-dbdabc8d-7835-44da-8676-3ac52db854d9,South America 5V5 Queue,1,1785815710,1785817487,29.6
1-dc514b54-bd98-48ed-9304-bac7eef80b81,South America 5V5 Queue,1,1786333652,1786335470,30.3
1-dc521ebf-e23c-499a-a189-cdea32b183d5,South America 5V5 Queue,1,1787686636,1787689748,51.9
1-dc56bfa1-dd82-4e56-8b5d-119766494628,South America 5V5 Queue,1,1787367062,1787369790,45.5
1-dc58ebc7-beb8-44b6-ae09-ea6a6f5e4625,South America 5V5 Queue,1,1787527635,1787529709,34.6
1-dc6756ae-ab02-4e93-93b1-299bb192ac0c,South America 5V5 Queue,1,1783488609,1783491563,49.2
1-dc67de6d-0c1d-43cf-b60a-f55809669648,South America 5V5 Queue,1,1785538388,1785541452,51.1
1-dc9c7aac-9a8d-4fee-a25d-112a14d5b97f,South America 5V5 Queue,1,1787684887,1787686672,29.8
1-dccdca2c-d637-412a-a1a1-c5ac303433bd,South America 5V5 Queue,1,1785986833,1785988931,35.0
1-dcd34ca1-d9f6-4abd-ad20-25d2e74e0716,South America 5V5 Queue,1,1786597109,1786599688,43.0
1-dce0a774-1ac9-422d-b8d9-3f83374b441b,South America 5V5 Queue,1,1787207278,1787209166,31.5
1-dce49116-1023-45ae-a745-739dbb36fc20,South America 5V5 Queue,1,1787170361,1787172800,40.6
1-dd32de62-2041-417b-9087-1e50bb576ac4,South America 5V5 Queue,1,1786737292,1786739496,36.7
1-dd489de0-dc65-43d6-bae3-2c5c2f1927fe,South America 5V5 Queue,1,1787096922,1787098575,27.6
1-dd5850a0-0ea8-4a15-95c0-ec5925729a0c,CCT 2026 South America 5 - Open Qualifier,1,1786821155,1786822304,19.1
1-dd5ca71d-d37f-4f49-bd3c-576ea159b008,CCT 2026 Challengers South America 2 - Open Qualifier 1,1,1785607842,1785609598,29.3
1-dd7d7ffb-50c6-427c-9c19-2229d310b658,South America 5V5 Queue,1,1787173742,1787175420,28.0
1-ddb32a9b-0702-4538-a6e9-4036f3935ac8,South America 5V5 Queue,1,1787097175,1787099224,34.1
1-ddbce903-1b1e-48ea-a8df-e16570b5f4ff,South America 5V5 Queue,1,1786304383,1786306257,31.2
1-de078eaa-48f5-4e93-a562-94db2749a791,South America 5V5 Queue,1,1787269373,1787271196,30.4
1-de114a33-7b55-4f23-b600-17ab9acf6041,South America 5V5 Queue,1,1786585505,1786587260,29.2
1-de31846b-454c-44c2-bd37-3b254e900dc7,South America 5V5 Queue,1,1785650343,1785652043,28.3
1-de457a9f-915a-4990-a588-2e49d3611e35,South America 5V5 Queue,1,1787377026,1787379024,33.3
1-de744faf-a23c-4356-9cd9-780ccbe50549,South America 5V5 Queue,1,1783485753,1783487775,33.7
1-de76ae49-9d89-4fef-a3b5-b1088b4b54dd,South America 5V5 Queue,1,1786400128,1786401390,21.0
1-de8efb3d-cd8e-43af-97f1-2f45bdf5fdbd,South America 5V5 Queue,1,1787171507,1787173579,34.5
1-deade8dc-9f08-4567-ab9e-876500981cb0,South America 5V5 Queue,1,1787003893,1787006285,39.9
1-dec7abf5-95f5-4e58-ae9d-75d3e65657c3,South America 5V5 Queue,1,1786730355,1786732591,37.3
1-dec84a17-253d-441d-a0fa-9bdaf05547e0,South America 5V5 Queue,1,1787529529,1787531986,41.0
1-def85183-37bd-45f0-a66e-6287d31be93d,South America 5V5 Queue,1,1787620342,1787622942,43.3
1-df11aa5b-d038-4f8c-b405-8dab94843eb0,CS2 2026 - GoGameFestival,3,1787508690,1787510223,25.6
1-df2aeb25-d24e-44fe-9d09-8f6f71ab5a83,South America 5V5 Queue,1,1786156150,1786158063,31.9
1-df2fcb19-d92f-4314-9db5-410178d7071a,South America 5V5 Queue,1,1787677384,1787679140,29.3
1-df6529a5-1285-4fb2-8caf-acb540382a3b,South America 5V5 Queue,1,1787194800,1787197715,48.6
1-df92c448-a84c-453d-b91d-3d84c8939119,South America 5V5 Queue,1,1786383467,1786385722,37.6
1-df9b643c-ff09-4047-b7b8-b0ce72359a25,South America 5V5 Queue,1,1787348969,1787351333,39.4
1-dfc7e5a5-0300-42b6-861f-11ee6adde670,South America 5V5 Queue,1,1786832261,1786834555,38.2
1-e02b4740-6912-4f16-955f-f8f8e83f50f0,South America 5V5 Queue,1,1787275273,1787279577,71.7
1-e03b1a4c-421b-4869-89e7-11e0789c5350,South America 5V5 Queue,1,1787292664,1787294373,28.5
1-e061050b-26ed-4b62-9812-ab0c3e4b9d2f,South America 5V5 Queue,1,1786216106,1786218117,33.5
1-e0653a30-93f9-44f2-88af-40aadb393d81,South America 5V5 Queue,1,1787456287,1787458292,33.4
1-e073f815-5984-4b49-8915-9b4411d600d6,South America 5V5 Queue,1,1787093124,1787095053,32.1
1-e0897d4e-d30f-4049-af19-3afbfd890fed,South America 5V5 Queue,1,1787186454,1787188420,32.8
1-e0899ad2-fa1e-4e25-9fed-949c6be7a056,South America 5V5 Queue,1,1786745529,1786748088,42.6
1-e09d3331-cdaf-4de2-ba39-c6e3e5fae4b3,Betboom Storm 4- BESTIA vs METANOIA Wolves,3,1785888516,1785890476,32.7
1-e0aa8403-6803-4f72-b005-890b6a43214b,South America 5V5 Queue,1,1787425827,1787427326,25.0
1-e0c64c92-454b-4c7b-97c6-55c3f832f1ae,South America 5V5 Queue,1,1786215668,1786219245,59.6
1-e0f8e50f-7029-4227-8e8e-7f4064bf9b97,South America 5V5 Queue,1,1786664337,1786666933,43.3
1-e104aa5c-8d34-47a5-9487-47487d458967,South America 5V5 Queue,1,1787270322,1787273054,45.5
1-e10be18c-7ad7-43dc-b07d-e4bf46e1e53a,South America 5V5 Queue,1,1786985220,1786987326,35.1
1-e10ce681-eb3b-46f7-a495-f83c1b3847f2,South America 5V5 Queue,1,1787279275,1787280929,27.6
1-e122a38e-1f08-42c1-949b-77d1dcdc41e7,South America 5V5 Queue,1,1786581505,1786583031,25.4
1-e1389108-abe7-4184-8fbe-5e7762f933c3,S58 SA Open Central - Regular Season,1,,1787110037,
1-e1639419-3c72-48e9-a049-529725cdc794,South America 5V5 Queue,1,1787264593,1787266628,33.9
1-e1649729-25c5-454c-bc26-653d7883ae10,South America 5V5 Queue,1,1786315876,1786317625,29.1
1-e1997e3e-55eb-4eb6-9389-e377ad36d62a,South America 5V5 Queue,1,1786662039,1786663502,24.4
1-e1b57c03-0e71-48e1-9125-d2c1493906c9,South America 5V5 Queue,1,1787276303,1787278429,35.4
1-e1c5c771-403f-4e5b-ba78-a6385d42b531,South America 5V5 Queue,1,1787356312,1787358506,36.6
1-e1d5e2fd-89c5-487b-a857-21b26fb31976,South America 5V5 Queue,1,1787094295,1787096779,41.4
1-e1fee767-c52b-46b1-9c93-33c02b864e0b,South America 5V5 Queue,1,1786760673,1786762453,29.7
1-e252bd57-edf0-4a68-88da-75b76bf63f63,South America 5V5 Queue,1,1786051237,1786053261,33.7
1-e25676ef-f3e2-426d-8b9c-9d46db51b34f,South America 5V5 Queue,1,1786750881,1786752983,35.0
1-e267af5e-1f85-4232-88d5-f036335fe0b5,South America 5V5 Queue,1,1787015034,1787017345,38.5
1-e27e1ad4-db72-4c94-a6e1-2396a4b86a79,South America 5V5 Queue,1,1787410362,1787412576,36.9
1-e287d3ae-8894-4e38-8200-4809243a3818,South America 5V5 Queue,1,1787534938,1787537538,43.3
1-e2d30d06-a7a2-4a8f-9e60-dc8c119c17c5,South America 5V5 Queue,1,1787151084,1787152583,25.0
1-e2e4bebe-4237-4ac2-9a08-a6c845eb3b27,South America 5V5 Queue,1,1786237996,1786240259,37.7
1-e33dbca2-3d2b-49e7-b3d3-716ae45393d7,South America 5V5 Queue,1,1786855481,1786857322,30.7
1-e3490955-2c96-485e-8a19-930d4a27f0b0,South America 5V5 Queue,1,1786150067,1786152829,46.0
1-e356f9df-42f8-4e1e-a610-17634a9f0c68,South America 5V5 Queue,1,1787181279,1787183786,41.8
1-e3762644-6472-499c-bbe5-86348d5a8906,South America 5V5 Queue,1,1786486267,1786488204,32.3
1-e3ce3000-dbb6-4269-8580-ced935a5752e,South America 5V5 Queue,1,1785283336,1785285689,39.2
1-e3d31099-8ae0-4b31-b330-a75f328f73c2,South America 5V5 Queue,1,1785722104,1785724410,38.4
1-e40b88d2-cee4-49e4-8328-1605a6146255,South America 5V5 Queue,1,1785617735,1785619589,30.9
1-e40cc9e3-2076-47c0-983e-75c52f4972d3,South America 5V5 Queue,1,1787180143,1787181985,30.7
1-e40cd5f0-38bd-4c1c-ad10-4c3d53768379,EWC26 CS2 LCQ - Group 2,3,1786099492,1786100940,24.1
1-e41252c5-7843-4ac3-ae82-365756ff4a54,South America 5V5 Queue,1,1787444175,1787445841,27.8
1-e4344c63-3669-4cb3-bccd-177e79bd9d9d,South America 5V5 Queue,1,1786407770,1786410060,38.2
1-e4354ced-07fa-477a-ab90-fa9dbd1bd134,South America 5V5 Queue,1,1787447862,1787449745,31.4
1-e45b4e13-d93d-4434-b881-7d81ab723a4d,CCT 2026 South America 4 - Open Qualifier,1,1783184733,1783187391,44.3
1-e465ac76-f3cc-431b-b553-dcc760ebb16c,South America 5V5 Queue,1,1786166507,1786168633,35.4
1-e47051b1-52dd-4cab-a2a1-78d18bc0f630,South America 5V5 Queue,1,1787277291,1787279358,34.5
1-e4d2fc78-ab53-49b1-9673-ce29a967391e,South America 5V5 Queue,1,1786414866,1786418710,64.1
1-e4f91f2c-8f4b-4b50-90dc-d8b060555bfa,South America 5V5 Queue,1,1787240573,1787243160,43.1
1-e4fafc9a-4134-4ac4-b3db-395b987a0981,South America 5V5 Queue,1,1787262536,1787264818,38.0
1-e4ff2a00-3bd5-4330-97e2-1edfb690bbfc,South America 5V5 Queue,1,1787182153,1787184649,41.6
1-e50ae8e9-65de-45d6-9c56-bed32f2ac168,South America 5V5 Queue,1,1786417546,1786420489,49.0
1-e55da338-5ccf-4f58-8f7a-ed6c2a7d4060,South America 5V5 Queue,1,1786416682,1786419489,46.8
1-e55ff71b-707d-47e0-ab96-397f12820c0c,South America 5V5 Queue,1,1784841096,1784843557,41.0
1-e5888487-26f0-40a4-b2d2-a23ed15ab775,South America 5V5 Queue,1,1787506548,1787508884,38.9
1-e5bc3c60-d26d-4b2c-8666-86be3b4baebb,South America 5V5 Queue,1,1787011758,1787012998,20.7
1-e5dcd366-12f5-4b0e-a6d4-52d4891aad69,South America 5V5 Queue,1,1787677455,1787679463,33.5
1-e5e73dc9-8c72-4484-87fa-312b62f49206,South America 5V5 Queue,1,1787449181,1787450788,26.8
1-e5e7aa13-4335-4901-9249-a582feb31e19,South America 5V5 Queue,1,1786836455,1786838294,30.6
1-e5fe1d00-40e0-4354-9d2a-3c43275e4b59,South America 5V5 Queue,1,1786244072,1786246110,34.0
1-e604be5b-2a48-4b9d-a58f-4c871cba2983,South America 5V5 Queue,1,1787348819,1787350956,35.6
1-e614b571-25f6-4e65-820a-ce3e32f28d65,Europe 5v5 Queue,1,1785445589,1785448655,51.1
1-e636a8a2-26e4-4c7e-94e2-0ee3f998e0f0,South America 5V5 Queue,1,1786749751,1786752889,52.3
1-e654d744-3bfd-4cc7-b872-9250f23db12b,South America 5V5 Queue,1,1786045793,1786047861,34.5
1-e6744c77-0e31-4006-a200-b33d79ae5004,Betboom Storm 4 - Isurus vs GREMIO,3,1786406173,1786409372,53.3
1-e69d611c-fae7-48a4-9331-709169a4d6b9,South America 5V5 Queue,1,1785992741,1785994639,31.6
1-e7183565-d080-44b0-9c27-57211a8f262e,South America 5V5 Queue,1,1785816909,1785819100,36.5
1-e72e67a1-8c53-4d9c-8e2f-17864156dd61,South America 5V5 Queue,1,1787179275,1787181333,34.3
1-e733f2f2-4ec5-42c6-a5ab-b5258ef241c4,South America 5V5 Queue,1,1784758920,1784761183,37.7
1-e7563eaf-039b-4d42-8151-bf26ecf66234,South America 5V5 Queue,1,1787433776,1787436325,42.5
1-e75c0551-1d80-4883-a6a2-8ff51152038f,South America 5V5 Queue,1,1787207429,1787209789,39.3
1-e76a11d5-77e7-40bb-8b25-6b28806b5189,South America 5V5 Queue,1,1785968723,1785971206,41.4
1-e7774222-3553-459d-8b98-7592b763b763,South America 5V5 Queue,1,1786754168,1786756057,31.5
1-e7897d7d-495c-4f8c-a9ab-4b104bb895d2,South America 5V5 Queue,1,1785615639,1785617585,32.4
1-e78b2414-abfb-4d05-83be-68a4ca9e972d,South America 5V5 Queue,1,1787363939,1787365796,30.9
1-e7a2aef4-2cdf-42d9-a5bf-079eb1dd43f9,South America 5V5 Queue,1,1787443471,1787444723,20.9
1-e7c7ecb0-aca3-4afc-b1e1-ebb8a2ffabf8,South America 5V5 Queue,1,1787363498,1787365467,32.8
1-e7f489d5-caa6-45f5-978f-ae301f97f852,South America 5V5 Queue,1,1786826988,1786830067,51.3
1-e7f949a4-65bf-48b0-94d1-22d10305134e,South America 5V5 Queue,1,1786164976,1786167117,35.7
1-e888bf32-2403-478f-8703-9704ae05da56,South America 5V5 Queue,1,1786471700,1786473548,30.8
1-e88a36ec-d8e2-4f36-88a5-2f09f51d55dc,South America 5V5 Queue,1,1787368650,1787370928,38.0
1-e88e3a63-7777-41c8-b6a2-265e413e2e92,South America 5V5 Queue,1,1787110075,1787111938,31.1
1-e8a2613f-d588-4b80-9e81-140896a9dbe0,South America 5V5 Queue,1,1787594176,1787595781,26.8
1-e8ace77b-519b-4a50-932b-4b47072e8e8c,South America 5V5 Queue,1,1786237380,1786241469,68.2
1-e8b6d52d-4528-4f39-9a80-4e5458caeb85,South America 5V5 Queue,1,1786128411,1786130923,41.9
1-e8dbea54-a8d8-4c2c-9d04-5aec9a70d16e,South America 5V5 Queue,1,1785042148,1785044352,36.7
1-e8e03501-f57c-46d1-8391-69d1adb85c96,South America 5V5 Queue,1,1786936095,1786938434,39.0
1-e8e4fb8a-8498-4497-ab4f-9d2ebfc90487,South America 5V5 Queue,1,1787462943,1787465253,38.5
1-e8fc0a0b-f7d9-4cf9-b017-9803ded6886f,South America 5V5 Queue,1,1786574021,1786575757,28.9
1-e918e343-ba78-4a0e-8d89-8effa1265ffa,South America 5V5 Queue,1,1787547081,1787549218,35.6
1-e946486c-c430-4926-bcad-85653fdfed40,South America 5V5 Queue,1,1785775326,1785777406,34.7
1-e95ca70a-2c97-4984-9919-7b8194c1a9a4,South America 5V5 Queue,1,1782319897,1782322574,44.6
1-e96111aa-3ca3-4745-9cd3-ddfc89f9a9b4,South America 5V5 Queue,1,1787426629,1787428962,38.9
1-e990fa37-7240-4cfa-bd7c-26006567d159,South America 5V5 Queue,1,1786932084,1786934236,35.9
1-e99e215d-3978-47a1-9582-957682607e57,South America 5V5 Queue,1,1785938280,1785939976,28.3
1-e9a0c9f5-af99-4933-a273-d7c66ff4082d,South America 5V5 Queue,1,1787178306,1787179700,23.2
1-ea0d83d0-072a-4335-ad59-95d8150ba0ea,South America 5V5 Queue,1,1787354194,1787356037,30.7
1-ea258c82-a258-42b9-8866-cff40e6ba225,CCT 2026 South America 3 - Open Qualifier,1,1781982968,1781985257,38.1
1-ea45b614-cc48-4a6c-9230-e001e43f7e79,South America 5V5 Queue,1,1782234353,1782236107,29.2
1-ea5aa080-fb62-4bf9-99a6-492bfc6dd6d6,South America 5V5 Queue,1,1786253794,1786256018,37.1
1-ea5d9c29-ed9d-4ae5-944a-3c348e578e91,South America 5V5 Queue,1,1787092834,1787095118,38.1
1-ea66a917-af6d-47db-84ec-1c36b5897f65,South America 5V5 Queue,1,1786243599,1786245509,31.8
1-ea85ee36-f375-4959-bf98-a9d6e58eb816,South America 5V5 Queue,1,1786326520,1786328939,40.3
1-ea9e64ed-472a-4c2f-a0ea-a4ce8eb624fa,South America 5V5 Queue,1,1787244826,1787246770,32.4
1-eae8ef96-788b-422d-88c5-9ec3d511f713,Europe 5v5 Queue,1,1786311534,1786312979,24.1
1-eaeabb95-141e-4181-abdb-cba6d7f43933,South America 5V5 Queue,1,1787082263,1787084464,36.7
1-eafdc185-0154-4a47-9cea-8bf288aaa11e,South America 5V5 Queue,1,1787516672,1787518848,36.3
1-eb0feec5-c9cd-4cfd-a3ee-f2b75026bb1f,South America 5V5 Queue,1,1787620798,1787623458,44.3
1-eb134662-b529-4abb-a6ee-c5daa956208e,South America 5V5 Queue,1,1784530032,1784531958,32.1
1-eb1c8c05-c14b-410e-81e6-d0c8457ccd9f,South America 5V5 Queue,1,1786066849,1786068172,22.1
1-eb4a7e86-e875-4b55-a151-7e77907f53ac,South America 5V5 Queue,1,1786163914,1786166176,37.7
1-eb7a0888-759d-492d-951b-d8d41a8e06d7,South America 5V5 Queue,1,1780083728,1780086135,40.1
1-eb93a665-ecc3-4728-8ce9-2fb0d48f1f87,South America 5V5 Queue,1,1781742466,1781744652,36.4
1-eb9c9534-b3a2-48fa-b081-d2aed5393ba5,South America 5V5 Queue,1,1781822364,1781826219,64.2
1-ebc0a5b6-638c-4540-8fe1-53a42e608920,South America 5V5 Queue,1,1786321290,1786323190,31.7
1-ebe3835d-e60c-4c61-b367-9539a7c4ad66,South America 5V5 Queue,1,1786727171,1786729727,42.6
1-ec08e273-b9fc-41f0-9512-e18eb21accfc,South America 5V5 Queue,1,1787147446,1787149296,30.8
1-ec090ccd-8990-45f7-b7c4-6481c1a4513c,South America 5V5 Queue,1,1786480464,1786482130,27.8
1-ec2048d6-efb4-448d-bd25-0de7a00e8d5d,South America 5V5 Queue,1,1782438836,1782440857,33.7
1-ec703933-d11f-4a3c-ae2c-bd8a35db777b,South America 5V5 Queue,1,1787601505,1787603473,32.8
1-ec78fb2e-bdd0-423f-b06e-0df1aa9465f7,PLAYOFFS - GAME FEST,3,1780249523,1780251339,30.3
1-ec9ff10c-e7ce-4096-9e8b-f94a0004e20b,South America 5V5 Queue,1,1785639959,1785642458,41.6
1-eca8ba31-f564-46ff-a1cd-6ea35a9841de,South America 5V5 Queue,1,1786837230,1786839102,31.2
1-ed205ffa-76dd-496f-a7a4-2c705d32884e,South America 5V5 Queue,1,1787599410,1787601415,33.4
1-ed8f9ee1-e650-4013-9788-e1b758e01c13,South America 5V5 Queue,1,1786579669,1786581755,34.8
1-ed99f347-58f0-4333-81a1-7226f80dd89a,South America 5V5 Queue,1,1787351565,1787355268,61.7
1-ed9ba48a-0f2c-4b8a-9199-0d1906499168,South America 5V5 Queue,1,1787018700,1787020551,30.9
1-ee11cfd7-b077-4d5c-b403-9fed0c46eeab,South America 5V5 Queue,1,1786301255,1786303496,37.4
1-ee7ecff9-d798-4975-9529-ccd4f82fa57f,South America 5V5 Queue,1,1786932444,1786934859,40.2
1-ee9f123d-ef51-4174-b2e1-3c4e9dae3b6d,South America 5V5 Queue,1,1787522322,1787524499,36.3
1-eeb814ef-73d3-4642-b343-d2617771d536,South America 5V5 Queue,1,1786240959,1786242709,29.2
1-eeb89dbf-1e61-4a73-972b-42f37405efb7,South America 5V5 Queue,1,1786167267,1786169729,41.0
1-eed07f99-b1f3-4829-86c5-90d9dffc1c6b,South America 5V5 Queue,1,1787020712,1787023347,43.9
1-eed8b8f7-aac9-4993-9111-c597946a3cfd,South America 5V5 Queue,1,1787085566,1787087789,37.0
1-eeeff8bd-3428-47e6-9b26-c3a31c560b0b,South America 5V5 Queue,1,1787614359,1787616285,32.1
1-ef309141-a7b7-4dd9-a5f6-ea36b0298283,South America 5V5 Queue,1,1787023609,1787025561,32.5
1-ef395e35-3033-44bf-955f-c46cbbbe5ab2,South America 5V5 Queue,1,1786210934,1786215034,68.3
1-ef44addf-d66f-4164-bc44-fd32356875a8,South America 5V5 Queue,1,1784812721,1784814888,36.1
1-ef483ce1-b652-4b5d-a672-a89b15875f1b,South America 5V5 Queue,1,1787602413,1787605517,51.7
1-ef5d543b-05bb-4752-b174-d695b0ab05e1,CCT 2026 South America 5 - Open Qualifier,1,1786820877,1786822643,29.4
1-ef5f7be9-d6b9-4534-b564-2c1827dce9ca,South America 5V5 Queue,1,1785132488,1785134266,29.6
1-ef9a9a31-acd6-4d0a-9efd-7810558dd1c1,South America 5V5 Queue,1,1787182006,1787183692,28.1
1-efb22c26-dcda-4e40-9a71-0987a578ce59,South America 5V5 Queue,1,1786985996,1786987921,32.1
1-efe25bfc-32a8-4c7a-ae52-66d57347ef0d,South America 5V5 Queue,1,1787005037,1787006416,23.0
1-f002a0fc-184a-45f7-a659-ccd7f7e98837,South America 5V5 Queue,1,1787122099,1787124307,36.8
1-f00e387c-084f-4910-9ae9-9c7efc1a0902,South America 5V5 Queue,1,1781289780,1781291736,32.6
1-f02c9a82-02a8-4fe7-8788-be5bb06c7e58,South America 5V5 Queue,1,1784834603,1784837420,47.0
1-f0624713-6bcb-4630-9e27-f4e71dff8ede,South America 5V5 Queue,1,1784763545,1784765029,24.7
1-f0a2249f-4634-4c41-875a-8bd5d2b45baa,South America 5V5 Queue,1,1787439077,1787440643,26.1
1-f0d26f20-6fda-45cc-a26f-33e6e03aa027,South America 5V5 Queue,1,1785948508,1785951096,43.1
1-f0f67b2d-51b2-4814-81fb-10fe32ace2d8,South America 5V5 Queue,1,1787098107,1787100021,31.9
1-f10eb915-6e82-4ed2-8eea-698ab37ddfbf,South America 5V5 Queue,1,1787095111,1787097238,35.5
1-f14df539-ab12-4f5e-9d5c-af44c212700e,South America 5V5 Queue,1,1785957193,1785959415,37.0
1-f150e429-7c43-4243-8e8b-e1e7b78b91db,South America 5V5 Queue,1,1787620521,1787622085,26.1
1-f1576315-22e6-475e-9e44-6aa4fad7c6e4,South America 5V5 Queue,1,1787267946,1787270146,36.7
1-f181f69a-b34c-41d9-9639-36f0e9b68d26,South America 5V5 Queue,1,1786404242,1786406641,40.0
1-f18c484e-1d68-4e2d-ad2a-470d7a0bb95c,South America 5V5 Queue,1,1786055915,1786058621,45.1
1-f1ab5f2c-626b-46ce-af38-67f98a05d659,South America 5V5 Queue,1,1786990677,1786992778,35.0
1-f1c409f5-c5a0-4a92-992e-0681f41c6d1c,Europe 5v5 Queue,1,1784667819,1784669445,27.1
1-f1d35e30-bb5d-4e15-a487-679639026834,South America 5V5 Queue,1,1786665167,1786667958,46.5
1-f1e18f77-c811-4027-bba6-e2fbd9faab11,South America 5V5 Queue,1,1787555531,1787556772,20.7
1-f1e81317-6749-490f-9f9c-7c4de9019edf,South America 5V5 Queue,1,1787471240,1787472853,26.9
1-f1f1fd1d-6e97-4453-a140-8be7c08ed73a,South America 5V5 Queue,1,1787196539,1787199088,42.5
1-f1f4f6fd-4368-49a4-b634-4905031beac6,South America 5V5 Queue,1,1785941439,1785943132,28.2
1-f1fe2c77-9929-4b5b-830a-6d1b45bf61b6,South America 5V5 Queue,1,1780081819,1780083175,22.6
1-f20133fd-ca92-4fb3-bbe9-1327ef6ca37d,South America 5V5 Queue,1,1779144709,1779147237,42.1
1-f2032b69-365c-461c-bdaf-e44391046bc2,South America 5V5 Queue,1,1787108996,1787111602,43.4
1-f2053344-1eac-4d18-a1c5-b2e2c00431e0,South America 5V5 Queue,1,1787003107,1787005026,32.0
1-f205825c-82eb-4709-868e-d82ddf5c4a25,South America 5V5 Queue,1,1787624874,1787626553,28.0
1-f205c543-8377-4f95-bc50-6181d35b4ece,South America 5V5 Queue,1,1786148461,1786150207,29.1
1-f20c738d-b15c-4a74-8934-ed46573e5cac,Betboom Storm 4 - paiN Academy vs Keyd Stars,3,1786397207,1786399027,30.3
1-f2236667-4c37-4dec-ae7a-b6313e7a4406,South America 5V5 Queue,1,1787288466,1787291926,57.7
1-f224555a-ddc7-47dc-81aa-77f1be0d2a73,South America 5V5 Queue,1,1784254173,1784255894,28.7
1-f2393f1b-951f-4573-ac35-843f27cb8455,South America 5V5 Queue,1,1782444564,1782446197,27.2
1-f24bbfa7-0f93-47f1-99ff-d77d93e2da30,Imagineleague 2026 -Counter-Strike 2 - Group Stage,1,,1786820032,
1-f264baef-2e13-4218-a328-832e2a13a4a0,South America 5V5 Queue,1,1787441814,1787444259,40.8
1-f26a81f6-e707-4dd4-816e-baf5eccee052,South America 5V5 Queue,1,1787607576,1787609237,27.7
1-f27baf4d-6fcb-4a49-9626-fd4028ac1561,South America 5V5 Queue,1,1786994058,1786996299,37.4
1-f28d82ff-d74e-46fa-b663-f77106d55233,Europe 5v5 Queue,1,1786737047,1786738917,31.2
1-f29f0b3e-8810-4de1-994b-43e9f1b395b0,South America 5V5 Queue,1,1785549673,1785551566,31.6
1-f30c492d-fdb0-4ad3-84ea-d8f9d53a12e1,South America 5V5 Queue,1,1787459320,1787461613,38.2
1-f3294023-5953-42a6-b185-cd907ccabec4,South America 5V5 Queue,1,1787549804,1787552061,37.6
1-f32cbe34-bd18-4e7c-8e95-e1e6f5aa03c8,South America 5V5 Queue,1,1787614122,1787616545,40.4
1-f3618935-04fa-49b2-8b6a-c128dce2cbb2,South America 5V5 Queue,1,1786684684,1786687409,45.4
1-f3627231-8ffd-482e-a873-0b3810dd7d7d,South America 5V5 Queue,1,1787608130,1787609008,14.6
1-f368f1c9-695f-4ed6-a81d-87d1a352c903,South America 5V5 Queue,1,1786378687,1786381094,40.1
1-f376988d-dcde-4c32-a7ca-3985942d6f39,South America 5V5 Queue,1,1787638166,1787640424,37.6
1-f388a98c-ee20-4ac3-bc95-0afd1247e1d8,South America 5V5 Queue,1,1786905597,1786907373,29.6
1-f39e28f2-7ee5-4b48-846a-c621f2aa6257,South America 5V5 Queue,1,1785290695,1785292615,32.0
1-f3b7cafe-8741-41d1-a493-81a13d24d2d4,S58 SA Open Central - Regular Season,1,1786486106,1786487980,31.2
1-f3bfd99e-f1e0-4790-80ac-b42178f78ce7,South America 5V5 Queue,1,1786997737,1786999447,28.5
1-f3d90320-692a-47e8-933e-88ef02d2f6fd,South America 5V5 Queue,1,1787286595,1787289175,43.0
1-f3daf76c-7846-4c8e-ba42-dd918f34efef,South America 5V5 Queue,1,1785645765,1785649222,57.6
1-f3fc5b15-8047-42d9-9f8b-d5f220ed5873,South America 5V5 Queue,1,1787168928,1787170340,23.5
1-f40e110f-acff-4f6c-9b06-79b518e2ed57,South America 5V5 Queue,1,1787095956,1787098324,39.5
1-f492cc42-9749-45d1-8964-db59303f01eb,South America 5V5 Queue,1,1787352621,1787354611,33.2
1-f4aad3f0-4144-40fa-a162-46b87d0d9902,South America 5V5 Queue,1,1787452041,1787453897,30.9
1-f4b4ba9a-8be0-45a0-8835-dc75b4e5e4c6,South America 5V5 Queue,1,1787534958,1787537248,38.2
1-f4deaf07-2257-47d2-918a-e65fbb1f373a,South America 5V5 Queue,1,1786909282,1786911656,39.6
1-f4e3e907-627b-4557-9d31-fa446f024bb3,South America 5V5 Queue,1,1785019452,1785022665,53.5
1-f4f24495-2083-43a4-bc17-01648fe4ae50,Europe 5v5 Queue,1,1786824339,1786826171,30.5
1-f4f30190-d30b-4d64-81c0-9d37160c1092,South America 5V5 Queue,1,1787157474,1787159511,34.0
1-f4fd1839-08db-4a2a-bb8a-5c11436d1178,South America 5V5 Queue,1,1782150039,1782153752,61.9
1-f50dc94d-ba5a-4956-a390-01614e0f3cfc,South America 5V5 Queue,1,1787437073,1787439362,38.1
1-f52492e3-6daa-46d3-84f9-71ba556ae250,South America 5V5 Queue,1,1787454808,1787458356,59.1
1-f55c1b3c-5801-410b-9aff-f7cb03009bc7,South America 5V5 Queue,1,1787346548,1787348827,38.0
1-f571772f-194e-445d-9b29-991a8d804c53,South America 5V5 Queue,1,1786902143,1786905451,55.1
1-f5c1305f-be67-4702-b210-a52738d6c0f2,South America 5V5 Queue,1,1787275006,1787277369,39.4
1-f5e795c6-d2c0-4b92-a138-d168062106ae,South America 5V5 Queue,1,1787359774,1787363292,58.6
1-f5ead4aa-9422-4d9c-af15-43cd44033fe6,Counter Strike 2 at 2026 Esports Nations Cup: Brazil,3,,1784063864,
1-f626e127-0eda-45db-aac7-a9450adfa21a,South America 5V5 Queue,1,1785620981,1785622993,33.5
1-f651cb2f-c8bc-4adf-b42c-604409667940,South America 5V5 Queue,1,1784671306,1784673583,38.0
1-f65db93f-8874-49f9-b6e2-57c8c76199c8,South America 5V5 Queue,1,1787105988,1787107750,29.4
1-f69f1f0d-4ca9-4987-be0f-fb5e990fc3d4,South America 5V5 Queue,1,1787358938,1787360654,28.6
1-f6f0c08c-9350-4906-84a9-648507d9e257,South America 5V5 Queue,1,1785190005,1785190856,14.2
1-f6f2dc48-4b92-417f-9e8b-34785ad9b2c5,South America 5V5 Queue,1,1786139927,1786142249,38.7
1-f702d5ca-c6e9-4cd6-9b1a-1cb157426d44,South America 5V5 Queue,1,1787106352,1787108752,40.0
1-f71c9277-4506-48e4-832f-1fc46c6a6dfb,South America 5V5 Queue,1,1786496986,1786500008,50.4
1-f7326761-3eed-49a2-90e5-1cf2e31f07d3,SA ECL S52 Cup 1,3,1787695395,1787697223,30.5
1-f732aec4-4fdf-464b-b8c2-c436b004a959,South America 5V5 Queue,1,1786042671,1786045345,44.6
1-f7520438-e00a-4049-9cfe-0ed842bedce7,South America 5V5 Queue,1,1782163065,1782165143,34.6
1-f77f13c7-3e92-46b4-80b2-bdcfb290a32a,South America 5V5 Queue,1,1787279482,1787282810,55.5
1-f79be30c-431d-4797-a6c9-73f222c9226a,South America 5V5 Queue,1,1782441120,1782443929,46.8
1-f7ab42d6-28a2-47e4-b1f8-692dac65094e,South America 5V5 Queue,1,1787269207,1787270646,24.0
1-f7c5e149-2544-4dee-8986-8b125d23948e,South America 5V5 Queue,1,1787373945,1787376195,37.5
1-f7c76e29-2c16-4ef9-b11f-6e16efaac8bc,South America 5V5 Queue,1,1787587434,1787588867,23.9
1-f7f8ade4-c39a-42f7-839c-2c3eac8b93ca,South America 5V5 Queue,1,1787255666,1787257471,30.1
1-f80b18fd-0b9a-47fe-8cd2-3a72438abcce,South America 5V5 Queue,1,1787118168,1787120401,37.2
1-f8111f88-87f0-4d2b-8fe7-601f639d02c5,South America 5V5 Queue,1,1786046733,1786048379,27.4
1-f85201e5-d539-47a4-a035-228de30227d9,South America 5V5 Queue,1,1787356017,1787358197,36.3
1-f858dc00-b999-46ec-bb03-87f86ffc0054,South America 5V5 Queue,1,1785799638,1785801644,33.4
1-f87b2358-0a2e-4b84-8748-3b3c60c9f78c,South America 5V5 Queue,1,1787262636,1787264594,32.6
1-f8a76138-4f72-48d7-a813-579ba93797be,South America 5V5 Queue,1,1786131526,1786133651,35.4
1-f8b17800-370c-4ce7-bffb-355516fa482a,South America 5V5 Queue,1,1786932150,1786934475,38.8
1-f8b3aba5-0483-4d1f-abe5-6a6a88f69421,South America 5V5 Queue,1,1786632676,1786634637,32.7
1-f8d2db5d-6a61-4f7c-97fc-06f29790c062,South America 5V5 Queue,1,1786925266,1786927426,36.0
1-f8ecccb7-be42-41ce-8c2c-052763d0e776,South America 5V5 Queue,1,1785944712,1785946094,23.0
1-f9221e37-1960-433d-9e81-f717565fd6b3,South America 5V5 Queue,1,1787631802,1787634153,39.2
1-f93c2a54-aa40-4613-88fc-9824c47fd83e,South America 5V5 Queue,1,1787532503,1787536047,59.1
1-f93cee60-aaac-4bf2-8dfc-481291906ee1,South America 5V5 Queue,1,1787427684,1787429074,23.2
1-f950db1c-d93f-459c-af26-c60d69eea63e,South America 5V5 Queue,1,1786245729,1786247372,27.4
1-f9541bfc-95c2-4f38-863e-6fa9f9f25403,South America 5V5 Queue,1,1787450238,1787453119,48.0
1-f9554f1f-43a3-42da-b100-15db0208b27d,South America 5V5 Queue,1,1787589095,1787591007,31.9
1-f96a5941-93ae-4ca0-87d7-4bdff0b64845,South America 5V5 Queue,1,1786473779,1786476663,48.1
1-f97b5dd3-6784-4af1-8c3c-685f73ebb590,South America 5V5 Queue,1,1786769790,1786771986,36.6
1-f97bb1b0-c117-4b8d-943b-15a2cae42280,South America 5V5 Queue,1,1787009804,1787011918,35.2
1-f9804b61-2b03-4e3f-afc5-3270c8f2d4b8,South America 5V5 Queue,1,1786415260,1786417336,34.6
1-f9c9c311-42a4-40b6-add9-54dca1046704,South America 5V5 Queue,1,1786757837,1786760294,41.0
1-f9d1bed4-36be-4b38-9ae2-d7d0e44a80e5,Europe 5v5 Queue,1,1786491162,1786493639,41.3
1-f9d29bee-7355-4bbf-a5fb-10e27f3b1d77,South America 5V5 Queue,1,1786952442,1786954033,26.5
1-f9e7212c-af32-4dba-be45-c7b94f75c95a,South America 5V5 Queue,1,1786425484,1786427491,33.5
1-f9e7fe68-596b-44af-a749-1f2068e55c4d,South America 5V5 Queue,1,1787107808,1787111190,56.4
1-f9f70b57-b234-42b9-bbd7-0c538361f9b6,South America 5V5 Queue,1,1786849658,1786851323,27.8
1-fa06a6e5-e9ca-416d-8ecc-d954c9ef0626,Europe 5v5 Queue,1,1786745563,1786746830,21.1
1-fa1064fe-df17-40a9-ada3-950b55547685,South America 5V5 Queue,1,1786060696,1786062671,32.9
1-fa49e3d7-1574-455b-8e52-49bdf2fcf737,South America 5V5 Queue,1,1787351214,1787352781,26.1
1-fa6ed046-37b2-45a2-be89-d9948018d847,South America 5V5 Queue,1,1787267323,1787269681,39.3
1-fa75f598-4933-4c98-8f66-5412670d257d,South America 5V5 Queue,1,1785696107,1785698001,31.6
1-fa9c3b00-32d9-4a1f-8cc1-9e57a4d14670,South America 5V5 Queue,1,1786998745,1787001236,41.5
1-fada9975-32cc-46f2-9d6f-98a8ca9fd640,South America 5V5 Queue,1,1787543605,1787545971,39.4
1-fadd6f53-79f9-4920-b904-d40bd242b3ab,South America 5V5 Queue,1,1779583932,1779585633,28.4
1-fb174609-92f4-441c-967f-1d3e77ec33cb,S58 SA Open Central - Regular Season,1,1787183256,1787184812,25.9
1-fb2b5667-5d46-4dee-9c65-1a383739cf07,South America 5V5 Queue,1,1787105234,1787108343,51.8
1-fb3e3d07-9e70-4a1b-95db-124038b650b0,South America 5V5 Queue,1,1787015860,1787018284,40.4
1-fb410aff-136a-46f8-8c8a-f5c2f9901e08,CS2 2026 - GoGameFestival,3,1787517411,1787518872,24.4
1-fb74090b-a80c-4af9-a0d8-44597113a53c,South America 5V5 Queue,1,1785293855,1785295872,33.6
1-fb7eb14d-f843-4b92-8794-6c31733a22d9,South America 5V5 Queue,1,1786400504,1786403601,51.6
1-fb870804-41c5-455d-9999-a5b1eadbb8c4,South America 5V5 Queue,1,1785994908,1785996967,34.3
1-fbcd5e74-658a-4aa0-a10c-875eda979b92,South America 5V5 Queue,1,1786168978,1786171309,38.9
1-fc091b38-3c1a-44bd-89ae-d14a770010ea,South America 5V5 Queue,1,1787539888,1787542567,44.6
1-fc16cb8b-f4c9-4ee4-9acd-63efceb9f10a,South America 5V5 Queue,1,1786766712,1786769268,42.6
1-fc21443f-157c-4d68-a806-27b264878d85,South America 5V5 Queue,1,1786249065,1786251357,38.2
1-fc410a3c-12d1-4cf7-87b1-c6f5276f3e5c,S58 SA Open Central - Regular Season,1,,1786462230,
1-fc4db106-0eca-4d1f-8f94-a2d342107173,South America 5V5 Queue,1,1787003633,1787005691,34.3
1-fc622794-5395-468f-b4be-e3f002908b41,South America 5V5 Queue,1,1787596715,1787597508,13.2
1-fc710d9e-dc35-4f2e-9b84-8ac20e4214fc,South America 5V5 Queue,1,1778208164,1778210558,39.9
1-fc83e1b1-f740-4995-b64a-03e45c9e79d8,South America 5V5 Queue,1,1786674185,1786676711,42.1
1-fca94772-78fa-425d-86f7-40481168d0de,South America 5V5 Queue,1,1787286365,1787288181,30.3
1-fcaed7c6-8642-4e95-8970-0751a09fbbae,South America 5V5 Queue,1,1787675342,1787677218,31.3
1-fcc6bdbd-7763-4a90-9c92-1cfa76fa7a5a,South America 5V5 Queue,1,1785465779,1785467315,25.6
1-fce434ef-3b2a-47d1-a681-0df08bbfdd85,South America 5V5 Queue,1,1787682883,1787685162,38.0
1-fd0c4d9e-2627-42fe-921a-d9778872614c,South America 5V5 Queue,1,1787099635,1787102096,41.0
1-fd353ac0-98f0-4e3a-a221-9093d3258e97,South America 5V5 Queue,1,1787284409,1787286185,29.6
1-fd5dd0a1-184a-4f70-85fd-5aceb46604a2,South America 5V5 Queue,1,1787259250,1787262131,48.0
1-fd69d366-3929-45d8-a4e0-cc923e773e87,Europe 5v5 Queue,1,1786589180,1786591462,38.0
1-fd79f7a6-413a-448e-be41-4a3e1474cb66,South America 5V5 Queue,1,1785189459,1785191600,35.7
1-fd87b63c-9a87-421e-b278-e9f06fa00a99,South America 5V5 Queue,1,1786847632,1786849299,27.8
1-fdb8aed6-6390-4d6f-ab92-0f85c06f8cb9,South America 5V5 Queue,1,1787512197,1787514450,37.5
1-fdc92e9d-30d5-46eb-8fc2-1f3c399d6ab8,South America 5V5 Queue,1,1787102132,1787104433,38.4
1-fdd1d9a8-b0c7-4fd4-abf7-0af239d7fc58,South America 5V5 Queue,1,1786829809,1786831656,30.8
1-fdd66d21-db2a-4b11-8b16-7e6fee41bdc7,South America 5V5 Queue,1,1786135022,1786137032,33.5
1-fe0948ba-d43f-4e9f-8771-498484735cdb,South America 5V5 Queue,1,1787013177,1787015195,33.6
1-fe1a09af-e4e0-43af-bf1a-f34897cfc3ac,South America 5V5 Queue,1,1787257828,1787260245,40.3
1-fe282d36-53ab-4b7c-895c-d516fc47c8c6,South America 5V5 Queue,1,1786595030,1786597218,36.5
1-fe37580e-2e57-454d-8f3b-a596c9218e10,South America 5V5 Queue,1,1786755982,1786757800,30.3
1-fe4cb74b-daf0-4c97-b66c-59f1c371cd44,South America 5V5 Queue,1,1785017267,1785019043,29.6
1-fe6ccb70-060a-4a5e-8681-19ba2361dfb5,South America 5V5 Queue,1,1786666281,1786668618,39.0
1-fe889d56-65d5-4de8-ba37-fc2eaf03fb94,South America 5V5 Queue,1,1787025559,1787027958,40.0
1-feaf3a2d-2740-467f-8ed7-d4a870f0cfb4,South America 5V5 Queue,1,1787624007,1787626263,37.6
1-fed5954e-8a0f-4f53-82a2-591c69f65134,South America 5V5 Queue,1,1785039167,1785041477,38.5
1-ff17fba9-ff87-4130-8855-4d6b5caadcf3,South America 5V5 Queue,1,1787630272,1787632484,36.9
1-ff3ca44f-0ef2-4b16-915a-a72bb10182c8,South America 5V5 Queue,1,1785792948,1785794822,31.2
1-ff41f8ce-7b39-4c64-b1b7-27c0bc426c3e,South America 5V5 Queue,1,1786368751,1786372309,59.3
1-ff852183-eadd-4160-a386-3bcffaf16805,South America 5V5 Queue,1,1786769251,1786773653,73.4
1-ff94f2c2-8c75-4e54-9895-22652e45b9a9,South America 5V5 Queue,1,1786469592,1786471382,29.8
1-ffaf6fa2-16e4-4ede-817c-f2eeccf1e55c,South America 5V5 Queue,1,1786067322,1786068773,24.2
1-ffbe2be6-5968-4378-bf3a-e97e6d9564d8,South America 5V5 Queue,1,1787287876,1787290238,39.4
1-ffc17dcf-c855-43ee-b699-c8f82268c3d0,Europe 5v5 Queue,1,1785959783,1785961640,30.9
1-ffd5896d-90da-476b-970d-a81956181874,South America 5V5 Queue,1,1785968106,1785970400,38.2
1-00058b01-338c-410e-bb3e-e73f14b77e73,South America 5V5 Queue,1,1783614026,1783616847,47.0
1-0006a376-8c76-4b6d-97ef-cd0fd21d60d7,South America 5V5 Queue,1,1784755775,1784758133,39.3
1-000ac597-b6ae-4f6a-87b8-76819bdcdf01,South America 5V5 Queue,1,1785639216,1785640978,29.4
1-000e9c6f-d65d-45eb-afc1-b364c4de1a86,South America 5V5 Queue,1,1783745210,1783747746,42.3
1-00296751-9575-4ef1-9b7e-7dcb86289ef6,South America 5V5 Queue,1,1777923612,1777925242,27.2
1-002a507b-3fac-458a-baf9-ec6816830972,South America 5V5 Queue,1,1778205477,1778208790,55.2
1-002e167c-1bf4-4db4-93ac-da87be20dc1f,South America 5V5 Queue,1,1783384493,1783386649,35.9
1-00316cbc-25e9-445d-8cf9-43a86b60f6e5,South America 5V5 Queue,1,1779125363,1779127818,40.9
1-00360a80-f772-4dd6-a329-b44992dab834,South America 5V5 Queue,1,1784952713,1784954644,32.2
1-003bb39c-1c7c-4d34-9f39-6f35352294b7,South America 5V5 Queue,1,1782356755,1782358793,34.0
1-00417031-05f0-401d-9708-3c2d98be56c5,South America 5V5 Queue,1,1785456781,1785460370,59.8
1-00609bde-296e-4a1f-9b93-d24f9a314765,South America 5V5 Queue,1,1785187943,1785190570,43.8
1-00758f9f-90c9-4d2c-b5cc-84bee7c46edc,South America 5V5 Queue,1,1784772556,1784775005,40.8
1-00764fc4-8936-4167-aa5a-4442f38fcf19,South America 5V5 Queue,1,1785302001,1785304316,38.6
1-007cbc82-c647-4318-868f-199b5612a18a,South America 5V5 Queue,1,1785436619,1785438339,28.7
1-00802559-cd90-4cf1-baa9-2478ddb7d435,South America 5V5 Queue,1,1785345584,1785347805,37.0
1-00967bcd-53fc-46cd-a684-9cdafcf892fb,South America 5V5 Queue,1,1785212751,1785214748,33.3
1-009e742e-d779-420c-9871-1cd9afb5a44b,South America 5V5 Queue,1,1781498336,1781499442,18.4
1-00a12991-0e5d-4044-b7a3-45194530dc78,South America 5V5 Queue,1,1785719200,1785721646,40.8
1-00ad7f61-cf54-4da7-acf5-41c2c9d1c0ed,South America 5V5 Queue,1,1785523688,1785525470,29.7
1-00b7a9c5-0a33-4cd3-afa6-2dfe156e39b0,South America 5V5 Queue,1,1784143074,1784148083,83.5
1-00b8888e-ca16-4508-beb7-88f9d3b2eb85,South America 5V5 Queue,1,1782264041,1782266620,43.0
1-00ca0605-a850-43d1-92c0-031d78c021f0,South America 5V5 Queue,1,1784571786,1784574015,37.1
1-00cb6aff-4128-4d4a-9298-35bb941ff4b6,South America 5V5 Queue,1,1785096650,1785099076,40.4
1-00dbe80d-1660-4848-8c14-8e851afee574,South America 5V5 Queue,1,1785190609,1785192498,31.5
1-00eb69c9-4c6b-4538-a0c6-c2fcff494920,South America 5V5 Queue,1,1785468551,1785470827,37.9
1-00ec8e3f-1b9f-4108-9ea1-3aa17ae4df51,South America 5V5 Queue,1,1785291350,1785293017,27.8
1-00ecab3a-4580-494b-aa26-659f513a38b4,South America 5V5 Queue,1,1779683888,1779685401,25.2
1-00ecc825-840a-4fd6-b7ec-a461e82bf802,South America 5V5 Queue,1,1780113573,1780116007,40.6
1-00ed3d5c-8bcd-4678-8576-d526ee7e17b7,South America 5V5 Queue,1,1781644489,1781646643,35.9
1-00fd7247-3d9f-4bed-9ea5-cc296d88ecf0,South America 5V5 Queue,1,1784502863,1784505667,46.7
1-010c6d32-b204-429c-a8d8-465078d0a777,South America 5V5 Queue,1,1785652036,1785653908,31.2
1-010e810a-118a-4403-8559-e77d2becfa71,South America 5V5 Queue,1,1777606877,1777610580,61.7
1-010f7d62-f66c-4869-ae82-3463480cb330,South America 5V5 Queue,1,1780708984,1780711421,40.6
1-0112ef1a-f19c-4c95-8f08-b6a629285328,South America 5V5 Queue,1,1785458080,1785460405,38.8
1-011b1797-e6d7-4334-88ba-e6ebccc1f373,South America 5V5 Queue,1,1785677817,1785679357,25.7
1-012067f8-8074-485c-88c3-3c57d9eddba4,South America 5V5 Queue,1,1784328306,1784330292,33.1
1-01263ca9-15cb-4c0a-98a2-ecc1bb91a5df,South America 5V5 Queue,1,1784857696,1784859885,36.5
1-0127df89-f5d4-4e02-b3f8-8f8c34cb21d4,South America 5V5 Queue,1,1783995761,1783998114,39.2
1-01386260-642d-48ec-a9d0-a0a655fd25f4,South America 5V5 Queue,1,1785365336,1785367561,37.1
1-0138b37e-92da-415f-9a7c-55480c6eab6a,South America 5V5 Queue,1,1784068671,1784070972,38.4
1-01435832-3171-474c-b66e-e713e5a3005d,South America 5V5 Queue,1,1784580431,1784582528,35.0
1-0144f5a7-c4b0-4110-ac98-52b6c45618ce,South America 5V5 Queue,1,1785212869,1785215603,45.6
1-0146d2a5-508d-43fd-9e45-915532bf15e8,South America 5V5 Queue,1,1783985463,1783987723,37.7
1-01547e27-f3ab-4c6e-b19a-120eec3937bc,South America 5V5 Queue,1,1784094666,1784096590,32.1
1-015897d0-135c-4d9b-9675-76690743bc89,South America 5V5 Queue,1,1785365164,1785368771,60.1
1-015f68c2-1864-40c4-bd16-cdb6f374bdc0,BONOXS Circuit SA 1 - Qualifier Semanal,1,1778022388,1778022388,0.0
1-0160aacb-2caa-4624-8804-4f57367c84bd,South America 5V5 Queue,1,1785442494,1785444196,28.4
1-016789c6-e19d-4b89-a20f-8bf32bcdfd2a,South America 5V5 Queue,1,1782677283,1782679466,36.4
1-016e66ea-ea4d-4a88-83c8-1719e0b0c53c,South America 5V5 Queue,1,1780956460,1780958235,29.6
1-01803353-e451-4d34-acbe-bd98b040de31,South America 5V5 Queue,1,1781628305,1781630458,35.9
1-018255af-4b31-4865-909a-e1cfe01c7a4d,South America 5V5 Queue,1,1784608615,1784610207,26.5
1-0195c4a5-c4e4-461b-88c7-6c30075444e4,South America 5V5 Queue,1,1781392651,1781395435,46.4
1-019828b4-4f07-4f3e-ad2f-9973aac39081,South America 5V5 Queue,1,1782864324,1782866562,37.3
1-0198dd47-3705-4615-bdce-a59aa5be1d51,South America 5V5 Queue,1,1785522175,1785524271,34.9
1-019e5753-0557-429a-b65a-966599719f9e,South America 5V5 Queue,1,1782957589,1782959520,32.2
1-01a1c8a3-f839-42d1-90e1-65e7bfdc8bb5,South America 5V5 Queue,1,1785719567,1785720439,14.5
1-01ac95be-7975-4076-bad3-eeaa5055b048,South America 5V5 Queue,1,1785466192,1785468187,33.2
1-01b663ef-3d46-441c-a5c1-93ee019ca1c5,South America 5V5 Queue,1,1785709619,1785711217,26.6
1-01b7a93b-f3f4-454b-aef7-1a7358477ca4,South America 5V5 Queue,1,1784958830,1784961982,52.5
1-01bc5639-0b7c-4f71-8acb-82262472c7b0,South America 5V5 Queue,1,1785024000,1785025822,30.4
1-01c17419-014f-4836-b8f3-812fc8ec61b7,South America 5V5 Queue,1,1785360857,1785361487,10.5
1-01ca0cc3-d293-4c7a-b1a5-5377dd093087,South America 5V5 Queue,1,1785806392,1785808783,39.9
1-01d1735b-e53a-47e7-8756-3ed906351e63,QUALIFY 1 - GAME FEST,1,1779555443,1779555443,0.0
1-01d82d55-5827-48be-b6c7-e2799812e894,South America 5V5 Queue,1,1782502397,1782504229,30.5
1-01ddef75-0ad4-4d31-ad07-0c13d9e36167,South America 5V5 Queue,1,1781629859,1781631959,35.0
1-01e2ff60-162f-45e8-9170-3dec1ab345ad,South America 5V5 Queue,1,1784344425,1784345983,26.0
1-01e35eef-8601-48ed-8b7c-aa7cbef5f9be,South America 5V5 Queue,1,1779240420,1779241971,25.9
1-01f227b0-b0e7-42b9-9b7f-a055388a630d,South America 5V5 Queue,1,1782516653,1782518463,30.2
1-01f8a251-8eae-4d8a-8125-6cf96d164b60,South America 5V5 Queue,1,1779219038,1779221198,36.0
1-01fc245f-ea47-4420-80d0-6b086091b6da,South America 5V5 Queue,1,1785083036,1785084599,26.1
1-01fd5597-692a-4a85-ae09-8c9ea0b5363a,South America 5V5 Queue,1,1783128382,1783130409,33.8
1-020bebc1-6565-4349-bb82-d4091206df0a,South America 5V5 Queue,1,1780558568,1780562868,71.7
1-020cb23a-8218-4058-a486-34aa7152098b,South America 5V5 Queue,1,1784262683,1784264699,33.6
1-020f5c5a-8dfb-42d3-8742-9ce0c14beff8,South America 5V5 Queue,1,1783298922,1783300948,33.8
1-0211b1c5-5ac1-40d9-9c0f-34d84b0e0f62,Counter Strike 2 at 2026 Esports Nations Cup: Argentina,3,1784066186,1784067835,27.5
1-02129b2d-5e26-4ff1-8885-02a8801c0100,South America 5V5 Queue,1,1784842311,1784844376,34.4
1-0213dd0b-0521-4ce9-a8af-87cf73dcd4aa,South America 5V5 Queue,1,1777606857,1777608981,35.4
1-0220f8e8-c2e8-4a34-a6c9-8a0008762354,South America 5V5 Queue,1,1782856216,1782858723,41.8
1-022268f3-5032-49b0-bc8f-faca6759f242,South America 5V5 Queue,1,1785023467,1785025552,34.8
1-0230e7d3-cac0-42e1-9e66-b0c541282a89,South America 5V5 Queue,1,1783966501,1783968790,38.1
1-023d3ab9-1fb5-4b03-bf5c-0418bf11ccf6,South America 5V5 Queue,1,1783885094,1783887294,36.7
1-023fcf39-ffc4-4920-b28d-59576279352a,South America 5V5 Queue,1,1783012581,1783015232,44.2
1-0241648e-6371-4013-88fc-7ac472aabe58,South America 5V5 Queue,1,1783193428,1783195560,35.5
1-0243b166-0a50-4b29-af5a-38f34695e2b9,South America 5V5 Queue,1,1785385623,1785387934,38.5
1-02485546-b090-43f0-82a1-6fb19c560a9d,South America 5V5 Queue,1,1779124030,1779125570,25.7
1-025312fa-342f-42b9-9de0-5dddc195c1be,South America 5V5 Queue,1,1783472877,1783474568,28.2
1-0253380b-ceed-4d45-adfd-73288df48968,South America 5V5 Queue,1,1784594188,1784596787,43.3
1-026f4576-58f2-44e9-89dd-c2b8f05e2c1b,South America 5V5 Queue,1,1785044516,1785046627,35.2
1-02758063-dbd7-433a-aafe-cef1f420d5ac,South America 5V5 Queue,1,1780628325,1780629588,21.1
1-02796cdb-18c7-48a2-ae15-4bad49d733a1,South America 5V5 Queue,1,1778734327,1778735872,25.8
1-0286ae8a-1100-4f48-b6cc-a67dd020d57a,South America 5V5 Queue,1,1778904501,1778906683,36.4
1-028e013b-04f3-4f9e-8056-9aa65afdd743,South America 5V5 Queue,1,1785020029,1785021576,25.8
1-029a3f85-2383-452d-9208-b10f4f511ac9,South America 5V5 Queue,1,1785207300,1785209400,35.0
1-02ac823a-ba9f-4cd9-bab2-28d8e8ac5d42,South America 5V5 Queue,1,1784577434,1784580075,44.0
1-02adb8ba-4951-496c-b528-c51afeeff151,South America 5V5 Queue,1,1785479799,1785481091,21.5
1-02c4e15b-5c3b-4b89-bcec-31d0862c287a,South America 5V5 Queue,1,1785367312,1785369569,37.6
1-02cd06ec-a815-4518-87ae-7986570b968c,South America 5V5 Queue,1,1781138847,1781141208,39.4
1-02cf9514-f679-4849-a002-e231135bd7fb,South America 5V5 Queue,1,1781814907,1781817762,47.6
1-02e64c7d-9ba5-4e76-9c51-d763e3e1e03b,South America 5V5 Queue,1,1785736967,1785738693,28.8
1-02e7e862-1113-4f75-88aa-b4a73b89d11e,South America 5V5 Queue,1,1782344900,1782346491,26.5
1-02e86e21-ecae-4cd8-b321-c613ada3003b,South America 5V5 Queue,1,1782020388,1782021985,26.6
1-02e875ec-f0e2-410d-9293-4dda38aabc35,South America 5V5 Queue,1,1785028279,1785029759,24.7
1-02ec9d0b-062a-49ef-b1b1-fad1ce7a45ad,South America 5V5 Queue,1,1782952275,1782954733,41.0
1-02f58cda-bbfd-4c3e-a684-365c22c9a34d,South America 5V5 Queue,1,1783436849,1783439796,49.1
1-02f88983-b625-4023-9e8a-2b4b8d710f1a,South America 5V5 Queue,1,1783736339,1783738734,39.9
1-02f98343-145e-4af3-89c7-4d8afcb3c696,South America 5V5 Queue,1,1779133325,1779135957,43.9
1-030c6126-9ed4-423f-900c-3444c8afa996,South America 5V5 Queue,1,1785208250,1785210255,33.4
1-030d9145-9281-4dec-bb0a-d16cfabecc1f,South America 5V5 Queue,1,1785380098,1785382048,32.5
1-030f6f89-f0b9-47b8-965a-e1b4bf46db5b,South America 5V5 Queue,1,1784330255,1784332491,37.3
1-03135ad3-965c-4adf-b284-52d92be3714d,South America 5V5 Queue,1,1779731934,1779734046,35.2
1-03166a0d-5cd5-4351-bb6e-61d501cfea49,South America 1 - RES Showdown 4: BLAST Open Qualifier,1,1783170432,1783172423,33.2
1-031a002f-1950-4edb-8bcc-2913be33f0b7,South America 5V5 Queue,1,1780970522,1780973335,46.9
1-032073a4-1ca5-4ae1-acfd-2c4cdff13712,South America 5V5 Queue,1,1784242348,1784245142,46.6
1-032626d2-e8bd-4a6c-bcc5-840de073d584,South America 5V5 Queue,1,1785716171,1785718163,33.2
1-03266b5c-cfb2-4cf2-b024-6f90669af0cc,South America 5V5 Queue,1,1785175713,1785177424,28.5
1-032671df-41fe-4644-b12a-ba3cb22f01c7,South America 5V5 Queue,1,1784924069,1784925999,32.2
1-03396801-a57d-4496-945b-a3e9a9c58190,South America 5V5 Queue,1,1784604425,1784606787,39.4
1-033d2d86-d98d-40b2-8ebc-1bbc0663776b,South America 5V5 Queue,1,1785799478,1785800850,22.9
1-036b0a2f-b2ff-4019-8e66-ee0eb059545e,South America 5V5 Queue,1,1783051430,1783053168,29.0
1-037385d3-edfc-4420-b30d-847a8c4db45c,South America 5V5 Queue,1,1784679019,1784681306,38.1
1-03751f29-5147-45bf-8ace-f6f7490cf006,South America 5V5 Queue,1,1777397206,1777399337,35.5
1-0391f882-26fe-4f2f-a82c-c4ef24399995,South America 5V5 Queue,1,1783027292,1783030538,54.1
1-0399679b-db90-4fb6-b574-53c84a708063,South America 5V5 Queue,1,1779475456,1779477578,35.4
1-039b424d-ee43-4dbe-8432-7c838ef26ae1,South America 5V5 Queue,1,1785042369,1785044567,36.6
1-039f7760-1443-40a3-9e16-3eb363cbdb8d,South America 5V5 Queue,1,1785265183,1785267584,40.0
1-03a89d5b-d644-4199-a4fa-d1f4ef9bb28b,South America 5V5 Queue,1,1782015446,1782017198,29.2
1-03ba69b3-199d-4af9-ae46-b13d52e24d45,South America 5V5 Queue,1,1785437213,1785439202,33.1
1-03bacece-3ac1-4b4b-81d1-8b9d5200531f,South America 5V5 Queue,1,1781214102,1781217394,54.9
1-03bb80a7-25fa-49fb-a750-c3c36b20d20d,South America 5V5 Queue,1,1785637433,1785639430,33.3
1-03bd3b41-f8b4-49dc-a7fc-f6844a3cf923,South America 5V5 Queue,1,1781663787,1781666155,39.5
1-03cade47-97a5-41b0-8159-c1ac0e162ecb,South America 5V5 Queue,1,1785043594,1785045964,39.5
1-03de81b7-6182-43bf-a473-0c225c77a5c4,South America 5V5 Queue,1,1784002752,1784004854,35.0
1-03dee181-dc8d-4c8b-aec4-6dfde224bee8,South America 5V5 Queue,1,1783309636,1783311522,31.4
1-03f25906-7ece-48fe-9178-92f394654a2a,South America 5V5 Queue,1,1785808698,1785811655,49.3
1-03f3e5f3-f639-4548-bafc-70d62a6eecb4,South America 5V5 Queue,1,1778188472,1778190615,35.7
1-0419167b-84f3-4851-ba54-9bc2cbea4b36,South America 5V5 Queue,1,1777149166,1777153261,68.2
1-0419cacb-b7eb-431c-aa70-16cfe6dc42ff,South America 5V5 Queue,1,1779487964,1779490192,37.1
1-041b5c1b-98a9-491b-9f82-62ffcef1cfc5,South America 5V5 Queue,1,1784782985,1784785318,38.9
1-0427cf04-cd94-4d6b-a57d-06385a873158,South America 5V5 Queue,1,1785797858,1785800067,36.8
1-04298573-9fa2-4705-8789-79affff16232,South America 5V5 Queue,1,1784827920,1784830042,35.4
1-042f821f-4640-4d27-ac02-f264ad33097a,South America 5V5 Queue,1,1785358966,1785361315,39.1
1-0431bd11-a4ac-4a0e-9ac8-21c07254cdad,South America 5V5 Queue,1,1785353954,1785358226,71.2
1-0436c67b-89e3-4812-aae6-8605d64f9313,South America 5V5 Queue,1,1782619701,1782621762,34.4
1-043d5321-cf8c-4cda-81cc-9e0e1a3df334,South America 5V5 Queue,1,1782588621,1782590589,32.8
1-043fac36-866b-4538-a69a-bc1cdc68e9a9,South America 5V5 Queue,1,1782432876,1782435032,35.9
1-04536501-1720-4798-8401-35bdea3634d5,South America 5V5 Queue,1,1780735126,1780737357,37.2
1-04571e9b-4b38-48be-b1f0-17f66cac8614,South America 5V5 Queue,1,1784952331,1784954520,36.5
1-045870de-48f5-4287-995a-13d7815d2a47,South America 5V5 Queue,1,1785612230,1785614325,34.9
1-045939bc-ee36-4312-a74d-9817e60f6003,South America 5V5 Queue,1,1781467137,1781469302,36.1
