player_id,match_id,competition_name,game_mode,finished_at
71ea9955-8400-4553-87a5-4c325923d21f,1-76d17e90-7e00-41a4-8c56-fa1f8a8425d6,SA ECL S52 Cup 1,5v5,1787697152
71ea9955-8400-4553-87a5-4c325923d21f,1-701265e4-4f1e-449d-aa7b-c736b8e26a6e,South America 5V5 Queue,5v5,1787625931
71ea9955-8400-4553-87a5-4c325923d21f,1-4e4e6e93-4666-4f1c-9634-4ac289f4e5a8,South America 5V5 Queue,5v5,1787541858
71ea9955-8400-4553-87a5-4c325923d21f,1-6dc3a0ed-e0e6-48ea-b4f8-7325f74a3325,South America 5V5 Queue,5v5,1787538649
71ea9955-8400-4553-87a5-4c325923d21f,1-0da64fa2-6d45-48ed-848a-73d4a1f5ff69,South America 5V5 Queue,5v5,1787535401
71ea9955-8400-4553-87a5-4c325923d21f,1-44cacd30-e27b-4121-b977-9e1a2f212af7,South America 5V5 Queue,5v5,1787284382
71ea9955-8400-4553-87a5-4c325923d21f,1-c6147821-6a34-440c-b647-3d168cbfb920,South America 5V5 Queue,5v5,1787279111
71ea9955-8400-4553-87a5-4c325923d21f,1-4c41a93d-f085-41cf-b4a1-c5b049d680cc,South America 5V5 Queue,5v5,1787276110
71ea9955-8400-4553-87a5-4c325923d21f,1-1defaa48-a86a-423b-89ff-0dc6b46819fd,South America 5V5 Queue,5v5,1787112811
71ea9955-8400-4553-87a5-4c325923d21f,1-f65db93f-8874-49f9-b6e2-57c8c76199c8,South America 5V5 Queue,5v5,1787107750
71ea9955-8400-4553-87a5-4c325923d21f,1-1361e6e6-c367-4523-a7a4-2c75c501577c,South America 5V5 Queue,5v5,1787105621
71ea9955-8400-4553-87a5-4c325923d21f,1-9c8b89d4-0d94-41d3-86a0-0938d9f59b0f,South America 5V5 Queue,5v5,1787093208
71ea9955-8400-4553-87a5-4c325923d21f,1-be977f73-bd6b-4a3b-94d5-127d8f5e9d76,South America 5V5 Queue,5v5,1787090693
71ea9955-8400-4553-87a5-4c325923d21f,1-61c7d4ca-f9e1-4636-a59f-fa726dcf8ca4,South America 5V5 Queue,5v5,1787086526
71ea9955-8400-4553-87a5-4c325923d21f,1-d36f8020-bc43-416e-a347-d73c71c1675c,South America 5V5 Queue,5v5,1787080086
71ea9955-8400-4553-87a5-4c325923d21f,1-b4fa51c9-ac3c-4d0d-a628-f899c48a0911,South America 5V5 Queue,5v5,1787028412
71ea9955-8400-4553-87a5-4c325923d21f,1-2fe58654-d41f-4baa-8d97-c896733dedac,South America 5V5 Queue,5v5,1787025918
71ea9955-8400-4553-87a5-4c325923d21f,1-5b043b63-d866-4c2a-950d-201987db8324,South America 5V5 Queue,5v5,1787022706
71ea9955-8400-4553-87a5-4c325923d21f,1-91506e81-6abb-481b-afda-6748a8a5c75e,South America 5V5 Queue,5v5,1786934953
71ea9955-8400-4553-87a5-4c325923d21f,1-d5e25f2a-f98f-46c2-8824-8d227923dbf5,South America 5V5 Queue,5v5,1786933119
71ea9955-8400-4553-87a5-4c325923d21f,1-f8d2db5d-6a61-4f7c-97fc-06f29790c062,South America 5V5 Queue,5v5,1786927426
71ea9955-8400-4553-87a5-4c325923d21f,1-48dcbf87-9f1d-413e-a39a-b509d9dff256,South America 5V5 Queue,5v5,1786924719
71ea9955-8400-4553-87a5-4c325923d21f,1-42ed4dd7-adc4-48b3-8649-9516113f9556,South America 5V5 Queue,5v5,1786922000
71ea9955-8400-4553-87a5-4c325923d21f,1-4eff27ba-4607-445f-9758-62991ed40034,South America 5V5 Queue,5v5,1786759552
71ea9955-8400-4553-87a5-4c325923d21f,1-6a11dbc9-1c23-49fa-8e05-93bf5909d53f,South America 5V5 Queue,5v5,1786757055
71ea9955-8400-4553-87a5-4c325923d21f,1-79a04181-9ab7-4f7c-9e43-30a216b4b08e,South America 5V5 Queue,5v5,1786650552
71ea9955-8400-4553-87a5-4c325923d21f,1-9edd25d7-169d-4246-be90-01d89f5b67d0,South America 5V5 Queue,5v5,1786506795
71ea9955-8400-4553-87a5-4c325923d21f,1-20faf1b7-f5d3-4ec5-bd61-59ef51d342d4,South America 5V5 Queue,5v5,1786504549
71ea9955-8400-4553-87a5-4c325923d21f,1-a65a7667-8aba-47a9-a56f-8ddca26dfcb2,South America 5V5 Queue,5v5,1786501322
71ea9955-8400-4553-87a5-4c325923d21f,1-db052bcd-4912-47f3-892a-134730cade50,South America 5V5 Queue,5v5,1786421125
1a4bfb44-0ab1-40f3-9150-688b04cfe158,1-c32f0048-ab02-4c35-81ed-58a9cad2cfdc,South America 5V5 Queue,5v5,1787693304
1a4bfb44-0ab1-40f3-9150-688b04cfe158,1-3dbd2bdc-cf11-4461-8314-a1d8fe81e8f7,South America 5V5 Queue,5v5,1787635435
1a4bfb44-0ab1-40f3-9150-688b04cfe158,1-8cae37b0-0c4e-4851-8a55-86ce2532689c,South America 5V5 Queue,5v5,1787633228
1a4bfb44-0ab1-40f3-9150-688b04cfe158,1-a83696ae-ad7b-4f86-9c76-83bbe9048a4d,South America 5V5 Queue,5v5,1787629415
1a4bfb44-0ab1-40f3-9150-688b04cfe158,1-d22c34e1-fd90-4f62-b9d1-ead5b9a26035,South America 5V5 Queue,5v5,1787627229
1a4bfb44-0ab1-40f3-9150-688b04cfe158,1-185042a9-3732-4835-ac80-2da0495389d1,South America 5V5 Queue,5v5,1787625667
1a4bfb44-0ab1-40f3-9150-688b04cfe158,1-b7535b50-76da-4e80-904b-4542a3a7d795,South America 5V5 Queue,5v5,1787622335
1a4bfb44-0ab1-40f3-9150-688b04cfe158,1-8ee71cee-f846-4551-9769-6e1e10221c80,South America 5V5 Queue,5v5,1787463115
1a4bfb44-0ab1-40f3-9150-688b04cfe158,1-57c51925-637a-4417-b668-1ada903f03bf,South America 5V5 Queue,5v5,1787459008
1a4bfb44-0ab1-40f3-9150-688b04cfe158,1-3a5624ef-7974-4862-89e1-1aa9c79c4188,South America 5V5 Queue,5v5,1787454323
1a4bfb44-0ab1-40f3-9150-688b04cfe158,1-83378129-4a00-444b-a08a-29ce1986624c,South America 5V5 Queue,5v5,1787451675
1a4bfb44-0ab1-40f3-9150-688b04cfe158,1-37979135-f789-413e-a06b-df77e122e3b2,South America 5V5 Queue,5v5,1787449178
1a4bfb44-0ab1-40f3-9150-688b04cfe158,1-0e9be792-a190-43cb-88b2-12624af8ca2b,South America 5V5 Queue,5v5,1787436070
1a4bfb44-0ab1-40f3-9150-688b04cfe158,1-6c12061c-5026-4244-ba69-40e4df366237,South America 5V5 Queue,5v5,1787433830
1a4bfb44-0ab1-40f3-9150-688b04cfe158,1-0817500a-f061-4f37-bb01-910526e07813,South America 5V5 Queue,5v5,1787431673
1a4bfb44-0ab1-40f3-9150-688b04cfe158,1-f93cee60-aaac-4bf2-8dfc-481291906ee1,South America 5V5 Queue,5v5,1787429074
1a4bfb44-0ab1-40f3-9150-688b04cfe158,1-94e08814-0c03-42b6-87f4-2d3f0c92877f,South America 5V5 Queue,5v5,1787427293
1a4bfb44-0ab1-40f3-9150-688b04cfe158,1-df6529a5-1285-4fb2-8caf-acb540382a3b,South America 5V5 Queue,5v5,1787197715
1a4bfb44-0ab1-40f3-9150-688b04cfe158,1-a48de956-0a19-4803-9583-34645dc2abe8,South America 5V5 Queue,5v5,1787193685
1a4bfb44-0ab1-40f3-9150-688b04cfe158,1-091c1e91-4372-41c8-a058-c0a298b99bc5,South America 5V5 Queue,5v5,1786860176
1a4bfb44-0ab1-40f3-9150-688b04cfe158,1-61220bc5-6e99-4f2a-bfc1-a2f2c22f29cc,South America 5V5 Queue,5v5,1786853624
1a4bfb44-0ab1-40f3-9150-688b04cfe158,1-d805b590-b004-4452-95ff-365de3ce89f9,South America 5V5 Queue,5v5,1786848947
1a4bfb44-0ab1-40f3-9150-688b04cfe158,1-c3478114-aeae-4795-8853-2c3de47d5d10,CCT 2026 South America 5 - Open Qualifier,5v5,1786827616
1a4bfb44-0ab1-40f3-9150-688b04cfe158,1-0c4fa4ab-6fcb-49f2-938d-952cf446bd14,CCT 2026 South America 5 - Open Qualifier,5v5,1786827030
1a4bfb44-0ab1-40f3-9150-688b04cfe158,1-dd5850a0-0ea8-4a15-95c0-ec5925729a0c,CCT 2026 South America 5 - Open Qualifier,5v5,1786822304
1a4bfb44-0ab1-40f3-9150-688b04cfe158,1-06bd188e-ed46-465b-8b7b-518571e7fde7,CCT 2026 South America 5 - Open Qualifier,5v5,1786817621
1a4bfb44-0ab1-40f3-9150-688b04cfe158,1-3e2afc5a-10ac-4dca-9e13-ac57dbd27601,CCT 2026 South America 5 - Open Qualifier,5v5,1786815637
1a4bfb44-0ab1-40f3-9150-688b04cfe158,1-af538d11-e2b0-4517-ac04-9670f8e413cd,South America 5V5 Queue,5v5,1786775474
1a4bfb44-0ab1-40f3-9150-688b04cfe158,1-79590096-d57e-4970-b7f7-07f966b82739,South America 5V5 Queue,5v5,1786771588
1a4bfb44-0ab1-40f3-9150-688b04cfe158,1-53c8a53c-35ab-4936-87bf-11907810a9a7,South America 5V5 Queue,5v5,1786766548
d91df2de-ba34-49fe-b47a-ca8f98e39ea3,1-8ee71cee-f846-4551-9769-6e1e10221c80,South America 5V5 Queue,5v5,1787463115
d91df2de-ba34-49fe-b47a-ca8f98e39ea3,1-57c51925-637a-4417-b668-1ada903f03bf,South America 5V5 Queue,5v5,1787459008
d91df2de-ba34-49fe-b47a-ca8f98e39ea3,1-5d7a7134-0ab1-4ac1-a514-05ab6b3a537d,South America 5V5 Queue,5v5,1787435290
d91df2de-ba34-49fe-b47a-ca8f98e39ea3,1-aa89b578-b20e-4024-8d05-1dce5bfb2bd3,South America 5V5 Queue,5v5,1787431476
d91df2de-ba34-49fe-b47a-ca8f98e39ea3,1-e96111aa-3ca3-4745-9cd3-ddfc89f9a9b4,South America 5V5 Queue,5v5,1787428962
d91df2de-ba34-49fe-b47a-ca8f98e39ea3,1-0ef450b2-8573-4e78-8fbe-a697ae560993,South America 5V5 Queue,5v5,1787426017
d91df2de-ba34-49fe-b47a-ca8f98e39ea3,1-de457a9f-915a-4990-a588-2e49d3611e35,South America 5V5 Queue,5v5,1787379024
d91df2de-ba34-49fe-b47a-ca8f98e39ea3,1-f7c5e149-2544-4dee-8986-8b125d23948e,South America 5V5 Queue,5v5,1787376195
d91df2de-ba34-49fe-b47a-ca8f98e39ea3,1-26e7b597-dbf9-42af-9644-9bf84562b3e0,South America 5V5 Queue,5v5,1787192411
d91df2de-ba34-49fe-b47a-ca8f98e39ea3,1-683227f5-9fe6-4ca8-b78e-a54749216ec7,South America 5V5 Queue,5v5,1787087705
d91df2de-ba34-49fe-b47a-ca8f98e39ea3,1-a56efba9-eb6d-4b4d-ac49-057e6544a133,South America 5V5 Queue,5v5,1787082955
d91df2de-ba34-49fe-b47a-ca8f98e39ea3,1-d0119159-e73f-4113-8d0b-cfe4103ff0a0,South America 5V5 Queue,5v5,1787076245
d91df2de-ba34-49fe-b47a-ca8f98e39ea3,1-ed9ba48a-0f2c-4b8a-9199-0d1906499168,South America 5V5 Queue,5v5,1787020551
d91df2de-ba34-49fe-b47a-ca8f98e39ea3,1-fa9c3b00-32d9-4a1f-8cc1-9e57a4d14670,South America 5V5 Queue,5v5,1787001236
d91df2de-ba34-49fe-b47a-ca8f98e39ea3,1-ccd33f94-7c1e-4f5f-8f11-ba64ad58b1f3,South America 5V5 Queue,5v5,1786998412
d91df2de-ba34-49fe-b47a-ca8f98e39ea3,1-78725c5d-5ca3-4192-94f2-9504289ef893,South America 5V5 Queue,5v5,1786933240
d91df2de-ba34-49fe-b47a-ca8f98e39ea3,1-265d4cd2-a8bf-4922-8ad0-063781087925,South America 5V5 Queue,5v5,1786928334
d91df2de-ba34-49fe-b47a-ca8f98e39ea3,1-43dc7a04-e626-486b-9f0f-b001d476aaa4,South America 5V5 Queue,5v5,1786924981
d91df2de-ba34-49fe-b47a-ca8f98e39ea3,1-357a5306-4863-49cf-8080-6d3e37762117,South America 5V5 Queue,5v5,1786922021
d91df2de-ba34-49fe-b47a-ca8f98e39ea3,1-693261fd-8bd0-49bf-8ed9-de85b68b3e6a,South America 5V5 Queue,5v5,1786842475
d91df2de-ba34-49fe-b47a-ca8f98e39ea3,1-e5e7aa13-4335-4901-9249-a582feb31e19,South America 5V5 Queue,5v5,1786838294
d91df2de-ba34-49fe-b47a-ca8f98e39ea3,1-dfc7e5a5-0300-42b6-861f-11ee6adde670,South America 5V5 Queue,5v5,1786834555
d91df2de-ba34-49fe-b47a-ca8f98e39ea3,1-c3478114-aeae-4795-8853-2c3de47d5d10,CCT 2026 South America 5 - Open Qualifier,5v5,1786827616
d91df2de-ba34-49fe-b47a-ca8f98e39ea3,1-0c4fa4ab-6fcb-49f2-938d-952cf446bd14,CCT 2026 South America 5 - Open Qualifier,5v5,1786827030
d91df2de-ba34-49fe-b47a-ca8f98e39ea3,1-dd5850a0-0ea8-4a15-95c0-ec5925729a0c,CCT 2026 South America 5 - Open Qualifier,5v5,1786822304
d91df2de-ba34-49fe-b47a-ca8f98e39ea3,1-06bd188e-ed46-465b-8b7b-518571e7fde7,CCT 2026 South America 5 - Open Qualifier,5v5,1786817621
d91df2de-ba34-49fe-b47a-ca8f98e39ea3,1-3e2afc5a-10ac-4dca-9e13-ac57dbd27601,CCT 2026 South America 5 - Open Qualifier,5v5,1786815637
d91df2de-ba34-49fe-b47a-ca8f98e39ea3,1-4e937179-91da-474a-b6ad-a50bb620750b,South America 5V5 Queue,5v5,1786755745
d91df2de-ba34-49fe-b47a-ca8f98e39ea3,1-e25676ef-f3e2-426d-8b9c-9d46db51b34f,South America 5V5 Queue,5v5,1786752983
d91df2de-ba34-49fe-b47a-ca8f98e39ea3,1-c90e819c-9a9b-47b1-b12a-4250960b3d3c,South America 5V5 Queue,5v5,1786666016
a66cccad-09ee-4222-bb11-b3720e4a7607,1-d604eb93-7d78-4cec-8722-df1f1b1b3d07,South America 5V5 Queue,5v5,1787694901
a66cccad-09ee-4222-bb11-b3720e4a7607,1-816ff3d2-9d94-4270-956d-3e82ca0c1cea,South America 5V5 Queue,5v5,1787692347
a66cccad-09ee-4222-bb11-b3720e4a7607,1-dc521ebf-e23c-499a-a189-cdea32b183d5,South America 5V5 Queue,5v5,1787689748
a66cccad-09ee-4222-bb11-b3720e4a7607,1-7fabcd92-8146-4f6d-996c-00595cb54c26,South America 5V5 Queue,5v5,1787685775
a66cccad-09ee-4222-bb11-b3720e4a7607,1-746fb236-92b2-4cea-898e-487985c357ba,South America 5V5 Queue,5v5,1787682706
a66cccad-09ee-4222-bb11-b3720e4a7607,1-df2fcb19-d92f-4314-9db5-410178d7071a,South America 5V5 Queue,5v5,1787679140
a66cccad-09ee-4222-bb11-b3720e4a7607,1-3ba010b7-eae5-416b-93b2-2755e73ce0e8,South America 5V5 Queue,5v5,1787677134
a66cccad-09ee-4222-bb11-b3720e4a7607,1-919a07ad-0ed8-4252-8d5b-4908e58f85af,South America 5V5 Queue,5v5,1787670800
a66cccad-09ee-4222-bb11-b3720e4a7607,1-0d604a3a-9ce3-44b1-a842-20a1aed9e021,South America 5V5 Queue,5v5,1787668056
a66cccad-09ee-4222-bb11-b3720e4a7607,1-6702bf46-82ed-495a-b926-b4d19b7957c2,South America 5V5 Queue,5v5,1787610730
a66cccad-09ee-4222-bb11-b3720e4a7607,1-9cf7339b-0d13-4690-a982-87eca76a15d0,South America 5V5 Queue,5v5,1787607625
a66cccad-09ee-4222-bb11-b3720e4a7607,1-b17f3f33-11e7-4df5-a198-f15cace898f9,South America 5V5 Queue,5v5,1787604526
a66cccad-09ee-4222-bb11-b3720e4a7607,1-67db9f06-853e-49d9-9ef2-ca902f38895d,South America 5V5 Queue,5v5,1787601714
a66cccad-09ee-4222-bb11-b3720e4a7607,1-b367c295-c964-4f6a-a624-ca7eae95255f,South America 5V5 Queue,5v5,1787599620
a66cccad-09ee-4222-bb11-b3720e4a7607,1-50d677ad-3d0b-4a12-893e-3a813473ff3f,South America 5V5 Queue,5v5,1787596637
a66cccad-09ee-4222-bb11-b3720e4a7607,1-408702aa-3a73-4aee-ace1-c5d7c16abf21,South America 5V5 Queue,5v5,1787586307
a66cccad-09ee-4222-bb11-b3720e4a7607,1-11f5daf0-41b3-4ff7-9563-68781eb62c18,South America 5V5 Queue,5v5,1787580412
a66cccad-09ee-4222-bb11-b3720e4a7607,1-59b644d0-8975-4be7-a03b-40b3498bbd04,South America 5V5 Queue,5v5,1787456318
a66cccad-09ee-4222-bb11-b3720e4a7607,1-83378129-4a00-444b-a08a-29ce1986624c,South America 5V5 Queue,5v5,1787451675
a66cccad-09ee-4222-bb11-b3720e4a7607,1-37979135-f789-413e-a06b-df77e122e3b2,South America 5V5 Queue,5v5,1787449178
a66cccad-09ee-4222-bb11-b3720e4a7607,1-574f3700-74eb-434e-816d-ab06f0ddf932,South America 5V5 Queue,5v5,1787446181
a66cccad-09ee-4222-bb11-b3720e4a7607,1-0aa1b042-1927-400b-90bd-9e770632f869,South America 5V5 Queue,5v5,1787443035
a66cccad-09ee-4222-bb11-b3720e4a7607,1-f0a2249f-4634-4c41-875a-8bd5d2b45baa,South America 5V5 Queue,5v5,1787440643
a66cccad-09ee-4222-bb11-b3720e4a7607,1-803a8899-9744-42e0-ad0d-c2068f4b5599,South America 5V5 Queue,5v5,1787438626
a66cccad-09ee-4222-bb11-b3720e4a7607,1-5d7a7134-0ab1-4ac1-a514-05ab6b3a537d,South America 5V5 Queue,5v5,1787435290
a66cccad-09ee-4222-bb11-b3720e4a7607,1-aa89b578-b20e-4024-8d05-1dce5bfb2bd3,South America 5V5 Queue,5v5,1787431476
a66cccad-09ee-4222-bb11-b3720e4a7607,1-e96111aa-3ca3-4745-9cd3-ddfc89f9a9b4,South America 5V5 Queue,5v5,1787428962
a66cccad-09ee-4222-bb11-b3720e4a7607,1-0ef450b2-8573-4e78-8fbe-a697ae560993,South America 5V5 Queue,5v5,1787426017
a66cccad-09ee-4222-bb11-b3720e4a7607,1-cf8b8d6d-3867-4a7d-a934-2905ee9874f1,South America 5V5 Queue,5v5,1787422600
a66cccad-09ee-4222-bb11-b3720e4a7607,1-8e6dfa22-7bd7-454f-9c5e-e51426a347d9,South America 5V5 Queue,5v5,1787420236
dd8b2125-7753-464f-8445-1ade23d31f55,1-c8ec7786-9d64-43b4-b52e-40f472f22152,South America 5V5 Queue,5v5,1787638050
dd8b2125-7753-464f-8445-1ade23d31f55,1-1f92b9c5-73f6-420c-b3bd-3148b1851610,South America 5V5 Queue,5v5,1787635539
dd8b2125-7753-464f-8445-1ade23d31f55,1-27f09e3d-f490-464d-b45a-36d8266410e8,South America 5V5 Queue,5v5,1787632947
dd8b2125-7753-464f-8445-1ade23d31f55,1-424e8b17-1d9c-4225-928c-54fcda734d24,South America 5V5 Queue,5v5,1787630263
dd8b2125-7753-464f-8445-1ade23d31f55,1-85668ae4-0284-4391-a8af-9ad5b83c90f5,South America 5V5 Queue,5v5,1787627759
dd8b2125-7753-464f-8445-1ade23d31f55,1-42d2e677-08f3-42cd-90b5-85043c8bb605,South America 5V5 Queue,5v5,1787624223
dd8b2125-7753-464f-8445-1ade23d31f55,1-92d38f70-d1f8-4fcb-8587-da3e019ec02f,South America 5V5 Queue,5v5,1787622261
dd8b2125-7753-464f-8445-1ade23d31f55,1-a105e4da-f34e-48a8-bc75-53dcc72f62cb,South America 5V5 Queue,5v5,1787615272
dd8b2125-7753-464f-8445-1ade23d31f55,1-f9554f1f-43a3-42da-b100-15db0208b27d,South America 5V5 Queue,5v5,1787591007
dd8b2125-7753-464f-8445-1ade23d31f55,1-d036b08f-e6b3-46e7-a4e6-c98c79f18e8a,South America 5V5 Queue,5v5,1787586222
dd8b2125-7753-464f-8445-1ade23d31f55,1-57d95e58-e33f-453b-bfc8-bf6a5478616b,South America 5V5 Queue,5v5,1787559296
dd8b2125-7753-464f-8445-1ade23d31f55,1-6f49e966-6d68-455a-96bb-b7becc1ad4a8,South America 5V5 Queue,5v5,1787556126
dd8b2125-7753-464f-8445-1ade23d31f55,1-48af1a84-8a6b-4f72-85ea-001fc04b54f0,South America 5V5 Queue,5v5,1787553809
dd8b2125-7753-464f-8445-1ade23d31f55,1-c7d517bc-dd0f-4142-837d-137447219249,South America 5V5 Queue,5v5,1787550711
dd8b2125-7753-464f-8445-1ade23d31f55,1-3104a747-1caa-4dfa-bc1e-6347f5862c45,South America 5V5 Queue,5v5,1787547972
dd8b2125-7753-464f-8445-1ade23d31f55,1-c8e9cb69-1481-4382-898e-30b2f6982004,South America 5V5 Queue,5v5,1787544819
dd8b2125-7753-464f-8445-1ade23d31f55,1-7613840e-43e9-407f-9132-ff53728137a9,South America 5V5 Queue,5v5,1787540694
dd8b2125-7753-464f-8445-1ade23d31f55,1-e287d3ae-8894-4e38-8200-4809243a3818,South America 5V5 Queue,5v5,1787537538
dd8b2125-7753-464f-8445-1ade23d31f55,1-3e89e267-70cc-4ce4-a53f-1301ff4adada,South America 5V5 Queue,5v5,1787534605
dd8b2125-7753-464f-8445-1ade23d31f55,1-aed29fb1-270b-4629-b6a4-82c71ce1ad78,South America 5V5 Queue,5v5,1787530238
dd8b2125-7753-464f-8445-1ade23d31f55,1-c8949e7f-e436-4376-9f84-c5c22f579517,South America 5V5 Queue,5v5,1787526999
dd8b2125-7753-464f-8445-1ade23d31f55,1-f1e81317-6749-490f-9f9c-7c4de9019edf,South America 5V5 Queue,5v5,1787472853
dd8b2125-7753-464f-8445-1ade23d31f55,1-707f7026-570c-47d5-b03e-a8967348af3e,South America 5V5 Queue,5v5,1787471019
dd8b2125-7753-464f-8445-1ade23d31f55,1-4550626e-5a61-4fb0-8c00-631ae80112f0,South America 5V5 Queue,5v5,1787467812
dd8b2125-7753-464f-8445-1ade23d31f55,1-e8e4fb8a-8498-4497-ab4f-9d2ebfc90487,South America 5V5 Queue,5v5,1787465253
dd8b2125-7753-464f-8445-1ade23d31f55,1-17ebaa48-24df-457e-9f34-aeaa2810d658,South America 5V5 Queue,5v5,1787462321
dd8b2125-7753-464f-8445-1ade23d31f55,1-3cbd8f96-694c-411f-b678-97ba1d3b3b23,South America 5V5 Queue,5v5,1787459557
dd8b2125-7753-464f-8445-1ade23d31f55,1-3327f5aa-18eb-4cb1-b988-9c67e654ed92,South America 5V5 Queue,5v5,1787439128
dd8b2125-7753-464f-8445-1ade23d31f55,1-5d7a7134-0ab1-4ac1-a514-05ab6b3a537d,South America 5V5 Queue,5v5,1787435290
dd8b2125-7753-464f-8445-1ade23d31f55,1-aa89b578-b20e-4024-8d05-1dce5bfb2bd3,South America 5V5 Queue,5v5,1787431476
093d9086-3581-4500-8f69-20a7839f8fe1,1-cfb57d73-82ee-436b-ab30-a78469ce0bf1,South America 5V5 Queue,5v5,1787695870
093d9086-3581-4500-8f69-20a7839f8fe1,1-816ff3d2-9d94-4270-956d-3e82ca0c1cea,South America 5V5 Queue,5v5,1787692347
093d9086-3581-4500-8f69-20a7839f8fe1,1-dc521ebf-e23c-499a-a189-cdea32b183d5,South America 5V5 Queue,5v5,1787689748
093d9086-3581-4500-8f69-20a7839f8fe1,1-55c8face-3e2a-4b03-8a6f-248992dc2e90,South America 5V5 Queue,5v5,1787685380
093d9086-3581-4500-8f69-20a7839f8fe1,1-1434b1cb-cb4d-4c58-8027-615425df8e0a,South America 5V5 Queue,5v5,1787683150
093d9086-3581-4500-8f69-20a7839f8fe1,1-89c4cf95-07e6-4d64-98a7-2992a3961fbe,South America 5V5 Queue,5v5,1787674597
093d9086-3581-4500-8f69-20a7839f8fe1,1-919a07ad-0ed8-4252-8d5b-4908e58f85af,South America 5V5 Queue,5v5,1787670800
093d9086-3581-4500-8f69-20a7839f8fe1,1-559cc5c9-ab04-475b-9c79-78cfe5cfc099,South America 5V5 Queue,5v5,1787609631
093d9086-3581-4500-8f69-20a7839f8fe1,1-937eef98-1a9e-4c22-a6ba-ba0ed7cac576,South America 5V5 Queue,5v5,1787605157
093d9086-3581-4500-8f69-20a7839f8fe1,1-8e6dfa22-7bd7-454f-9c5e-e51426a347d9,South America 5V5 Queue,5v5,1787420236
093d9086-3581-4500-8f69-20a7839f8fe1,1-af0c92c3-b5ab-49b0-8be2-84458456134d,South America 5V5 Queue,5v5,1787417766
093d9086-3581-4500-8f69-20a7839f8fe1,1-57b985de-a127-4d75-92b7-c98d73963eb4,South America 5V5 Queue,5v5,1787414942
093d9086-3581-4500-8f69-20a7839f8fe1,1-e27e1ad4-db72-4c94-a6e1-2396a4b86a79,South America 5V5 Queue,5v5,1787412576
093d9086-3581-4500-8f69-20a7839f8fe1,1-f85201e5-d539-47a4-a035-228de30227d9,South America 5V5 Queue,5v5,1787358197
093d9086-3581-4500-8f69-20a7839f8fe1,1-f492cc42-9749-45d1-8964-db59303f01eb,South America 5V5 Queue,5v5,1787354611
093d9086-3581-4500-8f69-20a7839f8fe1,1-99ff63aa-b6fa-4764-a9cd-1102970b25ec,South America 5V5 Queue,5v5,1787352205
093d9086-3581-4500-8f69-20a7839f8fe1,1-62ffe0a5-dfba-4f5a-9294-062eff91f251,South America 5V5 Queue,5v5,1787003565
093d9086-3581-4500-8f69-20a7839f8fe1,1-a6bbc2d9-688a-4166-a145-2659360c6049,South America 5V5 Queue,5v5,1787000937
093d9086-3581-4500-8f69-20a7839f8fe1,1-7881504b-7b1c-4177-9fd8-529e5f61fd2c,South America 5V5 Queue,5v5,1786998615
093d9086-3581-4500-8f69-20a7839f8fe1,1-f27baf4d-6fcb-4a49-9626-fd4028ac1561,South America 5V5 Queue,5v5,1786996299
093d9086-3581-4500-8f69-20a7839f8fe1,1-589be399-4a05-4fd7-9519-66658ad325fc,South America 5V5 Queue,5v5,1786993358
093d9086-3581-4500-8f69-20a7839f8fe1,1-16dca681-3c8d-4b97-8b50-10b819583054,South America 5V5 Queue,5v5,1786990469
093d9086-3581-4500-8f69-20a7839f8fe1,1-d39fd1a2-d507-4bcc-9eac-9e536302b02e,South America 5V5 Queue,5v5,1786905434
093d9086-3581-4500-8f69-20a7839f8fe1,1-3d649be8-69df-4958-b098-2405ac215bef,South America 5V5 Queue,5v5,1786902933
093d9086-3581-4500-8f69-20a7839f8fe1,1-24b34d93-be94-4392-9782-3648c2ebf5fd,South America 5V5 Queue,5v5,1786827263
093d9086-3581-4500-8f69-20a7839f8fe1,1-2d871403-a38d-46f6-8ac2-4270c0bc18da,South America 5V5 Queue,5v5,1786823899
093d9086-3581-4500-8f69-20a7839f8fe1,1-38a59f24-74d8-489b-86e3-d7562a58e7b0,South America 5V5 Queue,5v5,1786820749
093d9086-3581-4500-8f69-20a7839f8fe1,1-8fb68b38-a423-4682-b891-a32fdaaa8b25,South America 5V5 Queue,5v5,1786734421
093d9086-3581-4500-8f69-20a7839f8fe1,1-19741af2-60cd-48be-806e-b6e99e781fb8,South America 5V5 Queue,5v5,1786730238
093d9086-3581-4500-8f69-20a7839f8fe1,1-4bad28ce-bb08-495f-a3e9-7b93d213c8f1,South America 5V5 Queue,5v5,1786655352
8d9014b1-49d3-4307-b400-62c13583ec75,1-7613840e-43e9-407f-9132-ff53728137a9,South America 5V5 Queue,5v5,1787540694
8d9014b1-49d3-4307-b400-62c13583ec75,1-e287d3ae-8894-4e38-8200-4809243a3818,South America 5V5 Queue,5v5,1787537538
8d9014b1-49d3-4307-b400-62c13583ec75,1-3e89e267-70cc-4ce4-a53f-1301ff4adada,South America 5V5 Queue,5v5,1787534605
8d9014b1-49d3-4307-b400-62c13583ec75,1-aed29fb1-270b-4629-b6a4-82c71ce1ad78,South America 5V5 Queue,5v5,1787530238
8d9014b1-49d3-4307-b400-62c13583ec75,1-26e7b597-dbf9-42af-9644-9bf84562b3e0,South America 5V5 Queue,5v5,1787192411
8d9014b1-49d3-4307-b400-62c13583ec75,1-d59cfc53-0554-4f9e-b440-3ce1b1acf99c,Imagineleague 2026 - Legends Stage - Red Canids Academy x Mormaco,5v5,1786910510
8d9014b1-49d3-4307-b400-62c13583ec75,1-25ffff6c-39ca-48b5-9286-1c2cd93b8d1b,South America 5V5 Queue,5v5,1786849826
8d9014b1-49d3-4307-b400-62c13583ec75,1-583bfc84-fed9-400c-b99b-e7502a06d28e,South America 5V5 Queue,5v5,1786846276
8d9014b1-49d3-4307-b400-62c13583ec75,1-2479adc7-1669-4a70-9344-bd29c11b2d12,South America 5V5 Queue,5v5,1786842418
8d9014b1-49d3-4307-b400-62c13583ec75,1-03ff67da-9e24-4e44-bf33-9aefd5bb66e0,South America 5V5 Queue,5v5,1786469193
8d9014b1-49d3-4307-b400-62c13583ec75,1-df92c448-a84c-453d-b91d-3d84c8939119,South America 5V5 Queue,5v5,1786385722
8d9014b1-49d3-4307-b400-62c13583ec75,1-a93a8e78-7f19-4aab-a1a8-37352795cee2,South America 5V5 Queue,5v5,1786383167
8d9014b1-49d3-4307-b400-62c13583ec75,1-ccf20964-3900-443f-87dc-5db7bd55d3a6,South America 5V5 Queue,5v5,1786301152
8d9014b1-49d3-4307-b400-62c13583ec75,1-3d572533-deb2-491f-8e02-0f326434b73b,South America 5V5 Queue,5v5,1786298536
8d9014b1-49d3-4307-b400-62c13583ec75,1-b98b7efa-4414-4464-9494-a25eec9cd5da,South America 5V5 Queue,5v5,1786297476
8d9014b1-49d3-4307-b400-62c13583ec75,1-dbaf4d0e-b335-448d-bb17-c1cacbfece60,South America 5V5 Queue,5v5,1786146026
8d9014b1-49d3-4307-b400-62c13583ec75,1-fa1064fe-df17-40a9-ada3-950b55547685,South America 5V5 Queue,5v5,1786062671
8d9014b1-49d3-4307-b400-62c13583ec75,1-19967e3c-72cc-4ff3-beda-992305145cd5,South America 5V5 Queue,5v5,1786060016
8d9014b1-49d3-4307-b400-62c13583ec75,1-d6324735-f1ae-41e8-9a22-1e4ef9e413e8,South America 5V5 Queue,5v5,1786057553
8d9014b1-49d3-4307-b400-62c13583ec75,1-11f62438-861a-4efa-8af3-a944e3f6f6ba,South America 5V5 Queue,5v5,1785977422
8d9014b1-49d3-4307-b400-62c13583ec75,1-4f9440f7-1c43-46c0-b733-dfe2466b1403,South America 5V5 Queue,5v5,1785975152
8d9014b1-49d3-4307-b400-62c13583ec75,1-d4cf0a44-51cc-49a9-acad-da79a9eb5ab8,South America 5V5 Queue,5v5,1785972480
8d9014b1-49d3-4307-b400-62c13583ec75,1-8e63f549-f654-4a42-81eb-0e4aeef5b8f9,South America 5V5 Queue,5v5,1785438106
8d9014b1-49d3-4307-b400-62c13583ec75,1-1d138f15-0a4c-4b3e-84d7-5cad42b9c62b,South America 5V5 Queue,5v5,1785353917
8d9014b1-49d3-4307-b400-62c13583ec75,1-3e1eb9c3-9e08-4e1c-bc22-048b2724d07c,South America 5V5 Queue,5v5,1785350057
8d9014b1-49d3-4307-b400-62c13583ec75,1-0d669bab-76c5-447c-b4b1-8ab9021a8443,South America 5V5 Queue,5v5,1785305413
8d9014b1-49d3-4307-b400-62c13583ec75,1-5e4772e3-17ca-433e-a73d-9b5b5f3cdce6,South America 5V5 Queue,5v5,1785302708
8d9014b1-49d3-4307-b400-62c13583ec75,1-55727aa0-0c5e-46b6-bb41-f522fc8c2575,South America 5V5 Queue,5v5,1785298939
8d9014b1-49d3-4307-b400-62c13583ec75,1-fb74090b-a80c-4af9-a0d8-44597113a53c,South America 5V5 Queue,5v5,1785295872
8d9014b1-49d3-4307-b400-62c13583ec75,1-582d43fe-7882-4f56-9a75-9aa09c9d6396,South America 5V5 Queue,5v5,1785188154
045f9998-20dd-419f-9d23-3af2c5bed357,1-76d17e90-7e00-41a4-8c56-fa1f8a8425d6,SA ECL S52 Cup 1,5v5,1787697152
045f9998-20dd-419f-9d23-3af2c5bed357,1-feaf3a2d-2740-467f-8ed7-d4a870f0cfb4,South America 5V5 Queue,5v5,1787626263
045f9998-20dd-419f-9d23-3af2c5bed357,1-2049c8da-7b9e-48d2-98c5-27920511a288,South America 5V5 Queue,5v5,1787623610
045f9998-20dd-419f-9d23-3af2c5bed357,1-eeeff8bd-3428-47e6-9b26-c3a31c560b0b,South America 5V5 Queue,5v5,1787616285
045f9998-20dd-419f-9d23-3af2c5bed357,1-2095f022-3239-4e7e-9b8d-f5a5d506c6ba,South America 5V5 Queue,5v5,1787614167
045f9998-20dd-419f-9d23-3af2c5bed357,1-707f7026-570c-47d5-b03e-a8967348af3e,South America 5V5 Queue,5v5,1787471019
045f9998-20dd-419f-9d23-3af2c5bed357,1-32f9cdd2-5a3b-4e7c-9bb2-530741595530,South America 5V5 Queue,5v5,1787468178
045f9998-20dd-419f-9d23-3af2c5bed357,1-23ad286b-f358-45ff-b333-47ee5f906cdf,South America 5V5 Queue,5v5,1787466084
045f9998-20dd-419f-9d23-3af2c5bed357,1-89f3341c-19d7-42f3-b2e8-a1c2bc265d0f,South America 5V5 Queue,5v5,1787463964
045f9998-20dd-419f-9d23-3af2c5bed357,1-90557fe7-6bdf-41a2-9ff7-18c71b16c321,South America 5V5 Queue,5v5,1787461071
045f9998-20dd-419f-9d23-3af2c5bed357,1-d907bf8b-a976-4627-a793-3a83851ff5ae,South America 5V5 Queue,5v5,1787458021
045f9998-20dd-419f-9d23-3af2c5bed357,1-2d6a5a2c-1050-43de-9d6d-366d5901c7f4,South America 5V5 Queue,5v5,1787454702
045f9998-20dd-419f-9d23-3af2c5bed357,1-44088c00-68ee-4299-a5bf-a2484e22b90e,South America 5V5 Queue,5v5,1787452454
045f9998-20dd-419f-9d23-3af2c5bed357,1-aec20f9a-8de1-4b29-90e9-ee5499324d71,South America 5V5 Queue,5v5,1787450308
045f9998-20dd-419f-9d23-3af2c5bed357,1-abb26cae-a6bb-413a-9873-1cd19bc75619,South America 5V5 Queue,5v5,1787365069
045f9998-20dd-419f-9d23-3af2c5bed357,1-af51db39-4467-4879-9ea4-275c95a9c0c9,South America 5V5 Queue,5v5,1787362566
045f9998-20dd-419f-9d23-3af2c5bed357,1-39af32bb-a1fd-41ee-b33e-7bcba11adc67,South America 5V5 Queue,5v5,1787359822
045f9998-20dd-419f-9d23-3af2c5bed357,1-d9f27e32-8b47-4711-b24c-63aae037f5f4,South America 5V5 Queue,5v5,1787357174
045f9998-20dd-419f-9d23-3af2c5bed357,1-1f45214a-18d8-42d7-86dd-7e5b8635db16,South America 5V5 Queue,5v5,1787355345
045f9998-20dd-419f-9d23-3af2c5bed357,1-67963c99-b006-4669-97f2-75d50adc9253,South America 5V5 Queue,5v5,1787352829
045f9998-20dd-419f-9d23-3af2c5bed357,1-784a3449-222b-4422-aa6f-f786d2a863bc,South America 5V5 Queue,5v5,1787292668
045f9998-20dd-419f-9d23-3af2c5bed357,1-ffbe2be6-5968-4378-bf3a-e97e6d9564d8,South America 5V5 Queue,5v5,1787290238
045f9998-20dd-419f-9d23-3af2c5bed357,1-853062ce-f905-4022-865b-9c15ea0557ad,South America 5V5 Queue,5v5,1787287428
045f9998-20dd-419f-9d23-3af2c5bed357,1-c5173cbe-6481-4ab2-abdf-6ed27cd81e75,South America 5V5 Queue,5v5,1787285056
045f9998-20dd-419f-9d23-3af2c5bed357,1-f77f13c7-3e92-46b4-80b2-bdcfb290a32a,South America 5V5 Queue,5v5,1787282810
045f9998-20dd-419f-9d23-3af2c5bed357,1-c6147821-6a34-440c-b647-3d168cbfb920,South America 5V5 Queue,5v5,1787279111
045f9998-20dd-419f-9d23-3af2c5bed357,1-2e206fe2-a191-4d22-9c76-00bc4a60a319,South America 5V5 Queue,5v5,1787204193
045f9998-20dd-419f-9d23-3af2c5bed357,1-acc19c1d-da5c-434b-9f20-3aff0c042e88,South America 5V5 Queue,5v5,1787200059
045f9998-20dd-419f-9d23-3af2c5bed357,1-5f9ea50a-d889-4460-aa95-25d520b8dbf6,South America 5V5 Queue,5v5,1787194525
045f9998-20dd-419f-9d23-3af2c5bed357,1-a29a91ff-5cac-416b-b1c6-ce310f3b2cd5,South America 5V5 Queue,5v5,1787191028
1fb315a1-aaf0-4d31-9f24-cdd6afe6e657,1-e888bf32-2403-478f-8703-9704ae05da56,South America 5V5 Queue,5v5,1786473548
1fb315a1-aaf0-4d31-9f24-cdd6afe6e657,1-03ff67da-9e24-4e44-bf33-9aefd5bb66e0,South America 5V5 Queue,5v5,1786469193
1fb315a1-aaf0-4d31-9f24-cdd6afe6e657,1-ae2711ed-878e-4583-902d-bc9b9e5057e9,South America 5V5 Queue,5v5,1786464913
1fb315a1-aaf0-4d31-9f24-cdd6afe6e657,1-97ec9130-a51d-49eb-a48c-215565a1f070,South America 5V5 Queue,5v5,1786461583
1fb315a1-aaf0-4d31-9f24-cdd6afe6e657,1-0dc70d72-1a6e-46dd-bb01-f5bad9f68223,South America 5V5 Queue,5v5,1786221851
1fb315a1-aaf0-4d31-9f24-cdd6afe6e657,1-48972b9d-2450-47ef-8517-05a8c00b7ed3,South America 5V5 Queue,5v5,1786218686
1fb315a1-aaf0-4d31-9f24-cdd6afe6e657,1-ef395e35-3033-44bf-955f-c46cbbbe5ab2,South America 5V5 Queue,5v5,1786215034
1fb315a1-aaf0-4d31-9f24-cdd6afe6e657,1-4a1ebb4c-e8ce-46e7-a9d9-2b376fc5be4f,South America 5V5 Queue,5v5,1786210207
1fb315a1-aaf0-4d31-9f24-cdd6afe6e657,1-02d7d92d-66a5-45a2-a944-e8addd6fb75d,South America 5V5 Queue,5v5,1786053081
1fb315a1-aaf0-4d31-9f24-cdd6afe6e657,1-122a0761-d8e8-473f-a309-d86d242be78d,South America 5V5 Queue,5v5,1786050852
1fb315a1-aaf0-4d31-9f24-cdd6afe6e657,1-d2123cef-6a71-4c93-899e-84fd54430010,South America 5V5 Queue,5v5,1786047926
1fb315a1-aaf0-4d31-9f24-cdd6afe6e657,1-0728f95b-0aa9-4eec-9f34-ec16790580ed,South America 5V5 Queue,5v5,1786046034
1fb315a1-aaf0-4d31-9f24-cdd6afe6e657,1-78bbab47-fa07-4c88-8442-97c8774f1235,South America 5V5 Queue,5v5,1786043328
1fb315a1-aaf0-4d31-9f24-cdd6afe6e657,1-00979bab-4ecb-4b6f-a896-b690e71e2192,South America 5V5 Queue,5v5,1785949932
1fb315a1-aaf0-4d31-9f24-cdd6afe6e657,1-74b9926e-5f73-47ce-85a3-6b5d5e0b240e,South America 5V5 Queue,5v5,1785944941
1fb315a1-aaf0-4d31-9f24-cdd6afe6e657,1-324ce7ac-ae48-4225-82eb-f19535a8f680,South America 5V5 Queue,5v5,1785941067
1fb315a1-aaf0-4d31-9f24-cdd6afe6e657,1-d6d17cae-965f-44c1-a884-eed8f02d243e,South America 5V5 Queue,5v5,1784849280
1fb315a1-aaf0-4d31-9f24-cdd6afe6e657,1-04297a39-7560-4b2b-8031-5c4424f86116,South America 5V5 Queue,5v5,1784845439
1fb315a1-aaf0-4d31-9f24-cdd6afe6e657,1-8a00c4a1-78ec-45ea-a924-63506b8c3873,South America 5V5 Queue,5v5,1784839886
1fb315a1-aaf0-4d31-9f24-cdd6afe6e657,1-cb3b36b3-c391-458d-88f6-0a72fcd05a1a,South America 5V5 Queue,5v5,1784837904
1fb315a1-aaf0-4d31-9f24-cdd6afe6e657,1-ce5bf70b-dc79-4b96-ad8f-290cf5a19b90,South America 5V5 Queue,5v5,1784769694
1fb315a1-aaf0-4d31-9f24-cdd6afe6e657,1-f0624713-6bcb-4630-9e27-f4e71dff8ede,South America 5V5 Queue,5v5,1784765029
1fb315a1-aaf0-4d31-9f24-cdd6afe6e657,1-2b406b4e-efeb-404c-b082-dd3e5a7885c8,South America 5V5 Queue,5v5,1784763315
1fb315a1-aaf0-4d31-9f24-cdd6afe6e657,1-e733f2f2-4ec5-42c6-a5ab-b5258ef241c4,South America 5V5 Queue,5v5,1784761183
1fb315a1-aaf0-4d31-9f24-cdd6afe6e657,1-9e63cbcc-a654-414b-9d7b-dd268f651645,South America 5V5 Queue,5v5,1784678630
1fb315a1-aaf0-4d31-9f24-cdd6afe6e657,1-9913e2fa-e117-4b52-88e9-8e3d1ea54009,South America 5V5 Queue,5v5,1784675364
1fb315a1-aaf0-4d31-9f24-cdd6afe6e657,1-7b26e543-b483-42e1-926a-992867517286,South America 5V5 Queue,5v5,1784673000
1fb315a1-aaf0-4d31-9f24-cdd6afe6e657,1-d5eb1fc9-8a1b-4eee-ba62-d81ccdde232b,South America 5V5 Queue,5v5,1784669303
1fb315a1-aaf0-4d31-9f24-cdd6afe6e657,1-6ed97abf-5420-44cb-9796-d164339afa54,South America 5V5 Queue,5v5,1784666985
1fb315a1-aaf0-4d31-9f24-cdd6afe6e657,1-0457f066-feab-4c07-9fdc-4a7c46c2ec94,South America 5V5 Queue,5v5,1784054909
0c715f3d-bd25-4e2a-af9d-2477f0ec3aa4,1-f4f24495-2083-43a4-bc17-01648fe4ae50,Europe 5v5 Queue,5v5,1786826171
0c715f3d-bd25-4e2a-af9d-2477f0ec3aa4,1-36827e7e-c133-4935-b44d-bf4550810949,Europe 5v5 Queue,5v5,1786824156
0c715f3d-bd25-4e2a-af9d-2477f0ec3aa4,1-51b25ca7-c75a-4c3c-838e-ca7c7d3d17d7,Europe 5v5 Queue,5v5,1786748653
0c715f3d-bd25-4e2a-af9d-2477f0ec3aa4,1-fa06a6e5-e9ca-416d-8ecc-d954c9ef0626,Europe 5v5 Queue,5v5,1786746830
0c715f3d-bd25-4e2a-af9d-2477f0ec3aa4,1-0e8b388a-3a11-4968-ad4d-39be07319d5e,Europe 5v5 Queue,5v5,1786741307
0c715f3d-bd25-4e2a-af9d-2477f0ec3aa4,1-f28d82ff-d74e-46fa-b663-f77106d55233,Europe 5v5 Queue,5v5,1786738917
0c715f3d-bd25-4e2a-af9d-2477f0ec3aa4,1-43a55a0d-1bf8-4ccf-b6c3-711344e35ae3,Europe 5v5 Queue,5v5,1786662122
0c715f3d-bd25-4e2a-af9d-2477f0ec3aa4,1-b78392c9-5f72-40f8-95d7-dfd440faeb60,Europe 5v5 Queue,5v5,1786658168
0c715f3d-bd25-4e2a-af9d-2477f0ec3aa4,1-96907396-8e7d-43cd-8508-6c69dfcb63e5,Europe 5v5 Queue,5v5,1786474457
0c715f3d-bd25-4e2a-af9d-2477f0ec3aa4,1-4c437a23-e7d4-4397-a10b-7a42bd36dc2c,Europe 5v5 Queue,5v5,1786472101
0c715f3d-bd25-4e2a-af9d-2477f0ec3aa4,1-93002f5c-3913-4ce6-97f9-9e6889febff3,Europe 5v5 Queue,5v5,1786469246
0c715f3d-bd25-4e2a-af9d-2477f0ec3aa4,1-232de5e9-5bc5-4916-9026-8b93acaeb933,Europe 5v5 Queue,5v5,1786465658
0c715f3d-bd25-4e2a-af9d-2477f0ec3aa4,1-18a0bb69-7e6a-4e3a-bfc1-cb67dc7e98d1,Europe 5v5 Queue,5v5,1786460947
0c715f3d-bd25-4e2a-af9d-2477f0ec3aa4,1-9a42a0e9-36bd-45c4-b9b5-0058392e6e02,Europe 5v5 Queue,5v5,1786316074
0c715f3d-bd25-4e2a-af9d-2477f0ec3aa4,1-eae8ef96-788b-422d-88c5-9ec3d511f713,Europe 5v5 Queue,5v5,1786312979
0c715f3d-bd25-4e2a-af9d-2477f0ec3aa4,1-961cf2b8-40f0-4bb4-a0cd-ce18afedd92f,Europe 5v5 Queue,5v5,1786305427
0c715f3d-bd25-4e2a-af9d-2477f0ec3aa4,1-b997ae56-593e-48da-ab95-19d5d538d3fe,Europe 5v5 Queue,5v5,1786048953
0c715f3d-bd25-4e2a-af9d-2477f0ec3aa4,1-b940f312-1864-41f4-86ed-869eea0d20d5,Europe 5v5 Queue,5v5,1786045814
0c715f3d-bd25-4e2a-af9d-2477f0ec3aa4,1-b47a11bb-39f3-4647-8d26-d999fe1bd6d5,Europe 5v5 Queue,5v5,1785964457
0c715f3d-bd25-4e2a-af9d-2477f0ec3aa4,1-ffc17dcf-c855-43ee-b699-c8f82268c3d0,Europe 5v5 Queue,5v5,1785961640
0c715f3d-bd25-4e2a-af9d-2477f0ec3aa4,1-4ebc9c7f-bc46-4eb4-975c-5da35b7e482a,Europe 5v5 Queue,5v5,1785882462
0c715f3d-bd25-4e2a-af9d-2477f0ec3aa4,1-18ef4c67-21ff-4246-8086-a47e08be892f,Europe 5v5 Queue,5v5,1785880142
0c715f3d-bd25-4e2a-af9d-2477f0ec3aa4,1-72802fbf-1ce8-456b-a6b2-ac8da4ee893f,Europe 5v5 Queue,5v5,1785598069
0c715f3d-bd25-4e2a-af9d-2477f0ec3aa4,1-b0a51e49-70e4-4140-be71-4a0851b1d608,Europe 5v5 Queue,5v5,1785540724
0c715f3d-bd25-4e2a-af9d-2477f0ec3aa4,1-c9e448de-541d-46f9-99a9-d88dc6be9a81,Europe 5v5 Queue,5v5,1785539010
0c715f3d-bd25-4e2a-af9d-2477f0ec3aa4,1-e614b571-25f6-4e65-820a-ce3e32f28d65,Europe 5v5 Queue,5v5,1785448655
0c715f3d-bd25-4e2a-af9d-2477f0ec3aa4,1-6e7f4154-9c11-4003-b28a-06d64174e745,Europe 5v5 Queue,5v5,1785444729
0c715f3d-bd25-4e2a-af9d-2477f0ec3aa4,1-1766ee9c-1186-4670-95e7-926e173ae7c2,Europe 5v5 Queue,5v5,1785267420
0c715f3d-bd25-4e2a-af9d-2477f0ec3aa4,1-e8dbea54-a8d8-4c2c-9d04-5aec9a70d16e,South America 5V5 Queue,5v5,1785044352
0c715f3d-bd25-4e2a-af9d-2477f0ec3aa4,1-fed5954e-8a0f-4f53-82a2-591c69f65134,South America 5V5 Queue,5v5,1785041477
bfcaafc0-e907-4cde-a56c-6d932444299b,1-89064256-a9e7-4d6a-8428-2911e2fee5cc,South America 5V5 Queue,5v5,1787681337
bfcaafc0-e907-4cde-a56c-6d932444299b,1-4a7e6872-fd79-49ef-a62a-f9bfccd51a5a,South America 5V5 Queue,5v5,1787679407
bfcaafc0-e907-4cde-a56c-6d932444299b,1-3ba010b7-eae5-416b-93b2-2755e73ce0e8,South America 5V5 Queue,5v5,1787677134
bfcaafc0-e907-4cde-a56c-6d932444299b,1-89c4cf95-07e6-4d64-98a7-2992a3961fbe,South America 5V5 Queue,5v5,1787674597
bfcaafc0-e907-4cde-a56c-6d932444299b,1-3162ba14-69f4-43f4-9daa-0237a69997fc,South America 5V5 Queue,5v5,1787628691
bfcaafc0-e907-4cde-a56c-6d932444299b,1-d22c34e1-fd90-4f62-b9d1-ead5b9a26035,South America 5V5 Queue,5v5,1787627229
bfcaafc0-e907-4cde-a56c-6d932444299b,1-185042a9-3732-4835-ac80-2da0495389d1,South America 5V5 Queue,5v5,1787625667
bfcaafc0-e907-4cde-a56c-6d932444299b,1-39e5f8eb-eaa1-440d-a63d-37469aca8d20,South America 5V5 Queue,5v5,1787622642
bfcaafc0-e907-4cde-a56c-6d932444299b,1-7129580d-6f67-435d-bb74-131e4d3b4249,South America 5V5 Queue,5v5,1787536903
bfcaafc0-e907-4cde-a56c-6d932444299b,1-cc092b05-68a2-48bc-b2e2-ce67f7259f86,South America 5V5 Queue,5v5,1787532903
bfcaafc0-e907-4cde-a56c-6d932444299b,1-97b3bb73-45c6-43e4-8089-902e5cee7377,South America 5V5 Queue,5v5,1787531275
bfcaafc0-e907-4cde-a56c-6d932444299b,1-8d4a4a55-e2cf-443d-a6a7-4403a6a52cff,South America 5V5 Queue,5v5,1787529100
bfcaafc0-e907-4cde-a56c-6d932444299b,1-c8949e7f-e436-4376-9f84-c5c22f579517,South America 5V5 Queue,5v5,1787526999
bfcaafc0-e907-4cde-a56c-6d932444299b,1-c3b4d65d-7bb4-4c77-bb89-97aae0a04a22,South America 5V5 Queue,5v5,1787519494
bfcaafc0-e907-4cde-a56c-6d932444299b,1-0bcf9520-b11a-48be-b1a0-88dc33ba2865,South America 5V5 Queue,5v5,1787517498
bfcaafc0-e907-4cde-a56c-6d932444299b,1-fdb8aed6-6390-4d6f-ab92-0f85c06f8cb9,South America 5V5 Queue,5v5,1787514450
bfcaafc0-e907-4cde-a56c-6d932444299b,1-7e9a9f4c-1b89-464f-953c-beac4be1fa8a,South America 5V5 Queue,5v5,1787354349
bfcaafc0-e907-4cde-a56c-6d932444299b,1-df9b643c-ff09-4047-b7b8-b0ce72359a25,South America 5V5 Queue,5v5,1787351333
bfcaafc0-e907-4cde-a56c-6d932444299b,1-7f4acd60-9738-4380-91f2-d3f905b0a8c5,South America 5V5 Queue,5v5,1787284898
bfcaafc0-e907-4cde-a56c-6d932444299b,1-609529ed-9fa4-483d-a956-46574432f6f3,South America 5V5 Queue,5v5,1787280669
bfcaafc0-e907-4cde-a56c-6d932444299b,1-e1b57c03-0e71-48e1-9125-d2c1493906c9,South America 5V5 Queue,5v5,1787278429
bfcaafc0-e907-4cde-a56c-6d932444299b,1-5c916ff2-ea66-4816-be73-53a39d601cd1,South America 5V5 Queue,5v5,1787275909
bfcaafc0-e907-4cde-a56c-6d932444299b,1-e4f91f2c-8f4b-4b50-90dc-d8b060555bfa,South America 5V5 Queue,5v5,1787243160
bfcaafc0-e907-4cde-a56c-6d932444299b,1-6f04e14c-617c-4539-8581-1a39171af214,South America 5V5 Queue,5v5,1787238925
bfcaafc0-e907-4cde-a56c-6d932444299b,1-4a1e70af-adfa-43c4-af79-8858fda0d64b,South America 5V5 Queue,5v5,1787237329
bfcaafc0-e907-4cde-a56c-6d932444299b,1-df6529a5-1285-4fb2-8caf-acb540382a3b,South America 5V5 Queue,5v5,1787197715
bfcaafc0-e907-4cde-a56c-6d932444299b,1-a29a91ff-5cac-416b-b1c6-ce310f3b2cd5,South America 5V5 Queue,5v5,1787191028
bfcaafc0-e907-4cde-a56c-6d932444299b,1-7c29065f-ff83-46c0-9e57-8bdc6b19cedb,South America 5V5 Queue,5v5,1787186335
bfcaafc0-e907-4cde-a56c-6d932444299b,1-79b7ba9d-7b27-4022-8e20-2c51c074468e,South America 5V5 Queue,5v5,1787109975
bfcaafc0-e907-4cde-a56c-6d932444299b,1-7ee5a902-8f67-494b-b69d-dad44e4a6a5a,South America 5V5 Queue,5v5,1787107253
175b1046-459e-4f82-bfa8-262b9527e64d,1-dc521ebf-e23c-499a-a189-cdea32b183d5,South America 5V5 Queue,5v5,1787689748
175b1046-459e-4f82-bfa8-262b9527e64d,1-1f92b9c5-73f6-420c-b3bd-3148b1851610,South America 5V5 Queue,5v5,1787635539
175b1046-459e-4f82-bfa8-262b9527e64d,1-d7b0b233-0ca0-4c64-a449-1b1ef6bc8c88,South America 5V5 Queue,5v5,1787632355
175b1046-459e-4f82-bfa8-262b9527e64d,1-424e8b17-1d9c-4225-928c-54fcda734d24,South America 5V5 Queue,5v5,1787630263
175b1046-459e-4f82-bfa8-262b9527e64d,1-43c6546b-6f0a-42d5-abed-624f0fce5f33,South America 5V5 Queue,5v5,1787621325
175b1046-459e-4f82-bfa8-262b9527e64d,1-9e4d67ed-352a-41fc-9abf-d2f6b256caf5,South America 5V5 Queue,5v5,1787603790
175b1046-459e-4f82-bfa8-262b9527e64d,1-52adc3ee-d43c-4fab-a5a4-3316aff3d6be,South America 5V5 Queue,5v5,1787600581
175b1046-459e-4f82-bfa8-262b9527e64d,1-fc622794-5395-468f-b4be-e3f002908b41,South America 5V5 Queue,5v5,1787597508
175b1046-459e-4f82-bfa8-262b9527e64d,1-e8a2613f-d588-4b80-9e81-140896a9dbe0,South America 5V5 Queue,5v5,1787595781
175b1046-459e-4f82-bfa8-262b9527e64d,1-77be4023-3365-4ba0-b651-658a0a97ede6,South America 5V5 Queue,5v5,1787593841
175b1046-459e-4f82-bfa8-262b9527e64d,1-f7c76e29-2c16-4ef9-b11f-6e16efaac8bc,South America 5V5 Queue,5v5,1787588867
175b1046-459e-4f82-bfa8-262b9527e64d,1-01168cf9-861d-4755-bb24-05314778b0bc,South America 5V5 Queue,5v5,1787542720
175b1046-459e-4f82-bfa8-262b9527e64d,1-fb410aff-136a-46f8-8c8a-f5c2f9901e08,CS2 2026 - GoGameFestival,5v5,1787518872
175b1046-459e-4f82-bfa8-262b9527e64d,1-30136680-ca12-49a3-aff9-14dbe30184bc,CS2 2026 - GoGameFestival,5v5,1787510071
175b1046-459e-4f82-bfa8-262b9527e64d,1-590f3cd5-6f4a-4faa-970e-3d8859f3a768,CS2 2026 - GoGameFestival,5v5,1787504296
175b1046-459e-4f82-bfa8-262b9527e64d,1-23ad286b-f358-45ff-b333-47ee5f906cdf,South America 5V5 Queue,5v5,1787466084
175b1046-459e-4f82-bfa8-262b9527e64d,1-89f3341c-19d7-42f3-b2e8-a1c2bc265d0f,South America 5V5 Queue,5v5,1787463964
175b1046-459e-4f82-bfa8-262b9527e64d,1-aa89b578-b20e-4024-8d05-1dce5bfb2bd3,South America 5V5 Queue,5v5,1787431476
175b1046-459e-4f82-bfa8-262b9527e64d,1-e96111aa-3ca3-4745-9cd3-ddfc89f9a9b4,South America 5V5 Queue,5v5,1787428962
175b1046-459e-4f82-bfa8-262b9527e64d,1-4738b567-3ed2-46bf-80a6-9af67f711807,South America 5V5 Queue,5v5,1787426366
175b1046-459e-4f82-bfa8-262b9527e64d,1-cf8b8d6d-3867-4a7d-a934-2905ee9874f1,South America 5V5 Queue,5v5,1787422600
175b1046-459e-4f82-bfa8-262b9527e64d,1-bb13e334-5d4f-4068-a0a2-9360aeb19549,South America 5V5 Queue,5v5,1787333025
175b1046-459e-4f82-bfa8-262b9527e64d,1-0429e6f9-07e2-4df9-8e58-9e1b479522bc,South America 5V5 Queue,5v5,1787295506
175b1046-459e-4f82-bfa8-262b9527e64d,1-784a3449-222b-4422-aa6f-f786d2a863bc,South America 5V5 Queue,5v5,1787292668
175b1046-459e-4f82-bfa8-262b9527e64d,1-d20bd4e4-3774-479c-a062-019867ec3406,South America 5V5 Queue,5v5,1787290570
175b1046-459e-4f82-bfa8-262b9527e64d,1-09443468-9d4b-47d8-a0df-325e85ae8d65,South America 5V5 Queue,5v5,1787287863
175b1046-459e-4f82-bfa8-262b9527e64d,1-f77f13c7-3e92-46b4-80b2-bdcfb290a32a,South America 5V5 Queue,5v5,1787282810
175b1046-459e-4f82-bfa8-262b9527e64d,1-44dbc76d-1ae7-4b11-807e-c1080c0c1c92,South America 5V5 Queue,5v5,1787274104
175b1046-459e-4f82-bfa8-262b9527e64d,1-70870c36-208f-46df-8e38-7e61c88b8414,South America 5V5 Queue,5v5,1787265970
175b1046-459e-4f82-bfa8-262b9527e64d,1-fd5dd0a1-184a-4f70-85fd-5aceb46604a2,South America 5V5 Queue,5v5,1787262131
a5fa9e4c-0beb-4b4b-94bf-fbda21fe9fe4,1-d0521559-36f6-4caf-be11-322b1b1aba23,South America 5V5 Queue,5v5,1787633837
a5fa9e4c-0beb-4b4b-94bf-fbda21fe9fe4,1-5e86eddf-9a32-465b-93c3-7dd16649ec97,South America 5V5 Queue,5v5,1787629958
a5fa9e4c-0beb-4b4b-94bf-fbda21fe9fe4,1-37048037-d7ca-4a84-a23a-3ba61ef710fc,South America 5V5 Queue,5v5,1787625035
a5fa9e4c-0beb-4b4b-94bf-fbda21fe9fe4,1-263eb2ab-5594-464c-8216-89a1f1f0b7f9,South America 5V5 Queue,5v5,1787525581
a5fa9e4c-0beb-4b4b-94bf-fbda21fe9fe4,1-c27f2b56-460b-4294-9619-c6e2b8e7a8bb,South America 5V5 Queue,5v5,1787522136
a5fa9e4c-0beb-4b4b-94bf-fbda21fe9fe4,1-61931e0e-d2e4-448d-bc39-7c37e496660e,South America 5V5 Queue,5v5,1787519118
a5fa9e4c-0beb-4b4b-94bf-fbda21fe9fe4,1-a68844d7-a7f0-4a42-b474-606f23b093af,South America 5V5 Queue,5v5,1787515614
a5fa9e4c-0beb-4b4b-94bf-fbda21fe9fe4,1-a55a9053-7a38-4db2-accd-cc542a8963dd,South America 5V5 Queue,5v5,1787204515
a5fa9e4c-0beb-4b4b-94bf-fbda21fe9fe4,1-9910ce24-7271-49f5-abb6-774ef18f6700,South America 5V5 Queue,5v5,1787202221
a5fa9e4c-0beb-4b4b-94bf-fbda21fe9fe4,1-b5dc1eaa-bbfc-4ba8-a1f6-6d4abbe725f8,South America 5V5 Queue,5v5,1787199090
a5fa9e4c-0beb-4b4b-94bf-fbda21fe9fe4,1-6e38ba93-5c9a-4c96-b986-3f65dce2c68c,South America 5V5 Queue,5v5,1787194696
a5fa9e4c-0beb-4b4b-94bf-fbda21fe9fe4,1-0b3ae9b8-e243-40eb-a18e-da7ddae710cd,South America 5V5 Queue,5v5,1787190624
a5fa9e4c-0beb-4b4b-94bf-fbda21fe9fe4,1-f9e7fe68-596b-44af-a749-1f2068e55c4d,South America 5V5 Queue,5v5,1787111190
a5fa9e4c-0beb-4b4b-94bf-fbda21fe9fe4,1-bad6b0d4-40ae-48dc-a1fd-3fdb74f29a00,South America 5V5 Queue,5v5,1787107387
a5fa9e4c-0beb-4b4b-94bf-fbda21fe9fe4,1-1d916cf5-e861-4769-8848-874275012c01,South America 5V5 Queue,5v5,1787103201
a5fa9e4c-0beb-4b4b-94bf-fbda21fe9fe4,1-5b043b63-d866-4c2a-950d-201987db8324,South America 5V5 Queue,5v5,1787022706
a5fa9e4c-0beb-4b4b-94bf-fbda21fe9fe4,1-51a7d9b2-d699-4f6a-b075-eb7e12b97fe5,South America 5V5 Queue,5v5,1787018227
a5fa9e4c-0beb-4b4b-94bf-fbda21fe9fe4,1-5f1af50e-56ed-4776-a25b-93a55f37b3cc,South America 5V5 Queue,5v5,1787014787
a5fa9e4c-0beb-4b4b-94bf-fbda21fe9fe4,1-088791ee-a2b0-49db-bc41-0e6d91220a7d,South America 5V5 Queue,5v5,1787011464
a5fa9e4c-0beb-4b4b-94bf-fbda21fe9fe4,1-88a223aa-461a-48e7-8cb9-d423fbb6574b,South America 5V5 Queue,5v5,1786757739
a5fa9e4c-0beb-4b4b-94bf-fbda21fe9fe4,1-62086af5-e0b7-427b-9bbf-0b94bccd502d,South America 5V5 Queue,5v5,1786753740
a5fa9e4c-0beb-4b4b-94bf-fbda21fe9fe4,1-92ae847f-10c9-4bb3-b5d4-c88fd4210ff9,South America 5V5 Queue,5v5,1786750755
a5fa9e4c-0beb-4b4b-94bf-fbda21fe9fe4,1-8d515267-ef6a-4f12-a45e-f9499a60ef00,South America 5V5 Queue,5v5,1786597651
a5fa9e4c-0beb-4b4b-94bf-fbda21fe9fe4,1-0902986a-13d5-4085-8230-c3ecbf1b1485,South America 5V5 Queue,5v5,1786593787
a5fa9e4c-0beb-4b4b-94bf-fbda21fe9fe4,1-abf45e80-2595-49ce-bb79-db6d122d8c25,South America 5V5 Queue,5v5,1786589890
a5fa9e4c-0beb-4b4b-94bf-fbda21fe9fe4,1-de114a33-7b55-4f23-b600-17ab9acf6041,South America 5V5 Queue,5v5,1786587260
a5fa9e4c-0beb-4b4b-94bf-fbda21fe9fe4,1-e122a38e-1f08-42c1-949b-77d1dcdc41e7,South America 5V5 Queue,5v5,1786583031
a5fa9e4c-0beb-4b4b-94bf-fbda21fe9fe4,1-24ddbb3a-f7cd-4ab2-ae9f-5e37a8c287ca,South America 5V5 Queue,5v5,1786399764
a5fa9e4c-0beb-4b4b-94bf-fbda21fe9fe4,1-bcbf03bf-59de-43d8-bcf2-28991c7aa6ba,South America 5V5 Queue,5v5,1786332171
a5fa9e4c-0beb-4b4b-94bf-fbda21fe9fe4,1-82e239a2-380e-4214-b270-87470044ef2c,South America 5V5 Queue,5v5,1786327976
1830d4f8-a243-47d8-b8b8-943f7170b163,1-f4f24495-2083-43a4-bc17-01648fe4ae50,Europe 5v5 Queue,5v5,1786826171
1830d4f8-a243-47d8-b8b8-943f7170b163,1-36827e7e-c133-4935-b44d-bf4550810949,Europe 5v5 Queue,5v5,1786824156
1830d4f8-a243-47d8-b8b8-943f7170b163,1-51b25ca7-c75a-4c3c-838e-ca7c7d3d17d7,Europe 5v5 Queue,5v5,1786748653
1830d4f8-a243-47d8-b8b8-943f7170b163,1-fa06a6e5-e9ca-416d-8ecc-d954c9ef0626,Europe 5v5 Queue,5v5,1786746830
1830d4f8-a243-47d8-b8b8-943f7170b163,1-43a55a0d-1bf8-4ccf-b6c3-711344e35ae3,Europe 5v5 Queue,5v5,1786662122
1830d4f8-a243-47d8-b8b8-943f7170b163,1-b78392c9-5f72-40f8-95d7-dfd440faeb60,Europe 5v5 Queue,5v5,1786658168
1830d4f8-a243-47d8-b8b8-943f7170b163,1-96907396-8e7d-43cd-8508-6c69dfcb63e5,Europe 5v5 Queue,5v5,1786474457
1830d4f8-a243-47d8-b8b8-943f7170b163,1-4c437a23-e7d4-4397-a10b-7a42bd36dc2c,Europe 5v5 Queue,5v5,1786472101
1830d4f8-a243-47d8-b8b8-943f7170b163,1-93002f5c-3913-4ce6-97f9-9e6889febff3,Europe 5v5 Queue,5v5,1786469246
1830d4f8-a243-47d8-b8b8-943f7170b163,1-232de5e9-5bc5-4916-9026-8b93acaeb933,Europe 5v5 Queue,5v5,1786465658
1830d4f8-a243-47d8-b8b8-943f7170b163,1-18a0bb69-7e6a-4e3a-bfc1-cb67dc7e98d1,Europe 5v5 Queue,5v5,1786460947
1830d4f8-a243-47d8-b8b8-943f7170b163,1-9a42a0e9-36bd-45c4-b9b5-0058392e6e02,Europe 5v5 Queue,5v5,1786316074
1830d4f8-a243-47d8-b8b8-943f7170b163,1-961cf2b8-40f0-4bb4-a0cd-ce18afedd92f,Europe 5v5 Queue,5v5,1786305427
1830d4f8-a243-47d8-b8b8-943f7170b163,1-b997ae56-593e-48da-ab95-19d5d538d3fe,Europe 5v5 Queue,5v5,1786048953
1830d4f8-a243-47d8-b8b8-943f7170b163,1-b47a11bb-39f3-4647-8d26-d999fe1bd6d5,Europe 5v5 Queue,5v5,1785964457
1830d4f8-a243-47d8-b8b8-943f7170b163,1-ffc17dcf-c855-43ee-b699-c8f82268c3d0,Europe 5v5 Queue,5v5,1785961640
1830d4f8-a243-47d8-b8b8-943f7170b163,1-e614b571-25f6-4e65-820a-ce3e32f28d65,Europe 5v5 Queue,5v5,1785448655
1830d4f8-a243-47d8-b8b8-943f7170b163,1-6e7f4154-9c11-4003-b28a-06d64174e745,Europe 5v5 Queue,5v5,1785444729
1830d4f8-a243-47d8-b8b8-943f7170b163,1-517ae11b-c8fe-496b-a367-1b58b320e7ee,Europe 5v5 Queue,5v5,1785425386
1830d4f8-a243-47d8-b8b8-943f7170b163,1-1766ee9c-1186-4670-95e7-926e173ae7c2,Europe 5v5 Queue,5v5,1785267420
1830d4f8-a243-47d8-b8b8-943f7170b163,1-4bea9bd9-fe28-4ba3-a4ef-dc9634eaec0b,South America 5V5 Queue,5v5,1784678602
1830d4f8-a243-47d8-b8b8-943f7170b163,1-67fad448-becb-4abe-8b00-583a83cae489,South America 5V5 Queue,5v5,1784675902
1830d4f8-a243-47d8-b8b8-943f7170b163,1-f651cb2f-c8bc-4adf-b42c-604409667940,South America 5V5 Queue,5v5,1784673583
1830d4f8-a243-47d8-b8b8-943f7170b163,1-a79ff826-3fa4-40f6-8239-a88fa9875456,South America 5V5 Queue,5v5,1784604139
1830d4f8-a243-47d8-b8b8-943f7170b163,1-8eb42f44-5db8-48aa-ace1-84e3b79ca555,South America 5V5 Queue,5v5,1784600990
1830d4f8-a243-47d8-b8b8-943f7170b163,1-62efd674-5f33-4861-ac50-b1fc81e48452,South America 5V5 Queue,5v5,1784592161
1830d4f8-a243-47d8-b8b8-943f7170b163,1-80f6ca23-db1c-4244-b3fb-0d7ab508c3a8,South America 5V5 Queue,5v5,1784589786
1830d4f8-a243-47d8-b8b8-943f7170b163,1-221c518a-bb79-45a9-8754-e70368515324,South America 5V5 Queue,5v5,1784443391
1830d4f8-a243-47d8-b8b8-943f7170b163,1-0809a0e2-585f-4268-8641-bd19b1a4fa72,South America 5V5 Queue,5v5,1784437320
1830d4f8-a243-47d8-b8b8-943f7170b163,1-d5d4a063-ef4a-4de8-8a5a-d9ad3e8afca2,South America 5V5 Queue,5v5,1784433086
39d9655f-58fb-4550-93ec-6bde8df12211,1-a8b8c878-682b-493a-8c45-9ba8a44bc015,South America 5V5 Queue,5v5,1787627452
39d9655f-58fb-4550-93ec-6bde8df12211,1-a622249a-3fb6-4c4e-a68c-41902b27c735,South America 5V5 Queue,5v5,1787290766
39d9655f-58fb-4550-93ec-6bde8df12211,1-9ea67c4b-0776-428f-8ccb-d0c2a770ff1d,South America 5V5 Queue,5v5,1787288506
39d9655f-58fb-4550-93ec-6bde8df12211,1-44a1fd1a-9de4-48d9-85c8-fca6a95e6520,South America 5V5 Queue,5v5,1787285913
39d9655f-58fb-4550-93ec-6bde8df12211,1-71e9f709-7be5-41b7-adfe-734acc9bc697,South America 5V5 Queue,5v5,1787283648
39d9655f-58fb-4550-93ec-6bde8df12211,1-2f84ab79-7c21-4f53-96a7-f2abf3507d26,South America 5V5 Queue,5v5,1787280800
39d9655f-58fb-4550-93ec-6bde8df12211,1-463d2975-fd1e-479b-b9e2-4d3f819454fe,South America 5V5 Queue,5v5,1787277895
39d9655f-58fb-4550-93ec-6bde8df12211,1-f1f1fd1d-6e97-4453-a140-8be7c08ed73a,South America 5V5 Queue,5v5,1787199088
39d9655f-58fb-4550-93ec-6bde8df12211,1-2a37316e-b4bf-41e9-9b23-4e67b758f960,South America 5V5 Queue,5v5,1787117915
39d9655f-58fb-4550-93ec-6bde8df12211,1-338de13e-04ed-483d-894c-6b1789bfc5e3,South America 5V5 Queue,5v5,1787115184
39d9655f-58fb-4550-93ec-6bde8df12211,1-aabf8597-6bf9-4e55-97e6-2b94a832b762,South America 5V5 Queue,5v5,1787112766
39d9655f-58fb-4550-93ec-6bde8df12211,1-016697b4-eade-4655-b1b6-25a8b1e3a5eb,South America 5V5 Queue,5v5,1787093973
39d9655f-58fb-4550-93ec-6bde8df12211,1-7be95789-4777-4985-9a2b-82acdd1f375f,South America 5V5 Queue,5v5,1787091668
39d9655f-58fb-4550-93ec-6bde8df12211,1-683227f5-9fe6-4ca8-b78e-a54749216ec7,South America 5V5 Queue,5v5,1787087705
39d9655f-58fb-4550-93ec-6bde8df12211,1-9e835917-a62d-4072-865f-830609f24a53,South America 5V5 Queue,5v5,1787081927
39d9655f-58fb-4550-93ec-6bde8df12211,1-87092bd2-a099-4018-8df1-a45752d8c784,South America 5V5 Queue,5v5,1787016675
39d9655f-58fb-4550-93ec-6bde8df12211,1-9f6a35ba-c6e6-4bff-a99b-46a68724a05f,South America 5V5 Queue,5v5,1787014122
39d9655f-58fb-4550-93ec-6bde8df12211,1-fc4db106-0eca-4d1f-8f94-a2d342107173,South America 5V5 Queue,5v5,1787005691
39d9655f-58fb-4550-93ec-6bde8df12211,1-ccbbf781-f4fd-4dc3-8cb2-e843eb9182e0,South America 5V5 Queue,5v5,1787003126
39d9655f-58fb-4550-93ec-6bde8df12211,1-082e83a6-a9d3-4d1f-a3e3-68506fb0981a,South America 5V5 Queue,5v5,1786999901
39d9655f-58fb-4550-93ec-6bde8df12211,1-8b5be3a6-63ba-4a5e-b579-0f6c7c2d8233,South America 5V5 Queue,5v5,1786943498
39d9655f-58fb-4550-93ec-6bde8df12211,1-2e74d6f7-f296-4dbb-aac7-f0d43ea58d94,South America 5V5 Queue,5v5,1786940766
39d9655f-58fb-4550-93ec-6bde8df12211,1-279f1644-41af-4d38-b260-e8f24d677a94,CCT 2026 South America 5 - Open Qualifier,5v5,1786825798
39d9655f-58fb-4550-93ec-6bde8df12211,1-b46c1e10-76e4-40d9-8643-eacf9bd28498,CCT 2026 South America 5 - Open Qualifier,5v5,1786821867
39d9655f-58fb-4550-93ec-6bde8df12211,1-75f79a16-6722-4a01-bd7f-508c2faa48ff,CCT 2026 South America 5 - Open Qualifier,5v5,1786818295
39d9655f-58fb-4550-93ec-6bde8df12211,1-37ad1518-31b2-43f8-b075-511f643f1535,CCT 2026 South America 5 - Open Qualifier,5v5,1786816545
39d9655f-58fb-4550-93ec-6bde8df12211,1-740fdf78-071f-4030-99bf-deb5e64c6076,South America 5V5 Queue,5v5,1786774468
39d9655f-58fb-4550-93ec-6bde8df12211,1-01e0ca7d-4c58-46b0-89b7-595aef941175,South America 5V5 Queue,5v5,1786770770
39d9655f-58fb-4550-93ec-6bde8df12211,1-a95abd63-3662-4085-9a1d-f09b6c4dcdc3,South America 5V5 Queue,5v5,1786768026
39d9655f-58fb-4550-93ec-6bde8df12211,1-d539ae40-cca4-43f7-970c-db41f6c76703,South America 5V5 Queue,5v5,1786764430
eac4c82a-1d28-4a4a-a9e2-a9932156c34a,1-d0521559-36f6-4caf-be11-322b1b1aba23,South America 5V5 Queue,5v5,1787633837
eac4c82a-1d28-4a4a-a9e2-a9932156c34a,1-5e86eddf-9a32-465b-93c3-7dd16649ec97,South America 5V5 Queue,5v5,1787629958
eac4c82a-1d28-4a4a-a9e2-a9932156c34a,1-37048037-d7ca-4a84-a23a-3ba61ef710fc,South America 5V5 Queue,5v5,1787625035
eac4c82a-1d28-4a4a-a9e2-a9932156c34a,1-b5dc1eaa-bbfc-4ba8-a1f6-6d4abbe725f8,South America 5V5 Queue,5v5,1787199090
eac4c82a-1d28-4a4a-a9e2-a9932156c34a,1-6e38ba93-5c9a-4c96-b986-3f65dce2c68c,South America 5V5 Queue,5v5,1787194696
eac4c82a-1d28-4a4a-a9e2-a9932156c34a,1-0b3ae9b8-e243-40eb-a18e-da7ddae710cd,South America 5V5 Queue,5v5,1787190624
eac4c82a-1d28-4a4a-a9e2-a9932156c34a,1-f9e7fe68-596b-44af-a749-1f2068e55c4d,South America 5V5 Queue,5v5,1787111190
eac4c82a-1d28-4a4a-a9e2-a9932156c34a,1-bad6b0d4-40ae-48dc-a1fd-3fdb74f29a00,South America 5V5 Queue,5v5,1787107387
eac4c82a-1d28-4a4a-a9e2-a9932156c34a,1-1d916cf5-e861-4769-8848-874275012c01,South America 5V5 Queue,5v5,1787103201
eac4c82a-1d28-4a4a-a9e2-a9932156c34a,1-f10eb915-6e82-4ed2-8eea-698ab37ddfbf,South America 5V5 Queue,5v5,1787097238
eac4c82a-1d28-4a4a-a9e2-a9932156c34a,1-5b043b63-d866-4c2a-950d-201987db8324,South America 5V5 Queue,5v5,1787022706
eac4c82a-1d28-4a4a-a9e2-a9932156c34a,1-51a7d9b2-d699-4f6a-b075-eb7e12b97fe5,South America 5V5 Queue,5v5,1787018227
eac4c82a-1d28-4a4a-a9e2-a9932156c34a,1-5f1af50e-56ed-4776-a25b-93a55f37b3cc,South America 5V5 Queue,5v5,1787014787
eac4c82a-1d28-4a4a-a9e2-a9932156c34a,1-088791ee-a2b0-49db-bc41-0e6d91220a7d,South America 5V5 Queue,5v5,1787011464
eac4c82a-1d28-4a4a-a9e2-a9932156c34a,1-88a223aa-461a-48e7-8cb9-d423fbb6574b,South America 5V5 Queue,5v5,1786757739
eac4c82a-1d28-4a4a-a9e2-a9932156c34a,1-62086af5-e0b7-427b-9bbf-0b94bccd502d,South America 5V5 Queue,5v5,1786753740
eac4c82a-1d28-4a4a-a9e2-a9932156c34a,1-92ae847f-10c9-4bb3-b5d4-c88fd4210ff9,South America 5V5 Queue,5v5,1786750755
eac4c82a-1d28-4a4a-a9e2-a9932156c34a,1-be2efa73-5202-4055-a3ca-502e3e7ec0c3,South America 5V5 Queue,5v5,1786747960
eac4c82a-1d28-4a4a-a9e2-a9932156c34a,1-9e450839-59d0-440a-94d6-a72e4c6f4589,South America 5V5 Queue,5v5,1786682088
eac4c82a-1d28-4a4a-a9e2-a9932156c34a,1-a83312d5-ed3a-4d4f-a0d5-14c03a1b3713,South America 5V5 Queue,5v5,1786677697
eac4c82a-1d28-4a4a-a9e2-a9932156c34a,1-35a6abcb-a4cf-4cb8-be20-d16a58c93050,South America 5V5 Queue,5v5,1786674163
eac4c82a-1d28-4a4a-a9e2-a9932156c34a,1-8ba0d6ea-9bec-41e0-9b8f-ac3f801e868b,South America 5V5 Queue,5v5,1786671223
eac4c82a-1d28-4a4a-a9e2-a9932156c34a,1-8dc9a387-3da2-4280-94d1-f33474933fce,South America 5V5 Queue,5v5,1786668971
eac4c82a-1d28-4a4a-a9e2-a9932156c34a,1-8d515267-ef6a-4f12-a45e-f9499a60ef00,South America 5V5 Queue,5v5,1786597651
eac4c82a-1d28-4a4a-a9e2-a9932156c34a,1-0902986a-13d5-4085-8230-c3ecbf1b1485,South America 5V5 Queue,5v5,1786593787
eac4c82a-1d28-4a4a-a9e2-a9932156c34a,1-abf45e80-2595-49ce-bb79-db6d122d8c25,South America 5V5 Queue,5v5,1786589890
eac4c82a-1d28-4a4a-a9e2-a9932156c34a,1-de114a33-7b55-4f23-b600-17ab9acf6041,South America 5V5 Queue,5v5,1786587260
eac4c82a-1d28-4a4a-a9e2-a9932156c34a,1-e122a38e-1f08-42c1-949b-77d1dcdc41e7,South America 5V5 Queue,5v5,1786583031
eac4c82a-1d28-4a4a-a9e2-a9932156c34a,1-93d46a35-686d-4025-b3d0-89560877f7af,South America 5V5 Queue,5v5,1786507457
eac4c82a-1d28-4a4a-a9e2-a9932156c34a,1-bea9c154-e8d2-40d4-8c5e-2775e11ecd58,South America 5V5 Queue,5v5,1786491624
b80d5294-8fb3-4299-8911-51637b1992ec,1-d0521559-36f6-4caf-be11-322b1b1aba23,South America 5V5 Queue,5v5,1787633837
b80d5294-8fb3-4299-8911-51637b1992ec,1-5e86eddf-9a32-465b-93c3-7dd16649ec97,South America 5V5 Queue,5v5,1787629958
b80d5294-8fb3-4299-8911-51637b1992ec,1-37048037-d7ca-4a84-a23a-3ba61ef710fc,South America 5V5 Queue,5v5,1787625035
b80d5294-8fb3-4299-8911-51637b1992ec,1-263eb2ab-5594-464c-8216-89a1f1f0b7f9,South America 5V5 Queue,5v5,1787525581
b80d5294-8fb3-4299-8911-51637b1992ec,1-c27f2b56-460b-4294-9619-c6e2b8e7a8bb,South America 5V5 Queue,5v5,1787522136
b80d5294-8fb3-4299-8911-51637b1992ec,1-61931e0e-d2e4-448d-bc39-7c37e496660e,South America 5V5 Queue,5v5,1787519118
b80d5294-8fb3-4299-8911-51637b1992ec,1-a68844d7-a7f0-4a42-b474-606f23b093af,South America 5V5 Queue,5v5,1787515614
b80d5294-8fb3-4299-8911-51637b1992ec,1-a55a9053-7a38-4db2-accd-cc542a8963dd,South America 5V5 Queue,5v5,1787204515
b80d5294-8fb3-4299-8911-51637b1992ec,1-9910ce24-7271-49f5-abb6-774ef18f6700,South America 5V5 Queue,5v5,1787202221
b80d5294-8fb3-4299-8911-51637b1992ec,1-b5dc1eaa-bbfc-4ba8-a1f6-6d4abbe725f8,South America 5V5 Queue,5v5,1787199090
b80d5294-8fb3-4299-8911-51637b1992ec,1-6e38ba93-5c9a-4c96-b986-3f65dce2c68c,South America 5V5 Queue,5v5,1787194696
b80d5294-8fb3-4299-8911-51637b1992ec,1-0b3ae9b8-e243-40eb-a18e-da7ddae710cd,South America 5V5 Queue,5v5,1787190624
b80d5294-8fb3-4299-8911-51637b1992ec,1-5b043b63-d866-4c2a-950d-201987db8324,South America 5V5 Queue,5v5,1787022706
b80d5294-8fb3-4299-8911-51637b1992ec,1-35a6abcb-a4cf-4cb8-be20-d16a58c93050,South America 5V5 Queue,5v5,1786674163
b80d5294-8fb3-4299-8911-51637b1992ec,1-8ba0d6ea-9bec-41e0-9b8f-ac3f801e868b,South America 5V5 Queue,5v5,1786671223
b80d5294-8fb3-4299-8911-51637b1992ec,1-8d515267-ef6a-4f12-a45e-f9499a60ef00,South America 5V5 Queue,5v5,1786597651
b80d5294-8fb3-4299-8911-51637b1992ec,1-0902986a-13d5-4085-8230-c3ecbf1b1485,South America 5V5 Queue,5v5,1786593787
b80d5294-8fb3-4299-8911-51637b1992ec,1-abf45e80-2595-49ce-bb79-db6d122d8c25,South America 5V5 Queue,5v5,1786589890
b80d5294-8fb3-4299-8911-51637b1992ec,1-de76ae49-9d89-4fef-a3b5-b1088b4b54dd,South America 5V5 Queue,5v5,1786401390
b80d5294-8fb3-4299-8911-51637b1992ec,1-24ddbb3a-f7cd-4ab2-ae9f-5e37a8c287ca,South America 5V5 Queue,5v5,1786399764
b80d5294-8fb3-4299-8911-51637b1992ec,1-bcbf03bf-59de-43d8-bcf2-28991c7aa6ba,South America 5V5 Queue,5v5,1786332171
b80d5294-8fb3-4299-8911-51637b1992ec,1-82e239a2-380e-4214-b270-87470044ef2c,South America 5V5 Queue,5v5,1786327976
b80d5294-8fb3-4299-8911-51637b1992ec,1-2f99c090-a364-4434-af2d-de367fa46e06,South America 5V5 Queue,5v5,1786325827
b80d5294-8fb3-4299-8911-51637b1992ec,1-c69c8c52-3e47-440a-aca4-7ab4e797ab67,Betboom Storm 4 - Galorys vs Keyd Stars,5v5,1786322944
b80d5294-8fb3-4299-8911-51637b1992ec,1-ee11cfd7-b077-4d5c-b403-9fed0c46eeab,South America 5V5 Queue,5v5,1786303496
b80d5294-8fb3-4299-8911-51637b1992ec,1-a3ee4cf1-b90a-41af-9ac5-a75469d11e93,Betboom Storm 4 - Gamdom Imperial vs Galorys,5v5,1786154096
b80d5294-8fb3-4299-8911-51637b1992ec,1-3b548f94-122d-4613-8773-5dbdcc77dc6f,South America 5V5 Queue,5v5,1786075819
b80d5294-8fb3-4299-8911-51637b1992ec,1-98a9de70-4e2f-4588-b7ed-a0cc2d4ae62c,South America 5V5 Queue,5v5,1786071323
b80d5294-8fb3-4299-8911-51637b1992ec,1-eb1c8c05-c14b-410e-81e6-d0c8457ccd9f,South America 5V5 Queue,5v5,1786068172
b80d5294-8fb3-4299-8911-51637b1992ec,1-975a032a-9633-4bbc-9ed8-097ec13c09a3,Betboom Storm 4 - Galorys vs Borracheiros,5v5,1786062808
0090092d-eca9-4047-a8c2-7693c494d356,1-74f7ffbe-e30a-4575-825c-96f4f81f7da8,SA ECL S52 Cup 1,5v5,1787697158
0090092d-eca9-4047-a8c2-7693c494d356,1-8cae37b0-0c4e-4851-8a55-86ce2532689c,South America 5V5 Queue,5v5,1787633228
0090092d-eca9-4047-a8c2-7693c494d356,1-6e0a7f5b-1a31-47f2-8b81-a8b0a30b9ce3,South America 5V5 Queue,5v5,1787384693
0090092d-eca9-4047-a8c2-7693c494d356,1-07fbea90-0d61-4fd1-8759-cbc055194a90,South America 5V5 Queue,5v5,1787379976
0090092d-eca9-4047-a8c2-7693c494d356,1-09443468-9d4b-47d8-a0df-325e85ae8d65,South America 5V5 Queue,5v5,1787287863
0090092d-eca9-4047-a8c2-7693c494d356,1-a04bf15f-cf88-4220-879e-09990028dc62,South America 5V5 Queue,5v5,1787286012
0090092d-eca9-4047-a8c2-7693c494d356,1-f77f13c7-3e92-46b4-80b2-bdcfb290a32a,South America 5V5 Queue,5v5,1787282810
0090092d-eca9-4047-a8c2-7693c494d356,1-ae3ca201-1c97-40ed-96fd-a8781693746b,South America 5V5 Queue,5v5,1787114569
0090092d-eca9-4047-a8c2-7693c494d356,1-79b7ba9d-7b27-4022-8e20-2c51c074468e,South America 5V5 Queue,5v5,1787109975
0090092d-eca9-4047-a8c2-7693c494d356,1-7ee5a902-8f67-494b-b69d-dad44e4a6a5a,South America 5V5 Queue,5v5,1787107253
0090092d-eca9-4047-a8c2-7693c494d356,1-0ac7dbaf-dd51-4979-b819-8e0146145125,South America 5V5 Queue,5v5,1787104811
0090092d-eca9-4047-a8c2-7693c494d356,1-fe889d56-65d5-4de8-ba37-fc2eaf03fb94,South America 5V5 Queue,5v5,1787027958
0090092d-eca9-4047-a8c2-7693c494d356,1-3cabc792-55e4-4246-a751-c627043d217a,South America 5V5 Queue,5v5,1787024981
0090092d-eca9-4047-a8c2-7693c494d356,1-670904b9-0b6f-490d-9cea-047b6b79771e,South America 5V5 Queue,5v5,1787021820
0090092d-eca9-4047-a8c2-7693c494d356,1-96c6c3db-90f2-4b92-b060-489f1d3b6857,South America 5V5 Queue,5v5,1786944569
0090092d-eca9-4047-a8c2-7693c494d356,1-a202446a-fe6a-4589-98fd-de76e1b5ddfa,South America 5V5 Queue,5v5,1786942003
0090092d-eca9-4047-a8c2-7693c494d356,1-6883a943-f616-4510-8d65-7be46efa4fda,South America 5V5 Queue,5v5,1786596698
0090092d-eca9-4047-a8c2-7693c494d356,1-c0111c59-f7a1-4955-8b9b-1e109404feb0,South America 5V5 Queue,5v5,1786594037
0090092d-eca9-4047-a8c2-7693c494d356,1-acb45f87-066a-443e-92e4-e120beca217d,South America 5V5 Queue,5v5,1786590301
0090092d-eca9-4047-a8c2-7693c494d356,1-7f8a6610-8c2f-4e1d-b8b0-5cb13a240f4b,South America 5V5 Queue,5v5,1786509065
0090092d-eca9-4047-a8c2-7693c494d356,1-2a6cd88e-5351-4102-ab23-bc7bdcd7728f,South America 5V5 Queue,5v5,1786505578
0090092d-eca9-4047-a8c2-7693c494d356,1-f9e7212c-af32-4dba-be45-c7b94f75c95a,South America 5V5 Queue,5v5,1786427491
0090092d-eca9-4047-a8c2-7693c494d356,1-523b9b59-8095-41cf-9b57-52bbe09cc03d,South America 5V5 Queue,5v5,1786424043
0090092d-eca9-4047-a8c2-7693c494d356,1-db052bcd-4912-47f3-892a-134730cade50,South America 5V5 Queue,5v5,1786421125
0090092d-eca9-4047-a8c2-7693c494d356,1-358a7582-094d-4bf6-abce-b04745ea332a,South America 5V5 Queue,5v5,1786418738
0090092d-eca9-4047-a8c2-7693c494d356,1-8a5a120f-338b-44af-9821-3d040773e471,South America 5V5 Queue,5v5,1786249443
0090092d-eca9-4047-a8c2-7693c494d356,1-d8121568-3bdf-454e-bf7b-bb2f434914a1,South America 5V5 Queue,5v5,1786246552
0090092d-eca9-4047-a8c2-7693c494d356,1-d967c563-f8e8-44e2-875a-bf1fcb04ef85,South America 5V5 Queue,5v5,1786244072
0090092d-eca9-4047-a8c2-7693c494d356,1-34250f56-4906-4955-a417-6642ecbfbbc9,South America 5V5 Queue,5v5,1786240428
0090092d-eca9-4047-a8c2-7693c494d356,1-a8b8b49b-fc44-4ad6-a684-f18c37699465,South America 5V5 Queue,5v5,1786235101
534bbb62-5218-4727-aaad-9ef726c424c6,1-c8ec7786-9d64-43b4-b52e-40f472f22152,South America 5V5 Queue,5v5,1787638050
534bbb62-5218-4727-aaad-9ef726c424c6,1-1f92b9c5-73f6-420c-b3bd-3148b1851610,South America 5V5 Queue,5v5,1787635539
534bbb62-5218-4727-aaad-9ef726c424c6,1-27f09e3d-f490-464d-b45a-36d8266410e8,South America 5V5 Queue,5v5,1787632947
534bbb62-5218-4727-aaad-9ef726c424c6,1-424e8b17-1d9c-4225-928c-54fcda734d24,South America 5V5 Queue,5v5,1787630263
534bbb62-5218-4727-aaad-9ef726c424c6,1-85668ae4-0284-4391-a8af-9ad5b83c90f5,South America 5V5 Queue,5v5,1787627759
534bbb62-5218-4727-aaad-9ef726c424c6,1-42d2e677-08f3-42cd-90b5-85043c8bb605,South America 5V5 Queue,5v5,1787624223
534bbb62-5218-4727-aaad-9ef726c424c6,1-8dd7391d-55b4-4713-8236-e6351008b9a9,S58 SA Open Central - Regular Season,5v5 League,1787615787
534bbb62-5218-4727-aaad-9ef726c424c6,1-4f4f2857-6b52-49a5-b3c3-3a7d6adbf02e,South America 5V5 Queue,5v5,1787540938
534bbb62-5218-4727-aaad-9ef726c424c6,1-f4b4ba9a-8be0-45a0-8835-dc75b4e5e4c6,South America 5V5 Queue,5v5,1787537248
534bbb62-5218-4727-aaad-9ef726c424c6,1-663df104-0e0b-4eb6-a8d5-674b7f7a39d1,South America 5V5 Queue,5v5,1787514833
534bbb62-5218-4727-aaad-9ef726c424c6,1-075767dc-c40f-43e4-a75a-76fca0a509d0,South America 5V5 Queue,5v5,1787466613
534bbb62-5218-4727-aaad-9ef726c424c6,1-4f329def-477c-4a80-a86e-e0c7b2cad8cc,South America 5V5 Queue,5v5,1787463191
534bbb62-5218-4727-aaad-9ef726c424c6,1-06c64039-e4de-4e8d-bdab-02fe05723f65,South America 5V5 Queue,5v5,1787459639
534bbb62-5218-4727-aaad-9ef726c424c6,1-92ce453b-3692-4688-a719-ca2e48ac77a4,South America 5V5 Queue,5v5,1787454090
534bbb62-5218-4727-aaad-9ef726c424c6,1-11c0f5d5-b64e-4232-bcd7-6f58320e08ae,South America 5V5 Queue,5v5,1787443873
534bbb62-5218-4727-aaad-9ef726c424c6,1-f50dc94d-ba5a-4956-a390-01614e0f3cfc,South America 5V5 Queue,5v5,1787439362
534bbb62-5218-4727-aaad-9ef726c424c6,1-9bf14693-b5b3-491d-b04b-9246bef22eb0,South America 5V5 Queue,5v5,1787436852
534bbb62-5218-4727-aaad-9ef726c424c6,1-b381d13c-2246-499f-875f-a6e293f907a1,South America 5V5 Queue,5v5,1787434328
534bbb62-5218-4727-aaad-9ef726c424c6,1-385b0f8d-51ae-4f6d-8734-ce70361aa809,South America 5V5 Queue,5v5,1787432253
534bbb62-5218-4727-aaad-9ef726c424c6,1-39af32bb-a1fd-41ee-b33e-7bcba11adc67,South America 5V5 Queue,5v5,1787359822
534bbb62-5218-4727-aaad-9ef726c424c6,1-fa49e3d7-1574-455b-8e52-49bdf2fcf737,South America 5V5 Queue,5v5,1787352781
534bbb62-5218-4727-aaad-9ef726c424c6,1-8fb11f31-fc2e-497c-9244-b74b04a083d4,South America 5V5 Queue,5v5,1787297778
534bbb62-5218-4727-aaad-9ef726c424c6,1-3b60f64d-fadb-46ca-86ad-7f9584e6cfd1,South America 5V5 Queue,5v5,1787294831
534bbb62-5218-4727-aaad-9ef726c424c6,1-5a01b0af-95ba-4cb5-8dc1-9712156ef8f9,South America 5V5 Queue,5v5,1787291760
534bbb62-5218-4727-aaad-9ef726c424c6,1-f3d90320-692a-47e8-933e-88ef02d2f6fd,South America 5V5 Queue,5v5,1787289175
534bbb62-5218-4727-aaad-9ef726c424c6,1-a04bf15f-cf88-4220-879e-09990028dc62,South America 5V5 Queue,5v5,1787286012
534bbb62-5218-4727-aaad-9ef726c424c6,1-c6147f5c-313b-4f1c-aec5-15333170b447,South America 5V5 Queue,5v5,1787281674
534bbb62-5218-4727-aaad-9ef726c424c6,1-c8e10176-6a35-49c4-a6c4-58cf60def30b,South America 5V5 Queue,5v5,1787279328
534bbb62-5218-4727-aaad-9ef726c424c6,1-9910ce24-7271-49f5-abb6-774ef18f6700,South America 5V5 Queue,5v5,1787202221
534bbb62-5218-4727-aaad-9ef726c424c6,1-33d2495e-fe30-4a67-b32e-c3add2631202,South America 5V5 Queue,5v5,1787200047
a3cde873-ddbb-40b2-bfc3-9ffa634c0548,1-76d17e90-7e00-41a4-8c56-fa1f8a8425d6,SA ECL S52 Cup 1,5v5,1787697152
a3cde873-ddbb-40b2-bfc3-9ffa634c0548,1-eeeff8bd-3428-47e6-9b26-c3a31c560b0b,South America 5V5 Queue,5v5,1787616285
a3cde873-ddbb-40b2-bfc3-9ffa634c0548,1-2095f022-3239-4e7e-9b8d-f5a5d506c6ba,South America 5V5 Queue,5v5,1787614167
a3cde873-ddbb-40b2-bfc3-9ffa634c0548,1-707f7026-570c-47d5-b03e-a8967348af3e,South America 5V5 Queue,5v5,1787471019
a3cde873-ddbb-40b2-bfc3-9ffa634c0548,1-32f9cdd2-5a3b-4e7c-9bb2-530741595530,South America 5V5 Queue,5v5,1787468178
a3cde873-ddbb-40b2-bfc3-9ffa634c0548,1-23ad286b-f358-45ff-b333-47ee5f906cdf,South America 5V5 Queue,5v5,1787466084
a3cde873-ddbb-40b2-bfc3-9ffa634c0548,1-89f3341c-19d7-42f3-b2e8-a1c2bc265d0f,South America 5V5 Queue,5v5,1787463964
a3cde873-ddbb-40b2-bfc3-9ffa634c0548,1-90557fe7-6bdf-41a2-9ff7-18c71b16c321,South America 5V5 Queue,5v5,1787461071
a3cde873-ddbb-40b2-bfc3-9ffa634c0548,1-d907bf8b-a976-4627-a793-3a83851ff5ae,South America 5V5 Queue,5v5,1787458021
a3cde873-ddbb-40b2-bfc3-9ffa634c0548,1-2d6a5a2c-1050-43de-9d6d-366d5901c7f4,South America 5V5 Queue,5v5,1787454702
a3cde873-ddbb-40b2-bfc3-9ffa634c0548,1-44088c00-68ee-4299-a5bf-a2484e22b90e,South America 5V5 Queue,5v5,1787452454
a3cde873-ddbb-40b2-bfc3-9ffa634c0548,1-aec20f9a-8de1-4b29-90e9-ee5499324d71,South America 5V5 Queue,5v5,1787450308
a3cde873-ddbb-40b2-bfc3-9ffa634c0548,1-c7212de5-a029-455a-8eec-6d975dfad61b,South America 5V5 Queue,5v5,1786930126
a3cde873-ddbb-40b2-bfc3-9ffa634c0548,1-8a8631fc-441a-4ae8-b5a4-e982ee16a448,South America 5V5 Queue,5v5,1786822135
a3cde873-ddbb-40b2-bfc3-9ffa634c0548,1-a8f40679-c65a-4f73-b59c-85decdc0db07,South America 5V5 Queue,5v5,1786484628
a3cde873-ddbb-40b2-bfc3-9ffa634c0548,1-ec090ccd-8990-45f7-b7c4-6481c1a4513c,South America 5V5 Queue,5v5,1786482130
a3cde873-ddbb-40b2-bfc3-9ffa634c0548,1-80bcf940-e820-4861-83d9-ae388cd0d88b,South America 5V5 Queue,5v5,1786480083
a3cde873-ddbb-40b2-bfc3-9ffa634c0548,1-e50ae8e9-65de-45d6-9c56-bed32f2ac168,South America 5V5 Queue,5v5,1786420489
a3cde873-ddbb-40b2-bfc3-9ffa634c0548,1-f9804b61-2b03-4e3f-afc5-3270c8f2d4b8,South America 5V5 Queue,5v5,1786417336
a3cde873-ddbb-40b2-bfc3-9ffa634c0548,1-54da2865-126e-402a-a70c-87ce92b48641,South America 5V5 Queue,5v5,1786405039
a3cde873-ddbb-40b2-bfc3-9ffa634c0548,1-f20c738d-b15c-4a74-8934-ed46573e5cac,Betboom Storm 4 - paiN Academy vs Keyd Stars,5v5,1786399027
a3cde873-ddbb-40b2-bfc3-9ffa634c0548,1-a2d0d888-a916-4405-8cda-8325ae8f11f0,South America 5V5 Queue,5v5,1786343999
a3cde873-ddbb-40b2-bfc3-9ffa634c0548,1-0ea36e5d-6db0-460e-900e-314689d9edd9,South America 5V5 Queue,5v5,1786340047
a3cde873-ddbb-40b2-bfc3-9ffa634c0548,1-a37350ac-f22f-4fff-8591-284b03df00f8,South America 5V5 Queue,5v5,1786338127
a3cde873-ddbb-40b2-bfc3-9ffa634c0548,1-dc514b54-bd98-48ed-9304-bac7eef80b81,South America 5V5 Queue,5v5,1786335470
a3cde873-ddbb-40b2-bfc3-9ffa634c0548,1-d3f829af-404f-46c8-9d2b-fc88e1f70227,South America 5V5 Queue,5v5,1786332526
a3cde873-ddbb-40b2-bfc3-9ffa634c0548,1-4b254393-853a-428c-882d-9310c212b7a1,South America 5V5 Queue,5v5,1786330594
a3cde873-ddbb-40b2-bfc3-9ffa634c0548,1-afe7ebd9-5b1c-480d-af36-5b38c529a277,South America 5V5 Queue,5v5,1786328354
a3cde873-ddbb-40b2-bfc3-9ffa634c0548,1-957a48f0-4c96-448f-957e-032c3df3606e,Betboom Storm 4 - UNO MILLE vs paiN Academy,5v5,1786306452
a3cde873-ddbb-40b2-bfc3-9ffa634c0548,1-e5fe1d00-40e0-4354-9d2a-3c43275e4b59,South America 5V5 Queue,5v5,1786246110
d01968b9-6b62-4fd8-abd4-69e3ac09926b,1-76d17e90-7e00-41a4-8c56-fa1f8a8425d6,SA ECL S52 Cup 1,5v5,1787697152
d01968b9-6b62-4fd8-abd4-69e3ac09926b,1-f9221e37-1960-433d-9e81-f717565fd6b3,South America 5V5 Queue,5v5,1787634153
d01968b9-6b62-4fd8-abd4-69e3ac09926b,1-5ae6a973-a928-4ebd-87ce-e8e3fd53e9e4,South America 5V5 Queue,5v5,1787631318
d01968b9-6b62-4fd8-abd4-69e3ac09926b,1-98d36d38-f9b1-4658-b4bc-32d39c6b728b,South America 5V5 Queue,5v5,1787629028
d01968b9-6b62-4fd8-abd4-69e3ac09926b,1-701265e4-4f1e-449d-aa7b-c736b8e26a6e,South America 5V5 Queue,5v5,1787625931
d01968b9-6b62-4fd8-abd4-69e3ac09926b,1-4e4e6e93-4666-4f1c-9634-4ac289f4e5a8,South America 5V5 Queue,5v5,1787541858
d01968b9-6b62-4fd8-abd4-69e3ac09926b,1-6dc3a0ed-e0e6-48ea-b4f8-7325f74a3325,South America 5V5 Queue,5v5,1787538649
d01968b9-6b62-4fd8-abd4-69e3ac09926b,1-99f8caef-804a-45bd-a3fa-5a7c301b9c1a,South America 5V5 Queue,5v5,1787466444
d01968b9-6b62-4fd8-abd4-69e3ac09926b,1-51410a20-7d6d-403a-b169-d4f6e3c3498c,South America 5V5 Queue,5v5,1787462655
d01968b9-6b62-4fd8-abd4-69e3ac09926b,1-294125fe-f4d8-45ec-89d5-940b7d3d7c5c,South America 5V5 Queue,5v5,1787459333
d01968b9-6b62-4fd8-abd4-69e3ac09926b,1-231de2b1-d6d5-4f99-8e09-40d295ab54fa,South America 5V5 Queue,5v5,1787457104
d01968b9-6b62-4fd8-abd4-69e3ac09926b,1-f4aad3f0-4144-40fa-a162-46b87d0d9902,South America 5V5 Queue,5v5,1787453897
d01968b9-6b62-4fd8-abd4-69e3ac09926b,1-44cacd30-e27b-4121-b977-9e1a2f212af7,South America 5V5 Queue,5v5,1787284382
d01968b9-6b62-4fd8-abd4-69e3ac09926b,1-c6147821-6a34-440c-b647-3d168cbfb920,South America 5V5 Queue,5v5,1787279111
d01968b9-6b62-4fd8-abd4-69e3ac09926b,1-1defaa48-a86a-423b-89ff-0dc6b46819fd,South America 5V5 Queue,5v5,1787112811
d01968b9-6b62-4fd8-abd4-69e3ac09926b,1-f65db93f-8874-49f9-b6e2-57c8c76199c8,South America 5V5 Queue,5v5,1787107750
d01968b9-6b62-4fd8-abd4-69e3ac09926b,1-9c8b89d4-0d94-41d3-86a0-0938d9f59b0f,South America 5V5 Queue,5v5,1787093208
d01968b9-6b62-4fd8-abd4-69e3ac09926b,1-be977f73-bd6b-4a3b-94d5-127d8f5e9d76,South America 5V5 Queue,5v5,1787090693
d01968b9-6b62-4fd8-abd4-69e3ac09926b,1-61c7d4ca-f9e1-4636-a59f-fa726dcf8ca4,South America 5V5 Queue,5v5,1787086526
d01968b9-6b62-4fd8-abd4-69e3ac09926b,1-bccea553-f2f3-4a8e-ba84-bd2c467676aa,South America 5V5 Queue,5v5,1787084077
d01968b9-6b62-4fd8-abd4-69e3ac09926b,1-d36f8020-bc43-416e-a347-d73c71c1675c,South America 5V5 Queue,5v5,1787080086
d01968b9-6b62-4fd8-abd4-69e3ac09926b,1-88b41b36-1981-480d-8682-86dce141f682,South America 5V5 Queue,5v5,1787031988
d01968b9-6b62-4fd8-abd4-69e3ac09926b,1-b4fa51c9-ac3c-4d0d-a628-f899c48a0911,South America 5V5 Queue,5v5,1787028412
d01968b9-6b62-4fd8-abd4-69e3ac09926b,1-2fe58654-d41f-4baa-8d97-c896733dedac,South America 5V5 Queue,5v5,1787025918
d01968b9-6b62-4fd8-abd4-69e3ac09926b,1-864fb2be-efb8-48a7-ac64-782410fba8b5,South America 5V5 Queue,5v5,1787021020
d01968b9-6b62-4fd8-abd4-69e3ac09926b,1-36ce7866-90ce-45fc-b54b-6dd89fb2f236,South America 5V5 Queue,5v5,1787018244
d01968b9-6b62-4fd8-abd4-69e3ac09926b,1-91506e81-6abb-481b-afda-6748a8a5c75e,South America 5V5 Queue,5v5,1786934953
d01968b9-6b62-4fd8-abd4-69e3ac09926b,1-d5e25f2a-f98f-46c2-8824-8d227923dbf5,South America 5V5 Queue,5v5,1786933119
d01968b9-6b62-4fd8-abd4-69e3ac09926b,1-c63fe3e5-67e6-4bb2-8512-baa5eb893d5b,South America 5V5 Queue,5v5,1786762035
d01968b9-6b62-4fd8-abd4-69e3ac09926b,1-79a04181-9ab7-4f7c-9e43-30a216b4b08e,South America 5V5 Queue,5v5,1786650552
765d2b9b-ea6e-4b67-bfb5-3d76d74ab95b,1-76d17e90-7e00-41a4-8c56-fa1f8a8425d6,SA ECL S52 Cup 1,5v5,1787697152
765d2b9b-ea6e-4b67-bfb5-3d76d74ab95b,1-5ae6a973-a928-4ebd-87ce-e8e3fd53e9e4,South America 5V5 Queue,5v5,1787631318
765d2b9b-ea6e-4b67-bfb5-3d76d74ab95b,1-98d36d38-f9b1-4658-b4bc-32d39c6b728b,South America 5V5 Queue,5v5,1787629028
765d2b9b-ea6e-4b67-bfb5-3d76d74ab95b,1-701265e4-4f1e-449d-aa7b-c736b8e26a6e,South America 5V5 Queue,5v5,1787625931
765d2b9b-ea6e-4b67-bfb5-3d76d74ab95b,1-4e4e6e93-4666-4f1c-9634-4ac289f4e5a8,South America 5V5 Queue,5v5,1787541858
765d2b9b-ea6e-4b67-bfb5-3d76d74ab95b,1-6dc3a0ed-e0e6-48ea-b4f8-7325f74a3325,South America 5V5 Queue,5v5,1787538649
765d2b9b-ea6e-4b67-bfb5-3d76d74ab95b,1-0da64fa2-6d45-48ed-848a-73d4a1f5ff69,South America 5V5 Queue,5v5,1787535401
765d2b9b-ea6e-4b67-bfb5-3d76d74ab95b,1-44cacd30-e27b-4121-b977-9e1a2f212af7,South America 5V5 Queue,5v5,1787284382
765d2b9b-ea6e-4b67-bfb5-3d76d74ab95b,1-c6147821-6a34-440c-b647-3d168cbfb920,South America 5V5 Queue,5v5,1787279111
765d2b9b-ea6e-4b67-bfb5-3d76d74ab95b,1-4c41a93d-f085-41cf-b4a1-c5b049d680cc,South America 5V5 Queue,5v5,1787276110
765d2b9b-ea6e-4b67-bfb5-3d76d74ab95b,1-1defaa48-a86a-423b-89ff-0dc6b46819fd,South America 5V5 Queue,5v5,1787112811
765d2b9b-ea6e-4b67-bfb5-3d76d74ab95b,1-f65db93f-8874-49f9-b6e2-57c8c76199c8,South America 5V5 Queue,5v5,1787107750
765d2b9b-ea6e-4b67-bfb5-3d76d74ab95b,1-1361e6e6-c367-4523-a7a4-2c75c501577c,South America 5V5 Queue,5v5,1787105621
765d2b9b-ea6e-4b67-bfb5-3d76d74ab95b,1-9c8b89d4-0d94-41d3-86a0-0938d9f59b0f,South America 5V5 Queue,5v5,1787093208
765d2b9b-ea6e-4b67-bfb5-3d76d74ab95b,1-be977f73-bd6b-4a3b-94d5-127d8f5e9d76,South America 5V5 Queue,5v5,1787090693
765d2b9b-ea6e-4b67-bfb5-3d76d74ab95b,1-61c7d4ca-f9e1-4636-a59f-fa726dcf8ca4,South America 5V5 Queue,5v5,1787086526
765d2b9b-ea6e-4b67-bfb5-3d76d74ab95b,1-d36f8020-bc43-416e-a347-d73c71c1675c,South America 5V5 Queue,5v5,1787080086
765d2b9b-ea6e-4b67-bfb5-3d76d74ab95b,1-864fb2be-efb8-48a7-ac64-782410fba8b5,South America 5V5 Queue,5v5,1787021020
765d2b9b-ea6e-4b67-bfb5-3d76d74ab95b,1-36ce7866-90ce-45fc-b54b-6dd89fb2f236,South America 5V5 Queue,5v5,1787018244
765d2b9b-ea6e-4b67-bfb5-3d76d74ab95b,1-91506e81-6abb-481b-afda-6748a8a5c75e,South America 5V5 Queue,5v5,1786934953
765d2b9b-ea6e-4b67-bfb5-3d76d74ab95b,1-d5e25f2a-f98f-46c2-8824-8d227923dbf5,South America 5V5 Queue,5v5,1786933119
765d2b9b-ea6e-4b67-bfb5-3d76d74ab95b,1-f8d2db5d-6a61-4f7c-97fc-06f29790c062,South America 5V5 Queue,5v5,1786927426
765d2b9b-ea6e-4b67-bfb5-3d76d74ab95b,1-48dcbf87-9f1d-413e-a39a-b509d9dff256,South America 5V5 Queue,5v5,1786924719
765d2b9b-ea6e-4b67-bfb5-3d76d74ab95b,1-42ed4dd7-adc4-48b3-8649-9516113f9556,South America 5V5 Queue,5v5,1786922000
765d2b9b-ea6e-4b67-bfb5-3d76d74ab95b,1-c63fe3e5-67e6-4bb2-8512-baa5eb893d5b,South America 5V5 Queue,5v5,1786762035
765d2b9b-ea6e-4b67-bfb5-3d76d74ab95b,1-4eff27ba-4607-445f-9758-62991ed40034,South America 5V5 Queue,5v5,1786759552
765d2b9b-ea6e-4b67-bfb5-3d76d74ab95b,1-6a11dbc9-1c23-49fa-8e05-93bf5909d53f,South America 5V5 Queue,5v5,1786757055
765d2b9b-ea6e-4b67-bfb5-3d76d74ab95b,1-433eed8b-d76e-43a1-8378-592bfcc8c676,South America 5V5 Queue,5v5,1786591372
765d2b9b-ea6e-4b67-bfb5-3d76d74ab95b,1-26f528ae-fa66-4a53-89bc-9500495bc1a9,South America 5V5 Queue,5v5,1786589052
765d2b9b-ea6e-4b67-bfb5-3d76d74ab95b,1-7cbd2fad-d872-4c99-b7a4-8d60bba3c48f,South America 5V5 Queue,5v5,1786585953
dbc62b13-80f6-4baf-9a80-0812ebb82bc3,1-b5e26988-38c1-4552-a95a-c06d415f4e75,SA ECL S52 Cup 1,5v5,1787697590
dbc62b13-80f6-4baf-9a80-0812ebb82bc3,1-df2fcb19-d92f-4314-9db5-410178d7071a,South America 5V5 Queue,5v5,1787679140
dbc62b13-80f6-4baf-9a80-0812ebb82bc3,1-3ba010b7-eae5-416b-93b2-2755e73ce0e8,South America 5V5 Queue,5v5,1787677134
dbc62b13-80f6-4baf-9a80-0812ebb82bc3,1-a8b8c878-682b-493a-8c45-9ba8a44bc015,South America 5V5 Queue,5v5,1787627452
dbc62b13-80f6-4baf-9a80-0812ebb82bc3,1-2049c8da-7b9e-48d2-98c5-27920511a288,South America 5V5 Queue,5v5,1787623610
dbc62b13-80f6-4baf-9a80-0812ebb82bc3,1-8dd7391d-55b4-4713-8236-e6351008b9a9,S58 SA Open Central - Regular Season,5v5 League,1787615787
dbc62b13-80f6-4baf-9a80-0812ebb82bc3,1-8774b88a-ce75-4a31-b8c8-70b043642975,South America 5V5 Queue,5v5,1787529804
dbc62b13-80f6-4baf-9a80-0812ebb82bc3,1-21a6bd26-66b8-4a2e-b7a3-b2691eb07ba1,South America 5V5 Queue,5v5,1787527933
dbc62b13-80f6-4baf-9a80-0812ebb82bc3,1-521026fd-4fa9-44dd-a1be-991e2009538c,South America 5V5 Queue,5v5,1787526124
dbc62b13-80f6-4baf-9a80-0812ebb82bc3,1-3a5624ef-7974-4862-89e1-1aa9c79c4188,South America 5V5 Queue,5v5,1787454323
dbc62b13-80f6-4baf-9a80-0812ebb82bc3,1-83378129-4a00-444b-a08a-29ce1986624c,South America 5V5 Queue,5v5,1787451675
dbc62b13-80f6-4baf-9a80-0812ebb82bc3,1-37979135-f789-413e-a06b-df77e122e3b2,South America 5V5 Queue,5v5,1787449178
dbc62b13-80f6-4baf-9a80-0812ebb82bc3,1-8e6dfa22-7bd7-454f-9c5e-e51426a347d9,South America 5V5 Queue,5v5,1787420236
dbc62b13-80f6-4baf-9a80-0812ebb82bc3,1-af0c92c3-b5ab-49b0-8be2-84458456134d,South America 5V5 Queue,5v5,1787417766
dbc62b13-80f6-4baf-9a80-0812ebb82bc3,1-2dcd6eed-5bed-4f34-9c66-d858dcac6baf,South America 5V5 Queue,5v5,1787372368
dbc62b13-80f6-4baf-9a80-0812ebb82bc3,1-978e0bc9-240c-4daa-b7d6-349450209cde,South America 5V5 Queue,5v5,1787370396
dbc62b13-80f6-4baf-9a80-0812ebb82bc3,1-46c0ca9c-ca21-471f-a11c-4cb52e4aa749,South America 5V5 Queue,5v5,1787366601
dbc62b13-80f6-4baf-9a80-0812ebb82bc3,1-935efdf7-fe71-4502-bf7e-74b1d947ced8,South America 5V5 Queue,5v5,1787364420
dbc62b13-80f6-4baf-9a80-0812ebb82bc3,1-50ca3042-8f57-459a-9174-3dd34238779f,South America 5V5 Queue,5v5,1787200053
dbc62b13-80f6-4baf-9a80-0812ebb82bc3,1-77ff4255-dd3a-4975-a0b1-a63db2561b2c,South America 5V5 Queue,5v5,1787198493
dbc62b13-80f6-4baf-9a80-0812ebb82bc3,1-1525ada9-6f98-46cd-a5cf-b0142bc16d97,South America 5V5 Queue,5v5,1787196824
dbc62b13-80f6-4baf-9a80-0812ebb82bc3,1-a48de956-0a19-4803-9583-34645dc2abe8,South America 5V5 Queue,5v5,1787193685
dbc62b13-80f6-4baf-9a80-0812ebb82bc3,1-c4fccb22-4b79-441c-8cd2-ce42be23cf8a,South America 5V5 Queue,5v5,1787191512
dbc62b13-80f6-4baf-9a80-0812ebb82bc3,1-e1389108-abe7-4184-8fbe-5e7762f933c3,S58 SA Open Central - Regular Season,5v5 League,1787110037
dbc62b13-80f6-4baf-9a80-0812ebb82bc3,1-28ca4c66-ef7f-4ab7-b4d6-a3dff606dd1a,S58 SA Open Central - Regular Season,5v5 League,1787096652
dbc62b13-80f6-4baf-9a80-0812ebb82bc3,1-6a04e7d5-6c0a-487a-aff4-9929c7d5626f,South America 5V5 Queue,5v5,1787009509
dbc62b13-80f6-4baf-9a80-0812ebb82bc3,1-209d8433-5a9f-4b99-9983-a17607b62eb2,South America 5V5 Queue,5v5,1787007081
dbc62b13-80f6-4baf-9a80-0812ebb82bc3,1-f2053344-1eac-4d18-a1c5-b2e2c00431e0,South America 5V5 Queue,5v5,1787005026
dbc62b13-80f6-4baf-9a80-0812ebb82bc3,1-db9d28b9-643a-41e3-afa6-91dcc44d4d04,South America 5V5 Queue,5v5,1786991228
dbc62b13-80f6-4baf-9a80-0812ebb82bc3,1-2acb26b5-23ea-4f3d-aab8-4e0723d00531,South America 5V5 Queue,5v5,1786920163
88389e8b-60f7-4702-a76c-e58a87fdfd8c,1-14a9b64b-a8ac-421a-9bc1-369d43080244,South America 5V5 Queue,5v5,1787689610
88389e8b-60f7-4702-a76c-e58a87fdfd8c,1-4f381628-15c0-4abd-8705-f676ab7cb117,South America 5V5 Queue,5v5,1787686679
88389e8b-60f7-4702-a76c-e58a87fdfd8c,1-d44bdf0f-9555-43da-814e-46edbd71abec,South America 5V5 Queue,5v5,1787641727
88389e8b-60f7-4702-a76c-e58a87fdfd8c,1-7fe334f8-18f2-4df8-92de-186998416f8b,South America 5V5 Queue,5v5,1787638724
88389e8b-60f7-4702-a76c-e58a87fdfd8c,1-408fac9e-6de8-45d3-97ca-fb70a882ff25,South America 5V5 Queue,5v5,1787637260
88389e8b-60f7-4702-a76c-e58a87fdfd8c,1-8cae37b0-0c4e-4851-8a55-86ce2532689c,South America 5V5 Queue,5v5,1787633228
88389e8b-60f7-4702-a76c-e58a87fdfd8c,1-7d7edf2e-325a-412f-b552-e956707c8c87,South America 5V5 Queue,5v5,1787631000
88389e8b-60f7-4702-a76c-e58a87fdfd8c,1-1b628765-c3d7-4608-8429-85a870f929c4,South America 5V5 Queue,5v5,1787380898
88389e8b-60f7-4702-a76c-e58a87fdfd8c,1-1398d0f3-3378-41a7-a64e-18277af69694,South America 5V5 Queue,5v5,1787378521
88389e8b-60f7-4702-a76c-e58a87fdfd8c,1-445b41b3-6017-4e2a-a050-96c7cb416183,South America 5V5 Queue,5v5,1787376619
88389e8b-60f7-4702-a76c-e58a87fdfd8c,1-dc56bfa1-dd82-4e56-8b5d-119766494628,South America 5V5 Queue,5v5,1787369790
88389e8b-60f7-4702-a76c-e58a87fdfd8c,1-46c0ca9c-ca21-471f-a11c-4cb52e4aa749,South America 5V5 Queue,5v5,1787366601
88389e8b-60f7-4702-a76c-e58a87fdfd8c,1-af51db39-4467-4879-9ea4-275c95a9c0c9,South America 5V5 Queue,5v5,1787362566
88389e8b-60f7-4702-a76c-e58a87fdfd8c,1-f69f1f0d-4ca9-4987-be0f-fb5e990fc3d4,South America 5V5 Queue,5v5,1787360654
88389e8b-60f7-4702-a76c-e58a87fdfd8c,1-7e9a9f4c-1b89-464f-953c-beac4be1fa8a,South America 5V5 Queue,5v5,1787354349
88389e8b-60f7-4702-a76c-e58a87fdfd8c,1-740f762e-5d4d-4daa-b30b-33976834f65f,South America 5V5 Queue,5v5,1787339060
88389e8b-60f7-4702-a76c-e58a87fdfd8c,1-916fac62-4118-4fde-9d5a-2a1a229cbf77,South America 5V5 Queue,5v5,1787336603
88389e8b-60f7-4702-a76c-e58a87fdfd8c,1-b2935bc9-5800-4ac7-bbc1-59865d0b8e8b,South America 5V5 Queue,5v5,1787334016
88389e8b-60f7-4702-a76c-e58a87fdfd8c,1-784a3449-222b-4422-aa6f-f786d2a863bc,South America 5V5 Queue,5v5,1787292668
88389e8b-60f7-4702-a76c-e58a87fdfd8c,1-a622249a-3fb6-4c4e-a68c-41902b27c735,South America 5V5 Queue,5v5,1787290766
88389e8b-60f7-4702-a76c-e58a87fdfd8c,1-9ea67c4b-0776-428f-8ccb-d0c2a770ff1d,South America 5V5 Queue,5v5,1787288506
88389e8b-60f7-4702-a76c-e58a87fdfd8c,1-2e206fe2-a191-4d22-9c76-00bc4a60a319,South America 5V5 Queue,5v5,1787204193
88389e8b-60f7-4702-a76c-e58a87fdfd8c,1-33d2495e-fe30-4a67-b32e-c3add2631202,South America 5V5 Queue,5v5,1787200047
88389e8b-60f7-4702-a76c-e58a87fdfd8c,1-061cf292-13d0-411e-ac91-6350aec65986,South America 5V5 Queue,5v5,1787197994
88389e8b-60f7-4702-a76c-e58a87fdfd8c,1-5f9ea50a-d889-4460-aa95-25d520b8dbf6,South America 5V5 Queue,5v5,1787194525
88389e8b-60f7-4702-a76c-e58a87fdfd8c,1-cbad5529-cf7e-4038-82b8-f8287281d860,South America 5V5 Queue,5v5,1787190645
88389e8b-60f7-4702-a76c-e58a87fdfd8c,1-8670e3bc-f82a-41ea-90ac-a9c64c4c847b,South America 5V5 Queue,5v5,1787120451
88389e8b-60f7-4702-a76c-e58a87fdfd8c,1-4be521c8-c4e2-4705-8385-9db18cbb9976,South America 5V5 Queue,5v5,1787116859
88389e8b-60f7-4702-a76c-e58a87fdfd8c,1-a941ed75-7a15-4441-9ffc-87bd7fe8d958,South America 5V5 Queue,5v5,1787114093
88389e8b-60f7-4702-a76c-e58a87fdfd8c,1-e88e3a63-7777-41c8-b6a2-265e413e2e92,South America 5V5 Queue,5v5,1787111938
f629b169-d2e3-4c63-bda0-1e58cfdb27c0,1-d0521559-36f6-4caf-be11-322b1b1aba23,South America 5V5 Queue,5v5,1787633837
f629b169-d2e3-4c63-bda0-1e58cfdb27c0,1-5e86eddf-9a32-465b-93c3-7dd16649ec97,South America 5V5 Queue,5v5,1787629958
f629b169-d2e3-4c63-bda0-1e58cfdb27c0,1-37048037-d7ca-4a84-a23a-3ba61ef710fc,South America 5V5 Queue,5v5,1787625035
f629b169-d2e3-4c63-bda0-1e58cfdb27c0,1-a55a9053-7a38-4db2-accd-cc542a8963dd,South America 5V5 Queue,5v5,1787204515
f629b169-d2e3-4c63-bda0-1e58cfdb27c0,1-9910ce24-7271-49f5-abb6-774ef18f6700,South America 5V5 Queue,5v5,1787202221
f629b169-d2e3-4c63-bda0-1e58cfdb27c0,1-61c7d4ca-f9e1-4636-a59f-fa726dcf8ca4,South America 5V5 Queue,5v5,1787086526
f629b169-d2e3-4c63-bda0-1e58cfdb27c0,1-bccea553-f2f3-4a8e-ba84-bd2c467676aa,South America 5V5 Queue,5v5,1787084077
f629b169-d2e3-4c63-bda0-1e58cfdb27c0,1-d36f8020-bc43-416e-a347-d73c71c1675c,South America 5V5 Queue,5v5,1787080086
f629b169-d2e3-4c63-bda0-1e58cfdb27c0,1-77e109bf-da5e-4762-91cd-9a317185c9e4,South America 5V5 Queue,5v5,1787077132
f629b169-d2e3-4c63-bda0-1e58cfdb27c0,1-1b263511-d28e-4820-a0df-9b09081a56b5,South America 5V5 Queue,5v5,1787075285
f629b169-d2e3-4c63-bda0-1e58cfdb27c0,1-88b41b36-1981-480d-8682-86dce141f682,South America 5V5 Queue,5v5,1787031988
f629b169-d2e3-4c63-bda0-1e58cfdb27c0,1-7f0dd5e7-5507-432c-9705-40a051ba60fb,South America 5V5 Queue,5v5,1787028590
f629b169-d2e3-4c63-bda0-1e58cfdb27c0,1-5b043b63-d866-4c2a-950d-201987db8324,South America 5V5 Queue,5v5,1787022706
f629b169-d2e3-4c63-bda0-1e58cfdb27c0,1-51a7d9b2-d699-4f6a-b075-eb7e12b97fe5,South America 5V5 Queue,5v5,1787018227
f629b169-d2e3-4c63-bda0-1e58cfdb27c0,1-5f1af50e-56ed-4776-a25b-93a55f37b3cc,South America 5V5 Queue,5v5,1787014787
f629b169-d2e3-4c63-bda0-1e58cfdb27c0,1-088791ee-a2b0-49db-bc41-0e6d91220a7d,South America 5V5 Queue,5v5,1787011464
f629b169-d2e3-4c63-bda0-1e58cfdb27c0,1-53892af9-f0c0-47af-8397-8ad16ffd2eee,CCT 2026 South America 5 - Open Qualifier,5v5,1786819818
f629b169-d2e3-4c63-bda0-1e58cfdb27c0,1-83718bcc-5b0c-4a26-8f49-8f35474f975f,CCT 2026 South America 5 - Open Qualifier,5v5,1786814342
f629b169-d2e3-4c63-bda0-1e58cfdb27c0,1-9e450839-59d0-440a-94d6-a72e4c6f4589,South America 5V5 Queue,5v5,1786682088
f629b169-d2e3-4c63-bda0-1e58cfdb27c0,1-b090b1ff-cd16-4e00-a8a4-5512fbf59f25,South America 5V5 Queue,5v5,1786672998
f629b169-d2e3-4c63-bda0-1e58cfdb27c0,1-7efae2dd-0866-4c10-847d-f2fdf2096d84,South America 5V5 Queue,5v5,1786668886
f629b169-d2e3-4c63-bda0-1e58cfdb27c0,1-8d515267-ef6a-4f12-a45e-f9499a60ef00,South America 5V5 Queue,5v5,1786597651
f629b169-d2e3-4c63-bda0-1e58cfdb27c0,1-0902986a-13d5-4085-8230-c3ecbf1b1485,South America 5V5 Queue,5v5,1786593787
f629b169-d2e3-4c63-bda0-1e58cfdb27c0,1-abf45e80-2595-49ce-bb79-db6d122d8c25,South America 5V5 Queue,5v5,1786589890
f629b169-d2e3-4c63-bda0-1e58cfdb27c0,1-de114a33-7b55-4f23-b600-17ab9acf6041,South America 5V5 Queue,5v5,1786587260
f629b169-d2e3-4c63-bda0-1e58cfdb27c0,1-e122a38e-1f08-42c1-949b-77d1dcdc41e7,South America 5V5 Queue,5v5,1786583031
f629b169-d2e3-4c63-bda0-1e58cfdb27c0,1-b176046c-93fa-470d-ad59-dea80fa5dda0,South America 5V5 Queue,5v5,1786520559
f629b169-d2e3-4c63-bda0-1e58cfdb27c0,1-cce25c1c-a73a-4855-a616-3582aee4f66d,South America 5V5 Queue,5v5,1786516847
f629b169-d2e3-4c63-bda0-1e58cfdb27c0,1-bc4f53e9-da0f-4381-b6cd-b09f36f41b9d,South America 5V5 Queue,5v5,1786513352
f629b169-d2e3-4c63-bda0-1e58cfdb27c0,1-6676bc75-18fb-40ed-a2a6-76c4fc6f7570,South America 5V5 Queue,5v5,1786509909
96bb0d37-26b7-4dd8-b8ba-717d3d4b718a,1-b0fe4be9-6de4-416c-acad-1fd247371f0e,South America 5V5 Queue,5v5,1787688460
96bb0d37-26b7-4dd8-b8ba-717d3d4b718a,1-a105e4da-f34e-48a8-bc75-53dcc72f62cb,South America 5V5 Queue,5v5,1787615272
96bb0d37-26b7-4dd8-b8ba-717d3d4b718a,1-7e3a9429-faa4-4ec5-9ab0-5e274cdaec62,South America 5V5 Queue,5v5,1787612502
96bb0d37-26b7-4dd8-b8ba-717d3d4b718a,1-f26a81f6-e707-4dd4-816e-baf5eccee052,South America 5V5 Queue,5v5,1787609237
96bb0d37-26b7-4dd8-b8ba-717d3d4b718a,1-aed29fb1-270b-4629-b6a4-82c71ce1ad78,South America 5V5 Queue,5v5,1787530238
96bb0d37-26b7-4dd8-b8ba-717d3d4b718a,1-c8949e7f-e436-4376-9f84-c5c22f579517,South America 5V5 Queue,5v5,1787526999
96bb0d37-26b7-4dd8-b8ba-717d3d4b718a,1-ee9f123d-ef51-4174-b2e1-3c4e9dae3b6d,South America 5V5 Queue,5v5,1787524499
96bb0d37-26b7-4dd8-b8ba-717d3d4b718a,1-6a840e8d-b9a3-49ab-b885-eeef6b003d8d,South America 5V5 Queue,5v5,1787522144
96bb0d37-26b7-4dd8-b8ba-717d3d4b718a,1-d877ee66-be8f-475d-8046-de3ad368549d,South America 5V5 Queue,5v5,1787520069
96bb0d37-26b7-4dd8-b8ba-717d3d4b718a,1-90557fe7-6bdf-41a2-9ff7-18c71b16c321,South America 5V5 Queue,5v5,1787461071
96bb0d37-26b7-4dd8-b8ba-717d3d4b718a,1-f52492e3-6daa-46d3-84f9-71ba556ae250,South America 5V5 Queue,5v5,1787458356
96bb0d37-26b7-4dd8-b8ba-717d3d4b718a,1-791cdd34-bb67-4c9e-a5e1-5004e8619e8a,South America 5V5 Queue,5v5,1787453890
96bb0d37-26b7-4dd8-b8ba-717d3d4b718a,1-e5e73dc9-8c72-4484-87fa-312b62f49206,South America 5V5 Queue,5v5,1787450788
96bb0d37-26b7-4dd8-b8ba-717d3d4b718a,1-97f636d5-81be-40f5-8e7b-2841eb47e487,South America 5V5 Queue,5v5,1787449063
96bb0d37-26b7-4dd8-b8ba-717d3d4b718a,1-0e9be792-a190-43cb-88b2-12624af8ca2b,South America 5V5 Queue,5v5,1787436070
96bb0d37-26b7-4dd8-b8ba-717d3d4b718a,1-6c12061c-5026-4244-ba69-40e4df366237,South America 5V5 Queue,5v5,1787433830
96bb0d37-26b7-4dd8-b8ba-717d3d4b718a,1-0817500a-f061-4f37-bb01-910526e07813,South America 5V5 Queue,5v5,1787431673
96bb0d37-26b7-4dd8-b8ba-717d3d4b718a,1-f93cee60-aaac-4bf2-8dfc-481291906ee1,South America 5V5 Queue,5v5,1787429074
96bb0d37-26b7-4dd8-b8ba-717d3d4b718a,1-94e08814-0c03-42b6-87f4-2d3f0c92877f,South America 5V5 Queue,5v5,1787427293
96bb0d37-26b7-4dd8-b8ba-717d3d4b718a,1-949ffae8-c819-4a62-b6ea-21bb0545110b,South America 5V5 Queue,5v5,1787354044
96bb0d37-26b7-4dd8-b8ba-717d3d4b718a,1-99ff63aa-b6fa-4764-a9cd-1102970b25ec,South America 5V5 Queue,5v5,1787352205
96bb0d37-26b7-4dd8-b8ba-717d3d4b718a,1-752a36a5-44a3-4f46-931d-469279158d18,South America 5V5 Queue,5v5,1787349439
96bb0d37-26b7-4dd8-b8ba-717d3d4b718a,1-6b132c02-ad21-482e-b6c7-014aca1a4e18,South America 5V5 Queue,5v5,1787293499
96bb0d37-26b7-4dd8-b8ba-717d3d4b718a,1-ffbe2be6-5968-4378-bf3a-e97e6d9564d8,South America 5V5 Queue,5v5,1787290238
96bb0d37-26b7-4dd8-b8ba-717d3d4b718a,1-853062ce-f905-4022-865b-9c15ea0557ad,South America 5V5 Queue,5v5,1787287428
96bb0d37-26b7-4dd8-b8ba-717d3d4b718a,1-c5173cbe-6481-4ab2-abdf-6ed27cd81e75,South America 5V5 Queue,5v5,1787285056
96bb0d37-26b7-4dd8-b8ba-717d3d4b718a,1-7839bb77-4529-48d9-8332-1a252cf9eba2,South America 5V5 Queue,5v5,1787282894
96bb0d37-26b7-4dd8-b8ba-717d3d4b718a,1-609529ed-9fa4-483d-a956-46574432f6f3,South America 5V5 Queue,5v5,1787280669
96bb0d37-26b7-4dd8-b8ba-717d3d4b718a,1-e1b57c03-0e71-48e1-9125-d2c1493906c9,South America 5V5 Queue,5v5,1787278429
96bb0d37-26b7-4dd8-b8ba-717d3d4b718a,1-fa6ed046-37b2-45a2-be89-d9948018d847,South America 5V5 Queue,5v5,1787269681
8ca613c9-38a0-463c-94c3-ed5be7ad182c,1-b6573572-6068-41f8-bd67-4f1cb3a6f209,South America 5V5 Queue,5v5,1787609112
8ca613c9-38a0-463c-94c3-ed5be7ad182c,1-a8d6a1f4-2d5b-4260-aa43-d459577e3ca0,South America 5V5 Queue,5v5,1787542588
8ca613c9-38a0-463c-94c3-ed5be7ad182c,1-d8f64dde-9924-44f1-a8c1-f4fdea7a1eb5,South America 5V5 Queue,5v5,1787538618
8ca613c9-38a0-463c-94c3-ed5be7ad182c,1-4a4f43d6-f16b-4174-9bc3-50006a6aeb32,South America 5V5 Queue,5v5,1787534061
8ca613c9-38a0-463c-94c3-ed5be7ad182c,1-be8c0720-a71b-4fe9-b99a-9a1b546586c7,South America 5V5 Queue,5v5,1787530530
8ca613c9-38a0-463c-94c3-ed5be7ad182c,1-8b52b9fa-cb87-47cb-b84c-7471bfffa284,South America 5V5 Queue,5v5,1787527401
8ca613c9-38a0-463c-94c3-ed5be7ad182c,1-23ad286b-f358-45ff-b333-47ee5f906cdf,South America 5V5 Queue,5v5,1787466084
8ca613c9-38a0-463c-94c3-ed5be7ad182c,1-89f3341c-19d7-42f3-b2e8-a1c2bc265d0f,South America 5V5 Queue,5v5,1787463964
8ca613c9-38a0-463c-94c3-ed5be7ad182c,1-af8219e1-b75b-43d6-b758-45800a34228c,South America 5V5 Queue,5v5,1787458722
8ca613c9-38a0-463c-94c3-ed5be7ad182c,1-44f36c56-06b4-4922-858c-81e2ad6b554d,South America 5V5 Queue,5v5,1787453955
8ca613c9-38a0-463c-94c3-ed5be7ad182c,1-c5fee3f8-15a0-4ba7-ade4-e68fc1f5e439,South America 5V5 Queue,5v5,1787451138
8ca613c9-38a0-463c-94c3-ed5be7ad182c,1-574f3700-74eb-434e-816d-ab06f0ddf932,South America 5V5 Queue,5v5,1787446181
8ca613c9-38a0-463c-94c3-ed5be7ad182c,1-0aa1b042-1927-400b-90bd-9e770632f869,South America 5V5 Queue,5v5,1787443035
8ca613c9-38a0-463c-94c3-ed5be7ad182c,1-1a8f96da-b2cf-4bfc-a3e7-57971a42fd31,South America 5V5 Queue,5v5,1787441005
8ca613c9-38a0-463c-94c3-ed5be7ad182c,1-5f1af50e-56ed-4776-a25b-93a55f37b3cc,South America 5V5 Queue,5v5,1787014787
8ca613c9-38a0-463c-94c3-ed5be7ad182c,1-f97bb1b0-c117-4b8d-943b-15a2cae42280,South America 5V5 Queue,5v5,1787011918
8ca613c9-38a0-463c-94c3-ed5be7ad182c,1-6a04e7d5-6c0a-487a-aff4-9929c7d5626f,South America 5V5 Queue,5v5,1787009509
8ca613c9-38a0-463c-94c3-ed5be7ad182c,1-030e6f29-685d-4ea3-a73c-633d98bed34b,South America 5V5 Queue,5v5,1787006155
8ca613c9-38a0-463c-94c3-ed5be7ad182c,1-62ffe0a5-dfba-4f5a-9294-062eff91f251,South America 5V5 Queue,5v5,1787003565
8ca613c9-38a0-463c-94c3-ed5be7ad182c,1-9b901eaa-57e9-41fe-a34c-7911136a3bb8,South America 5V5 Queue,5v5,1786918548
8ca613c9-38a0-463c-94c3-ed5be7ad182c,1-cf71ec13-5344-4fad-b57f-734362a96f1c,South America 5V5 Queue,5v5,1786914204
8ca613c9-38a0-463c-94c3-ed5be7ad182c,1-fe37580e-2e57-454d-8f3b-a596c9218e10,South America 5V5 Queue,5v5,1786757800
8ca613c9-38a0-463c-94c3-ed5be7ad182c,1-a20dcf61-21f8-47ad-b13f-4dc32182433d,South America 5V5 Queue,5v5,1786755283
8ca613c9-38a0-463c-94c3-ed5be7ad182c,1-e25676ef-f3e2-426d-8b9c-9d46db51b34f,South America 5V5 Queue,5v5,1786752983
8ca613c9-38a0-463c-94c3-ed5be7ad182c,1-51bc5aba-f1e7-4bdf-86e4-171a975c5db9,South America 5V5 Queue,5v5,1786750632
8ca613c9-38a0-463c-94c3-ed5be7ad182c,1-d9af420f-e2be-4f73-8a53-121ab5378f52,South America 5V5 Queue,5v5,1786747391
8ca613c9-38a0-463c-94c3-ed5be7ad182c,1-4ba21716-2460-40bf-861c-aab9b654f1c7,South America 5V5 Queue,5v5,1786745078
8ca613c9-38a0-463c-94c3-ed5be7ad182c,1-56b15294-24db-49f5-95ad-21c92a51aa3a,South America 5V5 Queue,5v5,1786741926
8ca613c9-38a0-463c-94c3-ed5be7ad182c,1-fe6ccb70-060a-4a5e-8681-19ba2361dfb5,South America 5V5 Queue,5v5,1786668618
8ca613c9-38a0-463c-94c3-ed5be7ad182c,1-c90e819c-9a9b-47b1-b12a-4250960b3d3c,South America 5V5 Queue,5v5,1786666016
35086d74-6e47-4367-8d56-422f03f037e0,1-53b95991-7aa9-4b40-8690-da619659a736,South America 5V5 Queue,5v5,1787381359
35086d74-6e47-4367-8d56-422f03f037e0,1-de457a9f-915a-4990-a588-2e49d3611e35,South America 5V5 Queue,5v5,1787379024
35086d74-6e47-4367-8d56-422f03f037e0,1-445b41b3-6017-4e2a-a050-96c7cb416183,South America 5V5 Queue,5v5,1787376619
35086d74-6e47-4367-8d56-422f03f037e0,1-cafa867d-a789-48ff-9b8d-7e3514b2c5fc,South America 5V5 Queue,5v5,1787373841
35086d74-6e47-4367-8d56-422f03f037e0,1-3770aae9-cef4-45a9-abec-f0aa429ad793,South America 5V5 Queue,5v5,1787370914
35086d74-6e47-4367-8d56-422f03f037e0,1-a145922c-4b44-47d5-99d7-306a136dcc4a,South America 5V5 Queue,5v5,1787257714
35086d74-6e47-4367-8d56-422f03f037e0,1-721225ae-fbbf-4a58-a8bf-a06f4b5b554e,South America 5V5 Queue,5v5,1787254266
35086d74-6e47-4367-8d56-422f03f037e0,1-528ab478-4406-4c8c-acc6-e7081ca1b4c4,South America 5V5 Queue,5v5,1787252261
35086d74-6e47-4367-8d56-422f03f037e0,1-62407d2d-319e-49a4-80d8-fbf451b87fd5,South America 5V5 Queue,5v5,1787027478
35086d74-6e47-4367-8d56-422f03f037e0,1-685ec8a0-c847-4f33-a806-36c80c358ef9,South America 5V5 Queue,5v5,1787021792
35086d74-6e47-4367-8d56-422f03f037e0,1-9b901eaa-57e9-41fe-a34c-7911136a3bb8,South America 5V5 Queue,5v5,1786918548
35086d74-6e47-4367-8d56-422f03f037e0,1-9e7d8169-1eea-4549-8834-b79a9e49dbc6,South America 5V5 Queue,5v5,1786916177
35086d74-6e47-4367-8d56-422f03f037e0,1-4beaa82a-643b-492a-8e6f-e4116d0f2437,South America 5V5 Queue,5v5,1786913655
35086d74-6e47-4367-8d56-422f03f037e0,1-159fd6ee-e8bd-46e3-b886-a278c87e4ba4,South America 5V5 Queue,5v5,1786910590
35086d74-6e47-4367-8d56-422f03f037e0,1-738ff449-97fe-44d1-b5d3-92dd17f75d69,South America 5V5 Queue,5v5,1786907679
35086d74-6e47-4367-8d56-422f03f037e0,1-da0a52d7-9e2f-402a-9d6a-8fcde71265a6,South America 5V5 Queue,5v5,1786904752
35086d74-6e47-4367-8d56-422f03f037e0,1-61b03252-b159-4e2e-a51b-307a1ded201e,South America 5V5 Queue,5v5,1786851108
35086d74-6e47-4367-8d56-422f03f037e0,1-a95abd63-3662-4085-9a1d-f09b6c4dcdc3,South America 5V5 Queue,5v5,1786768026
35086d74-6e47-4367-8d56-422f03f037e0,1-7922a70b-f512-4dd7-87aa-6101853ffa06,Betboom Storm 4 - BESTIA vs Isurus,5v5,1786316511
35086d74-6e47-4367-8d56-422f03f037e0,1-8fa78f2c-95b2-423a-a7cd-ddd97ffba91d,South America 5V5 Queue,5v5,1786250659
35086d74-6e47-4367-8d56-422f03f037e0,1-390ee18b-18fd-4187-833c-e067309d5685,South America 5V5 Queue,5v5,1786247938
35086d74-6e47-4367-8d56-422f03f037e0,1-c7f52f85-03b3-46dd-88b0-c3d2d6c4fd35,South America 5V5 Queue,5v5,1786244930
35086d74-6e47-4367-8d56-422f03f037e0,1-440999df-d5de-4f4b-a5b0-03c9f2338bf5,South America 5V5 Queue,5v5,1786242759
35086d74-6e47-4367-8d56-422f03f037e0,1-6e9e2ec0-3932-4015-bfe9-4ee8a7dbacb8,South America 5V5 Queue,5v5,1786170979
35086d74-6e47-4367-8d56-422f03f037e0,1-eeb89dbf-1e61-4a73-972b-42f37405efb7,South America 5V5 Queue,5v5,1786169729
35086d74-6e47-4367-8d56-422f03f037e0,1-c5fa6e63-cdac-4a07-a6d3-072c579cfe4b,South America 5V5 Queue,5v5,1786165705
35086d74-6e47-4367-8d56-422f03f037e0,1-24ad7a8b-e547-456d-bb03-44fb8846c65c,Betboom Storm 4 - Bestia vs Yawara,5v5,1786138584
35086d74-6e47-4367-8d56-422f03f037e0,1-b7ecbc68-c49c-417d-9d87-8c2ee19a34bf,Betboom Storm 4 - BESTIA vs GREMIO,5v5,1785978314
35086d74-6e47-4367-8d56-422f03f037e0,1-e09d3331-cdaf-4de2-ba39-c6e3e5fae4b3,Betboom Storm 4- BESTIA vs METANOIA Wolves,5v5,1785890476
35086d74-6e47-4367-8d56-422f03f037e0,1-707f98fa-831a-4d35-913f-2f770b5be2d4,StarSeries S20 - Closed Qualifier SA1,5v5,1785709870
27c63052-7a3d-4677-9cf6-ba828b27f626,1-837bdb4d-d127-4983-87c9-4facb6e637e5,South America 5V5 Queue,5v5,1787104513
27c63052-7a3d-4677-9cf6-ba828b27f626,1-9fad1572-1c45-478a-9536-da19ca0d2a1c,South America 5V5 Queue,5v5,1787101154
27c63052-7a3d-4677-9cf6-ba828b27f626,1-405bfd37-92f8-4be3-8be1-362ca0fdedda,South America 5V5 Queue,5v5,1787098500
27c63052-7a3d-4677-9cf6-ba828b27f626,1-c2c94ada-79bd-4a88-89ee-ac04ad2619f7,South America 5V5 Queue,5v5,1786917822
27c63052-7a3d-4677-9cf6-ba828b27f626,1-1b15c8c0-1b88-4224-87ab-d367b96e6cc9,South America 5V5 Queue,5v5,1786914359
27c63052-7a3d-4677-9cf6-ba828b27f626,1-d59cfc53-0554-4f9e-b440-3ce1b1acf99c,Imagineleague 2026 - Legends Stage - Red Canids Academy x Mormaco,5v5,1786910510
27c63052-7a3d-4677-9cf6-ba828b27f626,1-e55da338-5ccf-4f58-8f7a-ed6c2a7d4060,South America 5V5 Queue,5v5,1786419489
27c63052-7a3d-4677-9cf6-ba828b27f626,1-660d52ff-0022-4770-9ee1-aec63bc5bda2,South America 5V5 Queue,5v5,1786415271
27c63052-7a3d-4677-9cf6-ba828b27f626,1-a4bd3b9a-6edd-43e1-b130-dee4736e26ad,South America 5V5 Queue,5v5,1786384334
27c63052-7a3d-4677-9cf6-ba828b27f626,1-2c261ea5-7c93-4158-9e0b-5ea1fb7c1e61,South America 5V5 Queue,5v5,1786057579
27c63052-7a3d-4677-9cf6-ba828b27f626,1-e252bd57-edf0-4a68-88da-75b76bf63f63,South America 5V5 Queue,5v5,1786053261
27c63052-7a3d-4677-9cf6-ba828b27f626,1-d7746981-5799-46a9-b611-ba53b9cf70f3,South America 5V5 Queue,5v5,1786050444
27c63052-7a3d-4677-9cf6-ba828b27f626,1-f8111f88-87f0-4d2b-8fe7-601f639d02c5,South America 5V5 Queue,5v5,1786048379
27c63052-7a3d-4677-9cf6-ba828b27f626,1-4594a198-68c2-4d20-8151-d30c094fd555,South America 5V5 Queue,5v5,1786046516
27c63052-7a3d-4677-9cf6-ba828b27f626,1-6a30389f-9abb-4085-91e9-3f8df973a98f,South America 5V5 Queue,5v5,1785475289
27c63052-7a3d-4677-9cf6-ba828b27f626,1-b5716c48-fae6-4466-bcf2-d560a4715adb,South America 5V5 Queue,5v5,1785472219
27c63052-7a3d-4677-9cf6-ba828b27f626,1-846a2ee2-b138-40a5-9c5c-eb48a5ddaadf,South America 5V5 Queue,5v5,1785469728
27c63052-7a3d-4677-9cf6-ba828b27f626,1-fcc6bdbd-7763-4a90-9c92-1cfa76fa7a5a,South America 5V5 Queue,5v5,1785467315
27c63052-7a3d-4677-9cf6-ba828b27f626,1-b515e200-c807-458b-bdfe-d92a99ed99ef,South America 5V5 Queue,5v5,1785465286
27c63052-7a3d-4677-9cf6-ba828b27f626,1-13a9c5f7-8083-4775-83bd-68119e7daeab,South America 5V5 Queue,5v5,1785353630
27c63052-7a3d-4677-9cf6-ba828b27f626,1-6629b2b1-fb3d-45ec-a00b-b01b9d2f6d62,South America 5V5 Queue,5v5,1785351221
27c63052-7a3d-4677-9cf6-ba828b27f626,1-b5a95cd9-91c2-4204-9a62-d4eab2f7129a,South America 5V5 Queue,5v5,1785348312
27c63052-7a3d-4677-9cf6-ba828b27f626,1-96bd8114-6b60-4e3c-86e0-75ddea0a3ca0,South America 5V5 Queue,5v5,1785278606
27c63052-7a3d-4677-9cf6-ba828b27f626,1-94bd0775-3940-4eed-bdf7-f52ed3204bde,South America 5V5 Queue,5v5,1785276005
27c63052-7a3d-4677-9cf6-ba828b27f626,1-53dc91af-b130-45cb-b7f0-f6b2c21c4945,South America 5V5 Queue,5v5,1785273514
27c63052-7a3d-4677-9cf6-ba828b27f626,1-8df41105-e884-4aac-b9ff-2b45c3bf1c98,South America 5V5 Queue,5v5,1785270908
27c63052-7a3d-4677-9cf6-ba828b27f626,1-fd79f7a6-413a-448e-be41-4a3e1474cb66,South America 5V5 Queue,5v5,1785191600
27c63052-7a3d-4677-9cf6-ba828b27f626,1-5de21300-ad84-4b8d-8961-585155a63b4b,South America 5V5 Queue,5v5,1785189189
27c63052-7a3d-4677-9cf6-ba828b27f626,1-5d74bb58-713a-40f5-8a8b-144f4c2b7572,South America 5V5 Queue,5v5,1784922527
27c63052-7a3d-4677-9cf6-ba828b27f626,1-9414675b-775a-4d54-92b1-ee6ded2b5933,South America 5V5 Queue,5v5,1784754328
68375851-97d8-429d-8994-1215fa79082f,1-2db9d183-8306-4d0c-91d8-a09276f3e82a,South America 5V5 Queue,5v5,1787695531
68375851-97d8-429d-8994-1215fa79082f,1-c32f0048-ab02-4c35-81ed-58a9cad2cfdc,South America 5V5 Queue,5v5,1787693304
68375851-97d8-429d-8994-1215fa79082f,1-14a9b64b-a8ac-421a-9bc1-369d43080244,South America 5V5 Queue,5v5,1787689610
68375851-97d8-429d-8994-1215fa79082f,1-a105e4da-f34e-48a8-bc75-53dcc72f62cb,South America 5V5 Queue,5v5,1787615272
68375851-97d8-429d-8994-1215fa79082f,1-7e3a9429-faa4-4ec5-9ab0-5e274cdaec62,South America 5V5 Queue,5v5,1787612502
68375851-97d8-429d-8994-1215fa79082f,1-bc117e4e-83ae-42fd-8193-6e7396be8480,South America 5V5 Queue,5v5,1787609824
68375851-97d8-429d-8994-1215fa79082f,1-4b8c251d-66f8-4368-8ef9-9f8d3d1a190f,South America 5V5 Queue,5v5,1787607883
68375851-97d8-429d-8994-1215fa79082f,1-9e4d67ed-352a-41fc-9abf-d2f6b256caf5,South America 5V5 Queue,5v5,1787603790
68375851-97d8-429d-8994-1215fa79082f,1-e104aa5c-8d34-47a5-9487-47487d458967,South America 5V5 Queue,5v5,1787273054
68375851-97d8-429d-8994-1215fa79082f,1-a22a5365-031e-4978-9443-0025cb71dd90,South America 5V5 Queue,5v5,1787269500
68375851-97d8-429d-8994-1215fa79082f,1-868ffdc6-b123-4aa5-94d6-1137f1492c4a,South America 5V5 Queue,5v5,1787267121
68375851-97d8-429d-8994-1215fa79082f,1-25829cf5-e245-4a7d-ae08-8c2a41f80200,South America 5V5 Queue,5v5,1787263637
68375851-97d8-429d-8994-1215fa79082f,1-587055d0-8e3e-4f66-a96f-98437621ef2c,South America 5V5 Queue,5v5,1787261191
68375851-97d8-429d-8994-1215fa79082f,1-344a4fd0-7549-4595-bfda-2191e7501438,South America 5V5 Queue,5v5,1787184139
68375851-97d8-429d-8994-1215fa79082f,1-0826736e-47bb-4704-b010-954018509d07,South America 5V5 Queue,5v5,1787181874
68375851-97d8-429d-8994-1215fa79082f,1-5607844b-6cc7-4397-8b36-79915f21aee0,South America 5V5 Queue,5v5,1787179390
68375851-97d8-429d-8994-1215fa79082f,1-13a72b51-aca2-4810-b4b9-1350361f5587,South America 5V5 Queue,5v5,1787177381
68375851-97d8-429d-8994-1215fa79082f,1-dd7d7ffb-50c6-427c-9c19-2229d310b658,South America 5V5 Queue,5v5,1787175420
68375851-97d8-429d-8994-1215fa79082f,1-e1389108-abe7-4184-8fbe-5e7762f933c3,S58 SA Open Central - Regular Season,5v5 League,1787110037
68375851-97d8-429d-8994-1215fa79082f,1-e1d5e2fd-89c5-487b-a857-21b26fb31976,South America 5V5 Queue,5v5,1787096779
68375851-97d8-429d-8994-1215fa79082f,1-016697b4-eade-4655-b1b6-25a8b1e3a5eb,South America 5V5 Queue,5v5,1787093973
68375851-97d8-429d-8994-1215fa79082f,1-33e03766-5ffe-47bc-9795-9ae28c0cc61e,South America 5V5 Queue,5v5,1787091824
68375851-97d8-429d-8994-1215fa79082f,1-4b50c77c-43d8-44d9-b216-2001c6158ff9,South America 5V5 Queue,5v5,1787090194
68375851-97d8-429d-8994-1215fa79082f,1-c218c25f-50d2-4158-bf94-aca473c3d40d,S58 SA Open Central - Regular Season,5v5 League,1787087706
68375851-97d8-429d-8994-1215fa79082f,1-33931a02-7302-423a-a471-908d9d2fb8d1,South America 5V5 Queue,5v5,1787087415
68375851-97d8-429d-8994-1215fa79082f,1-a6e627aa-5952-43c4-966a-cd6cc96aeaa2,FASTCUP SC CHALLENGE III,5v5,1787021596
68375851-97d8-429d-8994-1215fa79082f,1-c76e1377-7e51-40e5-a245-063fbb901657,S58 SA Open Central - Regular Season,5v5 League,1787010317
68375851-97d8-429d-8994-1215fa79082f,1-99397ea9-c1c4-4ddd-8be1-16d581dbe148,South America 5V5 Queue,5v5,1787010824
68375851-97d8-429d-8994-1215fa79082f,1-a3f7b8fb-11b1-435f-93cd-e93a9fc3210b,South America 5V5 Queue,5v5,1787008253
68375851-97d8-429d-8994-1215fa79082f,1-fc4db106-0eca-4d1f-8f94-a2d342107173,South America 5V5 Queue,5v5,1787005691
d0006176-6704-465e-8c7a-524e42c3a477,1-339a1686-3cc4-4163-8ec3-4f12a5c153b9,South America 5V5 Queue,5v5,1787696348
d0006176-6704-465e-8c7a-524e42c3a477,1-afa97c70-9ca7-40d3-93da-226e9a54f60b,South America 5V5 Queue,5v5,1787638739
d0006176-6704-465e-8c7a-524e42c3a477,1-4815e9bb-1aeb-4657-9ffd-42f3d695ff5d,South America 5V5 Queue,5v5,1787636021
d0006176-6704-465e-8c7a-524e42c3a477,1-d7b0b233-0ca0-4c64-a449-1b1ef6bc8c88,South America 5V5 Queue,5v5,1787632355
d0006176-6704-465e-8c7a-524e42c3a477,1-424e8b17-1d9c-4225-928c-54fcda734d24,South America 5V5 Queue,5v5,1787630263
d0006176-6704-465e-8c7a-524e42c3a477,1-cbcc4bcc-1874-478d-9641-7ba4d5af9f09,South America 5V5 Queue,5v5,1787627556
d0006176-6704-465e-8c7a-524e42c3a477,1-b7535b50-76da-4e80-904b-4542a3a7d795,South America 5V5 Queue,5v5,1787622335
d0006176-6704-465e-8c7a-524e42c3a477,1-3299d6ef-09c8-4b8d-b5e5-d7c82242544e,South America 5V5 Queue,5v5,1787614565
d0006176-6704-465e-8c7a-524e42c3a477,1-17632a20-ba6c-4b1f-a96c-646698f4fa8d,South America 5V5 Queue,5v5,1787611040
d0006176-6704-465e-8c7a-524e42c3a477,1-5d7a7134-0ab1-4ac1-a514-05ab6b3a537d,South America 5V5 Queue,5v5,1787435290
d0006176-6704-465e-8c7a-524e42c3a477,1-53b95991-7aa9-4b40-8690-da619659a736,South America 5V5 Queue,5v5,1787381359
d0006176-6704-465e-8c7a-524e42c3a477,1-de457a9f-915a-4990-a588-2e49d3611e35,South America 5V5 Queue,5v5,1787379024
d0006176-6704-465e-8c7a-524e42c3a477,1-445b41b3-6017-4e2a-a050-96c7cb416183,South America 5V5 Queue,5v5,1787376619
d0006176-6704-465e-8c7a-524e42c3a477,1-324a290c-28d2-482f-a73e-e734d8178a94,South America 5V5 Queue,5v5,1787358195
d0006176-6704-465e-8c7a-524e42c3a477,1-022b0304-0736-4003-9900-04612b2d0a2f,South America 5V5 Queue,5v5,1787355058
d0006176-6704-465e-8c7a-524e42c3a477,1-94214e29-e76e-4af7-85c2-24fd63f094a3,South America 5V5 Queue,5v5,1787352275
d0006176-6704-465e-8c7a-524e42c3a477,1-d0351ab8-0959-49ac-8644-e0c5f3367bd5,South America 5V5 Queue,5v5,1787345221
d0006176-6704-465e-8c7a-524e42c3a477,1-051d5db6-a6fb-43f1-a4bb-7ec59e91acf5,South America 5V5 Queue,5v5,1787342349
d0006176-6704-465e-8c7a-524e42c3a477,1-740f762e-5d4d-4daa-b30b-33976834f65f,South America 5V5 Queue,5v5,1787339060
d0006176-6704-465e-8c7a-524e42c3a477,1-87880dc5-60f7-49a4-91b1-b9101bd328dd,South America 5V5 Queue,5v5,1787336585
d0006176-6704-465e-8c7a-524e42c3a477,1-d20bd4e4-3774-479c-a062-019867ec3406,South America 5V5 Queue,5v5,1787290570
d0006176-6704-465e-8c7a-524e42c3a477,1-aae53ccc-d774-45fc-b666-f7dd2de4e76b,South America 5V5 Queue,5v5,1787279850
d0006176-6704-465e-8c7a-524e42c3a477,1-a145922c-4b44-47d5-99d7-306a136dcc4a,South America 5V5 Queue,5v5,1787257714
d0006176-6704-465e-8c7a-524e42c3a477,1-721225ae-fbbf-4a58-a8bf-a06f4b5b554e,South America 5V5 Queue,5v5,1787254266
d0006176-6704-465e-8c7a-524e42c3a477,1-528ab478-4406-4c8c-acc6-e7081ca1b4c4,South America 5V5 Queue,5v5,1787252261
d0006176-6704-465e-8c7a-524e42c3a477,1-a55a9053-7a38-4db2-accd-cc542a8963dd,South America 5V5 Queue,5v5,1787204515
d0006176-6704-465e-8c7a-524e42c3a477,1-9910ce24-7271-49f5-abb6-774ef18f6700,South America 5V5 Queue,5v5,1787202221
d0006176-6704-465e-8c7a-524e42c3a477,1-50ca3042-8f57-459a-9174-3dd34238779f,South America 5V5 Queue,5v5,1787200053
d0006176-6704-465e-8c7a-524e42c3a477,1-030e6f29-685d-4ea3-a73c-633d98bed34b,South America 5V5 Queue,5v5,1787006155
d0006176-6704-465e-8c7a-524e42c3a477,1-ccbbf781-f4fd-4dc3-8cb2-e843eb9182e0,South America 5V5 Queue,5v5,1787003126
46dc5827-b175-4ae8-b803-d3a26b5f03ab,1-74f7ffbe-e30a-4575-825c-96f4f81f7da8,SA ECL S52 Cup 1,5v5,1787697158
46dc5827-b175-4ae8-b803-d3a26b5f03ab,1-a1fa4f0c-a38b-47d3-819e-a22e6cebcf9a,South America 5V5 Queue,5v5,1787544793
46dc5827-b175-4ae8-b803-d3a26b5f03ab,1-fc091b38-3c1a-44bd-89ae-d14a770010ea,South America 5V5 Queue,5v5,1787542567
46dc5827-b175-4ae8-b803-d3a26b5f03ab,1-095598bb-6a93-437a-88cc-2f5d5bf8cf35,South America 5V5 Queue,5v5,1787539234
46dc5827-b175-4ae8-b803-d3a26b5f03ab,1-c3a1cdff-3b26-42a1-a009-97a98259af67,South America 5V5 Queue,5v5,1787523903
46dc5827-b175-4ae8-b803-d3a26b5f03ab,1-6dba9d2b-8a0b-4140-be75-16643d4be2b0,South America 5V5 Queue,5v5,1787521555
46dc5827-b175-4ae8-b803-d3a26b5f03ab,1-09443468-9d4b-47d8-a0df-325e85ae8d65,South America 5V5 Queue,5v5,1787287863
46dc5827-b175-4ae8-b803-d3a26b5f03ab,1-a04bf15f-cf88-4220-879e-09990028dc62,South America 5V5 Queue,5v5,1787286012
46dc5827-b175-4ae8-b803-d3a26b5f03ab,1-f77f13c7-3e92-46b4-80b2-bdcfb290a32a,South America 5V5 Queue,5v5,1787282810
46dc5827-b175-4ae8-b803-d3a26b5f03ab,1-2e206fe2-a191-4d22-9c76-00bc4a60a319,South America 5V5 Queue,5v5,1787204193
46dc5827-b175-4ae8-b803-d3a26b5f03ab,1-50ca3042-8f57-459a-9174-3dd34238779f,South America 5V5 Queue,5v5,1787200053
46dc5827-b175-4ae8-b803-d3a26b5f03ab,1-061cf292-13d0-411e-ac91-6350aec65986,South America 5V5 Queue,5v5,1787197994
46dc5827-b175-4ae8-b803-d3a26b5f03ab,1-4cd90cbe-8482-45b2-ae11-099cf1e41028,South America 5V5 Queue,5v5,1787195320
46dc5827-b175-4ae8-b803-d3a26b5f03ab,1-ae3ca201-1c97-40ed-96fd-a8781693746b,South America 5V5 Queue,5v5,1787114569
46dc5827-b175-4ae8-b803-d3a26b5f03ab,1-79b7ba9d-7b27-4022-8e20-2c51c074468e,South America 5V5 Queue,5v5,1787109975
46dc5827-b175-4ae8-b803-d3a26b5f03ab,1-7ee5a902-8f67-494b-b69d-dad44e4a6a5a,South America 5V5 Queue,5v5,1787107253
46dc5827-b175-4ae8-b803-d3a26b5f03ab,1-0ac7dbaf-dd51-4979-b819-8e0146145125,South America 5V5 Queue,5v5,1787104811
46dc5827-b175-4ae8-b803-d3a26b5f03ab,1-fe889d56-65d5-4de8-ba37-fc2eaf03fb94,South America 5V5 Queue,5v5,1787027958
46dc5827-b175-4ae8-b803-d3a26b5f03ab,1-3cabc792-55e4-4246-a751-c627043d217a,South America 5V5 Queue,5v5,1787024981
46dc5827-b175-4ae8-b803-d3a26b5f03ab,1-670904b9-0b6f-490d-9cea-047b6b79771e,South America 5V5 Queue,5v5,1787021820
46dc5827-b175-4ae8-b803-d3a26b5f03ab,1-96c6c3db-90f2-4b92-b060-489f1d3b6857,South America 5V5 Queue,5v5,1786944569
46dc5827-b175-4ae8-b803-d3a26b5f03ab,1-a202446a-fe6a-4589-98fd-de76e1b5ddfa,South America 5V5 Queue,5v5,1786942003
46dc5827-b175-4ae8-b803-d3a26b5f03ab,1-6883a943-f616-4510-8d65-7be46efa4fda,South America 5V5 Queue,5v5,1786596698
46dc5827-b175-4ae8-b803-d3a26b5f03ab,1-c0111c59-f7a1-4955-8b9b-1e109404feb0,South America 5V5 Queue,5v5,1786594037
46dc5827-b175-4ae8-b803-d3a26b5f03ab,1-acb45f87-066a-443e-92e4-e120beca217d,South America 5V5 Queue,5v5,1786590301
46dc5827-b175-4ae8-b803-d3a26b5f03ab,1-7f8a6610-8c2f-4e1d-b8b0-5cb13a240f4b,South America 5V5 Queue,5v5,1786509065
46dc5827-b175-4ae8-b803-d3a26b5f03ab,1-2a6cd88e-5351-4102-ab23-bc7bdcd7728f,South America 5V5 Queue,5v5,1786505578
46dc5827-b175-4ae8-b803-d3a26b5f03ab,1-f9e7212c-af32-4dba-be45-c7b94f75c95a,South America 5V5 Queue,5v5,1786427491
46dc5827-b175-4ae8-b803-d3a26b5f03ab,1-523b9b59-8095-41cf-9b57-52bbe09cc03d,South America 5V5 Queue,5v5,1786424043
46dc5827-b175-4ae8-b803-d3a26b5f03ab,1-db052bcd-4912-47f3-892a-134730cade50,South America 5V5 Queue,5v5,1786421125
702c9dd5-c84d-42de-942e-58e921fd34d9,1-d604eb93-7d78-4cec-8722-df1f1b1b3d07,South America 5V5 Queue,5v5,1787694901
702c9dd5-c84d-42de-942e-58e921fd34d9,1-816ff3d2-9d94-4270-956d-3e82ca0c1cea,South America 5V5 Queue,5v5,1787692347
702c9dd5-c84d-42de-942e-58e921fd34d9,1-dc521ebf-e23c-499a-a189-cdea32b183d5,South America 5V5 Queue,5v5,1787689748
702c9dd5-c84d-42de-942e-58e921fd34d9,1-8ee71cee-f846-4551-9769-6e1e10221c80,South America 5V5 Queue,5v5,1787463115
702c9dd5-c84d-42de-942e-58e921fd34d9,1-57c51925-637a-4417-b668-1ada903f03bf,South America 5V5 Queue,5v5,1787459008
702c9dd5-c84d-42de-942e-58e921fd34d9,1-3a5624ef-7974-4862-89e1-1aa9c79c4188,South America 5V5 Queue,5v5,1787454323
702c9dd5-c84d-42de-942e-58e921fd34d9,1-83378129-4a00-444b-a08a-29ce1986624c,South America 5V5 Queue,5v5,1787451675
702c9dd5-c84d-42de-942e-58e921fd34d9,1-37979135-f789-413e-a06b-df77e122e3b2,South America 5V5 Queue,5v5,1787449178
702c9dd5-c84d-42de-942e-58e921fd34d9,1-574f3700-74eb-434e-816d-ab06f0ddf932,South America 5V5 Queue,5v5,1787446181
702c9dd5-c84d-42de-942e-58e921fd34d9,1-5d7a7134-0ab1-4ac1-a514-05ab6b3a537d,South America 5V5 Queue,5v5,1787435290
702c9dd5-c84d-42de-942e-58e921fd34d9,1-aa89b578-b20e-4024-8d05-1dce5bfb2bd3,South America 5V5 Queue,5v5,1787431476
702c9dd5-c84d-42de-942e-58e921fd34d9,1-e96111aa-3ca3-4745-9cd3-ddfc89f9a9b4,South America 5V5 Queue,5v5,1787428962
702c9dd5-c84d-42de-942e-58e921fd34d9,1-0ef450b2-8573-4e78-8fbe-a697ae560993,South America 5V5 Queue,5v5,1787426017
702c9dd5-c84d-42de-942e-58e921fd34d9,1-cf8b8d6d-3867-4a7d-a934-2905ee9874f1,South America 5V5 Queue,5v5,1787422600
702c9dd5-c84d-42de-942e-58e921fd34d9,1-5cad4c91-1f74-4e2a-a6d6-d9f393307942,South America 5V5 Queue,5v5,1787381760
702c9dd5-c84d-42de-942e-58e921fd34d9,1-de457a9f-915a-4990-a588-2e49d3611e35,South America 5V5 Queue,5v5,1787379024
702c9dd5-c84d-42de-942e-58e921fd34d9,1-f7c5e149-2544-4dee-8986-8b125d23948e,South America 5V5 Queue,5v5,1787376195
702c9dd5-c84d-42de-942e-58e921fd34d9,1-7e9a9f4c-1b89-464f-953c-beac4be1fa8a,South America 5V5 Queue,5v5,1787354349
702c9dd5-c84d-42de-942e-58e921fd34d9,1-df9b643c-ff09-4047-b7b8-b0ce72359a25,South America 5V5 Queue,5v5,1787351333
702c9dd5-c84d-42de-942e-58e921fd34d9,1-5f187c21-d1df-429c-b6d3-b84b2a413db5,South America 5V5 Queue,5v5,1787346866
702c9dd5-c84d-42de-942e-58e921fd34d9,1-21afae4d-9a79-4138-9279-d916a04aed9c,South America 5V5 Queue,5v5,1787344188
702c9dd5-c84d-42de-942e-58e921fd34d9,1-727a8cc5-edbe-4329-a3ea-da4701bd0c0a,South America 5V5 Queue,5v5,1787341748
702c9dd5-c84d-42de-942e-58e921fd34d9,1-740f762e-5d4d-4daa-b30b-33976834f65f,South America 5V5 Queue,5v5,1787339060
702c9dd5-c84d-42de-942e-58e921fd34d9,1-916fac62-4118-4fde-9d5a-2a1a229cbf77,South America 5V5 Queue,5v5,1787336603
702c9dd5-c84d-42de-942e-58e921fd34d9,1-b2935bc9-5800-4ac7-bbc1-59865d0b8e8b,South America 5V5 Queue,5v5,1787334016
702c9dd5-c84d-42de-942e-58e921fd34d9,1-9168cfff-7050-4e68-a34c-1b103c24c3dc,South America 5V5 Queue,5v5,1787263899
702c9dd5-c84d-42de-942e-58e921fd34d9,1-aeb674b4-60a1-4c20-9241-e5e35d9ea940,South America 5V5 Queue,5v5,1787260660
702c9dd5-c84d-42de-942e-58e921fd34d9,1-db83220d-045d-4b55-9885-820f351cac68,South America 5V5 Queue,5v5,1787257907
702c9dd5-c84d-42de-942e-58e921fd34d9,1-26e7b597-dbf9-42af-9644-9bf84562b3e0,South America 5V5 Queue,5v5,1787192411
702c9dd5-c84d-42de-942e-58e921fd34d9,1-3b993ad2-e6e6-4c9f-a46e-2f8c3bc62bc2,South America 5V5 Queue,5v5,1787188685
fef76318-776c-4732-828c-771726c156ee,1-b5e26988-38c1-4552-a95a-c06d415f4e75,SA ECL S52 Cup 1,5v5,1787697590
fef76318-776c-4732-828c-771726c156ee,1-d34fcb0a-6006-4625-b827-0fa6cec24a94,South America 5V5 Queue,5v5,1787636417
fef76318-776c-4732-828c-771726c156ee,1-f9221e37-1960-433d-9e81-f717565fd6b3,South America 5V5 Queue,5v5,1787634153
fef76318-776c-4732-828c-771726c156ee,1-7d7edf2e-325a-412f-b552-e956707c8c87,South America 5V5 Queue,5v5,1787631000
fef76318-776c-4732-828c-771726c156ee,1-8dd7391d-55b4-4713-8236-e6351008b9a9,S58 SA Open Central - Regular Season,5v5 League,1787615787
fef76318-776c-4732-828c-771726c156ee,1-5bf2dc9e-1193-4911-b717-28c2bbba484e,South America 5V5 Queue,5v5,1787614886
fef76318-776c-4732-828c-771726c156ee,1-b6573572-6068-41f8-bd67-4f1cb3a6f209,South America 5V5 Queue,5v5,1787609112
fef76318-776c-4732-828c-771726c156ee,1-47b870c1-9360-4106-bc15-bffe01b3cc11,South America 5V5 Queue,5v5,1787603500
fef76318-776c-4732-828c-771726c156ee,1-d907bf8b-a976-4627-a793-3a83851ff5ae,South America 5V5 Queue,5v5,1787458021
fef76318-776c-4732-828c-771726c156ee,1-26db4183-9895-496e-99dd-f591fe65c55a,South America 5V5 Queue,5v5,1787377340
fef76318-776c-4732-828c-771726c156ee,1-37adad07-5bbd-4531-b3e1-118078996a84,South America 5V5 Queue,5v5,1787374264
fef76318-776c-4732-828c-771726c156ee,1-e88a36ec-d8e2-4f36-88a5-2f09f51d55dc,South America 5V5 Queue,5v5,1787370928
fef76318-776c-4732-828c-771726c156ee,1-bc3f9da7-5c68-4f77-8807-b08582c3fb47,South America 5V5 Queue,5v5,1787368074
fef76318-776c-4732-828c-771726c156ee,1-ed99f347-58f0-4333-81a1-7226f80dd89a,South America 5V5 Queue,5v5,1787355268
fef76318-776c-4732-828c-771726c156ee,1-e604be5b-2a48-4b9d-a58f-4c871cba2983,South America 5V5 Queue,5v5,1787350956
fef76318-776c-4732-828c-771726c156ee,1-6e216e8b-4fc3-4134-95f8-e559478d0e87,South America 5V5 Queue,5v5,1787291694
fef76318-776c-4732-828c-771726c156ee,1-c5173cbe-6481-4ab2-abdf-6ed27cd81e75,South America 5V5 Queue,5v5,1787285056
fef76318-776c-4732-828c-771726c156ee,1-60179a89-7e53-4b61-883a-afd9404a07ba,South America 5V5 Queue,5v5,1787255219
fef76318-776c-4732-828c-771726c156ee,1-dce0a774-1ac9-422d-b8d9-3f83374b441b,South America 5V5 Queue,5v5,1787209166
fef76318-776c-4732-828c-771726c156ee,1-bddab37a-21b1-44f7-823a-891135e574f5,South America 5V5 Queue,5v5,1787205019
fef76318-776c-4732-828c-771726c156ee,1-656d1ed8-7899-45da-ac8c-c10a00bad500,South America 5V5 Queue,5v5,1787173058
fef76318-776c-4732-828c-771726c156ee,1-f3fc5b15-8047-42d9-9f8b-d5f220ed5873,South America 5V5 Queue,5v5,1787170340
fef76318-776c-4732-828c-771726c156ee,1-304664b0-b38b-47d4-95f3-310765276432,South America 5V5 Queue,5v5,1787123485
fef76318-776c-4732-828c-771726c156ee,1-e1389108-abe7-4184-8fbe-5e7762f933c3,S58 SA Open Central - Regular Season,5v5 League,1787110037
fef76318-776c-4732-828c-771726c156ee,1-9868a214-660f-47d7-86f0-b11d1bdf30df,South America 5V5 Queue,5v5,1787104138
fef76318-776c-4732-828c-771726c156ee,1-434cbaa9-bd40-4db8-9c3f-5b9886f294d8,South America 5V5 Queue,5v5,1787100723
fef76318-776c-4732-828c-771726c156ee,1-28ca4c66-ef7f-4ab7-b4d6-a3dff606dd1a,S58 SA Open Central - Regular Season,5v5 League,1787096652
fef76318-776c-4732-828c-771726c156ee,1-1ddc2c87-ecf9-465c-adbb-b49c6d775e34,South America 5V5 Queue,5v5,1787090836
fef76318-776c-4732-828c-771726c156ee,1-83cc282f-991f-4e81-972f-6737c7f2db91,South America 5V5 Queue,5v5,1787084060
fef76318-776c-4732-828c-771726c156ee,1-030e6f29-685d-4ea3-a73c-633d98bed34b,South America 5V5 Queue,5v5,1787006155
08b354e6-c7f5-4e64-9feb-cba6baea4ebc,1-f7326761-3eed-49a2-90e5-1cf2e31f07d3,SA ECL S52 Cup 1,5v5,1787697223
08b354e6-c7f5-4e64-9feb-cba6baea4ebc,1-f205825c-82eb-4709-868e-d82ddf5c4a25,South America 5V5 Queue,5v5,1787626553
08b354e6-c7f5-4e64-9feb-cba6baea4ebc,1-88a4212d-2292-4443-87ba-98955d5518a1,South America 5V5 Queue,5v5,1787623541
08b354e6-c7f5-4e64-9feb-cba6baea4ebc,1-7e9a9f4c-1b89-464f-953c-beac4be1fa8a,South America 5V5 Queue,5v5,1787354349
08b354e6-c7f5-4e64-9feb-cba6baea4ebc,1-7b4a34ed-3087-4556-be33-22f9b722d254,South America 5V5 Queue,5v5,1787105211
08b354e6-c7f5-4e64-9feb-cba6baea4ebc,1-87092bd2-a099-4018-8df1-a45752d8c784,South America 5V5 Queue,5v5,1787016675
08b354e6-c7f5-4e64-9feb-cba6baea4ebc,1-9f6a35ba-c6e6-4bff-a99b-46a68724a05f,South America 5V5 Queue,5v5,1787014122
08b354e6-c7f5-4e64-9feb-cba6baea4ebc,1-d1491f4a-50ff-4d7d-8bac-28632a3b52fe,South America 5V5 Queue,5v5,1787011492
08b354e6-c7f5-4e64-9feb-cba6baea4ebc,1-d78aa817-65f5-4ce1-9d46-0b140aa8f6ba,EWC26 CS2 LCQ - Playoffs,5v5,1786274244
08b354e6-c7f5-4e64-9feb-cba6baea4ebc,1-52c6581b-0f24-4a30-acae-c5d0c16ae79b,EWC26 CS2 LCQ - Group 2,5v5,1786205798
08b354e6-c7f5-4e64-9feb-cba6baea4ebc,1-b61b9fbc-3c21-48e2-9873-b6a8360a2c9b,EWC26 CS2 LCQ - Group 2,5v5,1786109203
08b354e6-c7f5-4e64-9feb-cba6baea4ebc,1-e40cd5f0-38bd-4c1c-ad10-4c3d53768379,EWC26 CS2 LCQ - Group 2,5v5,1786100940
08b354e6-c7f5-4e64-9feb-cba6baea4ebc,1-17d9cae3-3e67-4c9e-bd38-20c233a4b56b,Europe 5v5 Queue,5v5,1786039370
08b354e6-c7f5-4e64-9feb-cba6baea4ebc,1-548c04c2-d0fd-40d9-82c7-d5503f1432f8,Europe 5v5 Queue,5v5,1785945653
08b354e6-c7f5-4e64-9feb-cba6baea4ebc,1-cc0ab755-1a40-40e7-8eab-3b025569bc42,Europe 5v5 Queue,5v5,1785942091
08b354e6-c7f5-4e64-9feb-cba6baea4ebc,1-0175c95b-8616-4a06-87ad-b69401798dcd,Europe 5v5 Queue,5v5,1785934221
08b354e6-c7f5-4e64-9feb-cba6baea4ebc,1-50e7320b-44c5-49ff-9bec-ed192d1e4229,South America 5V5 Queue,5v5,1785818961
08b354e6-c7f5-4e64-9feb-cba6baea4ebc,1-01a2b91a-49e6-4407-970a-43c5e410d346,South America 5V5 Queue,5v5,1785815594
08b354e6-c7f5-4e64-9feb-cba6baea4ebc,1-789d7910-e06e-4f54-b21f-23ae3a636331,StarSeries S20 - Closed Qualifier SA,5v5,1785624390
08b354e6-c7f5-4e64-9feb-cba6baea4ebc,1-02f6f4c6-9bd3-40cf-b590-f1854bf277b1,StarSeries S20 - Closed Qualifier SA,5v5,1785531935
08b354e6-c7f5-4e64-9feb-cba6baea4ebc,1-16e6bafc-e403-4ef0-8545-e0213b9d28df,South America 5V5 Queue,5v5,1785462267
08b354e6-c7f5-4e64-9feb-cba6baea4ebc,1-79046df4-d2c8-4e40-b392-a92a5933b703,South America 5V5 Queue,5v5,1785456491
08b354e6-c7f5-4e64-9feb-cba6baea4ebc,1-7812f15b-beed-4a7a-808b-3b5995d7c699,South America 5V5 Queue,5v5,1785453163
08b354e6-c7f5-4e64-9feb-cba6baea4ebc,1-cba000d8-0917-4d53-9336-226899a54fcd,South America 5V5 Queue,5v5,1785383261
08b354e6-c7f5-4e64-9feb-cba6baea4ebc,1-07b1cbfc-6de4-43f2-88b9-9e9504e4f5c4,South America 5V5 Queue,5v5,1785380742
08b354e6-c7f5-4e64-9feb-cba6baea4ebc,1-99414efe-ccc4-4348-a0d6-bdbd9425a063,StarSeries S20 - Closed Qualifier SA,5v5,1785372249
08b354e6-c7f5-4e64-9feb-cba6baea4ebc,1-dac82847-09d5-4a07-b89c-f6fedb1cfbdf,South America 5V5 Queue,5v5,1785351776
08b354e6-c7f5-4e64-9feb-cba6baea4ebc,1-8d820485-9dfb-4a18-8b93-5fe52fcaa2ad,South America 5V5 Queue,5v5,1785291963
08b354e6-c7f5-4e64-9feb-cba6baea4ebc,1-e3ce3000-dbb6-4269-8580-ced935a5752e,South America 5V5 Queue,5v5,1785285689
08b354e6-c7f5-4e64-9feb-cba6baea4ebc,1-bf605d63-337b-480e-bd92-6ca94ae0b46a,StarSeries S20 - Closed Qualifier SA,5v5,1785258299
c602641e-533f-43e3-9c2d-e3e8ff687ca0,1-7d7edf2e-325a-412f-b552-e956707c8c87,South America 5V5 Queue,5v5,1787631000
c602641e-533f-43e3-9c2d-e3e8ff687ca0,1-606d5d60-56b7-4451-90de-b90e43b826ee,South America 5V5 Queue,5v5,1787628631
c602641e-533f-43e3-9c2d-e3e8ff687ca0,1-701265e4-4f1e-449d-aa7b-c736b8e26a6e,South America 5V5 Queue,5v5,1787625931
c602641e-533f-43e3-9c2d-e3e8ff687ca0,1-f150e429-7c43-4243-8e8b-e1e7b78b91db,South America 5V5 Queue,5v5,1787622085
c602641e-533f-43e3-9c2d-e3e8ff687ca0,1-3299d6ef-09c8-4b8d-b5e5-d7c82242544e,South America 5V5 Queue,5v5,1787614565
c602641e-533f-43e3-9c2d-e3e8ff687ca0,1-609e1158-7e22-4b7b-9bde-1c9273330737,South America 5V5 Queue,5v5,1787611700
c602641e-533f-43e3-9c2d-e3e8ff687ca0,1-901b98cb-3aa2-4c16-a6ed-a932a5a1fb8c,South America 5V5 Queue,5v5,1787459798
c602641e-533f-43e3-9c2d-e3e8ff687ca0,1-59b644d0-8975-4be7-a03b-40b3498bbd04,South America 5V5 Queue,5v5,1787456318
c602641e-533f-43e3-9c2d-e3e8ff687ca0,1-44f36c56-06b4-4922-858c-81e2ad6b554d,South America 5V5 Queue,5v5,1787453955
c602641e-533f-43e3-9c2d-e3e8ff687ca0,1-83378129-4a00-444b-a08a-29ce1986624c,South America 5V5 Queue,5v5,1787451675
c602641e-533f-43e3-9c2d-e3e8ff687ca0,1-37979135-f789-413e-a06b-df77e122e3b2,South America 5V5 Queue,5v5,1787449178
c602641e-533f-43e3-9c2d-e3e8ff687ca0,1-f264baef-2e13-4218-a328-832e2a13a4a0,South America 5V5 Queue,5v5,1787444259
c602641e-533f-43e3-9c2d-e3e8ff687ca0,1-f0a2249f-4634-4c41-875a-8bd5d2b45baa,South America 5V5 Queue,5v5,1787440643
c602641e-533f-43e3-9c2d-e3e8ff687ca0,1-803a8899-9744-42e0-ad0d-c2068f4b5599,South America 5V5 Queue,5v5,1787438626
c602641e-533f-43e3-9c2d-e3e8ff687ca0,1-904ff60d-cb70-4bd9-8ac3-1d42188475e3,South America 5V5 Queue,5v5,1787378766
c602641e-533f-43e3-9c2d-e3e8ff687ca0,1-37adad07-5bbd-4531-b3e1-118078996a84,South America 5V5 Queue,5v5,1787374264
c602641e-533f-43e3-9c2d-e3e8ff687ca0,1-e88a36ec-d8e2-4f36-88a5-2f09f51d55dc,South America 5V5 Queue,5v5,1787370928
c602641e-533f-43e3-9c2d-e3e8ff687ca0,1-ea0d83d0-072a-4335-ad59-95d8150ba0ea,South America 5V5 Queue,5v5,1787356037
c602641e-533f-43e3-9c2d-e3e8ff687ca0,1-949ffae8-c819-4a62-b6ea-21bb0545110b,South America 5V5 Queue,5v5,1787354044
c602641e-533f-43e3-9c2d-e3e8ff687ca0,1-99ff63aa-b6fa-4764-a9cd-1102970b25ec,South America 5V5 Queue,5v5,1787352205
c602641e-533f-43e3-9c2d-e3e8ff687ca0,1-0429e6f9-07e2-4df9-8e58-9e1b479522bc,South America 5V5 Queue,5v5,1787295506
c602641e-533f-43e3-9c2d-e3e8ff687ca0,1-784a3449-222b-4422-aa6f-f786d2a863bc,South America 5V5 Queue,5v5,1787292668
c602641e-533f-43e3-9c2d-e3e8ff687ca0,1-d20bd4e4-3774-479c-a062-019867ec3406,South America 5V5 Queue,5v5,1787290570
c602641e-533f-43e3-9c2d-e3e8ff687ca0,1-9ea67c4b-0776-428f-8ccb-d0c2a770ff1d,South America 5V5 Queue,5v5,1787288506
c602641e-533f-43e3-9c2d-e3e8ff687ca0,1-c1f9ac64-ac75-4f7c-b35a-875f306ee63c,South America 5V5 Queue,5v5,1787285733
c602641e-533f-43e3-9c2d-e3e8ff687ca0,1-74917274-86fd-498a-86f8-01460bd87ea4,South America 5V5 Queue,5v5,1787277688
c602641e-533f-43e3-9c2d-e3e8ff687ca0,1-92ccf9db-efa1-47a2-9c73-15978741f443,South America 5V5 Queue,5v5,1787275068
c602641e-533f-43e3-9c2d-e3e8ff687ca0,1-04fa7a99-4d38-4da9-a375-16e9de6ee24c,South America 5V5 Queue,5v5,1787270874
c602641e-533f-43e3-9c2d-e3e8ff687ca0,1-34e790a9-4525-4f84-84ee-071f561fdb28,South America 5V5 Queue,5v5,1787267989
c602641e-533f-43e3-9c2d-e3e8ff687ca0,1-bf718280-31d5-440a-a29d-c61155375a76,South America 5V5 Queue,5v5,1787265885
798a2505-8b8f-45c0-a5b3-1d3e0952112a,1-0c857050-ce93-4a52-8f36-bc313b9b681c,South America 5V5 Queue,5v5,1787464361
798a2505-8b8f-45c0-a5b3-1d3e0952112a,1-5f404376-5e63-4e84-a283-17a8db8e6e17,South America 5V5 Queue,5v5,1787462044
798a2505-8b8f-45c0-a5b3-1d3e0952112a,1-e0653a30-93f9-44f2-88af-40aadb393d81,South America 5V5 Queue,5v5,1787458292
798a2505-8b8f-45c0-a5b3-1d3e0952112a,1-b8e6a1c6-b9ff-424b-9e28-f9a771e744de,South America 5V5 Queue,5v5,1787455898
798a2505-8b8f-45c0-a5b3-1d3e0952112a,1-f4aad3f0-4144-40fa-a162-46b87d0d9902,South America 5V5 Queue,5v5,1787453897
798a2505-8b8f-45c0-a5b3-1d3e0952112a,1-5f1af50e-56ed-4776-a25b-93a55f37b3cc,South America 5V5 Queue,5v5,1787014787
798a2505-8b8f-45c0-a5b3-1d3e0952112a,1-f97bb1b0-c117-4b8d-943b-15a2cae42280,South America 5V5 Queue,5v5,1787011918
798a2505-8b8f-45c0-a5b3-1d3e0952112a,1-6a04e7d5-6c0a-487a-aff4-9929c7d5626f,South America 5V5 Queue,5v5,1787009509
798a2505-8b8f-45c0-a5b3-1d3e0952112a,1-c886ac62-f5d2-47aa-be80-8e99640dae73,South America 5V5 Queue,5v5,1786948512
798a2505-8b8f-45c0-a5b3-1d3e0952112a,1-8dfcfc6b-68a0-4c4e-a72e-221e773730da,South America 5V5 Queue,5v5,1786944830
798a2505-8b8f-45c0-a5b3-1d3e0952112a,1-c0b2b839-b717-4482-b07a-63c6c0edb9b9,South America 5V5 Queue,5v5,1786941656
798a2505-8b8f-45c0-a5b3-1d3e0952112a,1-4e0f80ac-ced6-485f-96df-5e95ca1f5dee,South America 5V5 Queue,5v5,1786939394
798a2505-8b8f-45c0-a5b3-1d3e0952112a,1-2039a10b-91cd-4a38-8a0e-c5f23f1eb114,South America 5V5 Queue,5v5,1786426080
798a2505-8b8f-45c0-a5b3-1d3e0952112a,1-7c88cffe-179b-4bbd-ace7-6b5b0df19ab0,South America 5V5 Queue,5v5,1786423394
798a2505-8b8f-45c0-a5b3-1d3e0952112a,1-65d7a85f-735b-45db-bee7-8496c2e14610,South America 5V5 Queue,5v5,1786343549
798a2505-8b8f-45c0-a5b3-1d3e0952112a,1-4a65efa9-f411-47b0-bd28-495661134806,South America 5V5 Queue,5v5,1786340960
798a2505-8b8f-45c0-a5b3-1d3e0952112a,1-c5f72922-9e1d-400d-a717-2233b122edcf,South America 5V5 Queue,5v5,1786338991
798a2505-8b8f-45c0-a5b3-1d3e0952112a,1-a3d96cdd-f729-4221-a9c1-1fffc0a371e4,S58 SA Open Central - Regular Season,5v5 League,1786055546
798a2505-8b8f-45c0-a5b3-1d3e0952112a,1-852f3dd0-6e64-44a8-9bec-d1948132552a,South America 5V5 Queue,5v5,1786003221
798a2505-8b8f-45c0-a5b3-1d3e0952112a,1-bdd5278a-9d4c-41d0-8f29-bdbfe75775dc,South America 5V5 Queue,5v5,1786000644
798a2505-8b8f-45c0-a5b3-1d3e0952112a,1-fb870804-41c5-455d-9999-a5b1eadbb8c4,South America 5V5 Queue,5v5,1785996967
798a2505-8b8f-45c0-a5b3-1d3e0952112a,1-e69d611c-fae7-48a4-9331-709169a4d6b9,South America 5V5 Queue,5v5,1785994639
798a2505-8b8f-45c0-a5b3-1d3e0952112a,1-57d0b76e-13c6-41ac-a4b6-2e4b8c792416,South America 5V5 Queue,5v5,1785986724
798a2505-8b8f-45c0-a5b3-1d3e0952112a,1-442e1693-9026-4e52-ab07-bf25f4c46581,South America 5V5 Queue,5v5,1785983715
798a2505-8b8f-45c0-a5b3-1d3e0952112a,1-3110ed7e-f68f-4f08-95cc-35a72f03292e,S58 SA Open Central - Regular Season,5v5 League,1785799941
798a2505-8b8f-45c0-a5b3-1d3e0952112a,1-90af4a1d-93a7-4f7d-926a-9c7f498351f6,S58 SA Open Central - Regular Season,5v5 League,1785283003
798a2505-8b8f-45c0-a5b3-1d3e0952112a,1-0b27f2e9-d46d-4691-b153-8f66a991c707,South America 5V5 Queue,5v5,1785211397
798a2505-8b8f-45c0-a5b3-1d3e0952112a,1-b7cd0676-edb5-45fc-b3bd-1ece9906caec,South America 5V5 Queue,5v5,1785208691
798a2505-8b8f-45c0-a5b3-1d3e0952112a,1-9e68ff3f-1dd8-40f6-97c8-2a9bdbc1d538,S58 SA Open Central - Regular Season,5v5 League,1785197198
798a2505-8b8f-45c0-a5b3-1d3e0952112a,1-6c07d607-5f2c-4119-9fe4-7860118f9fa9,S58 SA Open Central - Regular Season,5v5 League,1784849367
7559c733-22de-4006-8ba4-aab2d49a9d4a,1-70239e39-4014-47d7-bfb6-4b414544eb69,South America 5V5 Queue,5v5,1787697588
7559c733-22de-4006-8ba4-aab2d49a9d4a,1-81d23fa8-e20f-4816-a78c-526a7bc60785,South America 5V5 Queue,5v5,1787615199
7559c733-22de-4006-8ba4-aab2d49a9d4a,1-d1c35ce6-7e08-4240-89b5-96b9f13a3dd3,South America 5V5 Queue,5v5,1787611412
7559c733-22de-4006-8ba4-aab2d49a9d4a,1-b6573572-6068-41f8-bd67-4f1cb3a6f209,South America 5V5 Queue,5v5,1787609112
7559c733-22de-4006-8ba4-aab2d49a9d4a,1-b17f3f33-11e7-4df5-a198-f15cace898f9,South America 5V5 Queue,5v5,1787604526
7559c733-22de-4006-8ba4-aab2d49a9d4a,1-32e68bfa-0483-484b-8b77-5a5b342a4242,South America 5V5 Queue,5v5,1787599482
7559c733-22de-4006-8ba4-aab2d49a9d4a,1-45ff93fe-808d-434e-a1e8-ad14a7a6a7ef,South America 5V5 Queue,5v5,1787595242
7559c733-22de-4006-8ba4-aab2d49a9d4a,1-1f45214a-18d8-42d7-86dd-7e5b8635db16,South America 5V5 Queue,5v5,1787355345
7559c733-22de-4006-8ba4-aab2d49a9d4a,1-67963c99-b006-4669-97f2-75d50adc9253,South America 5V5 Queue,5v5,1787352829
7559c733-22de-4006-8ba4-aab2d49a9d4a,1-f55c1b3c-5801-410b-9aff-f7cb03009bc7,South America 5V5 Queue,5v5,1787348827
7559c733-22de-4006-8ba4-aab2d49a9d4a,1-ca6abc7b-ec8f-424b-a50f-f37fb2e0efd5,South America 5V5 Queue,5v5,1787346083
7559c733-22de-4006-8ba4-aab2d49a9d4a,1-838b832c-0f60-4674-8a95-0ca0808074bd,South America 5V5 Queue,5v5,1787343544
7559c733-22de-4006-8ba4-aab2d49a9d4a,1-8e190ca7-7c42-40f6-9319-1b3df89ab8bb,South America 5V5 Queue,5v5,1787340299
7559c733-22de-4006-8ba4-aab2d49a9d4a,1-344a4fd0-7549-4595-bfda-2191e7501438,South America 5V5 Queue,5v5,1787184139
7559c733-22de-4006-8ba4-aab2d49a9d4a,1-e40cc9e3-2076-47c0-983e-75c52f4972d3,South America 5V5 Queue,5v5,1787181985
7559c733-22de-4006-8ba4-aab2d49a9d4a,1-7223acae-ae8b-4124-bcb7-87fb5528aa72,South America 5V5 Queue,5v5,1787179927
7559c733-22de-4006-8ba4-aab2d49a9d4a,1-13a72b51-aca2-4810-b4b9-1350361f5587,South America 5V5 Queue,5v5,1787177381
7559c733-22de-4006-8ba4-aab2d49a9d4a,1-dd7d7ffb-50c6-427c-9c19-2229d310b658,South America 5V5 Queue,5v5,1787175420
7559c733-22de-4006-8ba4-aab2d49a9d4a,1-84d6b53f-4081-4b3d-ab1b-893343febad8,South America 5V5 Queue,5v5,1787172324
7559c733-22de-4006-8ba4-aab2d49a9d4a,1-28f143c5-d700-41e2-8fa1-e909d45bd137,South America 5V5 Queue,5v5,1787090175
7559c733-22de-4006-8ba4-aab2d49a9d4a,1-1140f485-0a57-457c-b867-2325ecae9726,South America 5V5 Queue,5v5,1787088421
7559c733-22de-4006-8ba4-aab2d49a9d4a,1-bccea553-f2f3-4a8e-ba84-bd2c467676aa,South America 5V5 Queue,5v5,1787084077
7559c733-22de-4006-8ba4-aab2d49a9d4a,1-1cac1287-9b1c-4f60-987f-54bf45a5e69b,South America 5V5 Queue,5v5,1786748268
7559c733-22de-4006-8ba4-aab2d49a9d4a,1-d24e50dd-bd46-4b0c-b67d-136a5ac507bc,South America 5V5 Queue,5v5,1786745743
7559c733-22de-4006-8ba4-aab2d49a9d4a,1-3598c7ff-c07f-4e88-bb52-49a081281b0b,South America 5V5 Queue,5v5,1786743271
7559c733-22de-4006-8ba4-aab2d49a9d4a,1-6fd74c6d-375b-4595-9d75-752ebbdfc1d5,South America 5V5 Queue,5v5,1786739163
7559c733-22de-4006-8ba4-aab2d49a9d4a,1-4ac5f7b7-ccaf-4752-a72c-604c18596c1a,South America 5V5 Queue,5v5,1786662510
7559c733-22de-4006-8ba4-aab2d49a9d4a,1-d94270cf-118f-4898-a4dc-2d8814c739b3,South America 5V5 Queue,5v5,1786659392
7559c733-22de-4006-8ba4-aab2d49a9d4a,1-3ba1363c-f80a-451b-aa4b-8e2285865f6a,South America 5V5 Queue,5v5,1786656910
7559c733-22de-4006-8ba4-aab2d49a9d4a,1-13d43d75-0c43-41d2-94ee-40394f285790,South America 5V5 Queue,5v5,1786654847
ed977cb8-0020-47f7-bcad-b4025eb7a259,1-55c8face-3e2a-4b03-8a6f-248992dc2e90,South America 5V5 Queue,5v5,1787685380
ed977cb8-0020-47f7-bcad-b4025eb7a259,1-b5da976c-f4da-4612-b9de-c81f832358c0,South America 5V5 Queue,5v5,1787682813
ed977cb8-0020-47f7-bcad-b4025eb7a259,1-8ed2079e-805d-4245-aa5b-10657480f734,South America 5V5 Queue,5v5,1787680330
ed977cb8-0020-47f7-bcad-b4025eb7a259,1-fcaed7c6-8642-4e95-8970-0751a09fbbae,South America 5V5 Queue,5v5,1787677218
ed977cb8-0020-47f7-bcad-b4025eb7a259,1-0f8cfc37-77b2-400b-8394-243ce2c0e4d9,South America 5V5 Queue,5v5,1787675113
ed977cb8-0020-47f7-bcad-b4025eb7a259,1-a83696ae-ad7b-4f86-9c76-83bbe9048a4d,South America 5V5 Queue,5v5,1787629415
ed977cb8-0020-47f7-bcad-b4025eb7a259,1-d22c34e1-fd90-4f62-b9d1-ead5b9a26035,South America 5V5 Queue,5v5,1787627229
ed977cb8-0020-47f7-bcad-b4025eb7a259,1-185042a9-3732-4835-ac80-2da0495389d1,South America 5V5 Queue,5v5,1787625667
ed977cb8-0020-47f7-bcad-b4025eb7a259,1-a105e4da-f34e-48a8-bc75-53dcc72f62cb,South America 5V5 Queue,5v5,1787615272
ed977cb8-0020-47f7-bcad-b4025eb7a259,1-7e3a9429-faa4-4ec5-9ab0-5e274cdaec62,South America 5V5 Queue,5v5,1787612502
ed977cb8-0020-47f7-bcad-b4025eb7a259,1-7129580d-6f67-435d-bb74-131e4d3b4249,South America 5V5 Queue,5v5,1787536903
ed977cb8-0020-47f7-bcad-b4025eb7a259,1-cc092b05-68a2-48bc-b2e2-ce67f7259f86,South America 5V5 Queue,5v5,1787532903
ed977cb8-0020-47f7-bcad-b4025eb7a259,1-97b3bb73-45c6-43e4-8089-902e5cee7377,South America 5V5 Queue,5v5,1787531275
ed977cb8-0020-47f7-bcad-b4025eb7a259,1-8d4a4a55-e2cf-443d-a6a7-4403a6a52cff,South America 5V5 Queue,5v5,1787529100
ed977cb8-0020-47f7-bcad-b4025eb7a259,1-c8949e7f-e436-4376-9f84-c5c22f579517,South America 5V5 Queue,5v5,1787526999
ed977cb8-0020-47f7-bcad-b4025eb7a259,1-c3b4d65d-7bb4-4c77-bb89-97aae0a04a22,South America 5V5 Queue,5v5,1787519494
ed977cb8-0020-47f7-bcad-b4025eb7a259,1-0bcf9520-b11a-48be-b1a0-88dc33ba2865,South America 5V5 Queue,5v5,1787517498
ed977cb8-0020-47f7-bcad-b4025eb7a259,1-af51db39-4467-4879-9ea4-275c95a9c0c9,South America 5V5 Queue,5v5,1787362566
ed977cb8-0020-47f7-bcad-b4025eb7a259,1-f69f1f0d-4ca9-4987-be0f-fb5e990fc3d4,South America 5V5 Queue,5v5,1787360654
ed977cb8-0020-47f7-bcad-b4025eb7a259,1-7e9a9f4c-1b89-464f-953c-beac4be1fa8a,South America 5V5 Queue,5v5,1787354349
ed977cb8-0020-47f7-bcad-b4025eb7a259,1-df9b643c-ff09-4047-b7b8-b0ce72359a25,South America 5V5 Queue,5v5,1787351333
ed977cb8-0020-47f7-bcad-b4025eb7a259,1-a0fe0610-9ee1-4787-bf8d-9f941c8965ab,South America 5V5 Queue,5v5,1787243262
ed977cb8-0020-47f7-bcad-b4025eb7a259,1-df6529a5-1285-4fb2-8caf-acb540382a3b,South America 5V5 Queue,5v5,1787197715
ed977cb8-0020-47f7-bcad-b4025eb7a259,1-a29a91ff-5cac-416b-b1c6-ce310f3b2cd5,South America 5V5 Queue,5v5,1787191028
ed977cb8-0020-47f7-bcad-b4025eb7a259,1-7c29065f-ff83-46c0-9e57-8bdc6b19cedb,South America 5V5 Queue,5v5,1787186335
ed977cb8-0020-47f7-bcad-b4025eb7a259,1-344a4fd0-7549-4595-bfda-2191e7501438,South America 5V5 Queue,5v5,1787184139
ed977cb8-0020-47f7-bcad-b4025eb7a259,1-0826736e-47bb-4704-b010-954018509d07,South America 5V5 Queue,5v5,1787181874
ed977cb8-0020-47f7-bcad-b4025eb7a259,1-e9a0c9f5-af99-4933-a273-d7c66ff4082d,South America 5V5 Queue,5v5,1787179700
ed977cb8-0020-47f7-bcad-b4025eb7a259,1-9c8b89d4-0d94-41d3-86a0-0938d9f59b0f,South America 5V5 Queue,5v5,1787093208
ed977cb8-0020-47f7-bcad-b4025eb7a259,1-1ddc2c87-ecf9-465c-adbb-b49c6d775e34,South America 5V5 Queue,5v5,1787090836
8df2459d-14a6-44b9-84dc-bdf0254b2269,1-83fe0570-39e5-4459-a142-ee31392b4bc1,Europe 5v5 Queue,5v5,1787692443
8df2459d-14a6-44b9-84dc-bdf0254b2269,1-45b5b8ee-798b-44d3-884f-7da7b9f90866,Europe 5v5 Queue,5v5,1787682532
8df2459d-14a6-44b9-84dc-bdf0254b2269,1-8adcbb91-35b4-448d-baeb-bba4fccb2419,Europe 5v5 Queue,5v5,1787662301
8df2459d-14a6-44b9-84dc-bdf0254b2269,1-bdd9e104-bb29-4699-8bdb-0305a353da18,Europe 5v5 Queue,5v5,1787659387
8df2459d-14a6-44b9-84dc-bdf0254b2269,1-7f096a86-12bf-4f66-8a41-1829c7920b13,Europe 5v5 Queue,5v5,1787602192
8df2459d-14a6-44b9-84dc-bdf0254b2269,1-2e69dae8-d290-4537-9719-b62bb621e2c4,Europe 5v5 Queue,5v5,1786655409
8df2459d-14a6-44b9-84dc-bdf0254b2269,1-7d459343-0a0e-46b5-a731-60a2e6d5e98b,Europe 5v5 Queue,5v5,1786653025
8df2459d-14a6-44b9-84dc-bdf0254b2269,1-afdd292b-00bd-4538-a2dd-467fbe15d166,Europe 5v5 Queue,5v5,1786571410
8df2459d-14a6-44b9-84dc-bdf0254b2269,1-d203a3e8-88e8-4ae3-90ee-d2a022c06d4c,Europe 5v5 Queue,5v5,1786546420
8df2459d-14a6-44b9-84dc-bdf0254b2269,1-1f7a1d1c-24da-498b-af48-5ba5f302cbd0,Europe 5v5 Queue,5v5,1786544076
8df2459d-14a6-44b9-84dc-bdf0254b2269,1-3238eea6-bc7f-4dbd-a070-d2d85f553c46,Europe 5v5 Queue,5v5,1786479671
8df2459d-14a6-44b9-84dc-bdf0254b2269,1-8354a208-e222-4d5a-9311-bbede72fcf67,Europe 5v5 Queue,5v5,1786467862
8df2459d-14a6-44b9-84dc-bdf0254b2269,1-c9c447ea-223f-4ad8-9482-44552be808a9,Europe 5v5 Queue,5v5,1786464491
8df2459d-14a6-44b9-84dc-bdf0254b2269,1-d2e03eb9-8cf4-4731-b58a-ae703f810bd1,Europe 5v5 Queue,5v5,1784822463
8df2459d-14a6-44b9-84dc-bdf0254b2269,1-2ba80aec-8ffe-474f-af62-2a0ab49a0a9f,Europe 5v5 Queue,5v5,1784755773
8df2459d-14a6-44b9-84dc-bdf0254b2269,1-630647b6-5b09-4b35-95bb-0bfea71297fa,Europe 5v5 Queue,5v5,1784671473
8df2459d-14a6-44b9-84dc-bdf0254b2269,1-f1c409f5-c5a0-4a92-992e-0681f41c6d1c,Europe 5v5 Queue,5v5,1784669445
8df2459d-14a6-44b9-84dc-bdf0254b2269,1-f2393f1b-951f-4573-ac35-843f27cb8455,South America 5V5 Queue,5v5,1782446197
8df2459d-14a6-44b9-84dc-bdf0254b2269,1-f79be30c-431d-4797-a6c9-73f222c9226a,South America 5V5 Queue,5v5,1782443929
8df2459d-14a6-44b9-84dc-bdf0254b2269,1-ec2048d6-efb4-448d-bd25-0de7a00e8d5d,South America 5V5 Queue,5v5,1782440857
8df2459d-14a6-44b9-84dc-bdf0254b2269,1-b9cb0aa1-2db2-42ab-866b-52ddeb9d190f,South America 5V5 Queue,5v5,1782261428
8df2459d-14a6-44b9-84dc-bdf0254b2269,1-4c2edb61-4738-417d-98e5-344b331def9f,South America 5V5 Queue,5v5,1782258638
8df2459d-14a6-44b9-84dc-bdf0254b2269,1-5867377c-3003-4dde-be14-8219a44eca77,South America 5V5 Queue,5v5,1782256002
8df2459d-14a6-44b9-84dc-bdf0254b2269,1-3316c8ab-5b16-43af-9004-aebcb4c82710,South America 5V5 Queue,5v5,1782173525
8df2459d-14a6-44b9-84dc-bdf0254b2269,1-3c45d67c-0584-4826-a449-08dd0944fb15,South America 5V5 Queue,5v5,1782170528
8df2459d-14a6-44b9-84dc-bdf0254b2269,1-f7520438-e00a-4049-9cfe-0ed842bedce7,South America 5V5 Queue,5v5,1782165143
8df2459d-14a6-44b9-84dc-bdf0254b2269,1-2b09be98-ab2b-4681-b4d5-068d3c937cf6,South America 5V5 Queue,5v5,1781829202
8df2459d-14a6-44b9-84dc-bdf0254b2269,1-eb9c9534-b3a2-48fa-b081-d2aed5393ba5,South America 5V5 Queue,5v5,1781826219
8df2459d-14a6-44b9-84dc-bdf0254b2269,1-6000ebc3-0251-4a0f-8003-bdd3dfcc4d3e,South America 5V5 Queue,5v5,1781821921
8df2459d-14a6-44b9-84dc-bdf0254b2269,1-eb93a665-ecc3-4728-8ce9-2fb0d48f1f87,South America 5V5 Queue,5v5,1781744652
4abb772a-6722-40d0-b323-703eb92efc13,1-9682510d-92db-4d77-ae9e-6f74e4a72592,South America 5V5 Queue,5v5,1787697569
4abb772a-6722-40d0-b323-703eb92efc13,1-cce2310e-b854-472f-9a81-6ef3b9afbb63,South America 5V5 Queue,5v5,1787639436
4abb772a-6722-40d0-b323-703eb92efc13,1-976c65b9-1560-45ba-b3b0-b70ede59c92c,South America 5V5 Queue,5v5,1787636925
4abb772a-6722-40d0-b323-703eb92efc13,1-3d94c737-f877-486c-982f-9c85d68b5261,South America 5V5 Queue,5v5,1787634844
4abb772a-6722-40d0-b323-703eb92efc13,1-453097b3-90ca-44cf-b69a-e828844d7316,South America 5V5 Queue,5v5,1787581786
4abb772a-6722-40d0-b323-703eb92efc13,1-a8ce09ee-59b2-4ee5-a446-37653c27ced2,South America 5V5 Queue,5v5,1787577973
4abb772a-6722-40d0-b323-703eb92efc13,1-19a6042b-57cb-4591-9922-412c073b842d,South America 5V5 Queue,5v5,1787380583
4abb772a-6722-40d0-b323-703eb92efc13,1-92a498ca-7627-4ee4-a9d7-9f07347c3fe1,South America 5V5 Queue,5v5,1787366567
4abb772a-6722-40d0-b323-703eb92efc13,1-324a290c-28d2-482f-a73e-e734d8178a94,South America 5V5 Queue,5v5,1787358195
4abb772a-6722-40d0-b323-703eb92efc13,1-022b0304-0736-4003-9900-04612b2d0a2f,South America 5V5 Queue,5v5,1787355058
4abb772a-6722-40d0-b323-703eb92efc13,1-94214e29-e76e-4af7-85c2-24fd63f094a3,South America 5V5 Queue,5v5,1787352275
4abb772a-6722-40d0-b323-703eb92efc13,1-2635ad42-1be9-4f1c-b84f-6bc66ca2a914,South America 5V5 Queue,5v5,1787297192
4abb772a-6722-40d0-b323-703eb92efc13,1-e03b1a4c-421b-4869-89e7-11e0789c5350,South America 5V5 Queue,5v5,1787294373
4abb772a-6722-40d0-b323-703eb92efc13,1-a0410b26-e126-4f3f-b31f-0f2b3c540372,South America 5V5 Queue,5v5,1787292076
4abb772a-6722-40d0-b323-703eb92efc13,1-089aa05c-88ac-4c67-9124-64ed9320dcf9,South America 5V5 Queue,5v5,1787098899
4abb772a-6722-40d0-b323-703eb92efc13,1-3cc99e37-7dc3-44aa-829f-8fefda2e6368,South America 5V5 Queue,5v5,1787096729
4abb772a-6722-40d0-b323-703eb92efc13,1-1a621cfc-f075-48e0-b6a9-15a88d5b5e22,South America 5V5 Queue,5v5,1787094265
4abb772a-6722-40d0-b323-703eb92efc13,1-25452f6c-8a66-411b-ba72-a94d1c40a1cd,South America 5V5 Queue,5v5,1787091729
4abb772a-6722-40d0-b323-703eb92efc13,1-24b80ccb-9733-4f65-b310-c7637e48caaa,South America 5V5 Queue,5v5,1786939782
4abb772a-6722-40d0-b323-703eb92efc13,1-62a32373-fa3a-4518-a9f4-97b4564ebf18,South America 5V5 Queue,5v5,1786936403
4abb772a-6722-40d0-b323-703eb92efc13,1-e990fa37-7240-4cfa-bd7c-26006567d159,South America 5V5 Queue,5v5,1786934236
4abb772a-6722-40d0-b323-703eb92efc13,1-61220bc5-6e99-4f2a-bfc1-a2f2c22f29cc,South America 5V5 Queue,5v5,1786853624
4abb772a-6722-40d0-b323-703eb92efc13,1-25ffff6c-39ca-48b5-9286-1c2cd93b8d1b,South America 5V5 Queue,5v5,1786849826
4abb772a-6722-40d0-b323-703eb92efc13,1-b5a05544-fe09-478b-aee6-1fff46d0201d,South America 5V5 Queue,5v5,1786834107
4abb772a-6722-40d0-b323-703eb92efc13,1-fdd1d9a8-b0c7-4fd4-abf7-0af239d7fc58,South America 5V5 Queue,5v5,1786831656
4abb772a-6722-40d0-b323-703eb92efc13,1-8e04ebf7-bd15-4701-a962-86e43e412dcf,South America 5V5 Queue,5v5,1786829469
4abb772a-6722-40d0-b323-703eb92efc13,1-c601936a-30e9-49a5-8bc5-e9e713425752,South America 5V5 Queue,5v5,1786826911
4abb772a-6722-40d0-b323-703eb92efc13,1-06ed59af-256b-42d4-8917-b0e39697fcfc,South America 5V5 Queue,5v5,1786743191
4abb772a-6722-40d0-b323-703eb92efc13,1-7e86aa4b-e9af-40e5-b8d2-435add38b23b,South America 5V5 Queue,5v5,1786740706
4abb772a-6722-40d0-b323-703eb92efc13,1-8ba17bfd-c0de-43bb-a2bd-6a77d1b3fbcb,South America 5V5 Queue,5v5,1786674941
86c3887b-322a-4a00-b6e8-4bb639aab809,1-af59056d-8b7c-4c2d-b091-2cb914b6151a,South America 5V5 Queue,5v5,1787689402
86c3887b-322a-4a00-b6e8-4bb639aab809,1-1d871079-4d27-453b-b08c-d77ba9fdf706,South America 5V5 Queue,5v5,1787685677
86c3887b-322a-4a00-b6e8-4bb639aab809,1-05bf363b-5a14-4438-bbe0-69958e7e1329,South America 5V5 Queue,5v5,1787681463
86c3887b-322a-4a00-b6e8-4bb639aab809,1-d39b2b96-ddb0-4ee2-945d-34f1030c09ee,South America 5V5 Queue,5v5,1786830854
86c3887b-322a-4a00-b6e8-4bb639aab809,1-37ad1518-31b2-43f8-b075-511f643f1535,CCT 2026 South America 5 - Open Qualifier,5v5,1786816545
86c3887b-322a-4a00-b6e8-4bb639aab809,1-dd32de62-2041-417b-9087-1e50bb576ac4,South America 5V5 Queue,5v5,1786739496
86c3887b-322a-4a00-b6e8-4bb639aab809,1-7f8a6610-8c2f-4e1d-b8b0-5cb13a240f4b,South America 5V5 Queue,5v5,1786509065
86c3887b-322a-4a00-b6e8-4bb639aab809,1-2a6cd88e-5351-4102-ab23-bc7bdcd7728f,South America 5V5 Queue,5v5,1786505578
86c3887b-322a-4a00-b6e8-4bb639aab809,1-9a046b28-70b7-44ad-bd01-a97f11904c6c,South America 5V5 Queue,5v5,1786501056
86c3887b-322a-4a00-b6e8-4bb639aab809,1-134f3212-8e65-45fc-a431-9259ed0c9180,South America 5V5 Queue,5v5,1786499011
86c3887b-322a-4a00-b6e8-4bb639aab809,1-9c16510e-413e-4256-bd76-e9d895850341,South America 5V5 Queue,5v5,1786494605
86c3887b-322a-4a00-b6e8-4bb639aab809,1-3b9c45ba-ae03-4b3d-802b-161efe5d2124,South America 5V5 Queue,5v5,1786471534
86c3887b-322a-4a00-b6e8-4bb639aab809,1-03ff67da-9e24-4e44-bf33-9aefd5bb66e0,South America 5V5 Queue,5v5,1786469193
86c3887b-322a-4a00-b6e8-4bb639aab809,1-a8d4258c-0587-4e0c-b121-b43e5e56fa3e,South America 5V5 Queue,5v5,1786396402
86c3887b-322a-4a00-b6e8-4bb639aab809,1-24156364-e483-48e0-b360-f384fe2ad064,South America 5V5 Queue,5v5,1786393105
86c3887b-322a-4a00-b6e8-4bb639aab809,1-7cbb7dbe-2eaa-416e-af50-8d6b3d766c03,South America 5V5 Queue,5v5,1786390786
86c3887b-322a-4a00-b6e8-4bb639aab809,1-df92c448-a84c-453d-b91d-3d84c8939119,South America 5V5 Queue,5v5,1786385722
86c3887b-322a-4a00-b6e8-4bb639aab809,1-1d138f15-0a4c-4b3e-84d7-5cad42b9c62b,South America 5V5 Queue,5v5,1785353917
86c3887b-322a-4a00-b6e8-4bb639aab809,1-3e1eb9c3-9e08-4e1c-bc22-048b2724d07c,South America 5V5 Queue,5v5,1785350057
86c3887b-322a-4a00-b6e8-4bb639aab809,1-30a9cf64-de37-465f-b87f-cd5bc0ec688a,South America 5V5 Queue,5v5,1785272199
86c3887b-322a-4a00-b6e8-4bb639aab809,1-3d0ca448-5173-451f-83af-00c2836b8632,South America 5V5 Queue,5v5,1785215441
86c3887b-322a-4a00-b6e8-4bb639aab809,1-a63b1bcb-3be6-43ee-a25f-f649376b0b11,South America 5V5 Queue,5v5,1785212719
86c3887b-322a-4a00-b6e8-4bb639aab809,1-7a854d79-0b89-43e9-8e99-9155a9a39f35,South America 5V5 Queue,5v5,1785208372
86c3887b-322a-4a00-b6e8-4bb639aab809,1-47ec9fad-ded7-458d-b966-e194b616de1b,South America 5V5 Queue,5v5,1785204725
86c3887b-322a-4a00-b6e8-4bb639aab809,1-cf837c78-cd3a-482b-97b8-95b6449f39d3,South America 5V5 Queue,5v5,1785196229
86c3887b-322a-4a00-b6e8-4bb639aab809,1-12532f20-4041-44ee-aa71-1f00c2898085,South America 5V5 Queue,5v5,1785190920
86c3887b-322a-4a00-b6e8-4bb639aab809,1-79d5ad20-95ab-4b82-838d-b7dc622c4b4b,South America 5V5 Queue,5v5,1785185658
86c3887b-322a-4a00-b6e8-4bb639aab809,1-948d3012-aa57-4808-bb39-8d2e5a2a675b,South America 5V5 Queue,5v5,1785182498
86c3887b-322a-4a00-b6e8-4bb639aab809,1-b05d922e-36da-4f69-908b-abb09814364a,South America 5V5 Queue,5v5,1785180636
86c3887b-322a-4a00-b6e8-4bb639aab809,1-ef5f7be9-d6b9-4534-b564-2c1827dce9ca,South America 5V5 Queue,5v5,1785134266
358fd901-ea31-4f54-bc9a-52fb297e8fb4,1-332249ec-cf88-490c-8bb2-13fc3a3708b8,South America 5V5 Queue,5v5,1787644909
358fd901-ea31-4f54-bc9a-52fb297e8fb4,1-f376988d-dcde-4c32-a7ca-3985942d6f39,South America 5V5 Queue,5v5,1787640424
358fd901-ea31-4f54-bc9a-52fb297e8fb4,1-17429aff-623a-4906-a42a-47ba12456d3b,South America 5V5 Queue,5v5,1787637887
358fd901-ea31-4f54-bc9a-52fb297e8fb4,1-18d4aa3a-2e73-4a90-9854-2ec84a976b81,South America 5V5 Queue,5v5,1787635131
358fd901-ea31-4f54-bc9a-52fb297e8fb4,1-22ec5b93-ab93-4961-8cd0-826e0249467d,South America 5V5 Queue,5v5,1787631795
358fd901-ea31-4f54-bc9a-52fb297e8fb4,1-3162ba14-69f4-43f4-9daa-0237a69997fc,South America 5V5 Queue,5v5,1787628691
358fd901-ea31-4f54-bc9a-52fb297e8fb4,1-f205825c-82eb-4709-868e-d82ddf5c4a25,South America 5V5 Queue,5v5,1787626553
358fd901-ea31-4f54-bc9a-52fb297e8fb4,1-6f49e966-6d68-455a-96bb-b7becc1ad4a8,South America 5V5 Queue,5v5,1787556126
358fd901-ea31-4f54-bc9a-52fb297e8fb4,1-31854f34-ed4b-4c24-9d14-40900516dce8,South America 5V5 Queue,5v5,1787554033
358fd901-ea31-4f54-bc9a-52fb297e8fb4,1-f3294023-5953-42a6-b185-cd907ccabec4,South America 5V5 Queue,5v5,1787552061
358fd901-ea31-4f54-bc9a-52fb297e8fb4,1-4667f910-eb8a-4266-a545-054bb05e86a4,South America 5V5 Queue,5v5,1787548790
358fd901-ea31-4f54-bc9a-52fb297e8fb4,1-fada9975-32cc-46f2-9d6f-98a8ca9fd640,South America 5V5 Queue,5v5,1787545971
358fd901-ea31-4f54-bc9a-52fb297e8fb4,1-01168cf9-861d-4755-bb24-05314778b0bc,South America 5V5 Queue,5v5,1787542720
358fd901-ea31-4f54-bc9a-52fb297e8fb4,1-927cfab2-40b9-4046-b098-defef06b309c,South America 5V5 Queue,5v5,1787539649
358fd901-ea31-4f54-bc9a-52fb297e8fb4,1-8111601f-5994-42c9-982f-5f10e02473a7,South America 5V5 Queue,5v5,1787469765
358fd901-ea31-4f54-bc9a-52fb297e8fb4,1-16f2449c-9e90-44b8-a810-e168a9bf3f0a,South America 5V5 Queue,5v5,1787466762
358fd901-ea31-4f54-bc9a-52fb297e8fb4,1-0c857050-ce93-4a52-8f36-bc313b9b681c,South America 5V5 Queue,5v5,1787464361
358fd901-ea31-4f54-bc9a-52fb297e8fb4,1-9154dcf8-e5aa-47e1-8bbb-a0d4496a7d10,South America 5V5 Queue,5v5,1787461751
358fd901-ea31-4f54-bc9a-52fb297e8fb4,1-af8219e1-b75b-43d6-b758-45800a34228c,South America 5V5 Queue,5v5,1787458722
358fd901-ea31-4f54-bc9a-52fb297e8fb4,1-388a23e5-4cd0-40c5-bc43-9ac270806d0d,South America 5V5 Queue,5v5,1787455024
358fd901-ea31-4f54-bc9a-52fb297e8fb4,1-6ee82e52-acc1-49c1-946e-ed3507203e4f,South America 5V5 Queue,5v5,1787452460
358fd901-ea31-4f54-bc9a-52fb297e8fb4,1-607083f2-bf93-41f6-8c4d-b8bb29a26f76,South America 5V5 Queue,5v5,1787384449
358fd901-ea31-4f54-bc9a-52fb297e8fb4,1-53b95991-7aa9-4b40-8690-da619659a736,South America 5V5 Queue,5v5,1787381359
358fd901-ea31-4f54-bc9a-52fb297e8fb4,1-1398d0f3-3378-41a7-a64e-18277af69694,South America 5V5 Queue,5v5,1787378521
358fd901-ea31-4f54-bc9a-52fb297e8fb4,1-87ffaea1-0081-49ee-b0d0-07516fb3ffb5,South America 5V5 Queue,5v5,1787375355
358fd901-ea31-4f54-bc9a-52fb297e8fb4,1-46f30ebe-dcfd-4205-93ae-7cf8dd716b63,South America 5V5 Queue,5v5,1787372438
358fd901-ea31-4f54-bc9a-52fb297e8fb4,1-6b132c02-ad21-482e-b6c7-014aca1a4e18,South America 5V5 Queue,5v5,1787293499
358fd901-ea31-4f54-bc9a-52fb297e8fb4,1-a622249a-3fb6-4c4e-a68c-41902b27c735,South America 5V5 Queue,5v5,1787290766
358fd901-ea31-4f54-bc9a-52fb297e8fb4,1-b4cc20cb-6034-473a-bdae-2e6126b09aed,South America 5V5 Queue,5v5,1787288702
358fd901-ea31-4f54-bc9a-52fb297e8fb4,1-c5173cbe-6481-4ab2-abdf-6ed27cd81e75,South America 5V5 Queue,5v5,1787285056
b46c5e6d-3858-4ca7-9e2b-6dd418608d61,1-cfb57d73-82ee-436b-ab30-a78469ce0bf1,South America 5V5 Queue,5v5,1787695870
b46c5e6d-3858-4ca7-9e2b-6dd418608d61,1-cdeada34-8967-4c53-bf60-41e6a705da0b,South America 5V5 Queue,5v5,1787626562
b46c5e6d-3858-4ca7-9e2b-6dd418608d61,1-65c3d14e-7609-4d92-8346-1aa637c8f90d,South America 5V5 Queue,5v5,1787622745
b46c5e6d-3858-4ca7-9e2b-6dd418608d61,1-a105e4da-f34e-48a8-bc75-53dcc72f62cb,South America 5V5 Queue,5v5,1787615272
b46c5e6d-3858-4ca7-9e2b-6dd418608d61,1-57c51925-637a-4417-b668-1ada903f03bf,South America 5V5 Queue,5v5,1787459008
b46c5e6d-3858-4ca7-9e2b-6dd418608d61,1-d2c1cc30-b1b9-4647-95cb-f6fb40ff0a21,South America 5V5 Queue,5v5,1787456201
b46c5e6d-3858-4ca7-9e2b-6dd418608d61,1-f9541bfc-95c2-4f38-863e-6fa9f9f25403,South America 5V5 Queue,5v5,1787453119
b46c5e6d-3858-4ca7-9e2b-6dd418608d61,1-6e0a7f5b-1a31-47f2-8b81-a8b0a30b9ce3,South America 5V5 Queue,5v5,1787384693
b46c5e6d-3858-4ca7-9e2b-6dd418608d61,1-07fbea90-0d61-4fd1-8759-cbc055194a90,South America 5V5 Queue,5v5,1787379976
b46c5e6d-3858-4ca7-9e2b-6dd418608d61,1-87ffaea1-0081-49ee-b0d0-07516fb3ffb5,South America 5V5 Queue,5v5,1787375355
b46c5e6d-3858-4ca7-9e2b-6dd418608d61,1-46f30ebe-dcfd-4205-93ae-7cf8dd716b63,South America 5V5 Queue,5v5,1787372438
b46c5e6d-3858-4ca7-9e2b-6dd418608d61,1-dc56bfa1-dd82-4e56-8b5d-119766494628,South America 5V5 Queue,5v5,1787369790
b46c5e6d-3858-4ca7-9e2b-6dd418608d61,1-f77f13c7-3e92-46b4-80b2-bdcfb290a32a,South America 5V5 Queue,5v5,1787282810
b46c5e6d-3858-4ca7-9e2b-6dd418608d61,1-e1b57c03-0e71-48e1-9125-d2c1493906c9,South America 5V5 Queue,5v5,1787278429
b46c5e6d-3858-4ca7-9e2b-6dd418608d61,1-5c916ff2-ea66-4816-be73-53a39d601cd1,South America 5V5 Queue,5v5,1787275909
b46c5e6d-3858-4ca7-9e2b-6dd418608d61,1-62ad50e2-1b2e-4fe6-8ce0-f215b96e3bf1,South America 5V5 Queue,5v5,1787273297
b46c5e6d-3858-4ca7-9e2b-6dd418608d61,1-f7ab42d6-28a2-47e4-b1f8-692dac65094e,South America 5V5 Queue,5v5,1787270646
b46c5e6d-3858-4ca7-9e2b-6dd418608d61,1-c1546150-c79b-455d-bdf0-5b35a8e05b86,South America 5V5 Queue,5v5,1787269041
b46c5e6d-3858-4ca7-9e2b-6dd418608d61,1-a16bc3d9-365b-477c-bdd9-e5f9756809a2,South America 5V5 Queue,5v5,1787192550
b46c5e6d-3858-4ca7-9e2b-6dd418608d61,1-259977b2-e414-486e-8721-599575a6129f,South America 5V5 Queue,5v5,1787190343
b46c5e6d-3858-4ca7-9e2b-6dd418608d61,1-705b8e89-11e6-417b-9fe5-c992480ad439,South America 5V5 Queue,5v5,1787187902
b46c5e6d-3858-4ca7-9e2b-6dd418608d61,1-344a4fd0-7549-4595-bfda-2191e7501438,South America 5V5 Queue,5v5,1787184139
b46c5e6d-3858-4ca7-9e2b-6dd418608d61,1-0826736e-47bb-4704-b010-954018509d07,South America 5V5 Queue,5v5,1787181874
b46c5e6d-3858-4ca7-9e2b-6dd418608d61,1-e9a0c9f5-af99-4933-a273-d7c66ff4082d,South America 5V5 Queue,5v5,1787179700
b46c5e6d-3858-4ca7-9e2b-6dd418608d61,1-ae3ca201-1c97-40ed-96fd-a8781693746b,South America 5V5 Queue,5v5,1787114569
b46c5e6d-3858-4ca7-9e2b-6dd418608d61,1-79b7ba9d-7b27-4022-8e20-2c51c074468e,South America 5V5 Queue,5v5,1787109975
b46c5e6d-3858-4ca7-9e2b-6dd418608d61,1-7ee5a902-8f67-494b-b69d-dad44e4a6a5a,South America 5V5 Queue,5v5,1787107253
b46c5e6d-3858-4ca7-9e2b-6dd418608d61,1-0ac7dbaf-dd51-4979-b819-8e0146145125,South America 5V5 Queue,5v5,1787104811
b46c5e6d-3858-4ca7-9e2b-6dd418608d61,1-434cbaa9-bd40-4db8-9c3f-5b9886f294d8,South America 5V5 Queue,5v5,1787100723
b46c5e6d-3858-4ca7-9e2b-6dd418608d61,1-dd489de0-dc65-43d6-bae3-2c5c2f1927fe,South America 5V5 Queue,5v5,1787098575
afe79fcf-6fd0-4abd-95a3-06850c8120c0,1-8cae37b0-0c4e-4851-8a55-86ce2532689c,South America 5V5 Queue,5v5,1787633228
afe79fcf-6fd0-4abd-95a3-06850c8120c0,1-4bdecb69-1047-4031-b23d-3c8c8ffb78ba,South America 5V5 Queue,5v5,1787631073
afe79fcf-6fd0-4abd-95a3-06850c8120c0,1-cdeada34-8967-4c53-bf60-41e6a705da0b,South America 5V5 Queue,5v5,1787626562
afe79fcf-6fd0-4abd-95a3-06850c8120c0,1-a373568e-447d-49fa-a821-738404c23e3f,South America 5V5 Queue,5v5,1787519235
afe79fcf-6fd0-4abd-95a3-06850c8120c0,1-740f762e-5d4d-4daa-b30b-33976834f65f,South America 5V5 Queue,5v5,1787339060
afe79fcf-6fd0-4abd-95a3-06850c8120c0,1-916fac62-4118-4fde-9d5a-2a1a229cbf77,South America 5V5 Queue,5v5,1787336603
afe79fcf-6fd0-4abd-95a3-06850c8120c0,1-b2935bc9-5800-4ac7-bbc1-59865d0b8e8b,South America 5V5 Queue,5v5,1787334016
afe79fcf-6fd0-4abd-95a3-06850c8120c0,1-8670e3bc-f82a-41ea-90ac-a9c64c4c847b,South America 5V5 Queue,5v5,1787120451
afe79fcf-6fd0-4abd-95a3-06850c8120c0,1-4be521c8-c4e2-4705-8385-9db18cbb9976,South America 5V5 Queue,5v5,1787116859
afe79fcf-6fd0-4abd-95a3-06850c8120c0,1-a941ed75-7a15-4441-9ffc-87bd7fe8d958,South America 5V5 Queue,5v5,1787114093
afe79fcf-6fd0-4abd-95a3-06850c8120c0,1-e88e3a63-7777-41c8-b6a2-265e413e2e92,South America 5V5 Queue,5v5,1787111938
afe79fcf-6fd0-4abd-95a3-06850c8120c0,1-f702d5ca-c6e9-4cd6-9b1a-1cb157426d44,South America 5V5 Queue,5v5,1787108752
afe79fcf-6fd0-4abd-95a3-06850c8120c0,1-9c8b89d4-0d94-41d3-86a0-0938d9f59b0f,South America 5V5 Queue,5v5,1787093208
afe79fcf-6fd0-4abd-95a3-06850c8120c0,1-1ddc2c87-ecf9-465c-adbb-b49c6d775e34,South America 5V5 Queue,5v5,1787090836
afe79fcf-6fd0-4abd-95a3-06850c8120c0,1-761dff4a-5105-47ba-a0e6-4e7a1fcd3285,South America 5V5 Queue,5v5,1787087676
afe79fcf-6fd0-4abd-95a3-06850c8120c0,1-7f0dd5e7-5507-432c-9705-40a051ba60fb,South America 5V5 Queue,5v5,1787028590
afe79fcf-6fd0-4abd-95a3-06850c8120c0,1-61feb972-66c3-4a73-b927-787c4c7ffd04,South America 5V5 Queue,5v5,1787026226
afe79fcf-6fd0-4abd-95a3-06850c8120c0,1-3b658d4d-0915-4ffb-8f1c-37287682952c,South America 5V5 Queue,5v5,1787014345
afe79fcf-6fd0-4abd-95a3-06850c8120c0,1-4bbf264c-3d37-4387-8b32-12cefcbba531,South America 5V5 Queue,5v5,1787001390
afe79fcf-6fd0-4abd-95a3-06850c8120c0,1-45053ecc-6c3e-480f-8313-b56def51d803,South America 5V5 Queue,5v5,1786999335
afe79fcf-6fd0-4abd-95a3-06850c8120c0,1-1ca692c5-a72c-4867-bb74-a4ae6c6ea5d7,South America 5V5 Queue,5v5,1786997230
afe79fcf-6fd0-4abd-95a3-06850c8120c0,1-75e367fe-9067-4963-9b94-1179111912db,South America 5V5 Queue,5v5,1786995349
afe79fcf-6fd0-4abd-95a3-06850c8120c0,1-f1ab5f2c-626b-46ce-af38-67f98a05d659,South America 5V5 Queue,5v5,1786992778
afe79fcf-6fd0-4abd-95a3-06850c8120c0,1-16dca681-3c8d-4b97-8b50-10b819583054,South America 5V5 Queue,5v5,1786990469
afe79fcf-6fd0-4abd-95a3-06850c8120c0,1-efb22c26-dcda-4e40-9a71-0987a578ce59,South America 5V5 Queue,5v5,1786987921
afe79fcf-6fd0-4abd-95a3-06850c8120c0,1-ce04b5fd-349d-4dab-95cf-144fff978a33,South America 5V5 Queue,5v5,1786946014
afe79fcf-6fd0-4abd-95a3-06850c8120c0,1-17fced9d-87b1-418d-b224-18e321a3cfe2,South America 5V5 Queue,5v5,1786941436
afe79fcf-6fd0-4abd-95a3-06850c8120c0,1-1567faf2-d648-4385-9d7f-26d06ea18faf,South America 5V5 Queue,5v5,1786938481
afe79fcf-6fd0-4abd-95a3-06850c8120c0,1-d5e25f2a-f98f-46c2-8824-8d227923dbf5,South America 5V5 Queue,5v5,1786933119
afe79fcf-6fd0-4abd-95a3-06850c8120c0,1-f8d2db5d-6a61-4f7c-97fc-06f29790c062,South America 5V5 Queue,5v5,1786927426
544b4f6d-02cf-4f71-a38a-3e40ee91f3c9,1-89064256-a9e7-4d6a-8428-2911e2fee5cc,South America 5V5 Queue,5v5,1787681337
544b4f6d-02cf-4f71-a38a-3e40ee91f3c9,1-4a7e6872-fd79-49ef-a62a-f9bfccd51a5a,South America 5V5 Queue,5v5,1787679407
544b4f6d-02cf-4f71-a38a-3e40ee91f3c9,1-3ba010b7-eae5-416b-93b2-2755e73ce0e8,South America 5V5 Queue,5v5,1787677134
544b4f6d-02cf-4f71-a38a-3e40ee91f3c9,1-89c4cf95-07e6-4d64-98a7-2992a3961fbe,South America 5V5 Queue,5v5,1787674597
544b4f6d-02cf-4f71-a38a-3e40ee91f3c9,1-cc2bcf14-e4db-4162-af51-27de4d6c9985,South America 5V5 Queue,5v5,1787670153
544b4f6d-02cf-4f71-a38a-3e40ee91f3c9,1-27f09e3d-f490-464d-b45a-36d8266410e8,South America 5V5 Queue,5v5,1787632947
544b4f6d-02cf-4f71-a38a-3e40ee91f3c9,1-3162ba14-69f4-43f4-9daa-0237a69997fc,South America 5V5 Queue,5v5,1787628691
544b4f6d-02cf-4f71-a38a-3e40ee91f3c9,1-d22c34e1-fd90-4f62-b9d1-ead5b9a26035,South America 5V5 Queue,5v5,1787627229
544b4f6d-02cf-4f71-a38a-3e40ee91f3c9,1-185042a9-3732-4835-ac80-2da0495389d1,South America 5V5 Queue,5v5,1787625667
544b4f6d-02cf-4f71-a38a-3e40ee91f3c9,1-39e5f8eb-eaa1-440d-a63d-37469aca8d20,South America 5V5 Queue,5v5,1787622642
544b4f6d-02cf-4f71-a38a-3e40ee91f3c9,1-e4f91f2c-8f4b-4b50-90dc-d8b060555bfa,South America 5V5 Queue,5v5,1787243160
544b4f6d-02cf-4f71-a38a-3e40ee91f3c9,1-7bb4d960-ba31-4ebc-98f2-39e007123c23,South America 5V5 Queue,5v5,1787156353
544b4f6d-02cf-4f71-a38a-3e40ee91f3c9,1-79b7ba9d-7b27-4022-8e20-2c51c074468e,South America 5V5 Queue,5v5,1787109975
544b4f6d-02cf-4f71-a38a-3e40ee91f3c9,1-7ee5a902-8f67-494b-b69d-dad44e4a6a5a,South America 5V5 Queue,5v5,1787107253
544b4f6d-02cf-4f71-a38a-3e40ee91f3c9,1-4c6ae4b8-2ab0-4156-86bb-76f7d51b6688,South America 5V5 Queue,5v5,1787104023
544b4f6d-02cf-4f71-a38a-3e40ee91f3c9,1-9c8b89d4-0d94-41d3-86a0-0938d9f59b0f,South America 5V5 Queue,5v5,1787093208
544b4f6d-02cf-4f71-a38a-3e40ee91f3c9,1-260f4358-1d53-4437-8a22-76fe92eef034,South America 5V5 Queue,5v5,1787032362
544b4f6d-02cf-4f71-a38a-3e40ee91f3c9,1-b4fa51c9-ac3c-4d0d-a628-f899c48a0911,South America 5V5 Queue,5v5,1787028412
544b4f6d-02cf-4f71-a38a-3e40ee91f3c9,1-ef309141-a7b7-4dd9-a5f6-ea36b0298283,South America 5V5 Queue,5v5,1787025561
544b4f6d-02cf-4f71-a38a-3e40ee91f3c9,1-eed07f99-b1f3-4829-86c5-90d9dffc1c6b,South America 5V5 Queue,5v5,1787023347
544b4f6d-02cf-4f71-a38a-3e40ee91f3c9,1-67944365-6d63-49cf-99e9-7ecd8b249cf1,South America 5V5 Queue,5v5,1787020367
544b4f6d-02cf-4f71-a38a-3e40ee91f3c9,1-7de1ba02-5900-4a2b-8e76-7437e75b9b18,South America 5V5 Queue,5v5,1786895414
544b4f6d-02cf-4f71-a38a-3e40ee91f3c9,1-d19cb992-2196-4aca-b3cf-c9511244a37f,South America 5V5 Queue,5v5,1786746810
544b4f6d-02cf-4f71-a38a-3e40ee91f3c9,1-4f024149-853f-4f3d-bbfe-801feccbdb92,South America 5V5 Queue,5v5,1786641801
544b4f6d-02cf-4f71-a38a-3e40ee91f3c9,1-21c460a5-c917-4db0-b94c-7227ef65787d,South America 5V5 Queue,5v5,1786584430
544b4f6d-02cf-4f71-a38a-3e40ee91f3c9,1-ed8f9ee1-e650-4013-9788-e1b758e01c13,South America 5V5 Queue,5v5,1786581755
544b4f6d-02cf-4f71-a38a-3e40ee91f3c9,1-6d8f9292-faab-4d76-ab6e-b39fb518ef10,South America 5V5 Queue,5v5,1786579390
544b4f6d-02cf-4f71-a38a-3e40ee91f3c9,1-bd094966-70fd-4101-8417-dee426d763f4,South America 5V5 Queue,5v5,1786402651
544b4f6d-02cf-4f71-a38a-3e40ee91f3c9,1-f20c738d-b15c-4a74-8934-ed46573e5cac,Betboom Storm 4 - paiN Academy vs Keyd Stars,5v5,1786399027
544b4f6d-02cf-4f71-a38a-3e40ee91f3c9,1-a93a8e78-7f19-4aab-a1a8-37352795cee2,South America 5V5 Queue,5v5,1786383167
db441e23-1acd-4bfc-b3b1-76ec80d9bd02,1-613c74c6-c8cb-4d70-a4bf-f7f304666e52,SA ECL S52 Cup 1,5v5,1787697674
db441e23-1acd-4bfc-b3b1-76ec80d9bd02,1-14a9b64b-a8ac-421a-9bc1-369d43080244,South America 5V5 Queue,5v5,1787689610
db441e23-1acd-4bfc-b3b1-76ec80d9bd02,1-4f381628-15c0-4abd-8705-f676ab7cb117,South America 5V5 Queue,5v5,1787686679
db441e23-1acd-4bfc-b3b1-76ec80d9bd02,1-d44bdf0f-9555-43da-814e-46edbd71abec,South America 5V5 Queue,5v5,1787641727
db441e23-1acd-4bfc-b3b1-76ec80d9bd02,1-7fe334f8-18f2-4df8-92de-186998416f8b,South America 5V5 Queue,5v5,1787638724
db441e23-1acd-4bfc-b3b1-76ec80d9bd02,1-408fac9e-6de8-45d3-97ca-fb70a882ff25,South America 5V5 Queue,5v5,1787637260
db441e23-1acd-4bfc-b3b1-76ec80d9bd02,1-8cae37b0-0c4e-4851-8a55-86ce2532689c,South America 5V5 Queue,5v5,1787633228
db441e23-1acd-4bfc-b3b1-76ec80d9bd02,1-7d7edf2e-325a-412f-b552-e956707c8c87,South America 5V5 Queue,5v5,1787631000
db441e23-1acd-4bfc-b3b1-76ec80d9bd02,1-25d409bb-a423-4677-9bea-51c4680730da,South America 5V5 Queue,5v5,1787465669
db441e23-1acd-4bfc-b3b1-76ec80d9bd02,1-27490c07-78ea-4756-8e2b-f65bc1d86eb3,South America 5V5 Queue,5v5,1787447101
db441e23-1acd-4bfc-b3b1-76ec80d9bd02,1-6cbb35df-3769-428e-bbb4-de42f9b5e607,South America 5V5 Queue,5v5,1787444898
db441e23-1acd-4bfc-b3b1-76ec80d9bd02,1-dc56bfa1-dd82-4e56-8b5d-119766494628,South America 5V5 Queue,5v5,1787369790
db441e23-1acd-4bfc-b3b1-76ec80d9bd02,1-46c0ca9c-ca21-471f-a11c-4cb52e4aa749,South America 5V5 Queue,5v5,1787366601
db441e23-1acd-4bfc-b3b1-76ec80d9bd02,1-af51db39-4467-4879-9ea4-275c95a9c0c9,South America 5V5 Queue,5v5,1787362566
db441e23-1acd-4bfc-b3b1-76ec80d9bd02,1-f69f1f0d-4ca9-4987-be0f-fb5e990fc3d4,South America 5V5 Queue,5v5,1787360654
db441e23-1acd-4bfc-b3b1-76ec80d9bd02,1-7e9a9f4c-1b89-464f-953c-beac4be1fa8a,South America 5V5 Queue,5v5,1787354349
db441e23-1acd-4bfc-b3b1-76ec80d9bd02,1-740f762e-5d4d-4daa-b30b-33976834f65f,South America 5V5 Queue,5v5,1787339060
db441e23-1acd-4bfc-b3b1-76ec80d9bd02,1-916fac62-4118-4fde-9d5a-2a1a229cbf77,South America 5V5 Queue,5v5,1787336603
db441e23-1acd-4bfc-b3b1-76ec80d9bd02,1-b2935bc9-5800-4ac7-bbc1-59865d0b8e8b,South America 5V5 Queue,5v5,1787334016
db441e23-1acd-4bfc-b3b1-76ec80d9bd02,1-784a3449-222b-4422-aa6f-f786d2a863bc,South America 5V5 Queue,5v5,1787292668
db441e23-1acd-4bfc-b3b1-76ec80d9bd02,1-a622249a-3fb6-4c4e-a68c-41902b27c735,South America 5V5 Queue,5v5,1787290766
db441e23-1acd-4bfc-b3b1-76ec80d9bd02,1-9ea67c4b-0776-428f-8ccb-d0c2a770ff1d,South America 5V5 Queue,5v5,1787288506
db441e23-1acd-4bfc-b3b1-76ec80d9bd02,1-7f4acd60-9738-4380-91f2-d3f905b0a8c5,South America 5V5 Queue,5v5,1787284898
db441e23-1acd-4bfc-b3b1-76ec80d9bd02,1-2f84ab79-7c21-4f53-96a7-f2abf3507d26,South America 5V5 Queue,5v5,1787280800
db441e23-1acd-4bfc-b3b1-76ec80d9bd02,1-2e206fe2-a191-4d22-9c76-00bc4a60a319,South America 5V5 Queue,5v5,1787204193
db441e23-1acd-4bfc-b3b1-76ec80d9bd02,1-33d2495e-fe30-4a67-b32e-c3add2631202,South America 5V5 Queue,5v5,1787200047
db441e23-1acd-4bfc-b3b1-76ec80d9bd02,1-061cf292-13d0-411e-ac91-6350aec65986,South America 5V5 Queue,5v5,1787197994
db441e23-1acd-4bfc-b3b1-76ec80d9bd02,1-5f9ea50a-d889-4460-aa95-25d520b8dbf6,South America 5V5 Queue,5v5,1787194525
db441e23-1acd-4bfc-b3b1-76ec80d9bd02,1-cbad5529-cf7e-4038-82b8-f8287281d860,South America 5V5 Queue,5v5,1787190645
db441e23-1acd-4bfc-b3b1-76ec80d9bd02,1-d277f6c8-81fc-4cb2-a3c6-1a6c10eb77e0,South America 5V5 Queue,5v5,1787114018
45a216c4-0a48-4475-9e16-4548a1ab8a63,1-89c4cf95-07e6-4d64-98a7-2992a3961fbe,South America 5V5 Queue,5v5,1787674597
45a216c4-0a48-4475-9e16-4548a1ab8a63,1-43c6546b-6f0a-42d5-abed-624f0fce5f33,South America 5V5 Queue,5v5,1787621325
45a216c4-0a48-4475-9e16-4548a1ab8a63,1-6dc3a0ed-e0e6-48ea-b4f8-7325f74a3325,South America 5V5 Queue,5v5,1787538649
45a216c4-0a48-4475-9e16-4548a1ab8a63,1-9585d2f9-8bfe-43e6-9742-d2ce60b5f631,South America 5V5 Queue,5v5,1787272097
45a216c4-0a48-4475-9e16-4548a1ab8a63,1-bcf076c7-41db-4c01-a49d-319490883207,South America 5V5 Queue,5v5,1787105604
45a216c4-0a48-4475-9e16-4548a1ab8a63,1-43d293ef-285c-4d6c-8c52-f1d54876a12b,South America 5V5 Queue,5v5,1787094446
45a216c4-0a48-4475-9e16-4548a1ab8a63,1-a2177c23-46c9-4ebe-be56-aea24daa8a91,South America 5V5 Queue,5v5,1787090380
45a216c4-0a48-4475-9e16-4548a1ab8a63,1-61feb972-66c3-4a73-b927-787c4c7ffd04,South America 5V5 Queue,5v5,1787026226
45a216c4-0a48-4475-9e16-4548a1ab8a63,1-35d7c507-edf0-49f1-8714-eec34c411f4a,South America 5V5 Queue,5v5,1787017466
45a216c4-0a48-4475-9e16-4548a1ab8a63,1-e5bc3c60-d26d-4b2c-8666-86be3b4baebb,South America 5V5 Queue,5v5,1787012998
45a216c4-0a48-4475-9e16-4548a1ab8a63,1-1839f4f7-0379-4714-9bcd-52f254866bea,South America 5V5 Queue,5v5,1786991592
45a216c4-0a48-4475-9e16-4548a1ab8a63,1-9b901eaa-57e9-41fe-a34c-7911136a3bb8,South America 5V5 Queue,5v5,1786918548
45a216c4-0a48-4475-9e16-4548a1ab8a63,1-c8e2e88f-d07b-410d-8f6e-50d5cb83e9f0,South America 5V5 Queue,5v5,1786916027
45a216c4-0a48-4475-9e16-4548a1ab8a63,1-0fcc3fab-8cb4-45e4-8e3e-c86ea47a98a7,South America 5V5 Queue,5v5,1786855867
45a216c4-0a48-4475-9e16-4548a1ab8a63,1-35c86d17-3ed4-4efe-b271-09e9606e4ff3,South America 5V5 Queue,5v5,1786853510
45a216c4-0a48-4475-9e16-4548a1ab8a63,1-61b03252-b159-4e2e-a51b-307a1ded201e,South America 5V5 Queue,5v5,1786851108
45a216c4-0a48-4475-9e16-4548a1ab8a63,1-d805b590-b004-4452-95ff-365de3ce89f9,South America 5V5 Queue,5v5,1786848947
45a216c4-0a48-4475-9e16-4548a1ab8a63,1-693261fd-8bd0-49bf-8ed9-de85b68b3e6a,South America 5V5 Queue,5v5,1786842475
45a216c4-0a48-4475-9e16-4548a1ab8a63,1-eca8ba31-f564-46ff-a1cd-6ea35a9841de,South America 5V5 Queue,5v5,1786839102
45a216c4-0a48-4475-9e16-4548a1ab8a63,1-715988a2-f375-4d2e-acc1-0636a1a807ec,South America 5V5 Queue,5v5,1786762672
45a216c4-0a48-4475-9e16-4548a1ab8a63,1-8ba17bfd-c0de-43bb-a2bd-6a77d1b3fbcb,South America 5V5 Queue,5v5,1786674941
45a216c4-0a48-4475-9e16-4548a1ab8a63,1-2a6cd88e-5351-4102-ab23-bc7bdcd7728f,South America 5V5 Queue,5v5,1786505578
45a216c4-0a48-4475-9e16-4548a1ab8a63,1-521e2890-e64d-4dce-8af3-8ff60bc8666e,South America 5V5 Queue,5v5,1786118393
45a216c4-0a48-4475-9e16-4548a1ab8a63,1-8fdb4b34-5503-4add-ab4e-cf37736f6778,South America 5V5 Queue,5v5,1786065474
45a216c4-0a48-4475-9e16-4548a1ab8a63,1-8f24a6ba-7ec2-4bed-b5e0-dd42d6ca8cd8,South America 5V5 Queue,5v5,1785899595
45a216c4-0a48-4475-9e16-4548a1ab8a63,1-b48afbac-d98e-42d6-a515-bd563583d6d3,StarSeries S20 - Closed Qualifier SA,5v5,1785701221
45a216c4-0a48-4475-9e16-4548a1ab8a63,1-5daca34d-cfec-4f54-ade8-266b4bf299fc,StarSeries S20 - Closed Qualifier SA,5v5,1785614533
45a216c4-0a48-4475-9e16-4548a1ab8a63,1-1b295a2d-6cef-453b-9670-4cf95fe47ff0,South America 5V5 Queue,5v5,1785462887
45a216c4-0a48-4475-9e16-4548a1ab8a63,1-173b9a12-055c-4281-a7e7-161f956bba0c,StarSeries S20 - Closed Qualifier SA,5v5,1785446499
45a216c4-0a48-4475-9e16-4548a1ab8a63,1-b2ba3d2e-8c49-4f82-a80c-b09f2edad666,South America 5V5 Queue,5v5,1785381139
7cfbd6d1-0989-4464-b58b-30b951698fae,1-70239e39-4014-47d7-bfb6-4b414544eb69,South America 5V5 Queue,5v5,1787697588
7cfbd6d1-0989-4464-b58b-30b951698fae,1-d604eb93-7d78-4cec-8722-df1f1b1b3d07,South America 5V5 Queue,5v5,1787694901
7cfbd6d1-0989-4464-b58b-30b951698fae,1-c8ec7786-9d64-43b4-b52e-40f472f22152,South America 5V5 Queue,5v5,1787638050
7cfbd6d1-0989-4464-b58b-30b951698fae,1-125d8dd1-a97f-46dd-99cb-5ad072380fb6,South America 5V5 Queue,5v5,1787635811
7cfbd6d1-0989-4464-b58b-30b951698fae,1-5ae6a973-a928-4ebd-87ce-e8e3fd53e9e4,South America 5V5 Queue,5v5,1787631318
7cfbd6d1-0989-4464-b58b-30b951698fae,1-beed1e4c-59eb-49d7-af81-f8d1eddbf0b8,South America 5V5 Queue,5v5,1787618653
7cfbd6d1-0989-4464-b58b-30b951698fae,1-2095f022-3239-4e7e-9b8d-f5a5d506c6ba,South America 5V5 Queue,5v5,1787614167
7cfbd6d1-0989-4464-b58b-30b951698fae,1-6702bf46-82ed-495a-b926-b4d19b7957c2,South America 5V5 Queue,5v5,1787610730
7cfbd6d1-0989-4464-b58b-30b951698fae,1-0c1ca80f-776d-46d9-be8b-f8aa515f931e,South America 5V5 Queue,5v5,1787608451
7cfbd6d1-0989-4464-b58b-30b951698fae,1-26192e30-92c2-4892-8c83-05d8945f6bf9,South America 5V5 Queue,5v5,1787541917
7cfbd6d1-0989-4464-b58b-30b951698fae,1-14c408f7-b047-417c-a77e-456c2f374187,South America 5V5 Queue,5v5,1787538397
7cfbd6d1-0989-4464-b58b-30b951698fae,1-44f36c56-06b4-4922-858c-81e2ad6b554d,South America 5V5 Queue,5v5,1787453955
7cfbd6d1-0989-4464-b58b-30b951698fae,1-5eeceb96-f4d6-421f-8797-ed3c12a8df68,South America 5V5 Queue,5v5,1787451234
7cfbd6d1-0989-4464-b58b-30b951698fae,1-4edb9ca5-9096-4557-9529-96bb1469fc48,South America 5V5 Queue,5v5,1787448094
7cfbd6d1-0989-4464-b58b-30b951698fae,1-6e0a7f5b-1a31-47f2-8b81-a8b0a30b9ce3,South America 5V5 Queue,5v5,1787384693
7cfbd6d1-0989-4464-b58b-30b951698fae,1-de457a9f-915a-4990-a588-2e49d3611e35,South America 5V5 Queue,5v5,1787379024
7cfbd6d1-0989-4464-b58b-30b951698fae,1-f7c5e149-2544-4dee-8986-8b125d23948e,South America 5V5 Queue,5v5,1787376195
7cfbd6d1-0989-4464-b58b-30b951698fae,1-2dcd6eed-5bed-4f34-9c66-d858dcac6baf,South America 5V5 Queue,5v5,1787372368
7cfbd6d1-0989-4464-b58b-30b951698fae,1-978e0bc9-240c-4daa-b7d6-349450209cde,South America 5V5 Queue,5v5,1787370396
7cfbd6d1-0989-4464-b58b-30b951698fae,1-d9f27e32-8b47-4711-b24c-63aae037f5f4,South America 5V5 Queue,5v5,1787357174
7cfbd6d1-0989-4464-b58b-30b951698fae,1-6b132c02-ad21-482e-b6c7-014aca1a4e18,South America 5V5 Queue,5v5,1787293499
7cfbd6d1-0989-4464-b58b-30b951698fae,1-a622249a-3fb6-4c4e-a68c-41902b27c735,South America 5V5 Queue,5v5,1787290766
7cfbd6d1-0989-4464-b58b-30b951698fae,1-9ea67c4b-0776-428f-8ccb-d0c2a770ff1d,South America 5V5 Queue,5v5,1787288506
7cfbd6d1-0989-4464-b58b-30b951698fae,1-b5834e96-45a7-4c08-9601-49a3a1f636fe,South America 5V5 Queue,5v5,1787274362
7cfbd6d1-0989-4464-b58b-30b951698fae,1-0ed3a0cf-a5d1-48d7-800b-aa0168bb9e59,South America 5V5 Queue,5v5,1787272995
7cfbd6d1-0989-4464-b58b-30b951698fae,1-7c79b2bc-26de-41b4-bc8f-113055ea993c,South America 5V5 Queue,5v5,1787271179
7cfbd6d1-0989-4464-b58b-30b951698fae,1-a22a5365-031e-4978-9443-0025cb71dd90,South America 5V5 Queue,5v5,1787269500
7cfbd6d1-0989-4464-b58b-30b951698fae,1-e1639419-3c72-48e9-a049-529725cdc794,South America 5V5 Queue,5v5,1787266628
7cfbd6d1-0989-4464-b58b-30b951698fae,1-1f2f088c-6d11-4f51-bc54-07e1db54dbbc,South America 5V5 Queue,5v5,1787264368
7cfbd6d1-0989-4464-b58b-30b951698fae,1-fd5dd0a1-184a-4f70-85fd-5aceb46604a2,South America 5V5 Queue,5v5,1787262131
c1bb3e6b-be61-4e43-be52-2c13ac3dc612,1-d34fcb0a-6006-4625-b827-0fa6cec24a94,South America 5V5 Queue,5v5,1787636417
c1bb3e6b-be61-4e43-be52-2c13ac3dc612,1-8cae37b0-0c4e-4851-8a55-86ce2532689c,South America 5V5 Queue,5v5,1787633228
c1bb3e6b-be61-4e43-be52-2c13ac3dc612,1-a8b8c878-682b-493a-8c45-9ba8a44bc015,South America 5V5 Queue,5v5,1787627452
c1bb3e6b-be61-4e43-be52-2c13ac3dc612,1-2049c8da-7b9e-48d2-98c5-27920511a288,South America 5V5 Queue,5v5,1787623610
c1bb3e6b-be61-4e43-be52-2c13ac3dc612,1-43c6546b-6f0a-42d5-abed-624f0fce5f33,South America 5V5 Queue,5v5,1787621325
c1bb3e6b-be61-4e43-be52-2c13ac3dc612,1-8bf5323f-aa2f-4d37-b2ba-4b1a4d3a7090,S58 SA Open Central - Regular Season,5v5 League,1787614946
c1bb3e6b-be61-4e43-be52-2c13ac3dc612,1-20bc1bd2-1eba-4a42-8c1d-2333b72412a0,South America 5V5 Queue,5v5,1787543343
c1bb3e6b-be61-4e43-be52-2c13ac3dc612,1-7613840e-43e9-407f-9132-ff53728137a9,South America 5V5 Queue,5v5,1787540694
c1bb3e6b-be61-4e43-be52-2c13ac3dc612,1-1059f499-c4ae-4a25-b6e2-99630ac1d4f4,South America 5V5 Queue,5v5,1787513669
c1bb3e6b-be61-4e43-be52-2c13ac3dc612,1-410445a9-292d-482c-902d-8f450e2ca7d4,South America 5V5 Queue,5v5,1787510042
c1bb3e6b-be61-4e43-be52-2c13ac3dc612,1-94e08814-0c03-42b6-87f4-2d3f0c92877f,South America 5V5 Queue,5v5,1787427293
c1bb3e6b-be61-4e43-be52-2c13ac3dc612,1-5ddaacf7-0f41-460b-a132-71eb9b80f63d,South America 5V5 Queue,5v5,1787423788
c1bb3e6b-be61-4e43-be52-2c13ac3dc612,1-83267aca-3449-4958-96a5-863bdffa1b6a,South America 5V5 Queue,5v5,1787421309
c1bb3e6b-be61-4e43-be52-2c13ac3dc612,1-2a378a75-2646-42e0-a8a3-050dd0817d61,South America 5V5 Queue,5v5,1787240330
c1bb3e6b-be61-4e43-be52-2c13ac3dc612,1-4a1e70af-adfa-43c4-af79-8858fda0d64b,South America 5V5 Queue,5v5,1787237329
c1bb3e6b-be61-4e43-be52-2c13ac3dc612,1-77ff4255-dd3a-4975-a0b1-a63db2561b2c,South America 5V5 Queue,5v5,1787198493
c1bb3e6b-be61-4e43-be52-2c13ac3dc612,1-1525ada9-6f98-46cd-a5cf-b0142bc16d97,South America 5V5 Queue,5v5,1787196824
c1bb3e6b-be61-4e43-be52-2c13ac3dc612,1-2f13e0db-4eeb-4398-930b-1d53a1991aae,South America 5V5 Queue,5v5,1787189954
c1bb3e6b-be61-4e43-be52-2c13ac3dc612,1-7c29065f-ff83-46c0-9e57-8bdc6b19cedb,South America 5V5 Queue,5v5,1787186335
c1bb3e6b-be61-4e43-be52-2c13ac3dc612,1-346a26f6-3d5d-4b82-8495-c07c92ed1767,South America 5V5 Queue,5v5,1787180675
c1bb3e6b-be61-4e43-be52-2c13ac3dc612,1-c7b74ff9-51fe-4002-afb2-8a75f9df6df9,FASTCUP SC CHALLENGE III,5v5,1787103649
c1bb3e6b-be61-4e43-be52-2c13ac3dc612,1-be977f73-bd6b-4a3b-94d5-127d8f5e9d76,South America 5V5 Queue,5v5,1787090693
c1bb3e6b-be61-4e43-be52-2c13ac3dc612,1-ca3bc4bf-3d38-48e1-9ec8-1ed3360fe125,FASTCUP SC CHALLENGE III,5v5,1787018090
c1bb3e6b-be61-4e43-be52-2c13ac3dc612,1-81670fb9-f876-44f5-b53b-1372453d7086,S58 SA Open Central - Regular Season,5v5 League,1787011943
c1bb3e6b-be61-4e43-be52-2c13ac3dc612,1-a7b19aff-a71e-45a0-b786-384485237e17,S58 SA Open Central - Regular Season,5v5 League,1787008082
c1bb3e6b-be61-4e43-be52-2c13ac3dc612,1-db1c97a9-b51f-4378-a8e6-a3883c8fab61,CSCL x SKINRAVE - 5v5 League | 400 USD Prize-pool | Season 5 [Weekly Event],5v5,1786996057
c1bb3e6b-be61-4e43-be52-2c13ac3dc612,1-3b8ad65a-cbb0-4044-b416-efbd6c471d10,CSCL x SKINRAVE - 5v5 League | 400 USD Prize-pool | Season 5 [Weekly Event],5v5,1786993142
c1bb3e6b-be61-4e43-be52-2c13ac3dc612,1-ab8abf3f-f765-4b19-ab34-57ea7871ad2e,South America 5V5 Queue,5v5,1786927729
c1bb3e6b-be61-4e43-be52-2c13ac3dc612,1-43dc7a04-e626-486b-9f0f-b001d476aaa4,South America 5V5 Queue,5v5,1786924981
c1bb3e6b-be61-4e43-be52-2c13ac3dc612,1-357a5306-4863-49cf-8080-6d3e37762117,South America 5V5 Queue,5v5,1786922021
ad82a342-d8a9-4ff7-a735-a502edc027df,1-f7326761-3eed-49a2-90e5-1cf2e31f07d3,SA ECL S52 Cup 1,5v5,1787697223
ad82a342-d8a9-4ff7-a735-a502edc027df,1-fce434ef-3b2a-47d1-a681-0df08bbfdd85,South America 5V5 Queue,5v5,1787685162
ad82a342-d8a9-4ff7-a735-a502edc027df,1-3aec5868-6ced-4970-ba1c-3a5098d5130d,South America 5V5 Queue,5v5,1787681999
ad82a342-d8a9-4ff7-a735-a502edc027df,1-cdeada34-8967-4c53-bf60-41e6a705da0b,South America 5V5 Queue,5v5,1787626562
ad82a342-d8a9-4ff7-a735-a502edc027df,1-62f21319-ec16-45a3-8151-cb67308ac33a,South America 5V5 Queue,5v5,1787608178
ad82a342-d8a9-4ff7-a735-a502edc027df,1-9e3c8b4c-0695-4ce6-a9a6-30c29acfd21a,South America 5V5 Queue,5v5,1787603807
ad82a342-d8a9-4ff7-a735-a502edc027df,1-498373ae-cc74-4f2a-a9c9-6a0d8feed2b3,South America 5V5 Queue,5v5,1787602288
ad82a342-d8a9-4ff7-a735-a502edc027df,1-a4e364ee-9498-4d0f-a1c2-8cac194e0ba5,South America 5V5 Queue,5v5,1787599341
ad82a342-d8a9-4ff7-a735-a502edc027df,1-6488f52b-75f5-4d11-b511-a997cdd7c6de,South America 5V5 Queue,5v5,1787541620
ad82a342-d8a9-4ff7-a735-a502edc027df,1-a6c82c19-2f3a-46a2-ab7e-12a3e4fbe15b,South America 5V5 Queue,5v5,1787526298
ad82a342-d8a9-4ff7-a735-a502edc027df,1-66159fcf-3b44-4ff7-9b01-f2bfeec47eb2,South America 5V5 Queue,5v5,1787523170
ad82a342-d8a9-4ff7-a735-a502edc027df,1-2a10075a-3355-4e0f-a0b5-1ff4bacadcda,South America 5V5 Queue,5v5,1787511412
ad82a342-d8a9-4ff7-a735-a502edc027df,1-e4354ced-07fa-477a-ab90-fa9dbd1bd134,South America 5V5 Queue,5v5,1787449745
ad82a342-d8a9-4ff7-a735-a502edc027df,1-224de08f-5234-4893-9b50-16b56e1a4a3a,South America 5V5 Queue,5v5,1787446595
ad82a342-d8a9-4ff7-a735-a502edc027df,1-6b7fb814-7c32-4300-95dd-e09558f7f236,South America 5V5 Queue,5v5,1787444992
ad82a342-d8a9-4ff7-a735-a502edc027df,1-b2584b9a-cde3-452d-b6fb-e5d6563adc5c,South America 5V5 Queue,5v5,1787364775
ad82a342-d8a9-4ff7-a735-a502edc027df,1-439a36ce-c145-4cc8-9fd0-fff825a94842,South America 5V5 Queue,5v5,1787361318
ad82a342-d8a9-4ff7-a735-a502edc027df,1-7f201c41-6ecd-47f2-b589-b9afc710284a,South America 5V5 Queue,5v5,1787341242
ad82a342-d8a9-4ff7-a735-a502edc027df,1-0e96b64e-8268-4b6d-957c-5a64d0ba5718,South America 5V5 Queue,5v5,1787337908
ad82a342-d8a9-4ff7-a735-a502edc027df,1-7067aa8a-a1e6-433b-aeae-081c0c44f140,South America 5V5 Queue,5v5,1787336313
ad82a342-d8a9-4ff7-a735-a502edc027df,1-700ad72f-1937-41fd-909a-ea36a369579b,South America 5V5 Queue,5v5,1787289686
ad82a342-d8a9-4ff7-a735-a502edc027df,1-76d6eb9d-18c9-44fc-9868-58ddae97d4d5,South America 5V5 Queue,5v5,1787278961
ad82a342-d8a9-4ff7-a735-a502edc027df,1-4c41a93d-f085-41cf-b4a1-c5b049d680cc,South America 5V5 Queue,5v5,1787276110
ad82a342-d8a9-4ff7-a735-a502edc027df,1-adb4f8c8-4867-4718-8d5d-f18cb4eaf0ea,South America 5V5 Queue,5v5,1787263036
ad82a342-d8a9-4ff7-a735-a502edc027df,1-7594ace6-5565-4cb0-a427-f48fde04b55b,South America 5V5 Queue,5v5,1787260732
ad82a342-d8a9-4ff7-a735-a502edc027df,1-932f982c-eca4-4282-8297-53de0154a344,South America 5V5 Queue,5v5,1787256667
ad82a342-d8a9-4ff7-a735-a502edc027df,1-43933e0a-d04b-47ec-b516-6a2e98e39155,South America 5V5 Queue,5v5,1787254064
ad82a342-d8a9-4ff7-a735-a502edc027df,1-1525ada9-6f98-46cd-a5cf-b0142bc16d97,South America 5V5 Queue,5v5,1787196824
ad82a342-d8a9-4ff7-a735-a502edc027df,1-a48de956-0a19-4803-9583-34645dc2abe8,South America 5V5 Queue,5v5,1787193685
ad82a342-d8a9-4ff7-a735-a502edc027df,1-c4fccb22-4b79-441c-8cd2-ce42be23cf8a,South America 5V5 Queue,5v5,1787191512
e0eaf5d5-2b2d-4916-bdf9-6b50da983adf,1-087f338f-49f8-43fe-b486-175ae463dc60,South America 5V5 Queue,5v5,1787625487
e0eaf5d5-2b2d-4916-bdf9-6b50da983adf,1-def85183-37bd-45f0-a66e-6287d31be93d,South America 5V5 Queue,5v5,1787622942
e0eaf5d5-2b2d-4916-bdf9-6b50da983adf,1-6a4750f3-bff4-48a3-aaf3-9dd70228ee32,South America 5V5 Queue,5v5,1787615423
e0eaf5d5-2b2d-4916-bdf9-6b50da983adf,1-d1c35ce6-7e08-4240-89b5-96b9f13a3dd3,South America 5V5 Queue,5v5,1787611412
e0eaf5d5-2b2d-4916-bdf9-6b50da983adf,1-37ad1518-31b2-43f8-b075-511f643f1535,CCT 2026 South America 5 - Open Qualifier,5v5,1786816545
e0eaf5d5-2b2d-4916-bdf9-6b50da983adf,1-56aa308b-dec5-4519-b3cb-1a9cb89d30eb,South America 5V5 Queue,5v5,1786411333
e0eaf5d5-2b2d-4916-bdf9-6b50da983adf,1-c4846041-b9a0-4259-81f9-d5300e76c988,South America 5V5 Queue,5v5,1786407913
e0eaf5d5-2b2d-4916-bdf9-6b50da983adf,1-e3490955-2c96-485e-8a19-930d4a27f0b0,South America 5V5 Queue,5v5,1786152829
e0eaf5d5-2b2d-4916-bdf9-6b50da983adf,1-c809c330-ee1c-421a-9d8f-dc34acd6a9a9,South America 5V5 Queue,5v5,1786139533
e0eaf5d5-2b2d-4916-bdf9-6b50da983adf,1-6d0cc74d-7c08-4d86-8aae-d1da7021694b,South America 5V5 Queue,5v5,1786062448
e0eaf5d5-2b2d-4916-bdf9-6b50da983adf,1-f18c484e-1d68-4e2d-ad2a-470d7a0bb95c,South America 5V5 Queue,5v5,1786058621
e0eaf5d5-2b2d-4916-bdf9-6b50da983adf,1-4b4b790b-47d9-447a-8aa7-621ddae363b8,AVRS CUP,5v5,1785977586
e0eaf5d5-2b2d-4916-bdf9-6b50da983adf,1-7c76d23a-e70b-494f-a736-79779dc21a2a,CCT 2026 Challengers South America 2 - Open Qualifier 1,5v5,1785614121
e0eaf5d5-2b2d-4916-bdf9-6b50da983adf,1-61165213-5022-4f53-8988-38849f1d1554,CCT 2026 Challengers South America 2 - Open Qualifier 1,5v5,1785611877
e0eaf5d5-2b2d-4916-bdf9-6b50da983adf,1-dd5ca71d-d37f-4f49-bd3c-576ea159b008,CCT 2026 Challengers South America 2 - Open Qualifier 1,5v5,1785609598
e0eaf5d5-2b2d-4916-bdf9-6b50da983adf,1-c85f3ead-348b-4d88-bb90-258562d2fc4e,South America 5V5 Queue,5v5,1785460055
e0eaf5d5-2b2d-4916-bdf9-6b50da983adf,1-5f4406d1-a8b7-4991-bf18-b960bedb8381,South America 5V5 Queue,5v5,1785456059
e0eaf5d5-2b2d-4916-bdf9-6b50da983adf,1-f6f0c08c-9350-4906-84a9-648507d9e257,South America 5V5 Queue,5v5,1785190856
e0eaf5d5-2b2d-4916-bdf9-6b50da983adf,1-501d4f77-736c-492a-b201-988612475f3a,Normal Competitive,5v5,1785108939
e0eaf5d5-2b2d-4916-bdf9-6b50da983adf,1-6fc02c7b-ca32-4151-99dc-1939ed28aa39,Normal Competitive,5v5,1785105958
e0eaf5d5-2b2d-4916-bdf9-6b50da983adf,1-8e53ab51-1b45-4c77-b483-518a48ef3c2d,Normal Competitive,5v5,1785103142
e0eaf5d5-2b2d-4916-bdf9-6b50da983adf,1-afdf4f73-4612-4ed4-9a13-0400cc1f5af6,South America 5V5 Queue,5v5,1785026593
e0eaf5d5-2b2d-4916-bdf9-6b50da983adf,1-6391de20-2899-41a0-a3af-64b76c4f032a,South America 5V5 Queue,5v5,1785023782
e0eaf5d5-2b2d-4916-bdf9-6b50da983adf,1-6c381e5b-a442-4e55-997b-ca6c9f89b58c,AVRS CUP,5v5,1784852873
e0eaf5d5-2b2d-4916-bdf9-6b50da983adf,1-7fb4ac8f-12bd-41c6-a3af-b986f506b4cd,FECAPEES CUP ,5v5,1784769681
e0eaf5d5-2b2d-4916-bdf9-6b50da983adf,1-98a956ae-b244-43df-8b00-2139d865f6f2,AVRS CUP,5v5,1784684299
e0eaf5d5-2b2d-4916-bdf9-6b50da983adf,1-c611c2bd-4236-4ce8-af9c-a56c8ae1ca22,AVRS CUP,5v5,1784681660
e0eaf5d5-2b2d-4916-bdf9-6b50da983adf,1-4e475b44-131c-45e1-88f8-8dc3f6c5295b,South America 5V5 Queue,5v5,1784597779
e0eaf5d5-2b2d-4916-bdf9-6b50da983adf,1-aa56cf3a-a785-4d64-a848-a47de5311e70,South America 5V5 Queue,5v5,1784595198
e0eaf5d5-2b2d-4916-bdf9-6b50da983adf,1-c842b007-08c6-4e54-ac0b-2913125c27dc,South America 5V5 Queue,5v5,1784592692
4818aac8-1a69-426b-8a55-a7fcb4e89126,1-cc2bcf14-e4db-4162-af51-27de4d6c9985,South America 5V5 Queue,5v5,1787670153
4818aac8-1a69-426b-8a55-a7fcb4e89126,1-3299d6ef-09c8-4b8d-b5e5-d7c82242544e,South America 5V5 Queue,5v5,1787614565
4818aac8-1a69-426b-8a55-a7fcb4e89126,1-c3a1cdff-3b26-42a1-a009-97a98259af67,South America 5V5 Queue,5v5,1787523903
4818aac8-1a69-426b-8a55-a7fcb4e89126,1-6dba9d2b-8a0b-4140-be75-16643d4be2b0,South America 5V5 Queue,5v5,1787521555
4818aac8-1a69-426b-8a55-a7fcb4e89126,1-2d6a5a2c-1050-43de-9d6d-366d5901c7f4,South America 5V5 Queue,5v5,1787454702
4818aac8-1a69-426b-8a55-a7fcb4e89126,1-44088c00-68ee-4299-a5bf-a2484e22b90e,South America 5V5 Queue,5v5,1787452454
4818aac8-1a69-426b-8a55-a7fcb4e89126,1-5ddaacf7-0f41-460b-a132-71eb9b80f63d,South America 5V5 Queue,5v5,1787423788
4818aac8-1a69-426b-8a55-a7fcb4e89126,1-17c9b366-29a2-40f4-a9bc-7d409e9db422,South America 5V5 Queue,5v5,1787275578
4818aac8-1a69-426b-8a55-a7fcb4e89126,1-0ed3a0cf-a5d1-48d7-800b-aa0168bb9e59,South America 5V5 Queue,5v5,1787272995
4818aac8-1a69-426b-8a55-a7fcb4e89126,1-b45430b4-333f-4c25-bb2b-28ac8ae984b5,South America 5V5 Queue,5v5,1787100965
4818aac8-1a69-426b-8a55-a7fcb4e89126,1-a2177c23-46c9-4ebe-be56-aea24daa8a91,South America 5V5 Queue,5v5,1787090380
4818aac8-1a69-426b-8a55-a7fcb4e89126,1-35d7c507-edf0-49f1-8714-eec34c411f4a,South America 5V5 Queue,5v5,1787017466
4818aac8-1a69-426b-8a55-a7fcb4e89126,1-e5bc3c60-d26d-4b2c-8666-86be3b4baebb,South America 5V5 Queue,5v5,1787012998
4818aac8-1a69-426b-8a55-a7fcb4e89126,1-ccbbf781-f4fd-4dc3-8cb2-e843eb9182e0,South America 5V5 Queue,5v5,1787003126
4818aac8-1a69-426b-8a55-a7fcb4e89126,1-db9d28b9-643a-41e3-afa6-91dcc44d4d04,South America 5V5 Queue,5v5,1786991228
4818aac8-1a69-426b-8a55-a7fcb4e89126,1-091c1e91-4372-41c8-a058-c0a298b99bc5,South America 5V5 Queue,5v5,1786860176
4818aac8-1a69-426b-8a55-a7fcb4e89126,1-9e2d4444-582d-4a6f-ad91-57425fe57975,South America 5V5 Queue,5v5,1786857951
4818aac8-1a69-426b-8a55-a7fcb4e89126,1-bb34c956-e354-4570-b1ad-41523cede13e,South America 5V5 Queue,5v5,1786837024
4818aac8-1a69-426b-8a55-a7fcb4e89126,1-dfc7e5a5-0300-42b6-861f-11ee6adde670,South America 5V5 Queue,5v5,1786834555
4818aac8-1a69-426b-8a55-a7fcb4e89126,1-d39b2b96-ddb0-4ee2-945d-34f1030c09ee,South America 5V5 Queue,5v5,1786830854
4818aac8-1a69-426b-8a55-a7fcb4e89126,1-56ea9867-16c7-490d-946d-72c1466e4e53,South America 5V5 Queue,5v5,1786496796
4818aac8-1a69-426b-8a55-a7fcb4e89126,1-dbcd6225-2059-43a3-a9a0-b86f3569e9b5,South America 5V5 Queue,5v5,1786410816
4818aac8-1a69-426b-8a55-a7fcb4e89126,1-97417ecb-5d35-4b9d-8e6c-feb4129b5991,South America 5V5 Queue,5v5,1786302382
4818aac8-1a69-426b-8a55-a7fcb4e89126,1-9d2505a0-7d4b-4e59-9d1d-ec763538ff24,South America 5V5 Queue,5v5,1786298182
4818aac8-1a69-426b-8a55-a7fcb4e89126,1-c7f52f85-03b3-46dd-88b0-c3d2d6c4fd35,South America 5V5 Queue,5v5,1786244930
4818aac8-1a69-426b-8a55-a7fcb4e89126,1-440999df-d5de-4f4b-a5b0-03c9f2338bf5,South America 5V5 Queue,5v5,1786242759
4818aac8-1a69-426b-8a55-a7fcb4e89126,1-e2e4bebe-4237-4ac2-9a08-a6c845eb3b27,South America 5V5 Queue,5v5,1786240259
4818aac8-1a69-426b-8a55-a7fcb4e89126,1-c25251d0-0921-4147-82dc-05027eee1fbf,South America 5V5 Queue,5v5,1786065586
4818aac8-1a69-426b-8a55-a7fcb4e89126,1-399c42f5-4ffe-45f7-bc37-82175014e4ee,South America 5V5 Queue,5v5,1785955325
4818aac8-1a69-426b-8a55-a7fcb4e89126,1-5e64f298-5fe1-47f5-a2b1-efe5f25edbd9,South America 5V5 Queue,5v5,1785952909
0168fff3-be1b-486f-a35f-ddb8236e1c3f,1-e287d3ae-8894-4e38-8200-4809243a3818,South America 5V5 Queue,5v5,1787537538
0168fff3-be1b-486f-a35f-ddb8236e1c3f,1-2be09718-fb81-40bb-b93e-457840f568eb,South America 5V5 Queue,5v5,1787533736
0168fff3-be1b-486f-a35f-ddb8236e1c3f,1-dec84a17-253d-441d-a0fa-9bdaf05547e0,South America 5V5 Queue,5v5,1787531986
0168fff3-be1b-486f-a35f-ddb8236e1c3f,1-5b1c8d2a-a598-4a79-9f42-4a9d980f72ae,South America 5V5 Queue,5v5,1787529319
0168fff3-be1b-486f-a35f-ddb8236e1c3f,1-6dba9d2b-8a0b-4140-be75-16643d4be2b0,South America 5V5 Queue,5v5,1787521555
0168fff3-be1b-486f-a35f-ddb8236e1c3f,1-eafdc185-0154-4a47-9cea-8bf288aaa11e,South America 5V5 Queue,5v5,1787518848
0168fff3-be1b-486f-a35f-ddb8236e1c3f,1-03204399-9df1-45c2-b41a-ac30cb83fc7e,South America 5V5 Queue,5v5,1787516489
0168fff3-be1b-486f-a35f-ddb8236e1c3f,1-be3d386c-5169-4d41-aa7a-a9d3fcd7edff,South America 5V5 Queue,5v5,1787512750
0168fff3-be1b-486f-a35f-ddb8236e1c3f,1-76b01b92-ec9b-49ad-8e05-37f3e936cd65,South America 5V5 Queue,5v5,1787509980
0168fff3-be1b-486f-a35f-ddb8236e1c3f,1-b5d58a60-a84f-48bb-be0b-f911a11404d1,South America 5V5 Queue,5v5,1787506952
0168fff3-be1b-486f-a35f-ddb8236e1c3f,1-cfb752b9-bbeb-49e4-9565-9fda2c217839,South America 5V5 Queue,5v5,1787504694
0168fff3-be1b-486f-a35f-ddb8236e1c3f,1-348be54a-4597-41dc-b29d-7eebdd2cc55e,South America 5V5 Queue,5v5,1787449604
0168fff3-be1b-486f-a35f-ddb8236e1c3f,1-5081beac-e12a-4f21-a8bc-653b10bd7728,South America 5V5 Queue,5v5,1787446757
0168fff3-be1b-486f-a35f-ddb8236e1c3f,1-203d9af5-7f75-4084-bd9a-8a8a5e9e5f10,South America 5V5 Queue,5v5,1787436529
0168fff3-be1b-486f-a35f-ddb8236e1c3f,1-f65db93f-8874-49f9-b6e2-57c8c76199c8,South America 5V5 Queue,5v5,1787107750
0168fff3-be1b-486f-a35f-ddb8236e1c3f,1-bcf076c7-41db-4c01-a49d-319490883207,South America 5V5 Queue,5v5,1787105604
0168fff3-be1b-486f-a35f-ddb8236e1c3f,1-fd0c4d9e-2627-42fe-921a-d9778872614c,South America 5V5 Queue,5v5,1787102096
0168fff3-be1b-486f-a35f-ddb8236e1c3f,1-e5bc3c60-d26d-4b2c-8666-86be3b4baebb,South America 5V5 Queue,5v5,1787012998
0168fff3-be1b-486f-a35f-ddb8236e1c3f,1-d1491f4a-50ff-4d7d-8bac-28632a3b52fe,South America 5V5 Queue,5v5,1787011492
0168fff3-be1b-486f-a35f-ddb8236e1c3f,1-1c21a856-c2b9-4f17-b1ca-c015f759cc7d,South America 5V5 Queue,5v5,1786827344
0168fff3-be1b-486f-a35f-ddb8236e1c3f,1-7c48de57-95da-4c3d-b150-2d40c7f962d5,South America 5V5 Queue,5v5,1786312879
0168fff3-be1b-486f-a35f-ddb8236e1c3f,1-ddbce903-1b1e-48ea-a8df-e16570b5f4ff,South America 5V5 Queue,5v5,1786306257
0168fff3-be1b-486f-a35f-ddb8236e1c3f,1-7c76d23a-e70b-494f-a736-79779dc21a2a,CCT 2026 Challengers South America 2 - Open Qualifier 1,5v5,1785614121
0168fff3-be1b-486f-a35f-ddb8236e1c3f,1-61165213-5022-4f53-8988-38849f1d1554,CCT 2026 Challengers South America 2 - Open Qualifier 1,5v5,1785611877
0168fff3-be1b-486f-a35f-ddb8236e1c3f,1-dd5ca71d-d37f-4f49-bd3c-576ea159b008,CCT 2026 Challengers South America 2 - Open Qualifier 1,5v5,1785609598
0168fff3-be1b-486f-a35f-ddb8236e1c3f,1-7a854d79-0b89-43e9-8e99-9155a9a39f35,South America 5V5 Queue,5v5,1785208372
0168fff3-be1b-486f-a35f-ddb8236e1c3f,1-47ec9fad-ded7-458d-b966-e194b616de1b,South America 5V5 Queue,5v5,1785204725
0168fff3-be1b-486f-a35f-ddb8236e1c3f,1-12532f20-4041-44ee-aa71-1f00c2898085,South America 5V5 Queue,5v5,1785190920
0168fff3-be1b-486f-a35f-ddb8236e1c3f,1-14a5ea4b-8e41-4b17-914c-d5205fc47fad,South America 5V5 Queue,5v5,1785044366
0168fff3-be1b-486f-a35f-ddb8236e1c3f,1-23ddb9f0-6325-4140-a51e-a2aa8a73a5fa,South America 5V5 Queue,5v5,1785040444
f1d1e776-ed5a-4948-847a-07700b35bfae,1-613c74c6-c8cb-4d70-a4bf-f7f304666e52,SA ECL S52 Cup 1,5v5,1787697674
f1d1e776-ed5a-4948-847a-07700b35bfae,1-a105e4da-f34e-48a8-bc75-53dcc72f62cb,South America 5V5 Queue,5v5,1787615272
f1d1e776-ed5a-4948-847a-07700b35bfae,1-d68dbfe9-6272-4d65-92c3-64512b0452b7,South America 5V5 Queue,5v5,1787612401
f1d1e776-ed5a-4948-847a-07700b35bfae,1-559cc5c9-ab04-475b-9c79-78cfe5cfc099,South America 5V5 Queue,5v5,1787609631
f1d1e776-ed5a-4948-847a-07700b35bfae,1-6dc3a0ed-e0e6-48ea-b4f8-7325f74a3325,South America 5V5 Queue,5v5,1787538649
f1d1e776-ed5a-4948-847a-07700b35bfae,1-f93c2a54-aa40-4613-88fc-9824c47fd83e,South America 5V5 Queue,5v5,1787536047
f1d1e776-ed5a-4948-847a-07700b35bfae,1-0e6ba703-6026-4dfc-9648-8b456d2d97c8,South America 5V5 Queue,5v5,1787531334
f1d1e776-ed5a-4948-847a-07700b35bfae,1-cb300d34-ed4e-45b0-bae2-36f1d23e3fca,South America 5V5 Queue,5v5,1787524161
f1d1e776-ed5a-4948-847a-07700b35bfae,1-44088c00-68ee-4299-a5bf-a2484e22b90e,South America 5V5 Queue,5v5,1787452454
f1d1e776-ed5a-4948-847a-07700b35bfae,1-0e9be792-a190-43cb-88b2-12624af8ca2b,South America 5V5 Queue,5v5,1787436070
f1d1e776-ed5a-4948-847a-07700b35bfae,1-6c12061c-5026-4244-ba69-40e4df366237,South America 5V5 Queue,5v5,1787433830
f1d1e776-ed5a-4948-847a-07700b35bfae,1-4f21b787-1ab1-40b5-9155-55e67c4539af,South America 5V5 Queue,5v5,1787363687
f1d1e776-ed5a-4948-847a-07700b35bfae,1-2ad531ba-192b-4631-88e6-765f1b403c92,South America 5V5 Queue,5v5,1787359697
f1d1e776-ed5a-4948-847a-07700b35bfae,1-ea0d83d0-072a-4335-ad59-95d8150ba0ea,South America 5V5 Queue,5v5,1787356037
f1d1e776-ed5a-4948-847a-07700b35bfae,1-64d2c37d-dd7f-4cc1-8fee-ea9d952f55b8,South America 5V5 Queue,5v5,1787273130
f1d1e776-ed5a-4948-847a-07700b35bfae,1-6cf5a6ef-cfe2-49a2-8b8e-84639b09be25,South America 5V5 Queue,5v5,1787270734
f1d1e776-ed5a-4948-847a-07700b35bfae,1-c501e6f2-2eb1-46cc-8234-cedf1e623993,South America 5V5 Queue,5v5,1787267704
f1d1e776-ed5a-4948-847a-07700b35bfae,1-2f72605e-188f-4b35-92cf-d140f2af2481,South America 5V5 Queue,5v5,1787186196
f1d1e776-ed5a-4948-847a-07700b35bfae,1-271ae016-662a-4ede-a23b-b3005a0c5d4c,South America 5V5 Queue,5v5,1787183415
f1d1e776-ed5a-4948-847a-07700b35bfae,1-e72e67a1-8c53-4d9c-8e2f-17864156dd61,South America 5V5 Queue,5v5,1787181333
f1d1e776-ed5a-4948-847a-07700b35bfae,1-3bdd6402-0862-4164-a6d2-dd1e7dfef904,South America 5V5 Queue,5v5,1787178731
f1d1e776-ed5a-4948-847a-07700b35bfae,1-48437a8e-8964-4deb-9f5a-84bfa131e7db,South America 5V5 Queue,5v5,1787176180
f1d1e776-ed5a-4948-847a-07700b35bfae,1-07bb3550-3392-4a4a-b248-dd8252987ccb,South America 5V5 Queue,5v5,1787167782
f1d1e776-ed5a-4948-847a-07700b35bfae,1-33931a02-7302-423a-a471-908d9d2fb8d1,South America 5V5 Queue,5v5,1787087415
f1d1e776-ed5a-4948-847a-07700b35bfae,1-eaeabb95-141e-4181-abdb-cba6d7f43933,South America 5V5 Queue,5v5,1787084464
f1d1e776-ed5a-4948-847a-07700b35bfae,1-d4a795f6-33e9-4e92-93ba-51877e9286f4,South America 5V5 Queue,5v5,1787081560
f1d1e776-ed5a-4948-847a-07700b35bfae,1-d127139e-f854-45e3-b40d-7fa8016ebf14,South America 5V5 Queue,5v5,1787079587
f1d1e776-ed5a-4948-847a-07700b35bfae,1-f27baf4d-6fcb-4a49-9626-fd4028ac1561,South America 5V5 Queue,5v5,1786996299
f1d1e776-ed5a-4948-847a-07700b35bfae,1-6c989cf8-391b-4372-8acc-7df85496a7bb,South America 5V5 Queue,5v5,1786913159
f1d1e776-ed5a-4948-847a-07700b35bfae,1-c6ac2028-897f-4e65-8551-d638ea0242d2,South America 5V5 Queue,5v5,1786909337
43a14ace-24f0-4454-b556-1e4e277cad55,1-70239e39-4014-47d7-bfb6-4b414544eb69,South America 5V5 Queue,5v5,1787697588
43a14ace-24f0-4454-b556-1e4e277cad55,1-3c119ffd-72f0-416d-9115-a8904df22fb1,South America 5V5 Queue,5v5,1787693749
43a14ace-24f0-4454-b556-1e4e277cad55,1-bdcad6b6-639a-47c1-a18b-5709c8e374ca,South America 5V5 Queue,5v5,1787690445
43a14ace-24f0-4454-b556-1e4e277cad55,1-6defa8d4-362a-411e-b269-30b082bf3a8d,South America 5V5 Queue,5v5,1787687992
43a14ace-24f0-4454-b556-1e4e277cad55,1-7fabcd92-8146-4f6d-996c-00595cb54c26,South America 5V5 Queue,5v5,1787685775
43a14ace-24f0-4454-b556-1e4e277cad55,1-746fb236-92b2-4cea-898e-487985c357ba,South America 5V5 Queue,5v5,1787682706
43a14ace-24f0-4454-b556-1e4e277cad55,1-25c628e7-5169-4a92-adc6-77ccd469482d,South America 5V5 Queue,5v5,1787679420
43a14ace-24f0-4454-b556-1e4e277cad55,1-03955421-5f1b-45df-bbdb-e7cb48eb7c5f,South America 5V5 Queue,5v5,1787626074
43a14ace-24f0-4454-b556-1e4e277cad55,1-4c9000d7-cb3d-4d92-894f-0c03b761915c,South America 5V5 Queue,5v5,1787623702
43a14ace-24f0-4454-b556-1e4e277cad55,1-6b6e6b4e-b54b-4391-82d0-45254b5fa705,South America 5V5 Queue,5v5,1787614980
43a14ace-24f0-4454-b556-1e4e277cad55,1-d68dbfe9-6272-4d65-92c3-64512b0452b7,South America 5V5 Queue,5v5,1787612401
43a14ace-24f0-4454-b556-1e4e277cad55,1-559cc5c9-ab04-475b-9c79-78cfe5cfc099,South America 5V5 Queue,5v5,1787609631
43a14ace-24f0-4454-b556-1e4e277cad55,1-838b832c-0f60-4674-8a95-0ca0808074bd,South America 5V5 Queue,5v5,1787343544
43a14ace-24f0-4454-b556-1e4e277cad55,1-8e190ca7-7c42-40f6-9319-1b3df89ab8bb,South America 5V5 Queue,5v5,1787340299
43a14ace-24f0-4454-b556-1e4e277cad55,1-87880dc5-60f7-49a4-91b1-b9101bd328dd,South America 5V5 Queue,5v5,1787336585
43a14ace-24f0-4454-b556-1e4e277cad55,1-569d59ea-4c17-4ab6-bb28-d226f7b8c692,South America 5V5 Queue,5v5,1787333114
43a14ace-24f0-4454-b556-1e4e277cad55,1-0398edfd-5ba3-4719-8947-73dec53b47be,South America 5V5 Queue,5v5,1787330484
43a14ace-24f0-4454-b556-1e4e277cad55,1-384331ac-ccb9-4760-a75b-22b06181b3cc,South America 5V5 Queue,5v5,1787326442
43a14ace-24f0-4454-b556-1e4e277cad55,1-c501e6f2-2eb1-46cc-8234-cedf1e623993,South America 5V5 Queue,5v5,1787267704
43a14ace-24f0-4454-b556-1e4e277cad55,1-e4fafc9a-4134-4ac4-b3db-395b987a0981,South America 5V5 Queue,5v5,1787264818
43a14ace-24f0-4454-b556-1e4e277cad55,1-587055d0-8e3e-4f66-a96f-98437621ef2c,South America 5V5 Queue,5v5,1787261191
43a14ace-24f0-4454-b556-1e4e277cad55,1-932f982c-eca4-4282-8297-53de0154a344,South America 5V5 Queue,5v5,1787256667
43a14ace-24f0-4454-b556-1e4e277cad55,1-721225ae-fbbf-4a58-a8bf-a06f4b5b554e,South America 5V5 Queue,5v5,1787254266
43a14ace-24f0-4454-b556-1e4e277cad55,1-126474d7-6db7-41fb-a62c-de5f50f02b52,South America 5V5 Queue,5v5,1787250759
43a14ace-24f0-4454-b556-1e4e277cad55,1-e72e67a1-8c53-4d9c-8e2f-17864156dd61,South America 5V5 Queue,5v5,1787181333
43a14ace-24f0-4454-b556-1e4e277cad55,1-3e57f5a6-12c8-422c-9521-b9a9f0675e41,South America 5V5 Queue,5v5,1787178661
43a14ace-24f0-4454-b556-1e4e277cad55,1-c888212e-d686-4d67-b881-437bbd3a5ada,South America 5V5 Queue,5v5,1787175739
43a14ace-24f0-4454-b556-1e4e277cad55,1-656d1ed8-7899-45da-ac8c-c10a00bad500,South America 5V5 Queue,5v5,1787173058
43a14ace-24f0-4454-b556-1e4e277cad55,1-f3fc5b15-8047-42d9-9f8b-d5f220ed5873,South America 5V5 Queue,5v5,1787170340
43a14ace-24f0-4454-b556-1e4e277cad55,1-353a1dfb-812e-4923-9d31-e1f5baed817c,South America 5V5 Queue,5v5,1787167625
d7cfe3be-cb1c-4f42-9d18-029a3ad13d91,1-d34fcb0a-6006-4625-b827-0fa6cec24a94,South America 5V5 Queue,5v5,1787636417
d7cfe3be-cb1c-4f42-9d18-029a3ad13d91,1-f9221e37-1960-433d-9e81-f717565fd6b3,South America 5V5 Queue,5v5,1787634153
d7cfe3be-cb1c-4f42-9d18-029a3ad13d91,1-4bdecb69-1047-4031-b23d-3c8c8ffb78ba,South America 5V5 Queue,5v5,1787631073
d7cfe3be-cb1c-4f42-9d18-029a3ad13d91,1-d22c34e1-fd90-4f62-b9d1-ead5b9a26035,South America 5V5 Queue,5v5,1787627229
d7cfe3be-cb1c-4f42-9d18-029a3ad13d91,1-5bf2dc9e-1193-4911-b717-28c2bbba484e,South America 5V5 Queue,5v5,1787614886
d7cfe3be-cb1c-4f42-9d18-029a3ad13d91,1-26db4183-9895-496e-99dd-f591fe65c55a,South America 5V5 Queue,5v5,1787377340
d7cfe3be-cb1c-4f42-9d18-029a3ad13d91,1-37adad07-5bbd-4531-b3e1-118078996a84,South America 5V5 Queue,5v5,1787374264
d7cfe3be-cb1c-4f42-9d18-029a3ad13d91,1-e88a36ec-d8e2-4f36-88a5-2f09f51d55dc,South America 5V5 Queue,5v5,1787370928
d7cfe3be-cb1c-4f42-9d18-029a3ad13d91,1-bc3f9da7-5c68-4f77-8807-b08582c3fb47,South America 5V5 Queue,5v5,1787368074
d7cfe3be-cb1c-4f42-9d18-029a3ad13d91,1-6b132c02-ad21-482e-b6c7-014aca1a4e18,South America 5V5 Queue,5v5,1787293499
d7cfe3be-cb1c-4f42-9d18-029a3ad13d91,1-a622249a-3fb6-4c4e-a68c-41902b27c735,South America 5V5 Queue,5v5,1787290766
d7cfe3be-cb1c-4f42-9d18-029a3ad13d91,1-9ea67c4b-0776-428f-8ccb-d0c2a770ff1d,South America 5V5 Queue,5v5,1787288506
d7cfe3be-cb1c-4f42-9d18-029a3ad13d91,1-44a1fd1a-9de4-48d9-85c8-fca6a95e6520,South America 5V5 Queue,5v5,1787285913
d7cfe3be-cb1c-4f42-9d18-029a3ad13d91,1-5d3c4630-2cb1-48f9-9e49-d78b06f2519e,South America 5V5 Queue,5v5,1787283632
d7cfe3be-cb1c-4f42-9d18-029a3ad13d91,1-dce0a774-1ac9-422d-b8d9-3f83374b441b,South America 5V5 Queue,5v5,1787209166
d7cfe3be-cb1c-4f42-9d18-029a3ad13d91,1-717990ef-360d-463a-8811-4bff2362d029,South America 5V5 Queue,5v5,1787206456
d7cfe3be-cb1c-4f42-9d18-029a3ad13d91,1-709a82ad-f4b0-48f6-ba05-f9d64c5527e7,South America 5V5 Queue,5v5,1787203608
d7cfe3be-cb1c-4f42-9d18-029a3ad13d91,1-acc19c1d-da5c-434b-9f20-3aff0c042e88,South America 5V5 Queue,5v5,1787200059
d7cfe3be-cb1c-4f42-9d18-029a3ad13d91,1-108afb30-cca8-4af6-b341-d1858c0535b9,South America 5V5 Queue,5v5,1787194665
d7cfe3be-cb1c-4f42-9d18-029a3ad13d91,1-602c3ca7-735c-4180-86bf-b482b04639e6,South America 5V5 Queue,5v5,1787191938
d7cfe3be-cb1c-4f42-9d18-029a3ad13d91,1-304664b0-b38b-47d4-95f3-310765276432,South America 5V5 Queue,5v5,1787123485
d7cfe3be-cb1c-4f42-9d18-029a3ad13d91,1-6c047b55-cf28-49a1-9e37-11acba74a806,South America 5V5 Queue,5v5,1787119257
d7cfe3be-cb1c-4f42-9d18-029a3ad13d91,1-78912219-3cef-4c3f-a5e8-5bac7acda2d6,South America 5V5 Queue,5v5,1787116488
d7cfe3be-cb1c-4f42-9d18-029a3ad13d91,1-4e5bfbe9-498f-4e51-82fe-43695e03cef6,South America 5V5 Queue,5v5,1787113610
d7cfe3be-cb1c-4f42-9d18-029a3ad13d91,1-a38a27ea-a4b9-4c14-b3ef-ae2a8edcabbe,South America 5V5 Queue,5v5,1787111249
d7cfe3be-cb1c-4f42-9d18-029a3ad13d91,1-83cc282f-991f-4e81-972f-6737c7f2db91,South America 5V5 Queue,5v5,1787084060
d7cfe3be-cb1c-4f42-9d18-029a3ad13d91,1-33fd7a42-0bc3-4a0c-9502-279e3517b365,South America 5V5 Queue,5v5,1787033096
d7cfe3be-cb1c-4f42-9d18-029a3ad13d91,1-178e1e97-9aaf-47fc-8b64-01959cc99776,South America 5V5 Queue,5v5,1787030860
d7cfe3be-cb1c-4f42-9d18-029a3ad13d91,1-62407d2d-319e-49a4-80d8-fbf451b87fd5,South America 5V5 Queue,5v5,1787027478
d7cfe3be-cb1c-4f42-9d18-029a3ad13d91,1-685ec8a0-c847-4f33-a806-36c80c358ef9,South America 5V5 Queue,5v5,1787021792
309cbdb0-4955-4a2a-a0e0-6b4be1194a06,1-89c4cf95-07e6-4d64-98a7-2992a3961fbe,South America 5V5 Queue,5v5,1787674597
309cbdb0-4955-4a2a-a0e0-6b4be1194a06,1-cc2bcf14-e4db-4162-af51-27de4d6c9985,South America 5V5 Queue,5v5,1787670153
309cbdb0-4955-4a2a-a0e0-6b4be1194a06,1-2095f022-3239-4e7e-9b8d-f5a5d506c6ba,South America 5V5 Queue,5v5,1787614167
309cbdb0-4955-4a2a-a0e0-6b4be1194a06,1-f3627231-8ffd-482e-a873-0b3810dd7d7d,South America 5V5 Queue,5v5,1787609008
309cbdb0-4955-4a2a-a0e0-6b4be1194a06,1-4b8c251d-66f8-4368-8ef9-9f8d3d1a190f,South America 5V5 Queue,5v5,1787607883
309cbdb0-4955-4a2a-a0e0-6b4be1194a06,1-fc091b38-3c1a-44bd-89ae-d14a770010ea,South America 5V5 Queue,5v5,1787542567
309cbdb0-4955-4a2a-a0e0-6b4be1194a06,1-927cfab2-40b9-4046-b098-defef06b309c,South America 5V5 Queue,5v5,1787539649
309cbdb0-4955-4a2a-a0e0-6b4be1194a06,1-7129580d-6f67-435d-bb74-131e4d3b4249,South America 5V5 Queue,5v5,1787536903
309cbdb0-4955-4a2a-a0e0-6b4be1194a06,1-5ef84f36-9521-4b00-b83d-48e492daf634,South America 5V5 Queue,5v5,1787530879
309cbdb0-4955-4a2a-a0e0-6b4be1194a06,1-224de08f-5234-4893-9b50-16b56e1a4a3a,South America 5V5 Queue,5v5,1787446595
309cbdb0-4955-4a2a-a0e0-6b4be1194a06,1-6cbb35df-3769-428e-bbb4-de42f9b5e607,South America 5V5 Queue,5v5,1787444898
309cbdb0-4955-4a2a-a0e0-6b4be1194a06,1-5255c114-3d85-4f61-b026-9c7bc0b52765,South America 5V5 Queue,5v5,1787442223
309cbdb0-4955-4a2a-a0e0-6b4be1194a06,1-df9b643c-ff09-4047-b7b8-b0ce72359a25,South America 5V5 Queue,5v5,1787351333
309cbdb0-4955-4a2a-a0e0-6b4be1194a06,1-11ba262f-749c-488f-8c6b-038accf049b7,South America 5V5 Queue,5v5,1787348483
309cbdb0-4955-4a2a-a0e0-6b4be1194a06,1-3619978a-cf85-4557-b1ba-bd2d0ce4e41e,South America 5V5 Queue,5v5,1787346017
309cbdb0-4955-4a2a-a0e0-6b4be1194a06,1-e2d30d06-a7a2-4a8f-9e60-dc8c119c17c5,South America 5V5 Queue,5v5,1787152583
309cbdb0-4955-4a2a-a0e0-6b4be1194a06,1-11ea32cd-7654-454b-9f48-3229860a6fc7,South America 5V5 Queue,5v5,1787068269
309cbdb0-4955-4a2a-a0e0-6b4be1194a06,1-9d599096-d69d-4fcd-a01b-f4c4d109176c,South America 5V5 Queue,5v5,1787065992
309cbdb0-4955-4a2a-a0e0-6b4be1194a06,1-3b658d4d-0915-4ffb-8f1c-37287682952c,South America 5V5 Queue,5v5,1787014345
309cbdb0-4955-4a2a-a0e0-6b4be1194a06,1-f97bb1b0-c117-4b8d-943b-15a2cae42280,South America 5V5 Queue,5v5,1787011918
309cbdb0-4955-4a2a-a0e0-6b4be1194a06,1-a7af939e-7f81-4046-937c-618b0d7a3e18,South America 5V5 Queue,5v5,1787009380
309cbdb0-4955-4a2a-a0e0-6b4be1194a06,1-efe25bfc-32a8-4c7a-ae52-66d57347ef0d,South America 5V5 Queue,5v5,1787006416
309cbdb0-4955-4a2a-a0e0-6b4be1194a06,1-d68f6826-ba7b-473f-88db-dace8fd74288,South America 5V5 Queue,5v5,1786935919
309cbdb0-4955-4a2a-a0e0-6b4be1194a06,1-7d3e4ab2-3d0f-45e3-b950-a3ebf2da2fbd,South America 5V5 Queue,5v5,1786933198
309cbdb0-4955-4a2a-a0e0-6b4be1194a06,1-2911ea82-2de7-474b-b285-4071062a63ae,South America 5V5 Queue,5v5,1786929060
309cbdb0-4955-4a2a-a0e0-6b4be1194a06,1-be26522c-4c44-422d-b822-4026c243d939,South America 5V5 Queue,5v5,1786925905
309cbdb0-4955-4a2a-a0e0-6b4be1194a06,1-4f1c3884-30ec-45bb-99ef-222868fb2522,South America 5V5 Queue,5v5,1786751015
309cbdb0-4955-4a2a-a0e0-6b4be1194a06,1-e0899ad2-fa1e-4e25-9fed-949c6be7a056,South America 5V5 Queue,5v5,1786748088
309cbdb0-4955-4a2a-a0e0-6b4be1194a06,1-6359e935-30c9-45b0-a727-6bfe199870e1,South America 5V5 Queue,5v5,1786492899
309cbdb0-4955-4a2a-a0e0-6b4be1194a06,1-6d3e85a0-b64f-4845-9ca6-fdce29e77e18,South America 5V5 Queue,5v5,1786490145
4d284a9f-6d08-4897-9ab6-01e93912e37a,1-263eb2ab-5594-464c-8216-89a1f1f0b7f9,South America 5V5 Queue,5v5,1787525581
4d284a9f-6d08-4897-9ab6-01e93912e37a,1-c27f2b56-460b-4294-9619-c6e2b8e7a8bb,South America 5V5 Queue,5v5,1787522136
4d284a9f-6d08-4897-9ab6-01e93912e37a,1-61931e0e-d2e4-448d-bc39-7c37e496660e,South America 5V5 Queue,5v5,1787519118
4d284a9f-6d08-4897-9ab6-01e93912e37a,1-0b3ae9b8-e243-40eb-a18e-da7ddae710cd,South America 5V5 Queue,5v5,1787190624
4d284a9f-6d08-4897-9ab6-01e93912e37a,1-f9e7fe68-596b-44af-a749-1f2068e55c4d,South America 5V5 Queue,5v5,1787111190
4d284a9f-6d08-4897-9ab6-01e93912e37a,1-bad6b0d4-40ae-48dc-a1fd-3fdb74f29a00,South America 5V5 Queue,5v5,1787107387
4d284a9f-6d08-4897-9ab6-01e93912e37a,1-88a223aa-461a-48e7-8cb9-d423fbb6574b,South America 5V5 Queue,5v5,1786757739
4d284a9f-6d08-4897-9ab6-01e93912e37a,1-62086af5-e0b7-427b-9bbf-0b94bccd502d,South America 5V5 Queue,5v5,1786753740
4d284a9f-6d08-4897-9ab6-01e93912e37a,1-43a27b4a-8c23-4cef-ab61-340928e59944,South America 5V5 Queue,5v5,1786721318
4d284a9f-6d08-4897-9ab6-01e93912e37a,1-de114a33-7b55-4f23-b600-17ab9acf6041,South America 5V5 Queue,5v5,1786587260
4d284a9f-6d08-4897-9ab6-01e93912e37a,1-e122a38e-1f08-42c1-949b-77d1dcdc41e7,South America 5V5 Queue,5v5,1786583031
4d284a9f-6d08-4897-9ab6-01e93912e37a,1-2d9a03c4-035c-46c2-8481-f6ef48c00802,South America 5V5 Queue,5v5,1786558267
4d284a9f-6d08-4897-9ab6-01e93912e37a,1-d84e0045-fc19-4c6a-9dab-ae3f3904f1b2,South America 5V5 Queue,5v5,1786555237
4d284a9f-6d08-4897-9ab6-01e93912e37a,1-cba81f06-c20f-4b4c-8379-0bf2a85c810b,South America 5V5 Queue,5v5,1786552607
4d284a9f-6d08-4897-9ab6-01e93912e37a,1-3d2b287d-7707-4d38-a3f8-e2d4bea62de0,South America 5V5 Queue,5v5,1786473377
4d284a9f-6d08-4897-9ab6-01e93912e37a,1-9de5dec8-41ac-47f4-9284-a569f95f4c66,South America 5V5 Queue,5v5,1786470059
4d284a9f-6d08-4897-9ab6-01e93912e37a,1-5bfa90d8-145a-4315-b029-2da6b0bbe823,South America 5V5 Queue,5v5,1786466640
4d284a9f-6d08-4897-9ab6-01e93912e37a,1-958919f5-56fd-451d-8fe6-bd14e778c2d9,South America 5V5 Queue,5v5,1786462558
4d284a9f-6d08-4897-9ab6-01e93912e37a,1-82e239a2-380e-4214-b270-87470044ef2c,South America 5V5 Queue,5v5,1786327976
4d284a9f-6d08-4897-9ab6-01e93912e37a,1-2f99c090-a364-4434-af2d-de367fa46e06,South America 5V5 Queue,5v5,1786325827
4d284a9f-6d08-4897-9ab6-01e93912e37a,1-e061050b-26ed-4b62-9812-ab0c3e4b9d2f,South America 5V5 Queue,5v5,1786218117
4d284a9f-6d08-4897-9ab6-01e93912e37a,1-64a4c59c-78ae-4c5c-8b36-d97a327998c7,South America 5V5 Queue,5v5,1785978429
4d284a9f-6d08-4897-9ab6-01e93912e37a,1-2a1b3faf-4d8d-4136-8c03-742863aad9dd,South America 5V5 Queue,5v5,1785973655
4d284a9f-6d08-4897-9ab6-01e93912e37a,1-a1afa759-f696-4abf-a99f-54edf6132db0,South America 5V5 Queue,5v5,1782874623
4d284a9f-6d08-4897-9ab6-01e93912e37a,1-5d7ada54-3ef6-4892-a494-7d43660d9be0,South America 5V5 Queue,5v5,1782327854
4d284a9f-6d08-4897-9ab6-01e93912e37a,1-30deca69-7754-4c4c-aa0c-826e0ed1ac60,South America 5V5 Queue,5v5,1782325015
4d284a9f-6d08-4897-9ab6-01e93912e37a,1-e95ca70a-2c97-4984-9919-7b8194c1a9a4,South America 5V5 Queue,5v5,1782322574
4d284a9f-6d08-4897-9ab6-01e93912e37a,1-2e6ddb63-c0dd-42f6-93c8-004b1ef77bc6,South America 5V5 Queue,5v5,1782317368
4d284a9f-6d08-4897-9ab6-01e93912e37a,1-b0075488-9a6a-41f4-ac49-1b6c9e273ba8,South America 5V5 Queue,5v5,1782313916
4d284a9f-6d08-4897-9ab6-01e93912e37a,1-7b66ea0f-1b8f-4de0-9403-fcae3a8d4ca1,South America 5V5 Queue,5v5,1782268917
146275cb-d1f6-40e3-b811-7aae69d7c86f,1-c32f0048-ab02-4c35-81ed-58a9cad2cfdc,South America 5V5 Queue,5v5,1787693304
146275cb-d1f6-40e3-b811-7aae69d7c86f,1-0a3bf2aa-6a26-4d04-a4ce-9b6d79cf6b17,South America 5V5 Queue,5v5,1787509995
146275cb-d1f6-40e3-b811-7aae69d7c86f,1-23af8114-26cd-4581-98fc-ab22cfbc8c25,South America 5V5 Queue,5v5,1787507954
146275cb-d1f6-40e3-b811-7aae69d7c86f,1-cfb752b9-bbeb-49e4-9565-9fda2c217839,South America 5V5 Queue,5v5,1787504694
146275cb-d1f6-40e3-b811-7aae69d7c86f,1-683227f5-9fe6-4ca8-b78e-a54749216ec7,South America 5V5 Queue,5v5,1787087705
146275cb-d1f6-40e3-b811-7aae69d7c86f,1-a56efba9-eb6d-4b4d-ac49-057e6544a133,South America 5V5 Queue,5v5,1787082955
146275cb-d1f6-40e3-b811-7aae69d7c86f,1-fa9c3b00-32d9-4a1f-8cc1-9e57a4d14670,South America 5V5 Queue,5v5,1787001236
146275cb-d1f6-40e3-b811-7aae69d7c86f,1-ccd33f94-7c1e-4f5f-8f11-ba64ad58b1f3,South America 5V5 Queue,5v5,1786998412
146275cb-d1f6-40e3-b811-7aae69d7c86f,1-c3478114-aeae-4795-8853-2c3de47d5d10,CCT 2026 South America 5 - Open Qualifier,5v5,1786827616
146275cb-d1f6-40e3-b811-7aae69d7c86f,1-0c4fa4ab-6fcb-49f2-938d-952cf446bd14,CCT 2026 South America 5 - Open Qualifier,5v5,1786827030
146275cb-d1f6-40e3-b811-7aae69d7c86f,1-dd5850a0-0ea8-4a15-95c0-ec5925729a0c,CCT 2026 South America 5 - Open Qualifier,5v5,1786822304
146275cb-d1f6-40e3-b811-7aae69d7c86f,1-06bd188e-ed46-465b-8b7b-518571e7fde7,CCT 2026 South America 5 - Open Qualifier,5v5,1786817621
146275cb-d1f6-40e3-b811-7aae69d7c86f,1-3e2afc5a-10ac-4dca-9e13-ac57dbd27601,CCT 2026 South America 5 - Open Qualifier,5v5,1786815637
146275cb-d1f6-40e3-b811-7aae69d7c86f,1-54fe33e2-f49b-4337-8c92-82fa9ef7644c,South America 5V5 Queue,5v5,1786559222
146275cb-d1f6-40e3-b811-7aae69d7c86f,1-175c0406-9e84-4e32-8c79-558fafc75cdb,South America 5V5 Queue,5v5,1786555217
146275cb-d1f6-40e3-b811-7aae69d7c86f,1-44a06bbf-7040-4e54-a541-fc18baa2c994,South America 5V5 Queue,5v5,1786476666
146275cb-d1f6-40e3-b811-7aae69d7c86f,1-a153f231-ab90-4b1c-9689-9563d6a01b3f,South America 5V5 Queue,5v5,1786474415
146275cb-d1f6-40e3-b811-7aae69d7c86f,1-3a70eb9b-fd8d-47b4-86e2-2237da3b28e9,South America 5V5 Queue,5v5,1786471617
146275cb-d1f6-40e3-b811-7aae69d7c86f,1-33212b9c-1720-404b-99d9-7c6c3b6c0728,South America 5V5 Queue,5v5,1786414530
146275cb-d1f6-40e3-b811-7aae69d7c86f,1-e4344c63-3669-4cb3-bccd-177e79bd9d9d,South America 5V5 Queue,5v5,1786410060
146275cb-d1f6-40e3-b811-7aae69d7c86f,1-db8fd4b2-697c-42cb-9d2f-be5626c9da7f,South America 5V5 Queue,5v5,1786079010
146275cb-d1f6-40e3-b811-7aae69d7c86f,1-0c7e17de-6d75-45cc-bac6-9163ad5266e3,South America 5V5 Queue,5v5,1786076828
146275cb-d1f6-40e3-b811-7aae69d7c86f,1-7db1355c-1e11-4190-b6aa-a0165fbac17a,South America 5V5 Queue,5v5,1785990053
146275cb-d1f6-40e3-b811-7aae69d7c86f,1-147c5bc9-71c6-4498-877f-623fa80e5944,CCT 2026 Challengers South America 2 - Open Qualifier 1,5v5,1785614135
146275cb-d1f6-40e3-b811-7aae69d7c86f,1-8f3fe054-dcee-4033-89da-032b5a82fa13,CCT 2026 Challengers South America 2 - Open Qualifier 1,5v5,1785611842
146275cb-d1f6-40e3-b811-7aae69d7c86f,1-704204b6-33d6-41da-a636-eb30b7840f4d,CCT 2026 Challengers South America 2 - Open Qualifier 1,5v5,1785607366
146275cb-d1f6-40e3-b811-7aae69d7c86f,1-1b96733c-6626-4be9-9639-7ce9da85151b,South America 5V5 Queue,5v5,1784174758
146275cb-d1f6-40e3-b811-7aae69d7c86f,1-b5d379d9-3167-4f3e-b704-8b4b953c1901,South America 2 - RES Showdown 4: BLAST Open Qualifier,5v5,1783260193
146275cb-d1f6-40e3-b811-7aae69d7c86f,1-19e7fc7e-cd65-40ee-9485-f1e4975170a3,South America 2 - RES Showdown 4: BLAST Open Qualifier,5v5,1783257782
146275cb-d1f6-40e3-b811-7aae69d7c86f,1-0964d523-6355-4d94-bee8-1a863a3919f6,South America 5V5 Queue,5v5,1783211830
09869807-7afb-4786-9d98-e2f4a4f37bda,1-b0fe4be9-6de4-416c-acad-1fd247371f0e,South America 5V5 Queue,5v5,1787688460
09869807-7afb-4786-9d98-e2f4a4f37bda,1-25c628e7-5169-4a92-adc6-77ccd469482d,South America 5V5 Queue,5v5,1787679420
09869807-7afb-4786-9d98-e2f4a4f37bda,1-7e3a9429-faa4-4ec5-9ab0-5e274cdaec62,South America 5V5 Queue,5v5,1787612502
09869807-7afb-4786-9d98-e2f4a4f37bda,1-f26a81f6-e707-4dd4-816e-baf5eccee052,South America 5V5 Queue,5v5,1787609237
09869807-7afb-4786-9d98-e2f4a4f37bda,1-937eef98-1a9e-4c22-a6ba-ba0ed7cac576,South America 5V5 Queue,5v5,1787605157
09869807-7afb-4786-9d98-e2f4a4f37bda,1-aed29fb1-270b-4629-b6a4-82c71ce1ad78,South America 5V5 Queue,5v5,1787530238
09869807-7afb-4786-9d98-e2f4a4f37bda,1-c8949e7f-e436-4376-9f84-c5c22f579517,South America 5V5 Queue,5v5,1787526999
09869807-7afb-4786-9d98-e2f4a4f37bda,1-ee9f123d-ef51-4174-b2e1-3c4e9dae3b6d,South America 5V5 Queue,5v5,1787524499
09869807-7afb-4786-9d98-e2f4a4f37bda,1-6a840e8d-b9a3-49ab-b885-eeef6b003d8d,South America 5V5 Queue,5v5,1787522144
09869807-7afb-4786-9d98-e2f4a4f37bda,1-d877ee66-be8f-475d-8046-de3ad368549d,South America 5V5 Queue,5v5,1787520069
09869807-7afb-4786-9d98-e2f4a4f37bda,1-df9b643c-ff09-4047-b7b8-b0ce72359a25,South America 5V5 Queue,5v5,1787351333
09869807-7afb-4786-9d98-e2f4a4f37bda,1-11ba262f-749c-488f-8c6b-038accf049b7,South America 5V5 Queue,5v5,1787348483
09869807-7afb-4786-9d98-e2f4a4f37bda,1-3619978a-cf85-4557-b1ba-bd2d0ce4e41e,South America 5V5 Queue,5v5,1787346017
09869807-7afb-4786-9d98-e2f4a4f37bda,1-c8db0e9b-3398-414c-9882-5f0b5755c176,South America 5V5 Queue,5v5,1787342502
09869807-7afb-4786-9d98-e2f4a4f37bda,1-6b132c02-ad21-482e-b6c7-014aca1a4e18,South America 5V5 Queue,5v5,1787293499
09869807-7afb-4786-9d98-e2f4a4f37bda,1-ffbe2be6-5968-4378-bf3a-e97e6d9564d8,South America 5V5 Queue,5v5,1787290238
09869807-7afb-4786-9d98-e2f4a4f37bda,1-853062ce-f905-4022-865b-9c15ea0557ad,South America 5V5 Queue,5v5,1787287428
09869807-7afb-4786-9d98-e2f4a4f37bda,1-c5173cbe-6481-4ab2-abdf-6ed27cd81e75,South America 5V5 Queue,5v5,1787285056
09869807-7afb-4786-9d98-e2f4a4f37bda,1-7839bb77-4529-48d9-8332-1a252cf9eba2,South America 5V5 Queue,5v5,1787282894
09869807-7afb-4786-9d98-e2f4a4f37bda,1-609529ed-9fa4-483d-a956-46574432f6f3,South America 5V5 Queue,5v5,1787280669
09869807-7afb-4786-9d98-e2f4a4f37bda,1-e1b57c03-0e71-48e1-9125-d2c1493906c9,South America 5V5 Queue,5v5,1787278429
09869807-7afb-4786-9d98-e2f4a4f37bda,1-fa6ed046-37b2-45a2-be89-d9948018d847,South America 5V5 Queue,5v5,1787269681
09869807-7afb-4786-9d98-e2f4a4f37bda,1-e1639419-3c72-48e9-a049-529725cdc794,South America 5V5 Queue,5v5,1787266628
09869807-7afb-4786-9d98-e2f4a4f37bda,1-a145922c-4b44-47d5-99d7-306a136dcc4a,South America 5V5 Queue,5v5,1787257714
09869807-7afb-4786-9d98-e2f4a4f37bda,1-10e3628c-c097-4a12-8671-da96e00abae5,South America 5V5 Queue,5v5,1787255751
09869807-7afb-4786-9d98-e2f4a4f37bda,1-a454cae3-a663-41be-a8e9-5ac9569b07c4,South America 5V5 Queue,5v5,1787253586
09869807-7afb-4786-9d98-e2f4a4f37bda,1-24643d65-5676-45ec-9f6a-bbaa864d258e,South America 5V5 Queue,5v5,1787201513
09869807-7afb-4786-9d98-e2f4a4f37bda,1-f1f1fd1d-6e97-4453-a140-8be7c08ed73a,South America 5V5 Queue,5v5,1787199088
09869807-7afb-4786-9d98-e2f4a4f37bda,1-76085f7a-d4c3-4fdc-86a7-297d1cb16100,South America 5V5 Queue,5v5,1787196097
09869807-7afb-4786-9d98-e2f4a4f37bda,1-871f170f-57a8-4a2c-a248-16cf25864c33,South America 5V5 Queue,5v5,1787193464
83406320-b332-4d23-b599-0ed9c4472a06,1-3c119ffd-72f0-416d-9115-a8904df22fb1,South America 5V5 Queue,5v5,1787693749
83406320-b332-4d23-b599-0ed9c4472a06,1-bdcad6b6-639a-47c1-a18b-5709c8e374ca,South America 5V5 Queue,5v5,1787690445
83406320-b332-4d23-b599-0ed9c4472a06,1-dc9c7aac-9a8d-4fee-a25d-112a14d5b97f,South America 5V5 Queue,5v5,1787686672
83406320-b332-4d23-b599-0ed9c4472a06,1-b5da976c-f4da-4612-b9de-c81f832358c0,South America 5V5 Queue,5v5,1787682813
83406320-b332-4d23-b599-0ed9c4472a06,1-8ed2079e-805d-4245-aa5b-10657480f734,South America 5V5 Queue,5v5,1787680330
83406320-b332-4d23-b599-0ed9c4472a06,1-2095f022-3239-4e7e-9b8d-f5a5d506c6ba,South America 5V5 Queue,5v5,1787614167
83406320-b332-4d23-b599-0ed9c4472a06,1-6702bf46-82ed-495a-b926-b4d19b7957c2,South America 5V5 Queue,5v5,1787610730
83406320-b332-4d23-b599-0ed9c4472a06,1-0c1ca80f-776d-46d9-be8b-f8aa515f931e,South America 5V5 Queue,5v5,1787608451
83406320-b332-4d23-b599-0ed9c4472a06,1-ef483ce1-b652-4b5d-a672-a89b15875f1b,South America 5V5 Queue,5v5,1787605517
83406320-b332-4d23-b599-0ed9c4472a06,1-52adc3ee-d43c-4fab-a5a4-3316aff3d6be,South America 5V5 Queue,5v5,1787600581
83406320-b332-4d23-b599-0ed9c4472a06,1-50d677ad-3d0b-4a12-893e-3a813473ff3f,South America 5V5 Queue,5v5,1787596637
83406320-b332-4d23-b599-0ed9c4472a06,1-77be4023-3365-4ba0-b651-658a0a97ede6,South America 5V5 Queue,5v5,1787593841
83406320-b332-4d23-b599-0ed9c4472a06,1-6a840e8d-b9a3-49ab-b885-eeef6b003d8d,South America 5V5 Queue,5v5,1787522144
83406320-b332-4d23-b599-0ed9c4472a06,1-d877ee66-be8f-475d-8046-de3ad368549d,South America 5V5 Queue,5v5,1787520069
83406320-b332-4d23-b599-0ed9c4472a06,1-0bcf9520-b11a-48be-b1a0-88dc33ba2865,South America 5V5 Queue,5v5,1787517498
83406320-b332-4d23-b599-0ed9c4472a06,1-1059f499-c4ae-4a25-b6e2-99630ac1d4f4,South America 5V5 Queue,5v5,1787513669
83406320-b332-4d23-b599-0ed9c4472a06,1-0a3bf2aa-6a26-4d04-a4ce-9b6d79cf6b17,South America 5V5 Queue,5v5,1787509995
83406320-b332-4d23-b599-0ed9c4472a06,1-f492cc42-9749-45d1-8964-db59303f01eb,South America 5V5 Queue,5v5,1787354611
83406320-b332-4d23-b599-0ed9c4472a06,1-99ff63aa-b6fa-4764-a9cd-1102970b25ec,South America 5V5 Queue,5v5,1787352205
83406320-b332-4d23-b599-0ed9c4472a06,1-0f04e97c-1f53-429a-9ccb-4c778e0a969d,South America 5V5 Queue,5v5,1787349387
83406320-b332-4d23-b599-0ed9c4472a06,1-5f187c21-d1df-429c-b6d3-b84b2a413db5,South America 5V5 Queue,5v5,1787346866
83406320-b332-4d23-b599-0ed9c4472a06,1-21afae4d-9a79-4138-9279-d916a04aed9c,South America 5V5 Queue,5v5,1787344188
83406320-b332-4d23-b599-0ed9c4472a06,1-8e190ca7-7c42-40f6-9319-1b3df89ab8bb,South America 5V5 Queue,5v5,1787340299
83406320-b332-4d23-b599-0ed9c4472a06,1-87880dc5-60f7-49a4-91b1-b9101bd328dd,South America 5V5 Queue,5v5,1787336585
83406320-b332-4d23-b599-0ed9c4472a06,1-e1639419-3c72-48e9-a049-529725cdc794,South America 5V5 Queue,5v5,1787266628
83406320-b332-4d23-b599-0ed9c4472a06,1-1f2f088c-6d11-4f51-bc54-07e1db54dbbc,South America 5V5 Queue,5v5,1787264368
83406320-b332-4d23-b599-0ed9c4472a06,1-fd5dd0a1-184a-4f70-85fd-5aceb46604a2,South America 5V5 Queue,5v5,1787262131
83406320-b332-4d23-b599-0ed9c4472a06,1-cb31fca8-a4fb-44d6-82c1-1932f70ddfff,South America 5V5 Queue,5v5,1787258400
83406320-b332-4d23-b599-0ed9c4472a06,1-60179a89-7e53-4b61-883a-afd9404a07ba,South America 5V5 Queue,5v5,1787255219
83406320-b332-4d23-b599-0ed9c4472a06,1-e356f9df-42f8-4e1e-a610-17634a9f0c68,South America 5V5 Queue,5v5,1787183786
4ee1fe2d-a080-4dfb-8a1a-f3426412af1a,1-d604eb93-7d78-4cec-8722-df1f1b1b3d07,South America 5V5 Queue,5v5,1787694901
4ee1fe2d-a080-4dfb-8a1a-f3426412af1a,1-816ff3d2-9d94-4270-956d-3e82ca0c1cea,South America 5V5 Queue,5v5,1787692347
4ee1fe2d-a080-4dfb-8a1a-f3426412af1a,1-dc521ebf-e23c-499a-a189-cdea32b183d5,South America 5V5 Queue,5v5,1787689748
4ee1fe2d-a080-4dfb-8a1a-f3426412af1a,1-7fabcd92-8146-4f6d-996c-00595cb54c26,South America 5V5 Queue,5v5,1787685775
4ee1fe2d-a080-4dfb-8a1a-f3426412af1a,1-746fb236-92b2-4cea-898e-487985c357ba,South America 5V5 Queue,5v5,1787682706
4ee1fe2d-a080-4dfb-8a1a-f3426412af1a,1-df2fcb19-d92f-4314-9db5-410178d7071a,South America 5V5 Queue,5v5,1787679140
4ee1fe2d-a080-4dfb-8a1a-f3426412af1a,1-3ba010b7-eae5-416b-93b2-2755e73ce0e8,South America 5V5 Queue,5v5,1787677134
4ee1fe2d-a080-4dfb-8a1a-f3426412af1a,1-919a07ad-0ed8-4252-8d5b-4908e58f85af,South America 5V5 Queue,5v5,1787670800
4ee1fe2d-a080-4dfb-8a1a-f3426412af1a,1-0d604a3a-9ce3-44b1-a842-20a1aed9e021,South America 5V5 Queue,5v5,1787668056
4ee1fe2d-a080-4dfb-8a1a-f3426412af1a,1-9cf7339b-0d13-4690-a982-87eca76a15d0,South America 5V5 Queue,5v5,1787607625
4ee1fe2d-a080-4dfb-8a1a-f3426412af1a,1-b17f3f33-11e7-4df5-a198-f15cace898f9,South America 5V5 Queue,5v5,1787604526
4ee1fe2d-a080-4dfb-8a1a-f3426412af1a,1-67db9f06-853e-49d9-9ef2-ca902f38895d,South America 5V5 Queue,5v5,1787601714
4ee1fe2d-a080-4dfb-8a1a-f3426412af1a,1-b367c295-c964-4f6a-a624-ca7eae95255f,South America 5V5 Queue,5v5,1787599620
4ee1fe2d-a080-4dfb-8a1a-f3426412af1a,1-50d677ad-3d0b-4a12-893e-3a813473ff3f,South America 5V5 Queue,5v5,1787596637
4ee1fe2d-a080-4dfb-8a1a-f3426412af1a,1-408702aa-3a73-4aee-ace1-c5d7c16abf21,South America 5V5 Queue,5v5,1787586307
4ee1fe2d-a080-4dfb-8a1a-f3426412af1a,1-11f5daf0-41b3-4ff7-9563-68781eb62c18,South America 5V5 Queue,5v5,1787580412
4ee1fe2d-a080-4dfb-8a1a-f3426412af1a,1-1643f680-004b-4039-8ca6-e0dbbb194afc,South America 5V5 Queue,5v5,1787563323
4ee1fe2d-a080-4dfb-8a1a-f3426412af1a,1-57d95e58-e33f-453b-bfc8-bf6a5478616b,South America 5V5 Queue,5v5,1787559296
4ee1fe2d-a080-4dfb-8a1a-f3426412af1a,1-f1e18f77-c811-4027-bba6-e2fbd9faab11,South America 5V5 Queue,5v5,1787556772
4ee1fe2d-a080-4dfb-8a1a-f3426412af1a,1-48af1a84-8a6b-4f72-85ea-001fc04b54f0,South America 5V5 Queue,5v5,1787553809
4ee1fe2d-a080-4dfb-8a1a-f3426412af1a,1-c7d517bc-dd0f-4142-837d-137447219249,South America 5V5 Queue,5v5,1787550711
4ee1fe2d-a080-4dfb-8a1a-f3426412af1a,1-7734a317-37b6-4884-b29d-6afe0290a8c3,South America 5V5 Queue,5v5,1787547645
4ee1fe2d-a080-4dfb-8a1a-f3426412af1a,1-1b8f7106-5112-4978-900c-d207ac8cb6f1,South America 5V5 Queue,5v5,1787492727
4ee1fe2d-a080-4dfb-8a1a-f3426412af1a,1-a7ad5740-62dc-4a8f-9d33-cd60480ca33a,South America 5V5 Queue,5v5,1787490693
4ee1fe2d-a080-4dfb-8a1a-f3426412af1a,1-73c3f430-e45e-4c5c-a5af-c33dec95ca3e,South America 5V5 Queue,5v5,1787486503
4ee1fe2d-a080-4dfb-8a1a-f3426412af1a,1-d2d2a271-83cb-407a-a6ab-0fff08dc1655,South America 5V5 Queue,5v5,1787481381
4ee1fe2d-a080-4dfb-8a1a-f3426412af1a,1-cf8b8d6d-3867-4a7d-a934-2905ee9874f1,South America 5V5 Queue,5v5,1787422600
4ee1fe2d-a080-4dfb-8a1a-f3426412af1a,1-8e6dfa22-7bd7-454f-9c5e-e51426a347d9,South America 5V5 Queue,5v5,1787420236
4ee1fe2d-a080-4dfb-8a1a-f3426412af1a,1-af0c92c3-b5ab-49b0-8be2-84458456134d,South America 5V5 Queue,5v5,1787417766
4ee1fe2d-a080-4dfb-8a1a-f3426412af1a,1-57b985de-a127-4d75-92b7-c98d73963eb4,South America 5V5 Queue,5v5,1787414942
ecab8304-b6fd-448f-ba7b-729398bc4a94,1-d1c35ce6-7e08-4240-89b5-96b9f13a3dd3,South America 5V5 Queue,5v5,1787611412
ecab8304-b6fd-448f-ba7b-729398bc4a94,1-b6573572-6068-41f8-bd67-4f1cb3a6f209,South America 5V5 Queue,5v5,1787609112
ecab8304-b6fd-448f-ba7b-729398bc4a94,1-b17f3f33-11e7-4df5-a198-f15cace898f9,South America 5V5 Queue,5v5,1787604526
ecab8304-b6fd-448f-ba7b-729398bc4a94,1-67db9f06-853e-49d9-9ef2-ca902f38895d,South America 5V5 Queue,5v5,1787601714
ecab8304-b6fd-448f-ba7b-729398bc4a94,1-32e68bfa-0483-484b-8b77-5a5b342a4242,South America 5V5 Queue,5v5,1787599482
ecab8304-b6fd-448f-ba7b-729398bc4a94,1-45ff93fe-808d-434e-a1e8-ad14a7a6a7ef,South America 5V5 Queue,5v5,1787595242
ecab8304-b6fd-448f-ba7b-729398bc4a94,1-11ba262f-749c-488f-8c6b-038accf049b7,South America 5V5 Queue,5v5,1787348483
ecab8304-b6fd-448f-ba7b-729398bc4a94,1-3619978a-cf85-4557-b1ba-bd2d0ce4e41e,South America 5V5 Queue,5v5,1787346017
ecab8304-b6fd-448f-ba7b-729398bc4a94,1-051d5db6-a6fb-43f1-a4bb-7ec59e91acf5,South America 5V5 Queue,5v5,1787342349
ecab8304-b6fd-448f-ba7b-729398bc4a94,1-8e190ca7-7c42-40f6-9319-1b3df89ab8bb,South America 5V5 Queue,5v5,1787340299
ecab8304-b6fd-448f-ba7b-729398bc4a94,1-f87b2358-0a2e-4b84-8748-3b3c60c9f78c,South America 5V5 Queue,5v5,1787264594
ecab8304-b6fd-448f-ba7b-729398bc4a94,1-41fbf226-45f7-4a60-955b-46aa2efd9569,South America 5V5 Queue,5v5,1787262360
ecab8304-b6fd-448f-ba7b-729398bc4a94,1-932f982c-eca4-4282-8297-53de0154a344,South America 5V5 Queue,5v5,1787256667
ecab8304-b6fd-448f-ba7b-729398bc4a94,1-721225ae-fbbf-4a58-a8bf-a06f4b5b554e,South America 5V5 Queue,5v5,1787254266
ecab8304-b6fd-448f-ba7b-729398bc4a94,1-126474d7-6db7-41fb-a62c-de5f50f02b52,South America 5V5 Queue,5v5,1787250759
ecab8304-b6fd-448f-ba7b-729398bc4a94,1-ea9e64ed-472a-4c2f-a0ea-a4ce8eb624fa,South America 5V5 Queue,5v5,1787246770
ecab8304-b6fd-448f-ba7b-729398bc4a94,1-e72e67a1-8c53-4d9c-8e2f-17864156dd61,South America 5V5 Queue,5v5,1787181333
ecab8304-b6fd-448f-ba7b-729398bc4a94,1-3e57f5a6-12c8-422c-9521-b9a9f0675e41,South America 5V5 Queue,5v5,1787178661
ecab8304-b6fd-448f-ba7b-729398bc4a94,1-c888212e-d686-4d67-b881-437bbd3a5ada,South America 5V5 Queue,5v5,1787175739
ecab8304-b6fd-448f-ba7b-729398bc4a94,1-656d1ed8-7899-45da-ac8c-c10a00bad500,South America 5V5 Queue,5v5,1787173058
ecab8304-b6fd-448f-ba7b-729398bc4a94,1-f3fc5b15-8047-42d9-9f8b-d5f220ed5873,South America 5V5 Queue,5v5,1787170340
ecab8304-b6fd-448f-ba7b-729398bc4a94,1-1140f485-0a57-457c-b867-2325ecae9726,South America 5V5 Queue,5v5,1787088421
ecab8304-b6fd-448f-ba7b-729398bc4a94,1-bccea553-f2f3-4a8e-ba84-bd2c467676aa,South America 5V5 Queue,5v5,1787084077
ecab8304-b6fd-448f-ba7b-729398bc4a94,1-79426695-9141-403e-8d5a-97bf559b4904,South America 5V5 Queue,5v5,1787078798
ecab8304-b6fd-448f-ba7b-729398bc4a94,1-d0119159-e73f-4113-8d0b-cfe4103ff0a0,South America 5V5 Queue,5v5,1787076245
ecab8304-b6fd-448f-ba7b-729398bc4a94,1-7594c509-1c7b-41c1-a9a6-866af5a0d53c,South America 5V5 Queue,5v5,1787004273
ecab8304-b6fd-448f-ba7b-729398bc4a94,1-fa9c3b00-32d9-4a1f-8cc1-9e57a4d14670,South America 5V5 Queue,5v5,1787001236
ecab8304-b6fd-448f-ba7b-729398bc4a94,1-ccd33f94-7c1e-4f5f-8f11-ba64ad58b1f3,South America 5V5 Queue,5v5,1786998412
ecab8304-b6fd-448f-ba7b-729398bc4a94,1-589be399-4a05-4fd7-9519-66658ad325fc,South America 5V5 Queue,5v5,1786993358
ecab8304-b6fd-448f-ba7b-729398bc4a94,1-16dca681-3c8d-4b97-8b50-10b819583054,South America 5V5 Queue,5v5,1786990469
6b707363-7f72-416d-8af6-27390611af1c,1-89c4cf95-07e6-4d64-98a7-2992a3961fbe,South America 5V5 Queue,5v5,1787674597
6b707363-7f72-416d-8af6-27390611af1c,1-408fac9e-6de8-45d3-97ca-fb70a882ff25,South America 5V5 Queue,5v5,1787637260
6b707363-7f72-416d-8af6-27390611af1c,1-88a4212d-2292-4443-87ba-98955d5518a1,South America 5V5 Queue,5v5,1787623541
6b707363-7f72-416d-8af6-27390611af1c,1-43c6546b-6f0a-42d5-abed-624f0fce5f33,South America 5V5 Queue,5v5,1787621325
6b707363-7f72-416d-8af6-27390611af1c,1-6dc3a0ed-e0e6-48ea-b4f8-7325f74a3325,South America 5V5 Queue,5v5,1787538649
6b707363-7f72-416d-8af6-27390611af1c,1-580a3c13-beb4-4097-b2b1-dd5577caa3f0,South America 5V5 Queue,5v5,1787521905
6b707363-7f72-416d-8af6-27390611af1c,1-9585d2f9-8bfe-43e6-9742-d2ce60b5f631,South America 5V5 Queue,5v5,1787272097
6b707363-7f72-416d-8af6-27390611af1c,1-0826736e-47bb-4704-b010-954018509d07,South America 5V5 Queue,5v5,1787181874
6b707363-7f72-416d-8af6-27390611af1c,1-43d293ef-285c-4d6c-8c52-f1d54876a12b,South America 5V5 Queue,5v5,1787094446
6b707363-7f72-416d-8af6-27390611af1c,1-a2177c23-46c9-4ebe-be56-aea24daa8a91,South America 5V5 Queue,5v5,1787090380
6b707363-7f72-416d-8af6-27390611af1c,1-61feb972-66c3-4a73-b927-787c4c7ffd04,South America 5V5 Queue,5v5,1787026226
6b707363-7f72-416d-8af6-27390611af1c,1-35d7c507-edf0-49f1-8714-eec34c411f4a,South America 5V5 Queue,5v5,1787017466
6b707363-7f72-416d-8af6-27390611af1c,1-e5bc3c60-d26d-4b2c-8666-86be3b4baebb,South America 5V5 Queue,5v5,1787012998
6b707363-7f72-416d-8af6-27390611af1c,1-1839f4f7-0379-4714-9bcd-52f254866bea,South America 5V5 Queue,5v5,1786991592
6b707363-7f72-416d-8af6-27390611af1c,1-9b901eaa-57e9-41fe-a34c-7911136a3bb8,South America 5V5 Queue,5v5,1786918548
6b707363-7f72-416d-8af6-27390611af1c,1-c8e2e88f-d07b-410d-8f6e-50d5cb83e9f0,South America 5V5 Queue,5v5,1786916027
6b707363-7f72-416d-8af6-27390611af1c,1-cff0d612-b67e-4625-84e6-2ac8013c89f1,South America 5V5 Queue,5v5,1786908702
6b707363-7f72-416d-8af6-27390611af1c,1-2603ae3f-1ad0-475e-9e7f-bb85039ed75b,South America 5V5 Queue,5v5,1786899354
6b707363-7f72-416d-8af6-27390611af1c,1-7de1ba02-5900-4a2b-8e76-7437e75b9b18,South America 5V5 Queue,5v5,1786895414
6b707363-7f72-416d-8af6-27390611af1c,1-0fcc3fab-8cb4-45e4-8e3e-c86ea47a98a7,South America 5V5 Queue,5v5,1786855867
6b707363-7f72-416d-8af6-27390611af1c,1-35c86d17-3ed4-4efe-b271-09e9606e4ff3,South America 5V5 Queue,5v5,1786853510
6b707363-7f72-416d-8af6-27390611af1c,1-61b03252-b159-4e2e-a51b-307a1ded201e,South America 5V5 Queue,5v5,1786851108
6b707363-7f72-416d-8af6-27390611af1c,1-d805b590-b004-4452-95ff-365de3ce89f9,South America 5V5 Queue,5v5,1786848947
6b707363-7f72-416d-8af6-27390611af1c,1-693261fd-8bd0-49bf-8ed9-de85b68b3e6a,South America 5V5 Queue,5v5,1786842475
6b707363-7f72-416d-8af6-27390611af1c,1-eca8ba31-f564-46ff-a1cd-6ea35a9841de,South America 5V5 Queue,5v5,1786839102
6b707363-7f72-416d-8af6-27390611af1c,1-1c21a856-c2b9-4f17-b1ca-c015f759cc7d,South America 5V5 Queue,5v5,1786827344
6b707363-7f72-416d-8af6-27390611af1c,1-931ad998-b1f2-42ff-9ff0-12ec70820d7b,South America 5V5 Queue,5v5,1786822768
6b707363-7f72-416d-8af6-27390611af1c,1-09700c19-ca80-49a4-bac5-d6bcd1742272,South America 5V5 Queue,5v5,1786819906
6b707363-7f72-416d-8af6-27390611af1c,1-715988a2-f375-4d2e-acc1-0636a1a807ec,South America 5V5 Queue,5v5,1786762672
6b707363-7f72-416d-8af6-27390611af1c,1-8ba17bfd-c0de-43bb-a2bd-6a77d1b3fbcb,South America 5V5 Queue,5v5,1786674941
81cba3a2-4e5b-4638-83a2-7c252574097a,1-af59056d-8b7c-4c2d-b091-2cb914b6151a,South America 5V5 Queue,5v5,1787689402
81cba3a2-4e5b-4638-83a2-7c252574097a,1-1d871079-4d27-453b-b08c-d77ba9fdf706,South America 5V5 Queue,5v5,1787685677
81cba3a2-4e5b-4638-83a2-7c252574097a,1-05bf363b-5a14-4438-bbe0-69958e7e1329,South America 5V5 Queue,5v5,1787681463
81cba3a2-4e5b-4638-83a2-7c252574097a,1-4e4e6e93-4666-4f1c-9634-4ac289f4e5a8,South America 5V5 Queue,5v5,1787541858
81cba3a2-4e5b-4638-83a2-7c252574097a,1-69249d95-0758-41a0-b22c-181ffc5f60c7,South America 5V5 Queue,5v5,1787539162
81cba3a2-4e5b-4638-83a2-7c252574097a,1-741be9aa-fae4-4335-857b-4f2fe43c2d2f,South America 5V5 Queue,5v5,1787536454
81cba3a2-4e5b-4638-83a2-7c252574097a,1-37ad1518-31b2-43f8-b075-511f643f1535,CCT 2026 South America 5 - Open Qualifier,5v5,1786816545
81cba3a2-4e5b-4638-83a2-7c252574097a,1-9a046b28-70b7-44ad-bd01-a97f11904c6c,South America 5V5 Queue,5v5,1786501056
81cba3a2-4e5b-4638-83a2-7c252574097a,1-134f3212-8e65-45fc-a431-9259ed0c9180,South America 5V5 Queue,5v5,1786499011
81cba3a2-4e5b-4638-83a2-7c252574097a,1-9c16510e-413e-4256-bd76-e9d895850341,South America 5V5 Queue,5v5,1786494605
81cba3a2-4e5b-4638-83a2-7c252574097a,1-24156364-e483-48e0-b360-f384fe2ad064,South America 5V5 Queue,5v5,1786393105
81cba3a2-4e5b-4638-83a2-7c252574097a,1-7cbb7dbe-2eaa-416e-af50-8d6b3d766c03,South America 5V5 Queue,5v5,1786390786
81cba3a2-4e5b-4638-83a2-7c252574097a,1-7c76d23a-e70b-494f-a736-79779dc21a2a,CCT 2026 Challengers South America 2 - Open Qualifier 1,5v5,1785614121
81cba3a2-4e5b-4638-83a2-7c252574097a,1-61165213-5022-4f53-8988-38849f1d1554,CCT 2026 Challengers South America 2 - Open Qualifier 1,5v5,1785611877
81cba3a2-4e5b-4638-83a2-7c252574097a,1-dd5ca71d-d37f-4f49-bd3c-576ea159b008,CCT 2026 Challengers South America 2 - Open Qualifier 1,5v5,1785609598
81cba3a2-4e5b-4638-83a2-7c252574097a,1-12532f20-4041-44ee-aa71-1f00c2898085,South America 5V5 Queue,5v5,1785190920
81cba3a2-4e5b-4638-83a2-7c252574097a,1-14a5ea4b-8e41-4b17-914c-d5205fc47fad,South America 5V5 Queue,5v5,1785044366
81cba3a2-4e5b-4638-83a2-7c252574097a,1-23ddb9f0-6325-4140-a51e-a2aa8a73a5fa,South America 5V5 Queue,5v5,1785040444
81cba3a2-4e5b-4638-83a2-7c252574097a,1-2d944f98-9d2f-45d7-8f26-d3006059f6c4,South America 5V5 Queue,5v5,1785035799
81cba3a2-4e5b-4638-83a2-7c252574097a,1-ce5bf70b-dc79-4b96-ad8f-290cf5a19b90,South America 5V5 Queue,5v5,1784769694
81cba3a2-4e5b-4638-83a2-7c252574097a,1-0b40f545-4e2d-4159-9eaf-ae8bc99495a8,South America 5V5 Queue,5v5,1784766761
81cba3a2-4e5b-4638-83a2-7c252574097a,1-0de2f559-302c-4bcf-b54d-2b6459156287,South America 5V5 Queue,5v5,1784764370
81cba3a2-4e5b-4638-83a2-7c252574097a,1-8d029eac-b9dc-4ec2-a825-ea978d00bd0f,CCT 2026 South America 4 - Open Qualifier,5v5,1783189564
81cba3a2-4e5b-4638-83a2-7c252574097a,1-e45b4e13-d93d-4434-b881-7d81ab723a4d,CCT 2026 South America 4 - Open Qualifier,5v5,1783187391
81cba3a2-4e5b-4638-83a2-7c252574097a,1-ea258c82-a258-42b9-8866-cff40e6ba225,CCT 2026 South America 3 - Open Qualifier,5v5,1781985257
81cba3a2-4e5b-4638-83a2-7c252574097a,1-0d20c83d-71b6-4a28-ae4a-ec2f27a95c89,CCT 2026 South America 3 - Open Qualifier,5v5,1781982513
81cba3a2-4e5b-4638-83a2-7c252574097a,1-7d32b1ce-b91f-4c98-accf-f3083a12c82c,CCT 2026 South America 3 - Open Qualifier,5v5,1781977790
81cba3a2-4e5b-4638-83a2-7c252574097a,1-c6b76b3e-335e-47e2-a3eb-a493438b55e2,CCT 2026 South America 3 - Open Qualifier,5v5,1781974743
81cba3a2-4e5b-4638-83a2-7c252574097a,1-46ccca3a-709b-4a02-9bfa-74ec01daf197,PLAYOFFS - GAME FEST,5v5,1780264092
81cba3a2-4e5b-4638-83a2-7c252574097a,1-ec78fb2e-bdd0-423f-b06e-0df1aa9465f7,PLAYOFFS - GAME FEST,5v5,1780251339
80b92b9d-ebba-483d-a751-4459257a53e3,1-89064256-a9e7-4d6a-8428-2911e2fee5cc,South America 5V5 Queue,5v5,1787681337
80b92b9d-ebba-483d-a751-4459257a53e3,1-4a7e6872-fd79-49ef-a62a-f9bfccd51a5a,South America 5V5 Queue,5v5,1787679407
80b92b9d-ebba-483d-a751-4459257a53e3,1-fcaed7c6-8642-4e95-8970-0751a09fbbae,South America 5V5 Queue,5v5,1787677218
80b92b9d-ebba-483d-a751-4459257a53e3,1-89c4cf95-07e6-4d64-98a7-2992a3961fbe,South America 5V5 Queue,5v5,1787674597
80b92b9d-ebba-483d-a751-4459257a53e3,1-9e4d67ed-352a-41fc-9abf-d2f6b256caf5,South America 5V5 Queue,5v5,1787603790
80b92b9d-ebba-483d-a751-4459257a53e3,1-52adc3ee-d43c-4fab-a5a4-3316aff3d6be,South America 5V5 Queue,5v5,1787600581
80b92b9d-ebba-483d-a751-4459257a53e3,1-fc622794-5395-468f-b4be-e3f002908b41,South America 5V5 Queue,5v5,1787597508
80b92b9d-ebba-483d-a751-4459257a53e3,1-e8a2613f-d588-4b80-9e81-140896a9dbe0,South America 5V5 Queue,5v5,1787595781
80b92b9d-ebba-483d-a751-4459257a53e3,1-927cfab2-40b9-4046-b098-defef06b309c,South America 5V5 Queue,5v5,1787539649
80b92b9d-ebba-483d-a751-4459257a53e3,1-521026fd-4fa9-44dd-a1be-991e2009538c,South America 5V5 Queue,5v5,1787526124
80b92b9d-ebba-483d-a751-4459257a53e3,1-c3a1cdff-3b26-42a1-a009-97a98259af67,South America 5V5 Queue,5v5,1787523903
80b92b9d-ebba-483d-a751-4459257a53e3,1-580a3c13-beb4-4097-b2b1-dd5577caa3f0,South America 5V5 Queue,5v5,1787521905
80b92b9d-ebba-483d-a751-4459257a53e3,1-a373568e-447d-49fa-a821-738404c23e3f,South America 5V5 Queue,5v5,1787519235
80b92b9d-ebba-483d-a751-4459257a53e3,1-b5d58a60-a84f-48bb-be0b-f911a11404d1,South America 5V5 Queue,5v5,1787506952
80b92b9d-ebba-483d-a751-4459257a53e3,1-cfb752b9-bbeb-49e4-9565-9fda2c217839,South America 5V5 Queue,5v5,1787504694
80b92b9d-ebba-483d-a751-4459257a53e3,1-bef5104a-cfd7-47b9-9057-8314b1bb4508,South America 5V5 Queue,5v5,1787427132
80b92b9d-ebba-483d-a751-4459257a53e3,1-5ddaacf7-0f41-460b-a132-71eb9b80f63d,South America 5V5 Queue,5v5,1787423788
80b92b9d-ebba-483d-a751-4459257a53e3,1-83267aca-3449-4958-96a5-863bdffa1b6a,South America 5V5 Queue,5v5,1787421309
80b92b9d-ebba-483d-a751-4459257a53e3,1-57b985de-a127-4d75-92b7-c98d73963eb4,South America 5V5 Queue,5v5,1787414942
80b92b9d-ebba-483d-a751-4459257a53e3,1-051d5db6-a6fb-43f1-a4bb-7ec59e91acf5,South America 5V5 Queue,5v5,1787342349
80b92b9d-ebba-483d-a751-4459257a53e3,1-bb13e334-5d4f-4068-a0a2-9360aeb19549,South America 5V5 Queue,5v5,1787333025
80b92b9d-ebba-483d-a751-4459257a53e3,1-384331ac-ccb9-4760-a75b-22b06181b3cc,South America 5V5 Queue,5v5,1787326442
80b92b9d-ebba-483d-a751-4459257a53e3,1-86ae60b5-fb42-4909-98b9-f7c9ce98ce79,South America 5V5 Queue,5v5,1787253309
80b92b9d-ebba-483d-a751-4459257a53e3,1-69ec4a62-0eda-4f16-9559-eea90514d588,South America 5V5 Queue,5v5,1787250873
80b92b9d-ebba-483d-a751-4459257a53e3,1-76ba15a6-930d-4d3f-b65f-15e3e9be9b0d,South America 5V5 Queue,5v5,1787247699
80b92b9d-ebba-483d-a751-4459257a53e3,1-8e7c8910-272a-404c-8e34-9474bb217f77,South America 5V5 Queue,5v5,1787243566
80b92b9d-ebba-483d-a751-4459257a53e3,1-b5dc1eaa-bbfc-4ba8-a1f6-6d4abbe725f8,South America 5V5 Queue,5v5,1787199090
80b92b9d-ebba-483d-a751-4459257a53e3,1-871f170f-57a8-4a2c-a248-16cf25864c33,South America 5V5 Queue,5v5,1787193464
80b92b9d-ebba-483d-a751-4459257a53e3,1-7fda914e-1c15-46d9-acf6-31423dcd9e2f,South America 5V5 Queue,5v5,1787162582
80b92b9d-ebba-483d-a751-4459257a53e3,1-c880c070-ffd5-441c-ad10-4cc646f20247,South America 5V5 Queue,5v5,1787160366
3c6ee8f1-a6cc-4f1c-9c35-991bbb706462,1-74f7ffbe-e30a-4575-825c-96f4f81f7da8,SA ECL S52 Cup 1,5v5,1787697158
3c6ee8f1-a6cc-4f1c-9c35-991bbb706462,1-37048037-d7ca-4a84-a23a-3ba61ef710fc,South America 5V5 Queue,5v5,1787625035
3c6ee8f1-a6cc-4f1c-9c35-991bbb706462,1-1573c459-ebe1-4517-b06a-74ec585ee0a2,South America 5V5 Queue,5v5,1787548648
3c6ee8f1-a6cc-4f1c-9c35-991bbb706462,1-45ccad03-d2ce-4edf-9fcd-1970cc089632,South America 5V5 Queue,5v5,1787545022
3c6ee8f1-a6cc-4f1c-9c35-991bbb706462,1-a8d6a1f4-2d5b-4260-aa43-d459577e3ca0,South America 5V5 Queue,5v5,1787542588
3c6ee8f1-a6cc-4f1c-9c35-991bbb706462,1-b30ad2e4-510a-40e9-9284-cc1c6597738c,South America 5V5 Queue,5v5,1787460773
3c6ee8f1-a6cc-4f1c-9c35-991bbb706462,1-5a8075df-20b5-498c-a102-27c1985a1aca,South America 5V5 Queue,5v5,1787457215
3c6ee8f1-a6cc-4f1c-9c35-991bbb706462,1-12fe7bbc-5410-492a-94b5-4ec77ab4a972,South America 5V5 Queue,5v5,1787452739
3c6ee8f1-a6cc-4f1c-9c35-991bbb706462,1-6431d10c-a7f1-45b8-8743-af2f2b0d3e44,South America 5V5 Queue,5v5,1787374951
3c6ee8f1-a6cc-4f1c-9c35-991bbb706462,1-f9e7fe68-596b-44af-a749-1f2068e55c4d,South America 5V5 Queue,5v5,1787111190
3c6ee8f1-a6cc-4f1c-9c35-991bbb706462,1-0967722d-2d59-49d1-8967-63e02df99fb4,South America 5V5 Queue,5v5,1787089470
3c6ee8f1-a6cc-4f1c-9c35-991bbb706462,1-006f50af-1e5e-4557-bb87-f662af02e4ea,South America 5V5 Queue,5v5,1787030197
3c6ee8f1-a6cc-4f1c-9c35-991bbb706462,1-94cab7e7-9a00-4a08-9afe-de0c1d706e6b,South America 5V5 Queue,5v5,1787028026
3c6ee8f1-a6cc-4f1c-9c35-991bbb706462,1-b99255c6-3614-4d47-af15-20c1d5e67647,South America 5V5 Queue,5v5,1787025598
3c6ee8f1-a6cc-4f1c-9c35-991bbb706462,1-8e51fd3a-885c-4c89-bf3d-3e9ccc929d72,South America 5V5 Queue,5v5,1787023220
3c6ee8f1-a6cc-4f1c-9c35-991bbb706462,1-5f3716e6-dc08-4ef3-9652-2af6a0bc9707,South America 5V5 Queue,5v5,1787016781
3c6ee8f1-a6cc-4f1c-9c35-991bbb706462,1-3d07bac5-f703-4d11-9b20-9e4a73e20c2a,South America 5V5 Queue,5v5,1786938738
3c6ee8f1-a6cc-4f1c-9c35-991bbb706462,1-1d985e93-4648-4ae9-a40a-d10173b3e64c,South America 5V5 Queue,5v5,1786933245
3c6ee8f1-a6cc-4f1c-9c35-991bbb706462,1-c7212de5-a029-455a-8eec-6d975dfad61b,South America 5V5 Queue,5v5,1786930126
3c6ee8f1-a6cc-4f1c-9c35-991bbb706462,1-a3598849-445d-4a34-bc65-b325568e7495,South America 5V5 Queue,5v5,1786914078
3c6ee8f1-a6cc-4f1c-9c35-991bbb706462,1-159fd6ee-e8bd-46e3-b886-a278c87e4ba4,South America 5V5 Queue,5v5,1786910590
3c6ee8f1-a6cc-4f1c-9c35-991bbb706462,1-afa204fe-e350-475d-bad1-1a249f4b9738,South America 5V5 Queue,5v5,1786863082
3c6ee8f1-a6cc-4f1c-9c35-991bbb706462,1-ba630b69-ac67-4a65-a480-0780b90ea4b1,South America 5V5 Queue,5v5,1786859198
3c6ee8f1-a6cc-4f1c-9c35-991bbb706462,1-ba28fcb3-3587-497d-8009-bd696f9075ef,South America 5V5 Queue,5v5,1786855088
3c6ee8f1-a6cc-4f1c-9c35-991bbb706462,1-fd87b63c-9a87-421e-b278-e9f06fa00a99,South America 5V5 Queue,5v5,1786849299
3c6ee8f1-a6cc-4f1c-9c35-991bbb706462,1-28d89ee7-b733-42b6-acc8-05df0171909c,South America 5V5 Queue,5v5,1786847459
3c6ee8f1-a6cc-4f1c-9c35-991bbb706462,1-b5200791-61ef-4314-946f-e3657ce1bb5c,South America 5V5 Queue,5v5,1786844584
3c6ee8f1-a6cc-4f1c-9c35-991bbb706462,1-7261bbb8-8eae-4d2f-ba11-67ebf2c533ac,South America 5V5 Queue,5v5,1786841227
3c6ee8f1-a6cc-4f1c-9c35-991bbb706462,1-c93322aa-d4c4-4495-96fb-eb16fba71bee,South America 5V5 Queue,5v5,1786421591
3c6ee8f1-a6cc-4f1c-9c35-991bbb706462,1-4f054729-f24d-4329-85db-992c4c88a120,South America 5V5 Queue,5v5,1786418620
9ba7401e-19a6-4131-a462-04b9fe493225,1-a7efd123-0193-4dda-8bda-8ac2b9119b82,South America 5V5 Queue,5v5,1787438911
9ba7401e-19a6-4131-a462-04b9fe493225,1-203d9af5-7f75-4084-bd9a-8a8a5e9e5f10,South America 5V5 Queue,5v5,1787436529
9ba7401e-19a6-4131-a462-04b9fe493225,1-0817500a-f061-4f37-bb01-910526e07813,South America 5V5 Queue,5v5,1787431673
9ba7401e-19a6-4131-a462-04b9fe493225,1-79b7ba9d-7b27-4022-8e20-2c51c074468e,South America 5V5 Queue,5v5,1787109975
9ba7401e-19a6-4131-a462-04b9fe493225,1-9c8b89d4-0d94-41d3-86a0-0938d9f59b0f,South America 5V5 Queue,5v5,1787093208
9ba7401e-19a6-4131-a462-04b9fe493225,1-bc473cc0-bf49-4369-8150-8b16edb27c76,South America 5V5 Queue,5v5,1786761519
9ba7401e-19a6-4131-a462-04b9fe493225,1-88a223aa-461a-48e7-8cb9-d423fbb6574b,South America 5V5 Queue,5v5,1786757739
9ba7401e-19a6-4131-a462-04b9fe493225,1-a62a7f17-5954-42a2-a91b-30b875d6e0a6,South America 5V5 Queue,5v5,1786754362
9ba7401e-19a6-4131-a462-04b9fe493225,1-4f024149-853f-4f3d-bbfe-801feccbdb92,South America 5V5 Queue,5v5,1786641801
9ba7401e-19a6-4131-a462-04b9fe493225,1-f20c738d-b15c-4a74-8934-ed46573e5cac,Betboom Storm 4 - paiN Academy vs Keyd Stars,5v5,1786399027
9ba7401e-19a6-4131-a462-04b9fe493225,1-dc514b54-bd98-48ed-9304-bac7eef80b81,South America 5V5 Queue,5v5,1786335470
9ba7401e-19a6-4131-a462-04b9fe493225,1-c69c8c52-3e47-440a-aca4-7ab4e797ab67,Betboom Storm 4 - Galorys vs Keyd Stars,5v5,1786322944
9ba7401e-19a6-4131-a462-04b9fe493225,1-ddbce903-1b1e-48ea-a8df-e16570b5f4ff,South America 5V5 Queue,5v5,1786306257
9ba7401e-19a6-4131-a462-04b9fe493225,1-8399f60f-2891-4a4c-8b43-552d04851e1c,Betboom Storm 4 - GREMIO vs Keyd Stars,5v5,1786127666
9ba7401e-19a6-4131-a462-04b9fe493225,1-d63197f2-e69f-49ae-a240-2a595e9b5be6,South America 5V5 Queue,5v5,1786068558
9ba7401e-19a6-4131-a462-04b9fe493225,1-d34cf743-93e8-46db-be10-cb83decb49c8,South America 5V5 Queue,5v5,1785989077
9ba7401e-19a6-4131-a462-04b9fe493225,1-915d949f-f552-4213-b4ef-35aa7afceec3,South America 5V5 Queue,5v5,1785800408
9ba7401e-19a6-4131-a462-04b9fe493225,1-323b6f0d-3947-4e3e-ad62-23e6b2a9aea7,Betboom Storm 4 - Keyd Stars vs Borracheiros,5v5,1785786149
9ba7401e-19a6-4131-a462-04b9fe493225,1-1b295a2d-6cef-453b-9670-4cf95fe47ff0,South America 5V5 Queue,5v5,1785462887
9ba7401e-19a6-4131-a462-04b9fe493225,1-db8af247-052f-42ec-b7f9-94473f1825d9,South America 5V5 Queue,5v5,1785459399
9ba7401e-19a6-4131-a462-04b9fe493225,1-79046df4-d2c8-4e40-b392-a92a5933b703,South America 5V5 Queue,5v5,1785456491
9ba7401e-19a6-4131-a462-04b9fe493225,1-99fded66-dc3c-4897-844c-628971743491,South America 5V5 Queue,5v5,1784353245
9ba7401e-19a6-4131-a462-04b9fe493225,1-1fdba642-3082-4a16-ac2c-d8b4c86174ed,South America 5V5 Queue,5v5,1784350387
9ba7401e-19a6-4131-a462-04b9fe493225,1-c8bf45be-6d9f-4eb6-8e7f-b7d0cd062d18,South America 5V5 Queue,5v5,1784347393
9ba7401e-19a6-4131-a462-04b9fe493225,1-4f965d83-ed07-485e-9b48-e9b919923291,South America 5V5 Queue,5v5,1784345034
9ba7401e-19a6-4131-a462-04b9fe493225,1-3e537446-56eb-4137-b8e8-b6edb7c8fab6,South America 5V5 Queue,5v5,1784340698
9ba7401e-19a6-4131-a462-04b9fe493225,1-d56d97ba-12ad-4cce-9753-abff053ab99f,South America 5V5 Queue,5v5,1784338217
9ba7401e-19a6-4131-a462-04b9fe493225,1-6beb2a7a-e96d-4891-8c14-74e8af409a1c,South America 5V5 Queue,5v5,1784259175
9ba7401e-19a6-4131-a462-04b9fe493225,1-f224555a-ddc7-47dc-81aa-77f1be0d2a73,South America 5V5 Queue,5v5,1784255894
9ba7401e-19a6-4131-a462-04b9fe493225,1-b13d24f3-cd04-4825-a6ad-59291299c2e7,South America 5V5 Queue,5v5,1784004550
dcdd41e9-8c0f-4929-8030-b529f8076661,1-a8b8c878-682b-493a-8c45-9ba8a44bc015,South America 5V5 Queue,5v5,1787627452
dcdd41e9-8c0f-4929-8030-b529f8076661,1-39e5f8eb-eaa1-440d-a63d-37469aca8d20,South America 5V5 Queue,5v5,1787622642
dcdd41e9-8c0f-4929-8030-b529f8076661,1-df6529a5-1285-4fb2-8caf-acb540382a3b,South America 5V5 Queue,5v5,1787197715
dcdd41e9-8c0f-4929-8030-b529f8076661,1-a48de956-0a19-4803-9583-34645dc2abe8,South America 5V5 Queue,5v5,1787193685
dcdd41e9-8c0f-4929-8030-b529f8076661,1-683227f5-9fe6-4ca8-b78e-a54749216ec7,South America 5V5 Queue,5v5,1787087705
dcdd41e9-8c0f-4929-8030-b529f8076661,1-a56efba9-eb6d-4b4d-ac49-057e6544a133,South America 5V5 Queue,5v5,1787082955
dcdd41e9-8c0f-4929-8030-b529f8076661,1-d0119159-e73f-4113-8d0b-cfe4103ff0a0,South America 5V5 Queue,5v5,1787076245
dcdd41e9-8c0f-4929-8030-b529f8076661,1-fa9c3b00-32d9-4a1f-8cc1-9e57a4d14670,South America 5V5 Queue,5v5,1787001236
dcdd41e9-8c0f-4929-8030-b529f8076661,1-ccd33f94-7c1e-4f5f-8f11-ba64ad58b1f3,South America 5V5 Queue,5v5,1786998412
dcdd41e9-8c0f-4929-8030-b529f8076661,1-c3478114-aeae-4795-8853-2c3de47d5d10,CCT 2026 South America 5 - Open Qualifier,5v5,1786827616
dcdd41e9-8c0f-4929-8030-b529f8076661,1-0c4fa4ab-6fcb-49f2-938d-952cf446bd14,CCT 2026 South America 5 - Open Qualifier,5v5,1786827030
dcdd41e9-8c0f-4929-8030-b529f8076661,1-dd5850a0-0ea8-4a15-95c0-ec5925729a0c,CCT 2026 South America 5 - Open Qualifier,5v5,1786822304
dcdd41e9-8c0f-4929-8030-b529f8076661,1-06bd188e-ed46-465b-8b7b-518571e7fde7,CCT 2026 South America 5 - Open Qualifier,5v5,1786817621
dcdd41e9-8c0f-4929-8030-b529f8076661,1-3e2afc5a-10ac-4dca-9e13-ac57dbd27601,CCT 2026 South America 5 - Open Qualifier,5v5,1786815637
dcdd41e9-8c0f-4929-8030-b529f8076661,1-af538d11-e2b0-4517-ac04-9670f8e413cd,South America 5V5 Queue,5v5,1786775474
dcdd41e9-8c0f-4929-8030-b529f8076661,1-79590096-d57e-4970-b7f7-07f966b82739,South America 5V5 Queue,5v5,1786771588
dcdd41e9-8c0f-4929-8030-b529f8076661,1-53c8a53c-35ab-4936-87bf-11907810a9a7,South America 5V5 Queue,5v5,1786766548
dcdd41e9-8c0f-4929-8030-b529f8076661,1-cbe54c3c-0120-4bf4-aa95-caa2ee37d127,South America 5V5 Queue,5v5,1786670512
dcdd41e9-8c0f-4929-8030-b529f8076661,1-c90e819c-9a9b-47b1-b12a-4250960b3d3c,South America 5V5 Queue,5v5,1786666016
dcdd41e9-8c0f-4929-8030-b529f8076661,1-a9b58c41-31c3-4bba-8102-dfc770dad951,South America 5V5 Queue,5v5,1786587996
dcdd41e9-8c0f-4929-8030-b529f8076661,1-315ff14b-397f-411e-a2e2-b19269aa718e,South America 5V5 Queue,5v5,1786584637
dcdd41e9-8c0f-4929-8030-b529f8076661,1-ed8f9ee1-e650-4013-9788-e1b758e01c13,South America 5V5 Queue,5v5,1786581755
dcdd41e9-8c0f-4929-8030-b529f8076661,1-660d52ff-0022-4770-9ee1-aec63bc5bda2,South America 5V5 Queue,5v5,1786415271
dcdd41e9-8c0f-4929-8030-b529f8076661,1-3bfa13db-fbc2-4b62-8892-37f4444a42ca,South America 5V5 Queue,5v5,1786410829
dcdd41e9-8c0f-4929-8030-b529f8076661,1-b269b261-ba37-4206-82b7-a333b6924e58,South America 5V5 Queue,5v5,1786406037
dcdd41e9-8c0f-4929-8030-b529f8076661,1-c4d6eae7-f96e-40f5-babf-3a427a708e13,South America 5V5 Queue,5v5,1786388500
dcdd41e9-8c0f-4929-8030-b529f8076661,1-8f8ea304-2f7f-4bad-8fb9-5f2fc0b8d0e4,South America 5V5 Queue,5v5,1786386249
dcdd41e9-8c0f-4929-8030-b529f8076661,1-9dcf3e73-f680-42a8-a110-f837cb4ce472,South America 5V5 Queue,5v5,1786384180
dcdd41e9-8c0f-4929-8030-b529f8076661,1-9cf1b29e-8b39-4e9c-a09b-fcfd21497835,South America 5V5 Queue,5v5,1786329539
dcdd41e9-8c0f-4929-8030-b529f8076661,1-ebc0a5b6-638c-4540-8fe1-53a42e608920,South America 5V5 Queue,5v5,1786323190
91bf004a-324d-4eba-a916-74663abd42a0,1-4b9dd048-3384-41be-85cf-58e3780bc1e3,S58 SA Open Central - Regular Season,5v5 League,1787624141
91bf004a-324d-4eba-a916-74663abd42a0,1-be3d386c-5169-4d41-aa7a-a9d3fcd7edff,South America 5V5 Queue,5v5,1787512750
91bf004a-324d-4eba-a916-74663abd42a0,1-76b01b92-ec9b-49ad-8e05-37f3e936cd65,South America 5V5 Queue,5v5,1787509980
91bf004a-324d-4eba-a916-74663abd42a0,1-f5e795c6-d2c0-4b92-a138-d168062106ae,South America 5V5 Queue,5v5,1787363292
91bf004a-324d-4eba-a916-74663abd42a0,1-2f84ab79-7c21-4f53-96a7-f2abf3507d26,South America 5V5 Queue,5v5,1787280800
91bf004a-324d-4eba-a916-74663abd42a0,1-f5c1305f-be67-4702-b210-a52738d6c0f2,South America 5V5 Queue,5v5,1787277369
91bf004a-324d-4eba-a916-74663abd42a0,1-c2fc2199-f085-4f92-91a5-519b029d9dd7,South America 5V5 Queue,5v5,1787273752
91bf004a-324d-4eba-a916-74663abd42a0,1-8b11fa42-949e-44d4-81dc-d8d54dfaced7,S58 SA Open Central - Regular Season,5v5 League,1787265921
91bf004a-324d-4eba-a916-74663abd42a0,1-cf732af0-774e-432b-a54d-b40224c2ba3e,South America 5V5 Queue,5v5,1787255293
91bf004a-324d-4eba-a916-74663abd42a0,1-9bf371ea-e128-4a7c-b3d6-7e741dd6aa21,South America 5V5 Queue,5v5,1787174274
91bf004a-324d-4eba-a916-74663abd42a0,1-3ee30ccd-01ba-4083-99b6-c46ff4e544f9,South America 5V5 Queue,5v5,1787163842
91bf004a-324d-4eba-a916-74663abd42a0,1-c880c070-ffd5-441c-ad10-4cc646f20247,South America 5V5 Queue,5v5,1787160366
91bf004a-324d-4eba-a916-74663abd42a0,1-543cd3cd-81ab-4fe8-bc43-653223cd9e3b,South America 5V5 Queue,5v5,1787158373
91bf004a-324d-4eba-a916-74663abd42a0,1-ed9ba48a-0f2c-4b8a-9199-0d1906499168,South America 5V5 Queue,5v5,1787020551
91bf004a-324d-4eba-a916-74663abd42a0,1-2f6b2def-4fc1-46e7-9e5b-735d8b0405c3,South America 5V5 Queue,5v5,1787018416
91bf004a-324d-4eba-a916-74663abd42a0,1-fe0948ba-d43f-4e9f-8771-498484735cdb,South America 5V5 Queue,5v5,1787015195
91bf004a-324d-4eba-a916-74663abd42a0,1-4c264d18-0968-42b0-8d41-5cc309df8b7a,S58 SA Open Central - Regular Season,5v5 League,1787012265
91bf004a-324d-4eba-a916-74663abd42a0,1-5466dddf-4103-44b2-9bb2-c31eb4b15d9b,South America 5V5 Queue,5v5,1786996444
91bf004a-324d-4eba-a916-74663abd42a0,1-a0d8ead3-4916-4c7a-ae4c-061e83d5f146,South America 5V5 Queue,5v5,1786993491
91bf004a-324d-4eba-a916-74663abd42a0,1-db9d28b9-643a-41e3-afa6-91dcc44d4d04,South America 5V5 Queue,5v5,1786991228
91bf004a-324d-4eba-a916-74663abd42a0,1-b0ec2b30-f01e-4eec-982d-441b161c2580,South America 5V5 Queue,5v5,1786988970
91bf004a-324d-4eba-a916-74663abd42a0,1-62ad5c77-3263-4e4d-8332-7a3e01d50c0c,South America 5V5 Queue,5v5,1786986873
91bf004a-324d-4eba-a916-74663abd42a0,1-45f77efd-d7b0-4b5e-a9c2-94028c1c6a84,South America 5V5 Queue,5v5,1786822284
91bf004a-324d-4eba-a916-74663abd42a0,1-a2950371-16ab-4cfe-9091-ef34bf650db4,South America 5V5 Queue,5v5,1786819751
91bf004a-324d-4eba-a916-74663abd42a0,1-3e2afc5a-10ac-4dca-9e13-ac57dbd27601,CCT 2026 South America 5 - Open Qualifier,5v5,1786815637
91bf004a-324d-4eba-a916-74663abd42a0,1-740fdf78-071f-4030-99bf-deb5e64c6076,South America 5V5 Queue,5v5,1786774468
91bf004a-324d-4eba-a916-74663abd42a0,1-79590096-d57e-4970-b7f7-07f966b82739,South America 5V5 Queue,5v5,1786771588
91bf004a-324d-4eba-a916-74663abd42a0,1-06ed59af-256b-42d4-8917-b0e39697fcfc,South America 5V5 Queue,5v5,1786743191
91bf004a-324d-4eba-a916-74663abd42a0,1-7e86aa4b-e9af-40e5-b8d2-435add38b23b,South America 5V5 Queue,5v5,1786740706
91bf004a-324d-4eba-a916-74663abd42a0,1-6dacb0b6-e77b-4210-846a-cc46b9bafb58,South America 5V5 Queue,5v5,1786648939
0de12d71-0a13-4706-9471-caa4ca2694a3,1-c4e5f7ec-1131-4e97-bd3c-b5c89441040a,South America 5V5 Queue,5v5,1787269127
0de12d71-0a13-4706-9471-caa4ca2694a3,1-868ffdc6-b123-4aa5-94d6-1137f1492c4a,South America 5V5 Queue,5v5,1787267121
0de12d71-0a13-4706-9471-caa4ca2694a3,1-26e7b597-dbf9-42af-9644-9bf84562b3e0,South America 5V5 Queue,5v5,1787192411
0de12d71-0a13-4706-9471-caa4ca2694a3,1-e0897d4e-d30f-4049-af19-3afbfd890fed,South America 5V5 Queue,5v5,1787188420
0de12d71-0a13-4706-9471-caa4ca2694a3,1-7de1dae3-440b-407e-a03e-650d3902d4f1,South America 5V5 Queue,5v5,1787089000
0de12d71-0a13-4706-9471-caa4ca2694a3,1-6dd0ee84-da27-47c9-b2ae-66bd97c51841,South America 5V5 Queue,5v5,1787087254
0de12d71-0a13-4706-9471-caa4ca2694a3,1-260f4358-1d53-4437-8a22-76fe92eef034,South America 5V5 Queue,5v5,1787032362
0de12d71-0a13-4706-9471-caa4ca2694a3,1-b4fa51c9-ac3c-4d0d-a628-f899c48a0911,South America 5V5 Queue,5v5,1787028412
0de12d71-0a13-4706-9471-caa4ca2694a3,1-ef309141-a7b7-4dd9-a5f6-ea36b0298283,South America 5V5 Queue,5v5,1787025561
0de12d71-0a13-4706-9471-caa4ca2694a3,1-eed07f99-b1f3-4829-86c5-90d9dffc1c6b,South America 5V5 Queue,5v5,1787023347
0de12d71-0a13-4706-9471-caa4ca2694a3,1-f9d29bee-7355-4bbf-a5fb-10e27f3b1d77,South America 5V5 Queue,5v5,1786954033
0de12d71-0a13-4706-9471-caa4ca2694a3,1-3be62e1c-0c48-427a-b426-8a73014f473c,South America 5V5 Queue,5v5,1786951941
0de12d71-0a13-4706-9471-caa4ca2694a3,1-158e6b02-1443-4e56-8ea7-05b1d0ea88ac,South America 5V5 Queue,5v5,1786948192
0de12d71-0a13-4706-9471-caa4ca2694a3,1-ce04b5fd-349d-4dab-95cf-144fff978a33,South America 5V5 Queue,5v5,1786946014
0de12d71-0a13-4706-9471-caa4ca2694a3,1-17fced9d-87b1-418d-b224-18e321a3cfe2,South America 5V5 Queue,5v5,1786941436
0de12d71-0a13-4706-9471-caa4ca2694a3,1-028c8c8e-8480-42ee-b1ac-55e40e4170d0,South America 5V5 Queue,5v5,1786866544
0de12d71-0a13-4706-9471-caa4ca2694a3,1-030a7c97-a7d7-405c-bea0-3b9888c86213,South America 5V5 Queue,5v5,1786748846
0de12d71-0a13-4706-9471-caa4ca2694a3,1-d3930c77-7b82-488f-aa6d-d8323871b97a,South America 5V5 Queue,5v5,1786746526
0de12d71-0a13-4706-9471-caa4ca2694a3,1-ad3dd40b-41ec-4fc6-8583-1f770253c509,South America 5V5 Queue,5v5,1786691360
0de12d71-0a13-4706-9471-caa4ca2694a3,1-b38c8c38-8ebb-474e-a34d-4d0753612dde,South America 5V5 Queue,5v5,1786651222
0de12d71-0a13-4706-9471-caa4ca2694a3,1-66ce2ac9-65a8-4ab1-a4ac-c2cc958b5361,South America 5V5 Queue,5v5,1786398114
0de12d71-0a13-4706-9471-caa4ca2694a3,1-6e70069c-6793-4cac-8fd8-33f95f0af594,South America 5V5 Queue,5v5,1786395419
0de12d71-0a13-4706-9471-caa4ca2694a3,1-24156364-e483-48e0-b360-f384fe2ad064,South America 5V5 Queue,5v5,1786393105
0de12d71-0a13-4706-9471-caa4ca2694a3,1-6ba5e5bf-9b61-49fa-9575-6867c7ae1fa0,South America 5V5 Queue,5v5,1786332304
0de12d71-0a13-4706-9471-caa4ca2694a3,1-07625fe7-bddf-4795-ba72-cb7d28e3e357,South America 5V5 Queue,5v5,1786329659
0de12d71-0a13-4706-9471-caa4ca2694a3,1-b7dd4bd6-fe1d-46df-9ebe-4703ece73197,South America 5V5 Queue,5v5,1786327739
0de12d71-0a13-4706-9471-caa4ca2694a3,1-196546b8-b341-4b78-8389-44535bb90953,South America 5V5 Queue,5v5,1786324648
0de12d71-0a13-4706-9471-caa4ca2694a3,1-46d55285-c25f-46bf-b6cd-75e34a3db258,South America 5V5 Queue,5v5,1786322087
0de12d71-0a13-4706-9471-caa4ca2694a3,1-6cd87886-0429-428c-8188-7a0a1a4c5305,South America 5V5 Queue,5v5,1786320492
0de12d71-0a13-4706-9471-caa4ca2694a3,1-45902239-76c3-4b5e-9a6e-c982e83121ba,South America 5V5 Queue,5v5,1786073680
b674ee07-88c5-47bf-a015-89c6f9854200,1-bd6b3a88-a02f-4cb5-8e8f-06020a4afd13,S58 SA Open Central - Regular Season,5v5 League,1787609382
b674ee07-88c5-47bf-a015-89c6f9854200,1-5a01b0af-95ba-4cb5-8dc1-9712156ef8f9,South America 5V5 Queue,5v5,1787291760
b674ee07-88c5-47bf-a015-89c6f9854200,1-fca94772-78fa-425d-86f7-40481168d0de,South America 5V5 Queue,5v5,1787288181
b674ee07-88c5-47bf-a015-89c6f9854200,1-34e790a9-4525-4f84-84ee-071f561fdb28,South America 5V5 Queue,5v5,1787267989
b674ee07-88c5-47bf-a015-89c6f9854200,1-cb31fca8-a4fb-44d6-82c1-1932f70ddfff,South America 5V5 Queue,5v5,1787258400
b674ee07-88c5-47bf-a015-89c6f9854200,1-10e3628c-c097-4a12-8671-da96e00abae5,South America 5V5 Queue,5v5,1787255751
b674ee07-88c5-47bf-a015-89c6f9854200,1-3f8833f7-da6a-4d28-991d-a1a95b34e0e7,South America 5V5 Queue,5v5,1787187209
b674ee07-88c5-47bf-a015-89c6f9854200,1-be67b73b-b3f8-45b2-89c2-c03c3f028b61,S58 SA Open Central - Regular Season,5v5 League,1787182861
b674ee07-88c5-47bf-a015-89c6f9854200,1-bce7edde-e2e7-44a9-a3a6-ab75da32eff5,South America 5V5 Queue,5v5,1787165627
b674ee07-88c5-47bf-a015-89c6f9854200,1-5b043b63-d866-4c2a-950d-201987db8324,South America 5V5 Queue,5v5,1787022706
b674ee07-88c5-47bf-a015-89c6f9854200,1-a2732399-8de6-4925-9453-5e594cadacd6,South America 5V5 Queue,5v5,1787019624
b674ee07-88c5-47bf-a015-89c6f9854200,1-4c264d18-0968-42b0-8d41-5cc309df8b7a,S58 SA Open Central - Regular Season,5v5 League,1787012265
b674ee07-88c5-47bf-a015-89c6f9854200,1-71bf87a6-3600-4d44-a239-60e2b246bc74,S58 SA Open Central - Regular Season,5v5 League,1786571965
b674ee07-88c5-47bf-a015-89c6f9854200,1-35bd0f15-0da6-4e9f-bbff-5a8f388d8234,South America 5V5 Queue,5v5,1786513285
b674ee07-88c5-47bf-a015-89c6f9854200,1-7efca146-f258-4dbe-9114-8d6e77e7b49d,South America 5V5 Queue,5v5,1786509084
b674ee07-88c5-47bf-a015-89c6f9854200,1-7e9eca2c-7ddb-466b-87c5-861480ade713,South America 5V5 Queue,5v5,1786424687
b674ee07-88c5-47bf-a015-89c6f9854200,1-c15a492a-c138-4e6d-8fd0-eafb255cb731,South America 5V5 Queue,5v5,1786419029
b674ee07-88c5-47bf-a015-89c6f9854200,1-98bafee0-41b8-4060-9835-0f78163a6012,S58 SA Open Central - Regular Season,5v5 League,1786392831
b674ee07-88c5-47bf-a015-89c6f9854200,1-6ee25436-8ac9-4e62-b620-5c67ae4d1bef,S58 SA Open Central - Regular Season,5v5 League,1785975578
b674ee07-88c5-47bf-a015-89c6f9854200,1-ffd5896d-90da-476b-970d-a81956181874,South America 5V5 Queue,5v5,1785970400
b674ee07-88c5-47bf-a015-89c6f9854200,1-f0d26f20-6fda-45cc-a26f-33e6e03aa027,South America 5V5 Queue,5v5,1785951096
b674ee07-88c5-47bf-a015-89c6f9854200,1-c76113ce-914a-4886-9b6a-261addbe8843,South America 5V5 Queue,5v5,1785947717
b674ee07-88c5-47bf-a015-89c6f9854200,1-18f95459-5d1b-413d-9d80-734f46438d48,South America 5V5 Queue,5v5,1785895911
b674ee07-88c5-47bf-a015-89c6f9854200,1-ce0d5774-8217-46b3-a69c-3d4272c16b06,South America 5V5 Queue,5v5,1785891314
b674ee07-88c5-47bf-a015-89c6f9854200,1-3110ed7e-f68f-4f08-95cc-35a72f03292e,S58 SA Open Central - Regular Season,5v5 League,1785799941
b674ee07-88c5-47bf-a015-89c6f9854200,1-8ec55e72-93bf-47e1-87f3-425fdb54219d,CCT 2026 Challengers South America 2 - Open Qualifier 2,5v5,1785699174
b674ee07-88c5-47bf-a015-89c6f9854200,1-87d7bc52-5bf7-4a4b-92ce-8eed3364add9,CCT 2026 Challengers South America 2 - Open Qualifier 2,5v5,1785695920
b674ee07-88c5-47bf-a015-89c6f9854200,1-4be5f868-a52b-401d-b32e-ff04ced740a1,CCT 2026 Challengers South America 2 - Open Qualifier 2,5v5,1785693543
b674ee07-88c5-47bf-a015-89c6f9854200,1-12fa88a3-3e2f-4dfa-9e01-b314f5cb2ec5,S58 SA Open Central - Regular Season,5v5 League,1785352414
b674ee07-88c5-47bf-a015-89c6f9854200,1-f39e28f2-7ee5-4b48-846a-c621f2aa6257,South America 5V5 Queue,5v5,1785292615
bb11aade-ab7b-4b39-95b9-586bddfb0e12,1-613c74c6-c8cb-4d70-a4bf-f7f304666e52,SA ECL S52 Cup 1,5v5,1787697674
bb11aade-ab7b-4b39-95b9-586bddfb0e12,1-bccea553-f2f3-4a8e-ba84-bd2c467676aa,South America 5V5 Queue,5v5,1787084077
bb11aade-ab7b-4b39-95b9-586bddfb0e12,1-7881504b-7b1c-4177-9fd8-529e5f61fd2c,South America 5V5 Queue,5v5,1786998615
bb11aade-ab7b-4b39-95b9-586bddfb0e12,1-279f1644-41af-4d38-b260-e8f24d677a94,CCT 2026 South America 5 - Open Qualifier,5v5,1786825798
bb11aade-ab7b-4b39-95b9-586bddfb0e12,1-b46c1e10-76e4-40d9-8643-eacf9bd28498,CCT 2026 South America 5 - Open Qualifier,5v5,1786821867
bb11aade-ab7b-4b39-95b9-586bddfb0e12,1-75f79a16-6722-4a01-bd7f-508c2faa48ff,CCT 2026 South America 5 - Open Qualifier,5v5,1786818295
bb11aade-ab7b-4b39-95b9-586bddfb0e12,1-37ad1518-31b2-43f8-b075-511f643f1535,CCT 2026 South America 5 - Open Qualifier,5v5,1786816545
bb11aade-ab7b-4b39-95b9-586bddfb0e12,1-4b92bdf5-bdba-42aa-9f0d-e9f01e7bba2c,South America 5V5 Queue,5v5,1786652283
bb11aade-ab7b-4b39-95b9-586bddfb0e12,1-5de2d323-e8c3-43a1-9fa2-7b29c8ca8a2d,South America 5V5 Queue,5v5,1786649821
bb11aade-ab7b-4b39-95b9-586bddfb0e12,1-0366135f-c509-4d65-bcc3-82d1f6fce66c,South America 5V5 Queue,5v5,1786640690
bb11aade-ab7b-4b39-95b9-586bddfb0e12,1-4b20f151-e88e-448a-bc77-4cfaf5ad2682,South America 5V5 Queue,5v5,1786564744
bb11aade-ab7b-4b39-95b9-586bddfb0e12,1-d0467ed6-b2e2-4a20-bfa4-05c4784d88ea,South America 5V5 Queue,5v5,1786562443
bb11aade-ab7b-4b39-95b9-586bddfb0e12,1-2100ec17-e4a3-4991-bcf2-bfeaaff49065,South America 5V5 Queue,5v5,1786482070
bb11aade-ab7b-4b39-95b9-586bddfb0e12,1-421fa66c-4914-4e30-81de-eacc5a0414c5,South America 5V5 Queue,5v5,1786394195
bb11aade-ab7b-4b39-95b9-586bddfb0e12,1-46a4a2dc-1b22-4afb-b4a8-93f55bc7a639,South America 5V5 Queue,5v5,1786391520
bb11aade-ab7b-4b39-95b9-586bddfb0e12,1-caad1d91-6609-4793-b9a2-153cfcc09faf,South America 5V5 Queue,5v5,1786388303
bb11aade-ab7b-4b39-95b9-586bddfb0e12,1-5d5619ce-e533-4cdd-8db0-0f234e1942ed,South America 5V5 Queue,5v5,1786136975
bb11aade-ab7b-4b39-95b9-586bddfb0e12,1-64ddf239-f808-48cf-a40b-11bf354b4407,South America 5V5 Queue,5v5,1786134448
bb11aade-ab7b-4b39-95b9-586bddfb0e12,1-e8b6d52d-4528-4f39-9a80-4e5458caeb85,South America 5V5 Queue,5v5,1786130923
bb11aade-ab7b-4b39-95b9-586bddfb0e12,1-d2123cef-6a71-4c93-899e-84fd54430010,South America 5V5 Queue,5v5,1786047926
bb11aade-ab7b-4b39-95b9-586bddfb0e12,1-f732aec4-4fdf-464b-b8c2-c436b004a959,South America 5V5 Queue,5v5,1786045345
bb11aade-ab7b-4b39-95b9-586bddfb0e12,1-247c6b24-1d86-41d3-90e9-1eb201fe1793,South America 5V5 Queue,5v5,1786041949
bb11aade-ab7b-4b39-95b9-586bddfb0e12,1-f14df539-ab12-4f5e-9d5c-af44c212700e,South America 5V5 Queue,5v5,1785959415
bb11aade-ab7b-4b39-95b9-586bddfb0e12,1-c794beb6-ff8d-4853-918f-59904f7114e4,South America 5V5 Queue,5v5,1785805851
bb11aade-ab7b-4b39-95b9-586bddfb0e12,1-7dc9e2fd-542d-4f3e-83d8-2cc27794005f,South America 5V5 Queue,5v5,1785803640
bb11aade-ab7b-4b39-95b9-586bddfb0e12,1-a6280699-cd37-451f-8889-c4e9362aa650,South America 5V5 Queue,5v5,1785798145
bb11aade-ab7b-4b39-95b9-586bddfb0e12,1-ff3ca44f-0ef2-4b16-915a-a72bb10182c8,South America 5V5 Queue,5v5,1785794822
bb11aade-ab7b-4b39-95b9-586bddfb0e12,1-76d9cf27-2105-4fdd-8e99-f582e92f5006,South America 5V5 Queue,5v5,1785792295
bb11aade-ab7b-4b39-95b9-586bddfb0e12,1-791380ab-eba4-482e-8cfb-a8ea760d4b63,South America 5V5 Queue,5v5,1785787221
bb11aade-ab7b-4b39-95b9-586bddfb0e12,1-bd550db0-fce3-4b85-a937-d1a5c13007e2,South America 5V5 Queue,5v5,1785526660
ae07c139-c53e-410d-b54b-b851efca9446,1-f002a0fc-184a-45f7-a659-ccd7f7e98837,South America 5V5 Queue,5v5,1787124307
ae07c139-c53e-410d-b54b-b851efca9446,1-c218c25f-50d2-4158-bf94-aca473c3d40d,S58 SA Open Central - Regular Season,5v5 League,1787087706
ae07c139-c53e-410d-b54b-b851efca9446,1-c76e1377-7e51-40e5-a245-063fbb901657,S58 SA Open Central - Regular Season,5v5 League,1787010317
ae07c139-c53e-410d-b54b-b851efca9446,1-4d7e2513-fc16-4c4d-b529-5e8fb328e20c,South America 5V5 Queue,5v5,1786998367
ae07c139-c53e-410d-b54b-b851efca9446,1-ff94f2c2-8c75-4e54-9895-22652e45b9a9,South America 5V5 Queue,5v5,1786471382
ae07c139-c53e-410d-b54b-b851efca9446,1-3b46b5eb-41e6-4c90-8df4-0ad338b86038,South America 5V5 Queue,5v5,1786468134
ae07c139-c53e-410d-b54b-b851efca9446,1-958919f5-56fd-451d-8fe6-bd14e778c2d9,South America 5V5 Queue,5v5,1786462558
ae07c139-c53e-410d-b54b-b851efca9446,1-98ce7c62-ef67-482e-9c6f-ccb2bc5f4312,S58 SA Open Central - Regular Season,5v5 League,1786406218
ae07c139-c53e-410d-b54b-b851efca9446,1-84bea955-8f93-42b2-86c5-7f81e265263c,South America 5V5 Queue,5v5,1786385489
ae07c139-c53e-410d-b54b-b851efca9446,1-2faace2e-488c-49d6-bbbc-a81fe8e0547b,South America 5V5 Queue,5v5,1786382314
ae07c139-c53e-410d-b54b-b851efca9446,1-0920b5bc-209a-4534-8da0-cf5404a579a1,South America 5V5 Queue,5v5,1786379311
ae07c139-c53e-410d-b54b-b851efca9446,1-7570448b-89ce-417d-a189-80ad47772a11,South America 5V5 Queue,5v5,1786374522
ae07c139-c53e-410d-b54b-b851efca9446,1-8ffb0e16-ae59-434a-a1eb-7eedb144f724,South America 5V5 Queue,5v5,1786371095
ae07c139-c53e-410d-b54b-b851efca9446,1-249a76b2-4156-460a-b7f9-d4849673f644,S58 SA Open Central - Regular Season,5v5 League,1786313717
ae07c139-c53e-410d-b54b-b851efca9446,1-ea5aa080-fb62-4bf9-99a6-492bfc6dd6d6,South America 5V5 Queue,5v5,1786256018
ae07c139-c53e-410d-b54b-b851efca9446,1-72912971-b3e5-4d71-99f6-39aa6f54d755,South America 5V5 Queue,5v5,1786252414
ae07c139-c53e-410d-b54b-b851efca9446,1-89a9d7ee-93fd-4736-abc7-a01e3be95678,South America 5V5 Queue,5v5,1786181558
ae07c139-c53e-410d-b54b-b851efca9446,1-74697fc4-9637-44b0-83e2-c10e0fc1a15a,South America 5V5 Queue,5v5,1786172304
ae07c139-c53e-410d-b54b-b851efca9446,1-41a00414-8a9c-41cd-8323-86d87fea889a,South America 5V5 Queue,5v5,1786166842
ae07c139-c53e-410d-b54b-b851efca9446,1-708c05b9-d78c-46ae-83d5-0c11ec31a68d,South America 5V5 Queue,5v5,1786163300
ae07c139-c53e-410d-b54b-b851efca9446,1-9aa933c0-0735-46ac-893f-eccd61fbef33,South America 5V5 Queue,5v5,1786159966
ae07c139-c53e-410d-b54b-b851efca9446,1-4f782b6a-3448-45c5-a9f0-4b697cc98104,South America 5V5 Queue,5v5,1786084051
ae07c139-c53e-410d-b54b-b851efca9446,1-a238e8b0-41d8-4e4a-b5cd-b41d18092d75,South America 5V5 Queue,5v5,1786081475
ae07c139-c53e-410d-b54b-b851efca9446,1-347a78a0-def7-4644-b437-c413b6ad6675,South America 5V5 Queue,5v5,1786055275
ae07c139-c53e-410d-b54b-b851efca9446,1-6c4d6f39-517c-4a3a-bd3e-7e6a01441ef3,South America 5V5 Queue,5v5,1786049707
ae07c139-c53e-410d-b54b-b851efca9446,1-e99e215d-3978-47a1-9582-957682607e57,South America 5V5 Queue,5v5,1785939976
ae07c139-c53e-410d-b54b-b851efca9446,1-3fd323b6-938e-440b-9dd8-2dae768efe97,South America 5V5 Queue,5v5,1785938055
ae07c139-c53e-410d-b54b-b851efca9446,1-acb0ab75-9c79-4350-81b4-880884494f9d,South America 5V5 Queue,5v5,1785932879
ae07c139-c53e-410d-b54b-b851efca9446,1-d4b5b02d-da22-4892-a277-ae2cefc98a7f,S58 SA Open Central - Regular Season,5v5 League,1785884532
ae07c139-c53e-410d-b54b-b851efca9446,1-d684109a-e6bd-4385-a5b7-e4f3ec6a85de,South America 5V5 Queue,5v5,1785744974
89d0fc8b-fa08-4fbe-acc8-b34a205995e7,1-76d17e90-7e00-41a4-8c56-fa1f8a8425d6,SA ECL S52 Cup 1,5v5,1787697152
89d0fc8b-fa08-4fbe-acc8-b34a205995e7,1-3162ba14-69f4-43f4-9daa-0237a69997fc,South America 5V5 Queue,5v5,1787628691
89d0fc8b-fa08-4fbe-acc8-b34a205995e7,1-0797dcd9-69db-42d5-8882-e958d806049c,South America 5V5 Queue,5v5,1787624786
89d0fc8b-fa08-4fbe-acc8-b34a205995e7,1-2a10075a-3355-4e0f-a0b5-1ff4bacadcda,South America 5V5 Queue,5v5,1787511412
89d0fc8b-fa08-4fbe-acc8-b34a205995e7,1-e41252c5-7843-4ac3-ae82-365756ff4a54,South America 5V5 Queue,5v5,1787445841
89d0fc8b-fa08-4fbe-acc8-b34a205995e7,1-53d67cb6-1619-4860-8bf8-67e590cd3748,Late Night Ancient,5v5,1787443502
89d0fc8b-fa08-4fbe-acc8-b34a205995e7,1-c9a3418a-6d8e-4f43-b40d-87147c8c74b3,Normal Competitive,5v5,1787177140
89d0fc8b-fa08-4fbe-acc8-b34a205995e7,1-c7212de5-a029-455a-8eec-6d975dfad61b,South America 5V5 Queue,5v5,1786930126
89d0fc8b-fa08-4fbe-acc8-b34a205995e7,1-900fd19a-dd4f-441c-b1f6-d55db7e5e530,South America 5V5 Queue,5v5,1786502809
89d0fc8b-fa08-4fbe-acc8-b34a205995e7,1-134f3212-8e65-45fc-a431-9259ed0c9180,South America 5V5 Queue,5v5,1786499011
89d0fc8b-fa08-4fbe-acc8-b34a205995e7,1-f20c738d-b15c-4a74-8934-ed46573e5cac,Betboom Storm 4 - paiN Academy vs Keyd Stars,5v5,1786399027
89d0fc8b-fa08-4fbe-acc8-b34a205995e7,1-957a48f0-4c96-448f-957e-032c3df3606e,Betboom Storm 4 - UNO MILLE vs paiN Academy,5v5,1786306452
89d0fc8b-fa08-4fbe-acc8-b34a205995e7,1-f950db1c-d93f-459c-af26-c60d69eea63e,South America 5V5 Queue,5v5,1786247372
89d0fc8b-fa08-4fbe-acc8-b34a205995e7,1-4c7a3c30-0e78-4992-a140-5b0a6422c174,South America 5V5 Queue,5v5,1786243597
89d0fc8b-fa08-4fbe-acc8-b34a205995e7,1-1a6139f9-a73f-413b-aec7-743f95983302,South America 5V5 Queue,5v5,1786240580
89d0fc8b-fa08-4fbe-acc8-b34a205995e7,1-923ce679-638a-4932-a6f6-e4b39d55b355,South America 5V5 Queue,5v5,1786235863
89d0fc8b-fa08-4fbe-acc8-b34a205995e7,1-bd9070ed-b637-4c2c-bc51-6148755a6dfd,South America 5V5 Queue,5v5,1786232796
89d0fc8b-fa08-4fbe-acc8-b34a205995e7,1-1e402869-f71d-4166-9b01-a4d66b3e4c7f,Betboom Storm 4 - ALKA vs paiN Academy,5v5,1786229240
89d0fc8b-fa08-4fbe-acc8-b34a205995e7,1-41a00414-8a9c-41cd-8323-86d87fea889a,South America 5V5 Queue,5v5,1786166842
89d0fc8b-fa08-4fbe-acc8-b34a205995e7,1-c7091934-4f1e-4305-98ab-e7c7933bbcc6,South America 5V5 Queue,5v5,1786164117
89d0fc8b-fa08-4fbe-acc8-b34a205995e7,1-0ead957b-b260-4763-a54f-28fc26608708,South America 5V5 Queue,5v5,1786159415
89d0fc8b-fa08-4fbe-acc8-b34a205995e7,1-beea6015-1d1c-4deb-8449-d26f5e44824d,South America 5V5 Queue,5v5,1786156928
89d0fc8b-fa08-4fbe-acc8-b34a205995e7,1-cedcee7b-a218-4c40-b33c-24b32f035107,South America 5V5 Queue,5v5,1786153969
89d0fc8b-fa08-4fbe-acc8-b34a205995e7,1-9f8f76f1-2172-4ab7-985b-58f33a1c311a,South America 5V5 Queue,5v5,1786151091
89d0fc8b-fa08-4fbe-acc8-b34a205995e7,1-71874d2b-77a8-4665-8079-e6c1bcca3a0f,South America 5V5 Queue,5v5,1786148607
89d0fc8b-fa08-4fbe-acc8-b34a205995e7,1-dbaf4d0e-b335-448d-bb17-c1cacbfece60,South America 5V5 Queue,5v5,1786146026
89d0fc8b-fa08-4fbe-acc8-b34a205995e7,1-b18fdb26-3b16-4756-ac15-d4815a96e6e7,South America 5V5 Queue,5v5,1786063644
89d0fc8b-fa08-4fbe-acc8-b34a205995e7,1-d08b0dfe-d55c-4547-a543-a97c4ca4d409,South America 5V5 Queue,5v5,1786061325
89d0fc8b-fa08-4fbe-acc8-b34a205995e7,1-c5a8a032-1073-4e2c-aa37-e004f6556f73,Betboom Storm 4 - paiN Academy vs MEIA NOITE,5v5,1786033877
89d0fc8b-fa08-4fbe-acc8-b34a205995e7,1-a3e926ef-836c-4dfe-96de-aeaaa74e7f75,Betboom Storm 4 - GREMIO vs paiN Academy,5v5,1785810698
738aee09-fb3c-4162-b64b-cc48350281e8,1-d44bdf0f-9555-43da-814e-46edbd71abec,South America 5V5 Queue,5v5,1787641727
738aee09-fb3c-4162-b64b-cc48350281e8,1-afa97c70-9ca7-40d3-93da-226e9a54f60b,South America 5V5 Queue,5v5,1787638739
738aee09-fb3c-4162-b64b-cc48350281e8,1-4815e9bb-1aeb-4657-9ffd-42f3d695ff5d,South America 5V5 Queue,5v5,1787636021
738aee09-fb3c-4162-b64b-cc48350281e8,1-7b9cc72e-6474-4e81-b9b2-afbf53fb0a27,South America 5V5 Queue,5v5,1787633378
738aee09-fb3c-4162-b64b-cc48350281e8,1-5e86eddf-9a32-465b-93c3-7dd16649ec97,South America 5V5 Queue,5v5,1787629958
738aee09-fb3c-4162-b64b-cc48350281e8,1-940487a5-eb13-4597-af70-fed9eea0c48d,South America 5V5 Queue,5v5,1787627121
738aee09-fb3c-4162-b64b-cc48350281e8,1-eb0feec5-c9cd-4cfd-a3ee-f2b75026bb1f,South America 5V5 Queue,5v5,1787623458
738aee09-fb3c-4162-b64b-cc48350281e8,1-a105e4da-f34e-48a8-bc75-53dcc72f62cb,South America 5V5 Queue,5v5,1787615272
738aee09-fb3c-4162-b64b-cc48350281e8,1-f2236667-4c37-4dec-ae7a-b6313e7a4406,South America 5V5 Queue,5v5,1787291926
738aee09-fb3c-4162-b64b-cc48350281e8,1-fca94772-78fa-425d-86f7-40481168d0de,South America 5V5 Queue,5v5,1787288181
738aee09-fb3c-4162-b64b-cc48350281e8,1-1714652a-2e7b-4ed2-b628-e18507d5c872,South America 5V5 Queue,5v5,1787285250
738aee09-fb3c-4162-b64b-cc48350281e8,1-adeb595e-f7ef-4fb7-b21d-96dbd0b5f795,South America 5V5 Queue,5v5,1787282118
738aee09-fb3c-4162-b64b-cc48350281e8,1-2c1aa11b-b7d8-4428-a82f-2fa2e5e00ffa,South America 5V5 Queue,5v5,1787279060
738aee09-fb3c-4162-b64b-cc48350281e8,1-0ed3a0cf-a5d1-48d7-800b-aa0168bb9e59,South America 5V5 Queue,5v5,1787272995
738aee09-fb3c-4162-b64b-cc48350281e8,1-de078eaa-48f5-4e93-a562-94db2749a791,South America 5V5 Queue,5v5,1787271196
738aee09-fb3c-4162-b64b-cc48350281e8,1-458aba12-cbb1-4823-9b75-1672e41a1050,South America 5V5 Queue,5v5,1787207190
738aee09-fb3c-4162-b64b-cc48350281e8,1-918b63db-2e6f-43a5-a691-426b6d2a2059,South America 5V5 Queue,5v5,1787204223
738aee09-fb3c-4162-b64b-cc48350281e8,1-7e0adc34-c5f7-486f-b4eb-ca47a8895949,South America 5V5 Queue,5v5,1787200753
738aee09-fb3c-4162-b64b-cc48350281e8,1-061cf292-13d0-411e-ac91-6350aec65986,South America 5V5 Queue,5v5,1787197994
738aee09-fb3c-4162-b64b-cc48350281e8,1-4cd90cbe-8482-45b2-ae11-099cf1e41028,South America 5V5 Queue,5v5,1787195320
738aee09-fb3c-4162-b64b-cc48350281e8,1-26e7b597-dbf9-42af-9644-9bf84562b3e0,South America 5V5 Queue,5v5,1787192411
738aee09-fb3c-4162-b64b-cc48350281e8,1-3b993ad2-e6e6-4c9f-a46e-2f8c3bc62bc2,South America 5V5 Queue,5v5,1787188685
738aee09-fb3c-4162-b64b-cc48350281e8,1-1d202854-2f83-4f8f-ab9b-97b48dfd6a03,South America 5V5 Queue,5v5,1787184958
738aee09-fb3c-4162-b64b-cc48350281e8,1-f80b18fd-0b9a-47fe-8cd2-3a72438abcce,South America 5V5 Queue,5v5,1787120401
738aee09-fb3c-4162-b64b-cc48350281e8,1-2a37316e-b4bf-41e9-9b23-4e67b758f960,South America 5V5 Queue,5v5,1787117915
738aee09-fb3c-4162-b64b-cc48350281e8,1-79b52994-1dc0-41c2-a5cf-22d09a8dc9f2,South America 5V5 Queue,5v5,1787115063
738aee09-fb3c-4162-b64b-cc48350281e8,1-1defaa48-a86a-423b-89ff-0dc6b46819fd,South America 5V5 Queue,5v5,1787112811
738aee09-fb3c-4162-b64b-cc48350281e8,1-055afa74-13ad-444e-914b-337b4e517f7b,South America 5V5 Queue,5v5,1787108053
738aee09-fb3c-4162-b64b-cc48350281e8,1-4c6ae4b8-2ab0-4156-86bb-76f7d51b6688,South America 5V5 Queue,5v5,1787104023
738aee09-fb3c-4162-b64b-cc48350281e8,1-8fa41034-1ad4-43ed-96ae-ab8de4f9b3c0,South America 5V5 Queue,5v5,1787039487
b1f8a982-1121-437e-9d6d-d84fb472b25f,1-cf1000f2-18d4-4b17-8688-bfe832526140,South America 5V5 Queue,5v5,1787690932
b1f8a982-1121-437e-9d6d-d84fb472b25f,1-42af6d98-4308-45b8-ac64-0137d8d42348,South America 5V5 Queue,5v5,1787687817
b1f8a982-1121-437e-9d6d-d84fb472b25f,1-0ee77569-a528-49a1-9e1f-d87985fd0dec,South America 5V5 Queue,5v5,1787638795
b1f8a982-1121-437e-9d6d-d84fb472b25f,1-6aeb008f-c4eb-4a88-98d9-25b4686cbd38,South America 5V5 Queue,5v5,1787636167
b1f8a982-1121-437e-9d6d-d84fb472b25f,1-d0521559-36f6-4caf-be11-322b1b1aba23,South America 5V5 Queue,5v5,1787633837
b1f8a982-1121-437e-9d6d-d84fb472b25f,1-b6eee712-b02e-4433-8382-dcfabb07713b,South America 5V5 Queue,5v5,1787631311
b1f8a982-1121-437e-9d6d-d84fb472b25f,1-5f4412a5-f1d5-4d11-ad69-9616be185dfc,South America 5V5 Queue,5v5,1787628351
b1f8a982-1121-437e-9d6d-d84fb472b25f,1-3675b66a-a287-426c-bfa9-dae09b732460,South America 5V5 Queue,5v5,1787615476
b1f8a982-1121-437e-9d6d-d84fb472b25f,1-965bc853-c353-4f27-b86e-57c3da9ef184,South America 5V5 Queue,5v5,1787607033
b1f8a982-1121-437e-9d6d-d84fb472b25f,1-36376a97-092a-4f15-adbd-77009d209da7,South America 5V5 Queue,5v5,1787604407
b1f8a982-1121-437e-9d6d-d84fb472b25f,1-ed205ffa-76dd-496f-a7a4-2c705d32884e,South America 5V5 Queue,5v5,1787601415
b1f8a982-1121-437e-9d6d-d84fb472b25f,1-cd647869-badc-4d67-9018-75b5a08a1094,South America 5V5 Queue,5v5,1787598560
b1f8a982-1121-437e-9d6d-d84fb472b25f,1-c5c0b684-e84a-43cb-a446-389f3833ef95,South America 5V5 Queue,5v5,1787553984
b1f8a982-1121-437e-9d6d-d84fb472b25f,1-9be7033e-b726-413a-a027-84484f7ce5c8,South America 5V5 Queue,5v5,1787551101
b1f8a982-1121-437e-9d6d-d84fb472b25f,1-e918e343-ba78-4a0e-8d89-8effa1265ffa,South America 5V5 Queue,5v5,1787549218
b1f8a982-1121-437e-9d6d-d84fb472b25f,1-d6293355-cb20-4bdf-9f03-dbb81bc1abe7,South America 5V5 Queue,5v5,1787546482
b1f8a982-1121-437e-9d6d-d84fb472b25f,1-6c19e5f5-12fb-42cc-bc69-ac2a98265d2c,South America 5V5 Queue,5v5,1787543489
b1f8a982-1121-437e-9d6d-d84fb472b25f,1-4f4f2857-6b52-49a5-b3c3-3a7d6adbf02e,South America 5V5 Queue,5v5,1787540938
b1f8a982-1121-437e-9d6d-d84fb472b25f,1-15ccc4f4-5b88-4f66-b12b-1ca7e54da017,South America 5V5 Queue,5v5,1787341216
b1f8a982-1121-437e-9d6d-d84fb472b25f,1-038cf8e9-16ea-4b10-9aaf-9e31d5b72e9e,South America 5V5 Queue,5v5,1787338274
b1f8a982-1121-437e-9d6d-d84fb472b25f,1-2f0d1834-a0dd-4964-bbf1-afa1e8f8d53c,South America 5V5 Queue,5v5,1787100647
b1f8a982-1121-437e-9d6d-d84fb472b25f,1-f40e110f-acff-4f6c-9b06-79b518e2ed57,South America 5V5 Queue,5v5,1787098324
b1f8a982-1121-437e-9d6d-d84fb472b25f,1-ea5d9c29-ed9d-4ae5-944a-3c348e578e91,South America 5V5 Queue,5v5,1787095118
b1f8a982-1121-437e-9d6d-d84fb472b25f,1-9f8c777e-872e-414d-9d78-e32cdc73fc68,South America 5V5 Queue,5v5,1787077498
b1f8a982-1121-437e-9d6d-d84fb472b25f,1-d81442b9-4170-4b8b-9cf8-f89843056d09,South America 5V5 Queue,5v5,1787030535
b1f8a982-1121-437e-9d6d-d84fb472b25f,1-288598b5-f6fe-4adf-a8d3-01eaf1947501,South America 5V5 Queue,5v5,1787027478
b1f8a982-1121-437e-9d6d-d84fb472b25f,1-8e51fd3a-885c-4c89-bf3d-3e9ccc929d72,South America 5V5 Queue,5v5,1787023220
b1f8a982-1121-437e-9d6d-d84fb472b25f,1-d860de6f-22eb-454b-9b4d-125d631236d9,South America 5V5 Queue,5v5,1787021185
b1f8a982-1121-437e-9d6d-d84fb472b25f,1-12532f20-4041-44ee-aa71-1f00c2898085,South America 5V5 Queue,5v5,1785190920
b1f8a982-1121-437e-9d6d-d84fb472b25f,1-34b860e1-4fb7-4645-b0ac-b66799789121,South America 5V5 Queue,5v5,1784846619
c77850d9-1af7-400a-a2f6-a9643e8e238d,1-7fabcd92-8146-4f6d-996c-00595cb54c26,South America 5V5 Queue,5v5,1787685775
c77850d9-1af7-400a-a2f6-a9643e8e238d,1-b5da976c-f4da-4612-b9de-c81f832358c0,South America 5V5 Queue,5v5,1787682813
c77850d9-1af7-400a-a2f6-a9643e8e238d,1-50d677ad-3d0b-4a12-893e-3a813473ff3f,South America 5V5 Queue,5v5,1787596637
c77850d9-1af7-400a-a2f6-a9643e8e238d,1-4e4e6e93-4666-4f1c-9634-4ac289f4e5a8,South America 5V5 Queue,5v5,1787541858
c77850d9-1af7-400a-a2f6-a9643e8e238d,1-69249d95-0758-41a0-b22c-181ffc5f60c7,South America 5V5 Queue,5v5,1787539162
c77850d9-1af7-400a-a2f6-a9643e8e238d,1-741be9aa-fae4-4335-857b-4f2fe43c2d2f,South America 5V5 Queue,5v5,1787536454
c77850d9-1af7-400a-a2f6-a9643e8e238d,1-989293e2-d1ae-49ef-a651-037d613a0c34,South America 5V5 Queue,5v5,1787363704
c77850d9-1af7-400a-a2f6-a9643e8e238d,1-f69f1f0d-4ca9-4987-be0f-fb5e990fc3d4,South America 5V5 Queue,5v5,1787360654
c77850d9-1af7-400a-a2f6-a9643e8e238d,1-c2fc2199-f085-4f92-91a5-519b029d9dd7,South America 5V5 Queue,5v5,1787273752
c77850d9-1af7-400a-a2f6-a9643e8e238d,1-a22a5365-031e-4978-9443-0025cb71dd90,South America 5V5 Queue,5v5,1787269500
c77850d9-1af7-400a-a2f6-a9643e8e238d,1-868ffdc6-b123-4aa5-94d6-1137f1492c4a,South America 5V5 Queue,5v5,1787267121
c77850d9-1af7-400a-a2f6-a9643e8e238d,1-4e41f277-8ce0-438e-bbbc-aa9a6ef1cf2d,South America 5V5 Queue,5v5,1787111394
c77850d9-1af7-400a-a2f6-a9643e8e238d,1-6575f064-e28a-49b6-b819-e3e4e83a6b5a,South America 5V5 Queue,5v5,1787108631
c77850d9-1af7-400a-a2f6-a9643e8e238d,1-16e028a1-4a23-4746-aaaa-73b4edd0ac9d,South America 5V5 Queue,5v5,1787095873
c77850d9-1af7-400a-a2f6-a9643e8e238d,1-7be95789-4777-4985-9a2b-82acdd1f375f,South America 5V5 Queue,5v5,1787091668
c77850d9-1af7-400a-a2f6-a9643e8e238d,1-eed8b8f7-aac9-4993-9111-c597946a3cfd,South America 5V5 Queue,5v5,1787087789
c77850d9-1af7-400a-a2f6-a9643e8e238d,1-2ad3a6a3-a13a-4f37-9de0-c04e8828080a,South America 5V5 Queue,5v5,1787084859
c77850d9-1af7-400a-a2f6-a9643e8e238d,1-5c06572a-3915-4397-9aee-8e9770b362ae,South America 5V5 Queue,5v5,1787078657
c77850d9-1af7-400a-a2f6-a9643e8e238d,1-36fd8d1e-8319-43fd-8a5d-e2be62dea692,South America 5V5 Queue,5v5,1787075208
c77850d9-1af7-400a-a2f6-a9643e8e238d,1-2aed1e0a-e857-4998-bc2d-9eb16e8139e2,South America 5V5 Queue,5v5,1787072422
c77850d9-1af7-400a-a2f6-a9643e8e238d,1-f97b5dd3-6784-4af1-8c3c-685f73ebb590,South America 5V5 Queue,5v5,1786771986
c77850d9-1af7-400a-a2f6-a9643e8e238d,1-b8fd18dd-179d-4b8e-906e-760e3ebc6811,South America 5V5 Queue,5v5,1786686727
c77850d9-1af7-400a-a2f6-a9643e8e238d,1-99d295b7-6468-43e3-b000-fbfc380f2a97,South America 5V5 Queue,5v5,1786387991
c77850d9-1af7-400a-a2f6-a9643e8e238d,1-21b64d73-1e91-4748-905c-1a4239a3b4ac,South America 5V5 Queue,5v5,1786340494
c77850d9-1af7-400a-a2f6-a9643e8e238d,1-b608971d-205c-44e8-8d33-9cb93d9e502a,South America 5V5 Queue,5v5,1786337397
c77850d9-1af7-400a-a2f6-a9643e8e238d,1-c2486140-aa57-4337-89b0-1f789a4f54fc,South America 5V5 Queue,5v5,1786335627
c77850d9-1af7-400a-a2f6-a9643e8e238d,1-5bb46a02-88e8-4473-a6bf-cc3c090af5e0,South America 5V5 Queue,5v5,1786333304
c77850d9-1af7-400a-a2f6-a9643e8e238d,1-c51e4989-6ae7-474c-bcf0-e3adf650aae1,South America 5V5 Queue,5v5,1786330652
c77850d9-1af7-400a-a2f6-a9643e8e238d,1-7d55cd9f-271a-421d-b22f-f290a309c812,South America 5V5 Queue,5v5,1786328281
c77850d9-1af7-400a-a2f6-a9643e8e238d,1-c4ca716a-cc45-47e5-b082-5529633f614e,South America 5V5 Queue,5v5,1786323436
2989249b-5f81-4340-b2a1-e4db4c9aac5b,1-7fabcd92-8146-4f6d-996c-00595cb54c26,South America 5V5 Queue,5v5,1787685775
2989249b-5f81-4340-b2a1-e4db4c9aac5b,1-25c628e7-5169-4a92-adc6-77ccd469482d,South America 5V5 Queue,5v5,1787679420
2989249b-5f81-4340-b2a1-e4db4c9aac5b,1-86f53c3f-0e6c-4ff6-84ce-e29a921500ff,South America 5V5 Queue,5v5,1787676357
2989249b-5f81-4340-b2a1-e4db4c9aac5b,1-9b4b8183-a21f-4c84-9557-c37b4f8ca6f2,South America 5V5 Queue,5v5,1787673358
2989249b-5f81-4340-b2a1-e4db4c9aac5b,1-bb844ce3-93c4-438b-892e-d40963bd2724,South America 5V5 Queue,5v5,1786391287
2989249b-5f81-4340-b2a1-e4db4c9aac5b,1-c4d6eae7-f96e-40f5-babf-3a427a708e13,South America 5V5 Queue,5v5,1786388500
2989249b-5f81-4340-b2a1-e4db4c9aac5b,1-d036d8c6-11b9-492b-a3d9-67070d87dda6,South America 5V5 Queue,5v5,1786385684
2989249b-5f81-4340-b2a1-e4db4c9aac5b,1-c45f0f9f-0a0d-473b-8ed4-3832ea52fff3,South America 5V5 Queue,5v5,1786383386
2989249b-5f81-4340-b2a1-e4db4c9aac5b,1-f368f1c9-695f-4ed6-a81d-87d1a352c903,South America 5V5 Queue,5v5,1786381094
2989249b-5f81-4340-b2a1-e4db4c9aac5b,1-7a1fe54c-8d8f-44ea-be6c-872a749fc259,South America 5V5 Queue,5v5,1786376739
2989249b-5f81-4340-b2a1-e4db4c9aac5b,1-8eabd336-975a-4d46-acab-ca35f7621378,South America 5V5 Queue,5v5,1786374547
2989249b-5f81-4340-b2a1-e4db4c9aac5b,1-ff41f8ce-7b39-4c64-b1b7-27c0bc426c3e,South America 5V5 Queue,5v5,1786372309
2989249b-5f81-4340-b2a1-e4db4c9aac5b,1-3f83ba90-d2cf-4cd5-80ff-a6e525ab8aa3,South America 5V5 Queue,5v5,1786348976
2989249b-5f81-4340-b2a1-e4db4c9aac5b,1-88b43dda-63d3-4148-8408-04bce8d9a10c,South America 5V5 Queue,5v5,1786335956
2989249b-5f81-4340-b2a1-e4db4c9aac5b,1-9f830622-c418-4c24-9aac-14503bd3f46a,South America 5V5 Queue,5v5,1786333597
2989249b-5f81-4340-b2a1-e4db4c9aac5b,1-4b254393-853a-428c-882d-9310c212b7a1,South America 5V5 Queue,5v5,1786330594
2989249b-5f81-4340-b2a1-e4db4c9aac5b,1-72775e8f-e213-4eac-8c11-b593c855c7a4,South America 5V5 Queue,5v5,1786327838
2989249b-5f81-4340-b2a1-e4db4c9aac5b,1-196546b8-b341-4b78-8389-44535bb90953,South America 5V5 Queue,5v5,1786324648
2989249b-5f81-4340-b2a1-e4db4c9aac5b,1-46d55285-c25f-46bf-b6cd-75e34a3db258,South America 5V5 Queue,5v5,1786322087
2989249b-5f81-4340-b2a1-e4db4c9aac5b,1-6cd87886-0429-428c-8188-7a0a1a4c5305,South America 5V5 Queue,5v5,1786320492
2989249b-5f81-4340-b2a1-e4db4c9aac5b,1-e1649729-25c5-454c-bc26-653d7883ae10,South America 5V5 Queue,5v5,1786317625
2989249b-5f81-4340-b2a1-e4db4c9aac5b,1-0b07002e-4357-42a3-ac46-b41dc76080fb,South America 5V5 Queue,5v5,1786261685
2989249b-5f81-4340-b2a1-e4db4c9aac5b,1-cf83cffc-2fae-45ea-aba0-098eab86cb42,South America 5V5 Queue,5v5,1786258394
2989249b-5f81-4340-b2a1-e4db4c9aac5b,1-04b1ca73-e9ca-4e3f-a58d-5522e8684173,South America 5V5 Queue,5v5,1786254525
2989249b-5f81-4340-b2a1-e4db4c9aac5b,1-8b6f0901-a09b-41c5-9ef5-dedf1d4d8ddd,South America 5V5 Queue,5v5,1786251857
2989249b-5f81-4340-b2a1-e4db4c9aac5b,1-8a5a120f-338b-44af-9821-3d040773e471,South America 5V5 Queue,5v5,1786249443
2989249b-5f81-4340-b2a1-e4db4c9aac5b,1-b71e7fe3-0e3f-4003-a63f-435797370122,South America 5V5 Queue,5v5,1786247424
2989249b-5f81-4340-b2a1-e4db4c9aac5b,1-4c7a3c30-0e78-4992-a140-5b0a6422c174,South America 5V5 Queue,5v5,1786243597
2989249b-5f81-4340-b2a1-e4db4c9aac5b,1-e2e4bebe-4237-4ac2-9a08-a6c845eb3b27,South America 5V5 Queue,5v5,1786240259
2989249b-5f81-4340-b2a1-e4db4c9aac5b,1-5926f111-c5d6-48f8-8e93-dd3eac7affca,South America 5V5 Queue,5v5,1786190058
fe976c18-6735-4eea-be4b-464c4fa250a5,1-fc410a3c-12d1-4cf7-87b1-c6f5276f3e5c,S58 SA Open Central - Regular Season,5v5 League,1786462230
fe976c18-6735-4eea-be4b-464c4fa250a5,1-c084f492-d29c-4abe-a9ca-4875db9a98f2,S58 SA Open Central - Regular Season,5v5 League,1786404630
fe976c18-6735-4eea-be4b-464c4fa250a5,1-99d295b7-6468-43e3-b000-fbfc380f2a97,South America 5V5 Queue,5v5,1786387991
fe976c18-6735-4eea-be4b-464c4fa250a5,1-d036d8c6-11b9-492b-a3d9-67070d87dda6,South America 5V5 Queue,5v5,1786385684
fe976c18-6735-4eea-be4b-464c4fa250a5,1-c45f0f9f-0a0d-473b-8ed4-3832ea52fff3,South America 5V5 Queue,5v5,1786383386
fe976c18-6735-4eea-be4b-464c4fa250a5,1-5ec843dc-4677-4774-9e11-f0d3e0c1c3f0,South America 5V5 Queue,5v5,1786381158
fe976c18-6735-4eea-be4b-464c4fa250a5,1-7a4ab599-697b-41af-ba85-e206f9fa400a,South America 5V5 Queue,5v5,1786379503
fe976c18-6735-4eea-be4b-464c4fa250a5,1-7a1fe54c-8d8f-44ea-be6c-872a749fc259,South America 5V5 Queue,5v5,1786376739
fe976c18-6735-4eea-be4b-464c4fa250a5,1-8eabd336-975a-4d46-acab-ca35f7621378,South America 5V5 Queue,5v5,1786374547
fe976c18-6735-4eea-be4b-464c4fa250a5,1-a3d96cdd-f729-4221-a9c1-1fffc0a371e4,S58 SA Open Central - Regular Season,5v5 League,1786055546
fe976c18-6735-4eea-be4b-464c4fa250a5,1-ac4e2a11-9727-482f-a6ce-5a0934d118a0,South America 5V5 Queue,5v5,1786039894
fe976c18-6735-4eea-be4b-464c4fa250a5,1-b12cc8ca-4fc0-4247-9adf-3432b89c790c,South America 5V5 Queue,5v5,1786036574
fe976c18-6735-4eea-be4b-464c4fa250a5,1-2b592c5b-ad6b-4506-8c96-fe229edc8324,South America 5V5 Queue,5v5,1786033521
fe976c18-6735-4eea-be4b-464c4fa250a5,1-86ca555b-214d-4e90-91ce-ba9e4f242cd6,South America 5V5 Queue,5v5,1786030832
fe976c18-6735-4eea-be4b-464c4fa250a5,1-6d1ccff7-e2a1-421c-9098-50324810982f,South America 5V5 Queue,5v5,1786028807
fe976c18-6735-4eea-be4b-464c4fa250a5,1-f8ecccb7-be42-41ce-8c2c-052763d0e776,South America 5V5 Queue,5v5,1785946094
fe976c18-6735-4eea-be4b-464c4fa250a5,1-f1f4f6fd-4368-49a4-b634-4905031beac6,South America 5V5 Queue,5v5,1785943132
fe976c18-6735-4eea-be4b-464c4fa250a5,1-324ce7ac-ae48-4225-82eb-f19535a8f680,South America 5V5 Queue,5v5,1785941067
fe976c18-6735-4eea-be4b-464c4fa250a5,1-3110ed7e-f68f-4f08-95cc-35a72f03292e,S58 SA Open Central - Regular Season,5v5 League,1785799941
fe976c18-6735-4eea-be4b-464c4fa250a5,1-90af4a1d-93a7-4f7d-926a-9c7f498351f6,S58 SA Open Central - Regular Season,5v5 League,1785283003
fe976c18-6735-4eea-be4b-464c4fa250a5,1-9e68ff3f-1dd8-40f6-97c8-2a9bdbc1d538,S58 SA Open Central - Regular Season,5v5 League,1785197198
fe976c18-6735-4eea-be4b-464c4fa250a5,1-6c07d607-5f2c-4119-9fe4-7860118f9fa9,S58 SA Open Central - Regular Season,5v5 League,1784849367
fe976c18-6735-4eea-be4b-464c4fa250a5,1-c178c393-79cd-4cb0-811c-72e7b1e2d10e,S58 SA Open Central - Regular Season,5v5 League,1784765425
fe976c18-6735-4eea-be4b-464c4fa250a5,1-9a7f1fd3-8b2b-49b4-8ea4-ee8622e2b601,S58 SA Open Central - Regular Season,5v5 League,1784245513
fe976c18-6735-4eea-be4b-464c4fa250a5,1-5a2cc001-7e9a-4d38-866f-81dcbdadc411,Counter Strike 2 at 2026 Esports Nations Cup: Brazil,5v5,1784164473
fe976c18-6735-4eea-be4b-464c4fa250a5,1-4b1822df-c85f-4d65-8b8a-bbe3031c057d,Counter Strike 2 at 2026 Esports Nations Cup: Brazil,5v5,1784159347
fe976c18-6735-4eea-be4b-464c4fa250a5,1-61147ec2-2929-487e-8589-1458cda77f0c,Counter Strike 2 at 2026 Esports Nations Cup: Brazil,5v5,1784064066
fe976c18-6735-4eea-be4b-464c4fa250a5,1-f5ead4aa-9422-4d9c-af15-43cd44033fe6,Counter Strike 2 at 2026 Esports Nations Cup: Brazil,5v5,1784063864
fe976c18-6735-4eea-be4b-464c4fa250a5,1-b9363a68-2d71-40f9-80e0-233f0476563b,S58 SA Open Central - Regular Season,5v5 League,1783986286
fe976c18-6735-4eea-be4b-464c4fa250a5,1-0600a67d-514a-46cb-bf3e-7890bb849c45,South America 2 - RES Showdown 4: BLAST Open Qualifier,5v5,1783263178
79674b97-260e-46d0-8749-d9e5f57cee48,1-b5e26988-38c1-4552-a95a-c06d415f4e75,SA ECL S52 Cup 1,5v5,1787697590
79674b97-260e-46d0-8749-d9e5f57cee48,1-7b81330d-2f1e-4222-9bf3-b63b41da7d0a,South America 5V5 Queue,5v5,1787682372
79674b97-260e-46d0-8749-d9e5f57cee48,1-e5dcd366-12f5-4b0e-a6d4-52d4891aad69,South America 5V5 Queue,5v5,1787679463
79674b97-260e-46d0-8749-d9e5f57cee48,1-7f70cca0-f8d3-41d6-815a-ab4bad4d717e,South America 5V5 Queue,5v5,1787677212
79674b97-260e-46d0-8749-d9e5f57cee48,1-73933852-d71a-4873-a5e8-3f9db02fc67d,South America 5V5 Queue,5v5,1787674657
79674b97-260e-46d0-8749-d9e5f57cee48,1-8dd7391d-55b4-4713-8236-e6351008b9a9,S58 SA Open Central - Regular Season,5v5 League,1787615787
79674b97-260e-46d0-8749-d9e5f57cee48,1-07f8c270-5388-4667-ac08-5a6fc71ff4e7,South America 5V5 Queue,5v5,1787531187
79674b97-260e-46d0-8749-d9e5f57cee48,1-6d0642bb-3851-47ed-add6-ed0db4dd277a,South America 5V5 Queue,5v5,1787528777
79674b97-260e-46d0-8749-d9e5f57cee48,1-5b264e0f-2f30-4c9e-ba2d-e38475309d36,South America 5V5 Queue,5v5,1787526890
79674b97-260e-46d0-8749-d9e5f57cee48,1-887d51c6-c91e-4e30-a16c-c26c02ba7402,South America 5V5 Queue,5v5,1787524466
79674b97-260e-46d0-8749-d9e5f57cee48,1-ab08587e-1f34-439c-bfee-666e4e36e3a6,South America 5V5 Queue,5v5,1787521011
79674b97-260e-46d0-8749-d9e5f57cee48,1-a77f5667-1b7d-45a6-9a6e-545dfa15d441,South America 5V5 Queue,5v5,1787519142
79674b97-260e-46d0-8749-d9e5f57cee48,1-8cfd4226-4022-4fe9-ba4a-57c5c4e37f7a,South America 5V5 Queue,5v5,1787514704
79674b97-260e-46d0-8749-d9e5f57cee48,1-4a7a7714-eb44-4639-8408-0a9e119d03a9,South America 5V5 Queue,5v5,1787512035
79674b97-260e-46d0-8749-d9e5f57cee48,1-446573c0-9b24-4dd9-bb02-5ae6edfbfa74,South America 5V5 Queue,5v5,1787509686
79674b97-260e-46d0-8749-d9e5f57cee48,1-d1ecca94-9e7f-4abd-87d8-c64d69d259b4,South America 5V5 Queue,5v5,1787442675
79674b97-260e-46d0-8749-d9e5f57cee48,1-e78b2414-abfb-4d05-83be-68a4ca9e972d,South America 5V5 Queue,5v5,1787365796
79674b97-260e-46d0-8749-d9e5f57cee48,1-01689838-49a2-422e-b180-b5368121329c,South America 5V5 Queue,5v5,1787361681
79674b97-260e-46d0-8749-d9e5f57cee48,1-e1c5c771-403f-4e5b-ba78-a6385d42b531,South America 5V5 Queue,5v5,1787358506
79674b97-260e-46d0-8749-d9e5f57cee48,1-e02b4740-6912-4f16-955f-f8f8e83f50f0,South America 5V5 Queue,5v5,1787279577
79674b97-260e-46d0-8749-d9e5f57cee48,1-376a06be-022e-4bd2-b7c4-aeeab09f2e08,South America 5V5 Queue,5v5,1787190428
79674b97-260e-46d0-8749-d9e5f57cee48,1-58a349a2-60ae-42a9-94f1-e14112837c92,South America 5V5 Queue,5v5,1787187836
79674b97-260e-46d0-8749-d9e5f57cee48,1-e1389108-abe7-4184-8fbe-5e7762f933c3,S58 SA Open Central - Regular Season,5v5 League,1787110037
79674b97-260e-46d0-8749-d9e5f57cee48,1-28ca4c66-ef7f-4ab7-b4d6-a3dff606dd1a,S58 SA Open Central - Regular Season,5v5 League,1787096652
79674b97-260e-46d0-8749-d9e5f57cee48,1-4c78db95-4a5c-4fda-8315-04ea7dbf9240,South America 5V5 Queue,5v5,1787009292
79674b97-260e-46d0-8749-d9e5f57cee48,1-deade8dc-9f08-4567-ab9e-876500981cb0,South America 5V5 Queue,5v5,1787006285
79674b97-260e-46d0-8749-d9e5f57cee48,1-b5274fc6-d4ac-4dda-8cc8-13c0af272aa6,South America 5V5 Queue,5v5,1787002023
79674b97-260e-46d0-8749-d9e5f57cee48,1-0ffd0197-c81d-442b-a7fe-88a5fd5c60d4,South America 5V5 Queue,5v5,1786998782
79674b97-260e-46d0-8749-d9e5f57cee48,1-c34e19d4-7141-40b8-a259-a57a14f31aa7,South America 5V5 Queue,5v5,1786996139
79674b97-260e-46d0-8749-d9e5f57cee48,1-a0d8ead3-4916-4c7a-ae4c-061e83d5f146,South America 5V5 Queue,5v5,1786993491
66bfa0ec-92b4-43b0-ae16-fdab764ec6f8,1-afa97c70-9ca7-40d3-93da-226e9a54f60b,South America 5V5 Queue,5v5,1787638739
66bfa0ec-92b4-43b0-ae16-fdab764ec6f8,1-4815e9bb-1aeb-4657-9ffd-42f3d695ff5d,South America 5V5 Queue,5v5,1787636021
66bfa0ec-92b4-43b0-ae16-fdab764ec6f8,1-d7b0b233-0ca0-4c64-a449-1b1ef6bc8c88,South America 5V5 Queue,5v5,1787632355
66bfa0ec-92b4-43b0-ae16-fdab764ec6f8,1-424e8b17-1d9c-4225-928c-54fcda734d24,South America 5V5 Queue,5v5,1787630263
66bfa0ec-92b4-43b0-ae16-fdab764ec6f8,1-57d95e58-e33f-453b-bfc8-bf6a5478616b,South America 5V5 Queue,5v5,1787559296
66bfa0ec-92b4-43b0-ae16-fdab764ec6f8,1-6f49e966-6d68-455a-96bb-b7becc1ad4a8,South America 5V5 Queue,5v5,1787556126
66bfa0ec-92b4-43b0-ae16-fdab764ec6f8,1-48af1a84-8a6b-4f72-85ea-001fc04b54f0,South America 5V5 Queue,5v5,1787553809
66bfa0ec-92b4-43b0-ae16-fdab764ec6f8,1-c7d517bc-dd0f-4142-837d-137447219249,South America 5V5 Queue,5v5,1787550711
66bfa0ec-92b4-43b0-ae16-fdab764ec6f8,1-3104a747-1caa-4dfa-bc1e-6347f5862c45,South America 5V5 Queue,5v5,1787547972
66bfa0ec-92b4-43b0-ae16-fdab764ec6f8,1-c8e9cb69-1481-4382-898e-30b2f6982004,South America 5V5 Queue,5v5,1787544819
66bfa0ec-92b4-43b0-ae16-fdab764ec6f8,1-7613840e-43e9-407f-9132-ff53728137a9,South America 5V5 Queue,5v5,1787540694
66bfa0ec-92b4-43b0-ae16-fdab764ec6f8,1-e287d3ae-8894-4e38-8200-4809243a3818,South America 5V5 Queue,5v5,1787537538
66bfa0ec-92b4-43b0-ae16-fdab764ec6f8,1-3e89e267-70cc-4ce4-a53f-1301ff4adada,South America 5V5 Queue,5v5,1787534605
66bfa0ec-92b4-43b0-ae16-fdab764ec6f8,1-eafdc185-0154-4a47-9cea-8bf288aaa11e,South America 5V5 Queue,5v5,1787518848
66bfa0ec-92b4-43b0-ae16-fdab764ec6f8,1-f1e81317-6749-490f-9f9c-7c4de9019edf,South America 5V5 Queue,5v5,1787472853
66bfa0ec-92b4-43b0-ae16-fdab764ec6f8,1-707f7026-570c-47d5-b03e-a8967348af3e,South America 5V5 Queue,5v5,1787471019
66bfa0ec-92b4-43b0-ae16-fdab764ec6f8,1-4550626e-5a61-4fb0-8c00-631ae80112f0,South America 5V5 Queue,5v5,1787467812
66bfa0ec-92b4-43b0-ae16-fdab764ec6f8,1-89f3341c-19d7-42f3-b2e8-a1c2bc265d0f,South America 5V5 Queue,5v5,1787463964
66bfa0ec-92b4-43b0-ae16-fdab764ec6f8,1-90557fe7-6bdf-41a2-9ff7-18c71b16c321,South America 5V5 Queue,5v5,1787461071
66bfa0ec-92b4-43b0-ae16-fdab764ec6f8,1-60daca4a-cb5b-40ab-844a-6a79fb0dd463,South America 5V5 Queue,5v5,1787444180
66bfa0ec-92b4-43b0-ae16-fdab764ec6f8,1-2df2634e-2ed1-4670-9241-a9983384ea40,South America 5V5 Queue,5v5,1787441548
66bfa0ec-92b4-43b0-ae16-fdab764ec6f8,1-3327f5aa-18eb-4cb1-b988-9c67e654ed92,South America 5V5 Queue,5v5,1787439128
66bfa0ec-92b4-43b0-ae16-fdab764ec6f8,1-5d7a7134-0ab1-4ac1-a514-05ab6b3a537d,South America 5V5 Queue,5v5,1787435290
66bfa0ec-92b4-43b0-ae16-fdab764ec6f8,1-aa89b578-b20e-4024-8d05-1dce5bfb2bd3,South America 5V5 Queue,5v5,1787431476
66bfa0ec-92b4-43b0-ae16-fdab764ec6f8,1-e96111aa-3ca3-4745-9cd3-ddfc89f9a9b4,South America 5V5 Queue,5v5,1787428962
66bfa0ec-92b4-43b0-ae16-fdab764ec6f8,1-3770aae9-cef4-45a9-abec-f0aa429ad793,South America 5V5 Queue,5v5,1787370914
66bfa0ec-92b4-43b0-ae16-fdab764ec6f8,1-9fd863f4-c362-43bc-ae64-3a0974435a8d,South America 5V5 Queue,5v5,1787368580
66bfa0ec-92b4-43b0-ae16-fdab764ec6f8,1-c8933882-d11f-4954-8416-69f304bb7f7f,South America 5V5 Queue,5v5,1787366110
66bfa0ec-92b4-43b0-ae16-fdab764ec6f8,1-989293e2-d1ae-49ef-a651-037d613a0c34,South America 5V5 Queue,5v5,1787363704
66bfa0ec-92b4-43b0-ae16-fdab764ec6f8,1-8fb11f31-fc2e-497c-9244-b74b04a083d4,South America 5V5 Queue,5v5,1787297778
1b21d193-72e6-4033-a392-cb26855fdb04,1-613c74c6-c8cb-4d70-a4bf-f7f304666e52,SA ECL S52 Cup 1,5v5,1787697674
1b21d193-72e6-4033-a392-cb26855fdb04,1-0797dcd9-69db-42d5-8882-e958d806049c,South America 5V5 Queue,5v5,1787624786
1b21d193-72e6-4033-a392-cb26855fdb04,1-2be09718-fb81-40bb-b93e-457840f568eb,South America 5V5 Queue,5v5,1787533736
1b21d193-72e6-4033-a392-cb26855fdb04,1-97b3bb73-45c6-43e4-8089-902e5cee7377,South America 5V5 Queue,5v5,1787531275
1b21d193-72e6-4033-a392-cb26855fdb04,1-c4a4e9c1-1a02-4c59-8438-fb504b561cd0,South America 5V5 Queue,5v5,1787528190
1b21d193-72e6-4033-a392-cb26855fdb04,1-231de2b1-d6d5-4f99-8e09-40d295ab54fa,South America 5V5 Queue,5v5,1787457104
1b21d193-72e6-4033-a392-cb26855fdb04,1-780bbd25-0a00-4d62-b602-e5683b8363ed,South America 5V5 Queue,5v5,1787453707
1b21d193-72e6-4033-a392-cb26855fdb04,1-348be54a-4597-41dc-b29d-7eebdd2cc55e,South America 5V5 Queue,5v5,1787449604
1b21d193-72e6-4033-a392-cb26855fdb04,1-03959157-d134-4995-bcda-20dd59be5ea0,South America 5V5 Queue,5v5,1787442989
1b21d193-72e6-4033-a392-cb26855fdb04,1-e7563eaf-039b-4d42-8151-bf26ecf66234,South America 5V5 Queue,5v5,1787436325
1b21d193-72e6-4033-a392-cb26855fdb04,1-4348fa9d-848e-4cdc-879d-510bfecd83d7,South America 5V5 Queue,5v5,1787433303
1b21d193-72e6-4033-a392-cb26855fdb04,1-2ad531ba-192b-4631-88e6-765f1b403c92,South America 5V5 Queue,5v5,1787359697
1b21d193-72e6-4033-a392-cb26855fdb04,1-ea0d83d0-072a-4335-ad59-95d8150ba0ea,South America 5V5 Queue,5v5,1787356037
1b21d193-72e6-4033-a392-cb26855fdb04,1-d5f8d94e-50a5-471b-b5b9-6f995464fb1d,South America 5V5 Queue,5v5,1787296440
1b21d193-72e6-4033-a392-cb26855fdb04,1-853062ce-f905-4022-865b-9c15ea0557ad,South America 5V5 Queue,5v5,1787287428
1b21d193-72e6-4033-a392-cb26855fdb04,1-44cacd30-e27b-4121-b977-9e1a2f212af7,South America 5V5 Queue,5v5,1787284382
1b21d193-72e6-4033-a392-cb26855fdb04,1-e10ce681-eb3b-46f7-a495-f83c1b3847f2,South America 5V5 Queue,5v5,1787280929
1b21d193-72e6-4033-a392-cb26855fdb04,1-64d2c37d-dd7f-4cc1-8fee-ea9d952f55b8,South America 5V5 Queue,5v5,1787273130
1b21d193-72e6-4033-a392-cb26855fdb04,1-6cf5a6ef-cfe2-49a2-8b8e-84639b09be25,South America 5V5 Queue,5v5,1787270734
1b21d193-72e6-4033-a392-cb26855fdb04,1-c501e6f2-2eb1-46cc-8234-cedf1e623993,South America 5V5 Queue,5v5,1787267704
1b21d193-72e6-4033-a392-cb26855fdb04,1-b6613b14-ab31-46f3-8db9-9b8b266b96b7,South America 5V5 Queue,5v5,1787212754
1b21d193-72e6-4033-a392-cb26855fdb04,1-c5ef99a2-61e5-4c65-b8f3-a40b990ccc3b,South America 5V5 Queue,5v5,1787207655
1b21d193-72e6-4033-a392-cb26855fdb04,1-35cb6400-28e2-4288-a55d-106ded64d03b,South America 5V5 Queue,5v5,1787205746
1b21d193-72e6-4033-a392-cb26855fdb04,1-45f32cdd-d743-4df1-ad68-ce5353e2adbd,South America 5V5 Queue,5v5,1787203027
1b21d193-72e6-4033-a392-cb26855fdb04,1-02980810-eb89-4d33-9a06-9eef3340c70a,South America 5V5 Queue,5v5,1787196765
1b21d193-72e6-4033-a392-cb26855fdb04,1-223e7266-ae10-405e-950a-80f3d13b8c1e,South America 5V5 Queue,5v5,1787194161
1b21d193-72e6-4033-a392-cb26855fdb04,1-701ecb7e-c5b0-491d-b209-7cb9ec7f9d98,South America 5V5 Queue,5v5,1787190708
1b21d193-72e6-4033-a392-cb26855fdb04,1-2f72605e-188f-4b35-92cf-d140f2af2481,South America 5V5 Queue,5v5,1787186196
1b21d193-72e6-4033-a392-cb26855fdb04,1-271ae016-662a-4ede-a23b-b3005a0c5d4c,South America 5V5 Queue,5v5,1787183415
1b21d193-72e6-4033-a392-cb26855fdb04,1-e72e67a1-8c53-4d9c-8e2f-17864156dd61,South America 5V5 Queue,5v5,1787181333
b8c3a638-a285-44d7-93d0-bbe373cdd038,1-44dbc76d-1ae7-4b11-807e-c1080c0c1c92,South America 5V5 Queue,5v5,1787274104
b8c3a638-a285-44d7-93d0-bbe373cdd038,1-8ecdfe6b-bd29-4ea9-ac4e-a6d8a51e1172,South America 5V5 Queue,5v5,1787184081
b8c3a638-a285-44d7-93d0-bbe373cdd038,1-346a26f6-3d5d-4b82-8495-c07c92ed1767,South America 5V5 Queue,5v5,1787180675
b8c3a638-a285-44d7-93d0-bbe373cdd038,1-3ad7c9ed-37a4-4e1b-899d-009fda2d4425,South America 5V5 Queue,5v5,1787177456
b8c3a638-a285-44d7-93d0-bbe373cdd038,1-304664b0-b38b-47d4-95f3-310765276432,South America 5V5 Queue,5v5,1787123485
b8c3a638-a285-44d7-93d0-bbe373cdd038,1-6c047b55-cf28-49a1-9e37-11acba74a806,South America 5V5 Queue,5v5,1787119257
b8c3a638-a285-44d7-93d0-bbe373cdd038,1-78912219-3cef-4c3f-a5e8-5bac7acda2d6,South America 5V5 Queue,5v5,1787116488
b8c3a638-a285-44d7-93d0-bbe373cdd038,1-5491bd2a-8396-488e-9cb7-ecbac1f4e43c,South America 5V5 Queue,5v5,1787019375
b8c3a638-a285-44d7-93d0-bbe373cdd038,1-e267af5e-1f85-4232-88d5-f036335fe0b5,South America 5V5 Queue,5v5,1787017345
b8c3a638-a285-44d7-93d0-bbe373cdd038,1-3423778d-730f-459d-80fc-5b1e095460ca,South America 5V5 Queue,5v5,1786994945
b8c3a638-a285-44d7-93d0-bbe373cdd038,1-9c4a4ddc-afa9-4aff-a9bc-5308fa153863,South America 5V5 Queue,5v5,1786991807
b8c3a638-a285-44d7-93d0-bbe373cdd038,1-158e6b02-1443-4e56-8ea7-05b1d0ea88ac,South America 5V5 Queue,5v5,1786948192
b8c3a638-a285-44d7-93d0-bbe373cdd038,1-c8e2e88f-d07b-410d-8f6e-50d5cb83e9f0,South America 5V5 Queue,5v5,1786916027
b8c3a638-a285-44d7-93d0-bbe373cdd038,1-d2799554-2c43-4e8e-b20e-54f25656799e,South America 5V5 Queue,5v5,1786912543
b8c3a638-a285-44d7-93d0-bbe373cdd038,1-0b2bdb21-11f6-46f1-80e7-82c2fc0d904f,South America 5V5 Queue,5v5,1786825678
b8c3a638-a285-44d7-93d0-bbe373cdd038,1-3ee2700e-215c-47e0-be85-b03465b5c923,South America 5V5 Queue,5v5,1786817949
b8c3a638-a285-44d7-93d0-bbe373cdd038,1-6e22f839-96b1-4681-af86-510317b5182c,South America 5V5 Queue,5v5,1786779766
b8c3a638-a285-44d7-93d0-bbe373cdd038,1-73006e57-87be-44c6-a5a6-a8d9714a8300,South America 5V5 Queue,5v5,1786777499
b8c3a638-a285-44d7-93d0-bbe373cdd038,1-a95abd63-3662-4085-9a1d-f09b6c4dcdc3,South America 5V5 Queue,5v5,1786768026
b8c3a638-a285-44d7-93d0-bbe373cdd038,1-ca06128c-4bfb-4b2e-9724-22be966c4063,South America 5V5 Queue,5v5,1786405970
b8c3a638-a285-44d7-93d0-bbe373cdd038,1-603b30c3-958a-452e-9c53-c2e1056d4af7,South America 5V5 Queue,5v5,1786316294
b8c3a638-a285-44d7-93d0-bbe373cdd038,1-056313bb-362c-4490-bc4b-0f84632c4f0d,South America 5V5 Queue,5v5,1786312351
b8c3a638-a285-44d7-93d0-bbe373cdd038,1-24ad7a8b-e547-456d-bb03-44fb8846c65c,Betboom Storm 4 - Bestia vs Yawara,5v5,1786138584
b8c3a638-a285-44d7-93d0-bbe373cdd038,1-c89745af-87c1-4b1c-b9ba-dffc74d3c502,Betboom Storm 4 - Yawara vs Isurus,5v5,1786045330
b8c3a638-a285-44d7-93d0-bbe373cdd038,1-4b7cb269-fae8-4426-8876-6f46a55447bd,South America 5V5 Queue,5v5,1785875576
b8c3a638-a285-44d7-93d0-bbe373cdd038,1-6a69e20b-ec5a-4753-8a59-85160f2f035a,South America 5V5 Queue,5v5,1785867712
b8c3a638-a285-44d7-93d0-bbe373cdd038,1-4f011c2c-363d-460b-851f-35c7490f872c,South America 5V5 Queue,5v5,1785864945
b8c3a638-a285-44d7-93d0-bbe373cdd038,1-a025705c-5729-471a-9b70-a090fe7e9d3e,Betboom Storm 4 - Yawara vs Ex-GUARA,5v5,1785807341
b8c3a638-a285-44d7-93d0-bbe373cdd038,1-55d7964d-e728-4965-93c5-38d204dcdc5e,South America 5V5 Queue,5v5,1785785162
b8c3a638-a285-44d7-93d0-bbe373cdd038,1-00309c0b-d5c8-47a7-bac1-19769b6ea563,South America 5V5 Queue,5v5,1785783012
38150c4d-40a9-4527-8b47-19d1a553b33a,1-74f7ffbe-e30a-4575-825c-96f4f81f7da8,SA ECL S52 Cup 1,5v5,1787697158
38150c4d-40a9-4527-8b47-19d1a553b33a,1-087f338f-49f8-43fe-b486-175ae463dc60,South America 5V5 Queue,5v5,1787625487
38150c4d-40a9-4527-8b47-19d1a553b33a,1-b7535b50-76da-4e80-904b-4542a3a7d795,South America 5V5 Queue,5v5,1787622335
38150c4d-40a9-4527-8b47-19d1a553b33a,1-cb300d34-ed4e-45b0-bae2-36f1d23e3fca,South America 5V5 Queue,5v5,1787524161
38150c4d-40a9-4527-8b47-19d1a553b33a,1-0651c541-e099-40f9-a8f8-b2ad4c019316,South America 5V5 Queue,5v5,1787433816
38150c4d-40a9-4527-8b47-19d1a553b33a,1-108afb30-cca8-4af6-b341-d1858c0535b9,South America 5V5 Queue,5v5,1787194665
38150c4d-40a9-4527-8b47-19d1a553b33a,1-07bb3550-3392-4a4a-b248-dd8252987ccb,South America 5V5 Queue,5v5,1787167782
38150c4d-40a9-4527-8b47-19d1a553b33a,1-33931a02-7302-423a-a471-908d9d2fb8d1,South America 5V5 Queue,5v5,1787087415
38150c4d-40a9-4527-8b47-19d1a553b33a,1-eaeabb95-141e-4181-abdb-cba6d7f43933,South America 5V5 Queue,5v5,1787084464
38150c4d-40a9-4527-8b47-19d1a553b33a,1-d4a795f6-33e9-4e92-93ba-51877e9286f4,South America 5V5 Queue,5v5,1787081560
38150c4d-40a9-4527-8b47-19d1a553b33a,1-d127139e-f854-45e3-b40d-7fa8016ebf14,South America 5V5 Queue,5v5,1787079587
38150c4d-40a9-4527-8b47-19d1a553b33a,1-44d69449-b2b5-4452-bd2d-9d3e25ad8df9,South America 5V5 Queue,5v5,1787019201
38150c4d-40a9-4527-8b47-19d1a553b33a,1-b2a1088e-6be5-4f24-8165-1bdc7be3eb21,South America 5V5 Queue,5v5,1787016138
38150c4d-40a9-4527-8b47-19d1a553b33a,1-e5bc3c60-d26d-4b2c-8666-86be3b4baebb,South America 5V5 Queue,5v5,1787012998
38150c4d-40a9-4527-8b47-19d1a553b33a,1-17a8637d-7f46-4a8e-a40a-848933c6b8f0,South America 5V5 Queue,5v5,1787011239
38150c4d-40a9-4527-8b47-19d1a553b33a,1-1bd942af-71c0-448c-a4fa-9d92019caa1e,South America 5V5 Queue,5v5,1787008260
38150c4d-40a9-4527-8b47-19d1a553b33a,1-42595e36-99d8-41f3-b045-9928c1239f5c,South America 5V5 Queue,5v5,1786943710
38150c4d-40a9-4527-8b47-19d1a553b33a,1-24b80ccb-9733-4f65-b310-c7637e48caaa,South America 5V5 Queue,5v5,1786939782
38150c4d-40a9-4527-8b47-19d1a553b33a,1-b683b430-7329-4c03-b8cb-6055dc3d2ce6,South America 5V5 Queue,5v5,1786853841
38150c4d-40a9-4527-8b47-19d1a553b33a,1-eca8ba31-f564-46ff-a1cd-6ea35a9841de,South America 5V5 Queue,5v5,1786839102
38150c4d-40a9-4527-8b47-19d1a553b33a,1-61428016-bdf8-4aa8-84e9-12c58c05c9e5,South America 5V5 Queue,5v5,1786837096
38150c4d-40a9-4527-8b47-19d1a553b33a,1-cfe908c1-0f66-40ad-95e5-34596df3eb5d,South America 5V5 Queue,5v5,1786833037
38150c4d-40a9-4527-8b47-19d1a553b33a,1-7e0d74cc-5f9b-44dd-baf1-66dbd08f48ae,South America 5V5 Queue,5v5,1786776729
38150c4d-40a9-4527-8b47-19d1a553b33a,1-73af0ed3-c156-401c-9868-8d2de211107c,South America 5V5 Queue,5v5,1786773232
38150c4d-40a9-4527-8b47-19d1a553b33a,1-a1bb24be-229a-482f-a154-8e1aa69c1df2,South America 5V5 Queue,5v5,1786768015
38150c4d-40a9-4527-8b47-19d1a553b33a,1-ce9b728c-cdf0-44ad-bd8b-64d501b01705,South America 5V5 Queue,5v5,1786765680
38150c4d-40a9-4527-8b47-19d1a553b33a,1-21c2075e-df7c-4df9-ba30-c24672ce8f96,South America 5V5 Queue,5v5,1786763784
38150c4d-40a9-4527-8b47-19d1a553b33a,1-a8a42d70-93d9-40d8-89ce-9ffde6fe3542,South America 5V5 Queue,5v5,1786744892
38150c4d-40a9-4527-8b47-19d1a553b33a,1-768a1b48-374d-44ed-a664-cc637c5c706d,South America 5V5 Queue,5v5,1786742835
38150c4d-40a9-4527-8b47-19d1a553b33a,1-72865bbe-7d24-4527-b1f0-99fd4c050f26,South America 5V5 Queue,5v5,1786740268
09e34c6e-66b1-4254-ab5e-6f969f7de721,1-d19635e2-35f8-46dc-a401-e6f905220248,South America 5V5 Queue,5v5,1787675405
09e34c6e-66b1-4254-ab5e-6f969f7de721,1-b2176cf1-dfca-466c-a957-47ebe7850cce,South America 5V5 Queue,5v5,1787672873
09e34c6e-66b1-4254-ab5e-6f969f7de721,1-09501624-6194-4fa2-942d-d4be52fc980c,South America 5V5 Queue,5v5,1787422040
09e34c6e-66b1-4254-ab5e-6f969f7de721,1-17aa931e-14d6-4deb-b387-797ef2b383e6,South America 5V5 Queue,5v5,1787418684
09e34c6e-66b1-4254-ab5e-6f969f7de721,1-9585d2f9-8bfe-43e6-9742-d2ce60b5f631,South America 5V5 Queue,5v5,1787272097
09e34c6e-66b1-4254-ab5e-6f969f7de721,1-fa6ed046-37b2-45a2-be89-d9948018d847,South America 5V5 Queue,5v5,1787269681
09e34c6e-66b1-4254-ab5e-6f969f7de721,1-1d202854-2f83-4f8f-ab9b-97b48dfd6a03,South America 5V5 Queue,5v5,1787184958
09e34c6e-66b1-4254-ab5e-6f969f7de721,1-146717ec-9f41-41f4-aad8-dcc19fcf270b,South America 5V5 Queue,5v5,1787182436
09e34c6e-66b1-4254-ab5e-6f969f7de721,1-ec08e273-b9fc-41f0-9512-e18eb21accfc,South America 5V5 Queue,5v5,1787149296
09e34c6e-66b1-4254-ab5e-6f969f7de721,1-4718209f-a0be-4267-94ec-5773d3fc9767,South America 5V5 Queue,5v5,1787097773
09e34c6e-66b1-4254-ab5e-6f969f7de721,1-e073f815-5984-4b49-8915-9b4411d600d6,South America 5V5 Queue,5v5,1787095053
09e34c6e-66b1-4254-ab5e-6f969f7de721,1-5491bd2a-8396-488e-9cb7-ecbac1f4e43c,South America 5V5 Queue,5v5,1787019375
09e34c6e-66b1-4254-ab5e-6f969f7de721,1-e267af5e-1f85-4232-88d5-f036335fe0b5,South America 5V5 Queue,5v5,1787017345
09e34c6e-66b1-4254-ab5e-6f969f7de721,1-3b658d4d-0915-4ffb-8f1c-37287682952c,South America 5V5 Queue,5v5,1787014345
09e34c6e-66b1-4254-ab5e-6f969f7de721,1-4bbf264c-3d37-4387-8b32-12cefcbba531,South America 5V5 Queue,5v5,1787001390
09e34c6e-66b1-4254-ab5e-6f969f7de721,1-45053ecc-6c3e-480f-8313-b56def51d803,South America 5V5 Queue,5v5,1786999335
09e34c6e-66b1-4254-ab5e-6f969f7de721,1-3423778d-730f-459d-80fc-5b1e095460ca,South America 5V5 Queue,5v5,1786994945
09e34c6e-66b1-4254-ab5e-6f969f7de721,1-9c4a4ddc-afa9-4aff-a9bc-5308fa153863,South America 5V5 Queue,5v5,1786991807
09e34c6e-66b1-4254-ab5e-6f969f7de721,1-efb22c26-dcda-4e40-9a71-0987a578ce59,South America 5V5 Queue,5v5,1786987921
09e34c6e-66b1-4254-ab5e-6f969f7de721,1-9b9fd710-4e53-46fa-ace1-7bfea47aecb8,South America 5V5 Queue,5v5,1786982533
09e34c6e-66b1-4254-ab5e-6f969f7de721,1-6671512f-cf20-48cd-af8a-50a55ef8d340,South America 5V5 Queue,5v5,1786979503
09e34c6e-66b1-4254-ab5e-6f969f7de721,1-24ad7a8b-e547-456d-bb03-44fb8846c65c,Betboom Storm 4 - Bestia vs Yawara,5v5,1786138584
09e34c6e-66b1-4254-ab5e-6f969f7de721,1-c89745af-87c1-4b1c-b9ba-dffc74d3c502,Betboom Storm 4 - Yawara vs Isurus,5v5,1786045330
09e34c6e-66b1-4254-ab5e-6f969f7de721,1-6a69e20b-ec5a-4753-8a59-85160f2f035a,South America 5V5 Queue,5v5,1785867712
09e34c6e-66b1-4254-ab5e-6f969f7de721,1-4f011c2c-363d-460b-851f-35c7490f872c,South America 5V5 Queue,5v5,1785864945
09e34c6e-66b1-4254-ab5e-6f969f7de721,1-a025705c-5729-471a-9b70-a090fe7e9d3e,Betboom Storm 4 - Yawara vs Ex-GUARA,5v5,1785807341
09e34c6e-66b1-4254-ab5e-6f969f7de721,1-55d7964d-e728-4965-93c5-38d204dcdc5e,South America 5V5 Queue,5v5,1785785162
09e34c6e-66b1-4254-ab5e-6f969f7de721,1-00309c0b-d5c8-47a7-bac1-19769b6ea563,South America 5V5 Queue,5v5,1785783012
09e34c6e-66b1-4254-ab5e-6f969f7de721,1-034fdddb-b3e9-405f-b838-587f050cbce6,South America 5V5 Queue,5v5,1785778655
09e34c6e-66b1-4254-ab5e-6f969f7de721,1-e946486c-c430-4926-bcad-85653fdfed40,South America 5V5 Queue,5v5,1785777406
9793fc23-8509-4fc2-bb5e-f72e6b9694c3,1-4b9dd048-3384-41be-85cf-58e3780bc1e3,S58 SA Open Central - Regular Season,5v5 League,1787624141
9793fc23-8509-4fc2-bb5e-f72e6b9694c3,1-15e829fd-ff39-4097-8dc9-b41c77803b27,CS2 2026 - GoGameFestival,5v5,1787516984
9793fc23-8509-4fc2-bb5e-f72e6b9694c3,1-df11aa5b-d038-4f8c-b405-8dab94843eb0,CS2 2026 - GoGameFestival,5v5,1787510223
9793fc23-8509-4fc2-bb5e-f72e6b9694c3,1-ac29dab5-b9e7-413d-9df2-defca38d6853,CS2 2026 - GoGameFestival,5v5,1787504296
9793fc23-8509-4fc2-bb5e-f72e6b9694c3,1-075767dc-c40f-43e4-a75a-76fca0a509d0,South America 5V5 Queue,5v5,1787466613
9793fc23-8509-4fc2-bb5e-f72e6b9694c3,1-5d673dbd-8960-4061-841d-1386219f46e3,South America 5V5 Queue,5v5,1787464260
9793fc23-8509-4fc2-bb5e-f72e6b9694c3,1-9154dcf8-e5aa-47e1-8bbb-a0d4496a7d10,South America 5V5 Queue,5v5,1787461751
9793fc23-8509-4fc2-bb5e-f72e6b9694c3,1-294125fe-f4d8-45ec-89d5-940b7d3d7c5c,South America 5V5 Queue,5v5,1787459333
9793fc23-8509-4fc2-bb5e-f72e6b9694c3,1-8b11fa42-949e-44d4-81dc-d8d54dfaced7,S58 SA Open Central - Regular Season,5v5 League,1787265921
9793fc23-8509-4fc2-bb5e-f72e6b9694c3,1-f002a0fc-184a-45f7-a659-ccd7f7e98837,South America 5V5 Queue,5v5,1787124307
9793fc23-8509-4fc2-bb5e-f72e6b9694c3,1-7aaa8614-c2a7-4ca3-98b9-83a637b4c1f2,South America 5V5 Queue,5v5,1787103284
9793fc23-8509-4fc2-bb5e-f72e6b9694c3,1-9329d27f-1377-4805-b3ba-b38a296cf72d,South America 5V5 Queue,5v5,1787101263
9793fc23-8509-4fc2-bb5e-f72e6b9694c3,1-089aa05c-88ac-4c67-9124-64ed9320dcf9,South America 5V5 Queue,5v5,1787098899
9793fc23-8509-4fc2-bb5e-f72e6b9694c3,1-58d0c750-bde0-4ea7-b2b4-0025043ac368,South America 5V5 Queue,5v5,1787020589
9793fc23-8509-4fc2-bb5e-f72e6b9694c3,1-cc7ce791-83f7-4381-be33-50bba0f4be1e,South America 5V5 Queue,5v5,1787018042
9793fc23-8509-4fc2-bb5e-f72e6b9694c3,1-4c264d18-0968-42b0-8d41-5cc309df8b7a,S58 SA Open Central - Regular Season,5v5 League,1787012265
9793fc23-8509-4fc2-bb5e-f72e6b9694c3,1-4d7e2513-fc16-4c4d-b529-5e8fb328e20c,South America 5V5 Queue,5v5,1786998367
9793fc23-8509-4fc2-bb5e-f72e6b9694c3,1-3e2afc5a-10ac-4dca-9e13-ac57dbd27601,CCT 2026 South America 5 - Open Qualifier,5v5,1786815637
9793fc23-8509-4fc2-bb5e-f72e6b9694c3,1-58afcfa1-ff59-470d-9ae8-131121cf28e3,S58 SA Open Central - Regular Season,5v5 League,1786574602
9793fc23-8509-4fc2-bb5e-f72e6b9694c3,1-f3b7cafe-8741-41d1-a493-81a13d24d2d4,S58 SA Open Central - Regular Season,5v5 League,1786487980
9793fc23-8509-4fc2-bb5e-f72e6b9694c3,1-ba54cac6-3faa-4ddb-89e6-3d70d65cb56c,South America 5V5 Queue,5v5,1786413743
9793fc23-8509-4fc2-bb5e-f72e6b9694c3,1-84bea955-8f93-42b2-86c5-7f81e265263c,South America 5V5 Queue,5v5,1786385489
9793fc23-8509-4fc2-bb5e-f72e6b9694c3,1-2faace2e-488c-49d6-bbbc-a81fe8e0547b,South America 5V5 Queue,5v5,1786382314
9793fc23-8509-4fc2-bb5e-f72e6b9694c3,1-0920b5bc-209a-4534-8da0-cf5404a579a1,South America 5V5 Queue,5v5,1786379311
9793fc23-8509-4fc2-bb5e-f72e6b9694c3,1-7570448b-89ce-417d-a189-80ad47772a11,South America 5V5 Queue,5v5,1786374522
9793fc23-8509-4fc2-bb5e-f72e6b9694c3,1-8ffb0e16-ae59-434a-a1eb-7eedb144f724,South America 5V5 Queue,5v5,1786371095
9793fc23-8509-4fc2-bb5e-f72e6b9694c3,1-ea5aa080-fb62-4bf9-99a6-492bfc6dd6d6,South America 5V5 Queue,5v5,1786256018
9793fc23-8509-4fc2-bb5e-f72e6b9694c3,1-72912971-b3e5-4d71-99f6-39aa6f54d755,South America 5V5 Queue,5v5,1786252414
9793fc23-8509-4fc2-bb5e-f72e6b9694c3,1-89a9d7ee-93fd-4736-abc7-a01e3be95678,South America 5V5 Queue,5v5,1786181558
9793fc23-8509-4fc2-bb5e-f72e6b9694c3,1-74697fc4-9637-44b0-83e2-c10e0fc1a15a,South America 5V5 Queue,5v5,1786172304
c7ee0e00-2993-438e-99ea-3050bcf65413,1-cbcc4bcc-1874-478d-9641-7ba4d5af9f09,South America 5V5 Queue,5v5,1787627556
c7ee0e00-2993-438e-99ea-3050bcf65413,1-0797dcd9-69db-42d5-8882-e958d806049c,South America 5V5 Queue,5v5,1787624786
c7ee0e00-2993-438e-99ea-3050bcf65413,1-0a33927b-e31a-4282-8752-7f1250989cd0,South America 5V5 Queue,5v5,1787621559
c7ee0e00-2993-438e-99ea-3050bcf65413,1-beed1e4c-59eb-49d7-af81-f8d1eddbf0b8,South America 5V5 Queue,5v5,1787618653
c7ee0e00-2993-438e-99ea-3050bcf65413,1-d68dbfe9-6272-4d65-92c3-64512b0452b7,South America 5V5 Queue,5v5,1787612401
c7ee0e00-2993-438e-99ea-3050bcf65413,1-5b1c8d2a-a598-4a79-9f42-4a9d980f72ae,South America 5V5 Queue,5v5,1787529319
c7ee0e00-2993-438e-99ea-3050bcf65413,1-51120a2b-e5f3-4bab-ab0e-59374742bacb,South America 5V5 Queue,5v5,1787506431
c7ee0e00-2993-438e-99ea-3050bcf65413,1-e47051b1-52dd-4cab-a2a1-78d18bc0f630,South America 5V5 Queue,5v5,1787279358
c7ee0e00-2993-438e-99ea-3050bcf65413,1-8151d3a1-1599-4e3c-960f-125968400894,South America 5V5 Queue,5v5,1787276458
c7ee0e00-2993-438e-99ea-3050bcf65413,1-9af8a78a-36cf-45f2-b533-4d2edc594ff1,South America 5V5 Queue,5v5,1787195120
c7ee0e00-2993-438e-99ea-3050bcf65413,1-3f8833f7-da6a-4d28-991d-a1a95b34e0e7,South America 5V5 Queue,5v5,1787187209
c7ee0e00-2993-438e-99ea-3050bcf65413,1-7f1ed954-86c5-49c5-b28b-2a346b9503b1,South America 5V5 Queue,5v5,1787103006
c7ee0e00-2993-438e-99ea-3050bcf65413,1-ddb32a9b-0702-4538-a6e9-4036f3935ac8,South America 5V5 Queue,5v5,1787099224
c7ee0e00-2993-438e-99ea-3050bcf65413,1-18c61d7f-17ba-498e-8094-9704f1ea8bd6,South America 5V5 Queue,5v5,1787095720
c7ee0e00-2993-438e-99ea-3050bcf65413,1-8d28b2e1-86b1-4925-a4ed-72ae2130e719,South America 5V5 Queue,5v5,1787093677
c7ee0e00-2993-438e-99ea-3050bcf65413,1-9b0fc659-7a20-4541-91cc-2ee47ecbe21a,South America 5V5 Queue,5v5,1787090778
c7ee0e00-2993-438e-99ea-3050bcf65413,1-7732d5fd-1238-4b87-809f-f67703b51ede,South America 5V5 Queue,5v5,1787017008
c7ee0e00-2993-438e-99ea-3050bcf65413,1-b0992d92-97ea-4681-a5a5-9245344a1f43,FASTCUP SC CHALLENGE III,5v5,1786929478
c7ee0e00-2993-438e-99ea-3050bcf65413,1-894031f2-879a-4278-9625-e1afb07ac024,FASTCUP SC CHALLENGE III,5v5,1786926633
c7ee0e00-2993-438e-99ea-3050bcf65413,1-a87fbae5-8450-4a1a-a818-8d06c4504e64,South America 5V5 Queue,5v5,1786769966
c7ee0e00-2993-438e-99ea-3050bcf65413,1-1d5efef2-33d0-4688-a341-eafc50a297b8,FASTCUP SC CHALLENGE III,5v5,1786766525
c7ee0e00-2993-438e-99ea-3050bcf65413,1-c315192c-54df-47f3-8de4-166e4edd6bb6,South America 5V5 Queue,5v5,1786663953
c7ee0e00-2993-438e-99ea-3050bcf65413,1-26f528ae-fa66-4a53-89bc-9500495bc1a9,South America 5V5 Queue,5v5,1786589052
c7ee0e00-2993-438e-99ea-3050bcf65413,1-1efca73b-475f-4acb-a7f0-f3a5261ca50a,FASTCUP SC CHALLENGE III,5v5,1786583592
c7ee0e00-2993-438e-99ea-3050bcf65413,1-8099a0b2-ee1d-426a-a410-7c6034b067fd,South America 5V5 Queue,5v5,1786576100
c7ee0e00-2993-438e-99ea-3050bcf65413,1-4e81f7b6-3d7f-462a-a3e2-a5e4b59a9ed4,South America 5V5 Queue,5v5,1786573164
c7ee0e00-2993-438e-99ea-3050bcf65413,1-35bd0f15-0da6-4e9f-bbff-5a8f388d8234,South America 5V5 Queue,5v5,1786513285
c7ee0e00-2993-438e-99ea-3050bcf65413,1-6676bc75-18fb-40ed-a2a6-76c4fc6f7570,South America 5V5 Queue,5v5,1786509909
c7ee0e00-2993-438e-99ea-3050bcf65413,1-2fcc65a8-240d-433c-b9b1-ead6bab7300d,South America 5V5 Queue,5v5,1786506807
c7ee0e00-2993-438e-99ea-3050bcf65413,1-ac5f485b-95fc-4445-82fb-ff44a95c0425,South America 5V5 Queue,5v5,1786503987
63be64d7-593b-4f75-9479-a6dd6d05b6f2,1-580a3c13-beb4-4097-b2b1-dd5577caa3f0,South America 5V5 Queue,5v5,1787521905
63be64d7-593b-4f75-9479-a6dd6d05b6f2,1-61931e0e-d2e4-448d-bc39-7c37e496660e,South America 5V5 Queue,5v5,1787519118
63be64d7-593b-4f75-9479-a6dd6d05b6f2,1-48804a79-336b-4ce6-8e13-558866c3e5cf,South America 5V5 Queue,5v5,1787515892
63be64d7-593b-4f75-9479-a6dd6d05b6f2,1-52ae737f-d2db-4ce2-abc2-c87a619a95d0,South America 5V5 Queue,5v5,1787513852
63be64d7-593b-4f75-9479-a6dd6d05b6f2,1-20e14549-c640-44c1-8adb-f169ebc1ecc1,South America 5V5 Queue,5v5,1787325461
63be64d7-593b-4f75-9479-a6dd6d05b6f2,1-ea9e64ed-472a-4c2f-a0ea-a4ce8eb624fa,South America 5V5 Queue,5v5,1787246770
63be64d7-593b-4f75-9479-a6dd6d05b6f2,1-837bdb4d-d127-4983-87c9-4facb6e637e5,South America 5V5 Queue,5v5,1787104513
63be64d7-593b-4f75-9479-a6dd6d05b6f2,1-9fad1572-1c45-478a-9536-da19ca0d2a1c,South America 5V5 Queue,5v5,1787101154
63be64d7-593b-4f75-9479-a6dd6d05b6f2,1-405bfd37-92f8-4be3-8be1-362ca0fdedda,South America 5V5 Queue,5v5,1787098500
63be64d7-593b-4f75-9479-a6dd6d05b6f2,1-ccb36e59-1a02-4efc-86e5-faf53fa1ccb3,South America 5V5 Queue,5v5,1786930157
63be64d7-593b-4f75-9479-a6dd6d05b6f2,1-d59cfc53-0554-4f9e-b440-3ce1b1acf99c,Imagineleague 2026 - Legends Stage - Red Canids Academy x Mormaco,5v5,1786910510
63be64d7-593b-4f75-9479-a6dd6d05b6f2,1-e55da338-5ccf-4f58-8f7a-ed6c2a7d4060,South America 5V5 Queue,5v5,1786419489
63be64d7-593b-4f75-9479-a6dd6d05b6f2,1-660d52ff-0022-4770-9ee1-aec63bc5bda2,South America 5V5 Queue,5v5,1786415271
63be64d7-593b-4f75-9479-a6dd6d05b6f2,1-a4bd3b9a-6edd-43e1-b130-dee4736e26ad,South America 5V5 Queue,5v5,1786384334
63be64d7-593b-4f75-9479-a6dd6d05b6f2,1-2c261ea5-7c93-4158-9e0b-5ea1fb7c1e61,South America 5V5 Queue,5v5,1786057579
63be64d7-593b-4f75-9479-a6dd6d05b6f2,1-e252bd57-edf0-4a68-88da-75b76bf63f63,South America 5V5 Queue,5v5,1786053261
63be64d7-593b-4f75-9479-a6dd6d05b6f2,1-d7746981-5799-46a9-b611-ba53b9cf70f3,South America 5V5 Queue,5v5,1786050444
63be64d7-593b-4f75-9479-a6dd6d05b6f2,1-f8111f88-87f0-4d2b-8fe7-601f639d02c5,South America 5V5 Queue,5v5,1786048379
63be64d7-593b-4f75-9479-a6dd6d05b6f2,1-4594a198-68c2-4d20-8151-d30c094fd555,South America 5V5 Queue,5v5,1786046516
63be64d7-593b-4f75-9479-a6dd6d05b6f2,1-c7d952b4-547c-4653-a208-0b9bfb11a17e,South America 5V5 Queue,5v5,1785897961
63be64d7-593b-4f75-9479-a6dd6d05b6f2,1-9bfc8db7-1791-43db-b3c3-ea3e630fdacf,South America 5V5 Queue,5v5,1785895321
63be64d7-593b-4f75-9479-a6dd6d05b6f2,1-8e63f549-f654-4a42-81eb-0e4aeef5b8f9,South America 5V5 Queue,5v5,1785438106
63be64d7-593b-4f75-9479-a6dd6d05b6f2,1-ae8a21b0-ad19-4729-8b13-d349dbe6543f,South America 5V5 Queue,5v5,1785357084
63be64d7-593b-4f75-9479-a6dd6d05b6f2,1-2e4a03c6-a11d-4d5d-be5a-39ba8fd33848,South America 5V5 Queue,5v5,1785292811
63be64d7-593b-4f75-9479-a6dd6d05b6f2,1-3905f482-d6b8-4821-8097-be56452fa648,South America 5V5 Queue,5v5,1785290412
63be64d7-593b-4f75-9479-a6dd6d05b6f2,1-1d0dd2f2-a5d5-4f07-9fc7-a99b3d1228c0,South America 5V5 Queue,5v5,1785287623
63be64d7-593b-4f75-9479-a6dd6d05b6f2,1-79d5ad20-95ab-4b82-838d-b7dc622c4b4b,South America 5V5 Queue,5v5,1785185658
63be64d7-593b-4f75-9479-a6dd6d05b6f2,1-948d3012-aa57-4808-bb39-8d2e5a2a675b,South America 5V5 Queue,5v5,1785182498
63be64d7-593b-4f75-9479-a6dd6d05b6f2,1-b05d922e-36da-4f69-908b-abb09814364a,South America 5V5 Queue,5v5,1785180636
63be64d7-593b-4f75-9479-a6dd6d05b6f2,1-9b54c556-ec64-4a8b-bd61-aa1076be7685,South America 5V5 Queue,5v5,1785177169
dd95f56e-bffc-44af-9fea-e181fce71122,1-cfb57d73-82ee-436b-ab30-a78469ce0bf1,South America 5V5 Queue,5v5,1787695870
dd95f56e-bffc-44af-9fea-e181fce71122,1-a105e4da-f34e-48a8-bc75-53dcc72f62cb,South America 5V5 Queue,5v5,1787615272
dd95f56e-bffc-44af-9fea-e181fce71122,1-d68dbfe9-6272-4d65-92c3-64512b0452b7,South America 5V5 Queue,5v5,1787612401
dd95f56e-bffc-44af-9fea-e181fce71122,1-6702bf46-82ed-495a-b926-b4d19b7957c2,South America 5V5 Queue,5v5,1787610730
dd95f56e-bffc-44af-9fea-e181fce71122,1-be992be6-eaad-44a3-b111-cb3ebbc31493,South America 5V5 Queue,5v5,1787608653
dd95f56e-bffc-44af-9fea-e181fce71122,1-c3a1cdff-3b26-42a1-a009-97a98259af67,South America 5V5 Queue,5v5,1787523903
dd95f56e-bffc-44af-9fea-e181fce71122,1-3618a378-fd24-437f-a187-6fbc6b13f3ec,South America 5V5 Queue,5v5,1787521896
dd95f56e-bffc-44af-9fea-e181fce71122,1-c3b4d65d-7bb4-4c77-bb89-97aae0a04a22,South America 5V5 Queue,5v5,1787519494
dd95f56e-bffc-44af-9fea-e181fce71122,1-0bcf9520-b11a-48be-b1a0-88dc33ba2865,South America 5V5 Queue,5v5,1787517498
dd95f56e-bffc-44af-9fea-e181fce71122,1-663df104-0e0b-4eb6-a8d5-674b7f7a39d1,South America 5V5 Queue,5v5,1787514833
dd95f56e-bffc-44af-9fea-e181fce71122,1-74ff333a-0333-43e2-9223-b3abbed2d49b,South America 5V5 Queue,5v5,1787512313
dd95f56e-bffc-44af-9fea-e181fce71122,1-410445a9-292d-482c-902d-8f450e2ca7d4,South America 5V5 Queue,5v5,1787510042
dd95f56e-bffc-44af-9fea-e181fce71122,1-a4abd813-db1d-4ac4-b59b-4eb54e886673,South America 5V5 Queue,5v5,1787351483
dd95f56e-bffc-44af-9fea-e181fce71122,1-3b3c74b4-84a5-4c78-b9b0-7609c385d006,South America 5V5 Queue,5v5,1787349123
dd95f56e-bffc-44af-9fea-e181fce71122,1-5f187c21-d1df-429c-b6d3-b84b2a413db5,South America 5V5 Queue,5v5,1787346866
dd95f56e-bffc-44af-9fea-e181fce71122,1-54453a20-7ed0-4659-b457-a50aea57fb45,South America 5V5 Queue,5v5,1787182219
dd95f56e-bffc-44af-9fea-e181fce71122,1-5607844b-6cc7-4397-8b36-79915f21aee0,South America 5V5 Queue,5v5,1787179390
dd95f56e-bffc-44af-9fea-e181fce71122,1-13a72b51-aca2-4810-b4b9-1350361f5587,South America 5V5 Queue,5v5,1787177381
dd95f56e-bffc-44af-9fea-e181fce71122,1-dd7d7ffb-50c6-427c-9c19-2229d310b658,South America 5V5 Queue,5v5,1787175420
dd95f56e-bffc-44af-9fea-e181fce71122,1-de8efb3d-cd8e-43af-97f1-2f45bdf5fdbd,South America 5V5 Queue,5v5,1787173579
dd95f56e-bffc-44af-9fea-e181fce71122,1-8b2b06f4-ca9f-427c-b870-6a10a00b772f,South America 5V5 Queue,5v5,1787171317
dd95f56e-bffc-44af-9fea-e181fce71122,1-dd489de0-dc65-43d6-bae3-2c5c2f1927fe,South America 5V5 Queue,5v5,1787098575
dd95f56e-bffc-44af-9fea-e181fce71122,1-e1d5e2fd-89c5-487b-a857-21b26fb31976,South America 5V5 Queue,5v5,1787096779
dd95f56e-bffc-44af-9fea-e181fce71122,1-016697b4-eade-4655-b1b6-25a8b1e3a5eb,South America 5V5 Queue,5v5,1787093973
dd95f56e-bffc-44af-9fea-e181fce71122,1-7be95789-4777-4985-9a2b-82acdd1f375f,South America 5V5 Queue,5v5,1787091668
dd95f56e-bffc-44af-9fea-e181fce71122,1-683227f5-9fe6-4ca8-b78e-a54749216ec7,South America 5V5 Queue,5v5,1787087705
dd95f56e-bffc-44af-9fea-e181fce71122,1-738ff449-97fe-44d1-b5d3-92dd17f75d69,South America 5V5 Queue,5v5,1786907679
dd95f56e-bffc-44af-9fea-e181fce71122,1-d39fd1a2-d507-4bcc-9eac-9e536302b02e,South America 5V5 Queue,5v5,1786905434
dd95f56e-bffc-44af-9fea-e181fce71122,1-5e381327-3d72-4770-a7fd-205b9a71ba4c,South America 5V5 Queue,5v5,1786901523
dd95f56e-bffc-44af-9fea-e181fce71122,1-2603ae3f-1ad0-475e-9e7f-bb85039ed75b,South America 5V5 Queue,5v5,1786899354
ad373db4-eae0-448f-af47-082d5d80a65b,1-b9f31f77-1c87-450e-a128-9e79a134ccd8,South America 5V5 Queue,5v5,1787691831
ad373db4-eae0-448f-af47-082d5d80a65b,1-ae22de59-f4d0-49d9-bcbe-0031cefdaf68,South America 5V5 Queue,5v5,1787689554
ad373db4-eae0-448f-af47-082d5d80a65b,1-4f381628-15c0-4abd-8705-f676ab7cb117,South America 5V5 Queue,5v5,1787686679
ad373db4-eae0-448f-af47-082d5d80a65b,1-f1e18f77-c811-4027-bba6-e2fbd9faab11,South America 5V5 Queue,5v5,1787556772
ad373db4-eae0-448f-af47-082d5d80a65b,1-31854f34-ed4b-4c24-9d14-40900516dce8,South America 5V5 Queue,5v5,1787554033
ad373db4-eae0-448f-af47-082d5d80a65b,1-f3294023-5953-42a6-b185-cd907ccabec4,South America 5V5 Queue,5v5,1787552061
ad373db4-eae0-448f-af47-082d5d80a65b,1-23ad286b-f358-45ff-b333-47ee5f906cdf,South America 5V5 Queue,5v5,1787466084
ad373db4-eae0-448f-af47-082d5d80a65b,1-89f3341c-19d7-42f3-b2e8-a1c2bc265d0f,South America 5V5 Queue,5v5,1787463964
ad373db4-eae0-448f-af47-082d5d80a65b,1-f30c492d-fdb0-4ad3-84ea-d8f9d53a12e1,South America 5V5 Queue,5v5,1787461613
ad373db4-eae0-448f-af47-082d5d80a65b,1-aa89b578-b20e-4024-8d05-1dce5bfb2bd3,South America 5V5 Queue,5v5,1787431476
ad373db4-eae0-448f-af47-082d5d80a65b,1-e96111aa-3ca3-4745-9cd3-ddfc89f9a9b4,South America 5V5 Queue,5v5,1787428962
ad373db4-eae0-448f-af47-082d5d80a65b,1-4738b567-3ed2-46bf-80a6-9af67f711807,South America 5V5 Queue,5v5,1787426366
ad373db4-eae0-448f-af47-082d5d80a65b,1-cf8b8d6d-3867-4a7d-a934-2905ee9874f1,South America 5V5 Queue,5v5,1787422600
ad373db4-eae0-448f-af47-082d5d80a65b,1-71323eec-cb7e-434a-945d-a9bfe770ba99,South America 5V5 Queue,5v5,1787386677
ad373db4-eae0-448f-af47-082d5d80a65b,1-607083f2-bf93-41f6-8c4d-b8bb29a26f76,South America 5V5 Queue,5v5,1787384449
ad373db4-eae0-448f-af47-082d5d80a65b,1-44dbc76d-1ae7-4b11-807e-c1080c0c1c92,South America 5V5 Queue,5v5,1787274104
ad373db4-eae0-448f-af47-082d5d80a65b,1-70870c36-208f-46df-8e38-7e61c88b8414,South America 5V5 Queue,5v5,1787265970
ad373db4-eae0-448f-af47-082d5d80a65b,1-fd5dd0a1-184a-4f70-85fd-5aceb46604a2,South America 5V5 Queue,5v5,1787262131
ad373db4-eae0-448f-af47-082d5d80a65b,1-db83220d-045d-4b55-9885-820f351cac68,South America 5V5 Queue,5v5,1787257907
ad373db4-eae0-448f-af47-082d5d80a65b,1-e75c0551-1d80-4883-a6a2-8ff51152038f,South America 5V5 Queue,5v5,1787209789
ad373db4-eae0-448f-af47-082d5d80a65b,1-b5dc1eaa-bbfc-4ba8-a1f6-6d4abbe725f8,South America 5V5 Queue,5v5,1787199090
ad373db4-eae0-448f-af47-082d5d80a65b,1-8ecdfe6b-bd29-4ea9-ac4e-a6d8a51e1172,South America 5V5 Queue,5v5,1787184081
ad373db4-eae0-448f-af47-082d5d80a65b,1-346a26f6-3d5d-4b82-8495-c07c92ed1767,South America 5V5 Queue,5v5,1787180675
ad373db4-eae0-448f-af47-082d5d80a65b,1-3ad7c9ed-37a4-4e1b-899d-009fda2d4425,South America 5V5 Queue,5v5,1787177456
ad373db4-eae0-448f-af47-082d5d80a65b,1-656d1ed8-7899-45da-ac8c-c10a00bad500,South America 5V5 Queue,5v5,1787173058
ad373db4-eae0-448f-af47-082d5d80a65b,1-f3fc5b15-8047-42d9-9f8b-d5f220ed5873,South America 5V5 Queue,5v5,1787170340
ad373db4-eae0-448f-af47-082d5d80a65b,1-1ace8523-4f52-40d0-8820-e531f553487d,South America 5V5 Queue,5v5,1787161482
ad373db4-eae0-448f-af47-082d5d80a65b,1-976b9464-f352-4f3c-be05-f99cc39520ce,South America 5V5 Queue,5v5,1787158498
ad373db4-eae0-448f-af47-082d5d80a65b,1-d277f6c8-81fc-4cb2-a3c6-1a6c10eb77e0,South America 5V5 Queue,5v5,1787114018
ad373db4-eae0-448f-af47-082d5d80a65b,1-e88e3a63-7777-41c8-b6a2-265e413e2e92,South America 5V5 Queue,5v5,1787111938
1d9b171d-7371-4b71-8e98-f8f3ac47e140,1-b5e26988-38c1-4552-a95a-c06d415f4e75,SA ECL S52 Cup 1,5v5,1787697590
1d9b171d-7371-4b71-8e98-f8f3ac47e140,1-a8b8c878-682b-493a-8c45-9ba8a44bc015,South America 5V5 Queue,5v5,1787627452
1d9b171d-7371-4b71-8e98-f8f3ac47e140,1-2049c8da-7b9e-48d2-98c5-27920511a288,South America 5V5 Queue,5v5,1787623610
1d9b171d-7371-4b71-8e98-f8f3ac47e140,1-43c6546b-6f0a-42d5-abed-624f0fce5f33,South America 5V5 Queue,5v5,1787621325
1d9b171d-7371-4b71-8e98-f8f3ac47e140,1-8dd7391d-55b4-4713-8236-e6351008b9a9,S58 SA Open Central - Regular Season,5v5 League,1787615787
1d9b171d-7371-4b71-8e98-f8f3ac47e140,1-e1389108-abe7-4184-8fbe-5e7762f933c3,S58 SA Open Central - Regular Season,5v5 League,1787110037
1d9b171d-7371-4b71-8e98-f8f3ac47e140,1-28ca4c66-ef7f-4ab7-b4d6-a3dff606dd1a,S58 SA Open Central - Regular Season,5v5 League,1787096652
1d9b171d-7371-4b71-8e98-f8f3ac47e140,1-6a04e7d5-6c0a-487a-aff4-9929c7d5626f,South America 5V5 Queue,5v5,1787009509
1d9b171d-7371-4b71-8e98-f8f3ac47e140,1-209d8433-5a9f-4b99-9983-a17607b62eb2,South America 5V5 Queue,5v5,1787007081
1d9b171d-7371-4b71-8e98-f8f3ac47e140,1-f2053344-1eac-4d18-a1c5-b2e2c00431e0,South America 5V5 Queue,5v5,1787005026
1d9b171d-7371-4b71-8e98-f8f3ac47e140,1-db9d28b9-643a-41e3-afa6-91dcc44d4d04,South America 5V5 Queue,5v5,1786991228
1d9b171d-7371-4b71-8e98-f8f3ac47e140,1-c3478114-aeae-4795-8853-2c3de47d5d10,CCT 2026 South America 5 - Open Qualifier,5v5,1786827616
1d9b171d-7371-4b71-8e98-f8f3ac47e140,1-279f1644-41af-4d38-b260-e8f24d677a94,CCT 2026 South America 5 - Open Qualifier,5v5,1786825798
1d9b171d-7371-4b71-8e98-f8f3ac47e140,1-ef5d543b-05bb-4752-b174-d695b0ab05e1,CCT 2026 South America 5 - Open Qualifier,5v5,1786822643
1d9b171d-7371-4b71-8e98-f8f3ac47e140,1-53892af9-f0c0-47af-8397-8ad16ffd2eee,CCT 2026 South America 5 - Open Qualifier,5v5,1786819818
1d9b171d-7371-4b71-8e98-f8f3ac47e140,1-c1f051d9-6c6f-4c9c-89af-1aab08f05b9a,CCT 2026 South America 5 - Open Qualifier,5v5,1786817783
1d9b171d-7371-4b71-8e98-f8f3ac47e140,1-58afcfa1-ff59-470d-9ae8-131121cf28e3,S58 SA Open Central - Regular Season,5v5 League,1786574602
1d9b171d-7371-4b71-8e98-f8f3ac47e140,1-98bafee0-41b8-4060-9835-0f78163a6012,S58 SA Open Central - Regular Season,5v5 League,1786392831
1d9b171d-7371-4b71-8e98-f8f3ac47e140,1-a2d0d888-a916-4405-8cda-8325ae8f11f0,South America 5V5 Queue,5v5,1786343999
1d9b171d-7371-4b71-8e98-f8f3ac47e140,1-d041f436-277b-48b7-a266-a15635504be1,South America 5V5 Queue,5v5,1786339472
1d9b171d-7371-4b71-8e98-f8f3ac47e140,1-8a55baea-f498-4044-9db7-d0aea8028ee3,South America 5V5 Queue,5v5,1786335966
1d9b171d-7371-4b71-8e98-f8f3ac47e140,1-46d55285-c25f-46bf-b6cd-75e34a3db258,South America 5V5 Queue,5v5,1786322087
1d9b171d-7371-4b71-8e98-f8f3ac47e140,1-9ee2f0fc-8e50-405e-bf2b-c99921c2f492,S58 SA Open Central - Regular Season,5v5 League,1786143784
1d9b171d-7371-4b71-8e98-f8f3ac47e140,1-d1d7fbc6-b39a-4486-af72-39b57df661d1,S58 SA Open Central - Regular Season,5v5 League,1786137119
1d9b171d-7371-4b71-8e98-f8f3ac47e140,1-6577ca23-2b51-4b33-b9e6-c9c3b6566cad,South America 5V5 Queue,5v5,1785822471
1d9b171d-7371-4b71-8e98-f8f3ac47e140,1-53500289-e62e-4514-8122-c49c9b647d57,South America 5V5 Queue,5v5,1785819770
1d9b171d-7371-4b71-8e98-f8f3ac47e140,1-dbdabc8d-7835-44da-8676-3ac52db854d9,South America 5V5 Queue,5v5,1785817487
1d9b171d-7371-4b71-8e98-f8f3ac47e140,1-9e656306-c1db-47c4-ab43-4e395a774a24,South America 5V5 Queue,5v5,1785803900
1d9b171d-7371-4b71-8e98-f8f3ac47e140,1-f858dc00-b999-46ec-bb03-87f86ffc0054,South America 5V5 Queue,5v5,1785801644
1d9b171d-7371-4b71-8e98-f8f3ac47e140,1-e3d31099-8ae0-4b31-b330-a75f328f73c2,South America 5V5 Queue,5v5,1785724410
d5475cb6-7625-48b5-b2a7-c347ed136d11,1-a8b8c878-682b-493a-8c45-9ba8a44bc015,South America 5V5 Queue,5v5,1787627452
d5475cb6-7625-48b5-b2a7-c347ed136d11,1-2049c8da-7b9e-48d2-98c5-27920511a288,South America 5V5 Queue,5v5,1787623610
d5475cb6-7625-48b5-b2a7-c347ed136d11,1-6dc3a0ed-e0e6-48ea-b4f8-7325f74a3325,South America 5V5 Queue,5v5,1787538649
d5475cb6-7625-48b5-b2a7-c347ed136d11,1-f93c2a54-aa40-4613-88fc-9824c47fd83e,South America 5V5 Queue,5v5,1787536047
d5475cb6-7625-48b5-b2a7-c347ed136d11,1-a686972b-6a9f-4a28-bdaf-f0009210e333,South America 5V5 Queue,5v5,1787522643
d5475cb6-7625-48b5-b2a7-c347ed136d11,1-6dba9d2b-8a0b-4140-be75-16643d4be2b0,South America 5V5 Queue,5v5,1787521555
d5475cb6-7625-48b5-b2a7-c347ed136d11,1-1c615fdb-0711-4b3e-9397-f1355f52ad1c,South America 5V5 Queue,5v5,1787518953
d5475cb6-7625-48b5-b2a7-c347ed136d11,1-3a2af743-a097-402c-9e57-9474bf1da030,South America 5V5 Queue,5v5,1787511389
d5475cb6-7625-48b5-b2a7-c347ed136d11,1-76b01b92-ec9b-49ad-8e05-37f3e936cd65,South America 5V5 Queue,5v5,1787509980
d5475cb6-7625-48b5-b2a7-c347ed136d11,1-adcf34aa-c9fc-4a64-9cab-b2b1834b9caa,South America 5V5 Queue,5v5,1787468364
d5475cb6-7625-48b5-b2a7-c347ed136d11,1-b2efb604-4c4b-4ada-8261-f394cc536872,South America 5V5 Queue,5v5,1787465869
d5475cb6-7625-48b5-b2a7-c347ed136d11,1-b7c8f363-861e-4b81-a14a-e98126f119f1,South America 5V5 Queue,5v5,1787463603
d5475cb6-7625-48b5-b2a7-c347ed136d11,1-f30c492d-fdb0-4ad3-84ea-d8f9d53a12e1,South America 5V5 Queue,5v5,1787461613
d5475cb6-7625-48b5-b2a7-c347ed136d11,1-57c51925-637a-4417-b668-1ada903f03bf,South America 5V5 Queue,5v5,1787459008
d5475cb6-7625-48b5-b2a7-c347ed136d11,1-3a5624ef-7974-4862-89e1-1aa9c79c4188,South America 5V5 Queue,5v5,1787454323
d5475cb6-7625-48b5-b2a7-c347ed136d11,1-83378129-4a00-444b-a08a-29ce1986624c,South America 5V5 Queue,5v5,1787451675
d5475cb6-7625-48b5-b2a7-c347ed136d11,1-37979135-f789-413e-a06b-df77e122e3b2,South America 5V5 Queue,5v5,1787449178
d5475cb6-7625-48b5-b2a7-c347ed136d11,1-224de08f-5234-4893-9b50-16b56e1a4a3a,South America 5V5 Queue,5v5,1787446595
d5475cb6-7625-48b5-b2a7-c347ed136d11,1-e7a2aef4-2cdf-42d9-a5bf-079eb1dd43f9,South America 5V5 Queue,5v5,1787444723
d5475cb6-7625-48b5-b2a7-c347ed136d11,1-f0a2249f-4634-4c41-875a-8bd5d2b45baa,South America 5V5 Queue,5v5,1787440643
d5475cb6-7625-48b5-b2a7-c347ed136d11,1-203d9af5-7f75-4084-bd9a-8a8a5e9e5f10,South America 5V5 Queue,5v5,1787436529
d5475cb6-7625-48b5-b2a7-c347ed136d11,1-6c12061c-5026-4244-ba69-40e4df366237,South America 5V5 Queue,5v5,1787433830
d5475cb6-7625-48b5-b2a7-c347ed136d11,1-c87081c1-27d3-4482-91f2-dd8d9d749916,South America 5V5 Queue,5v5,1787431457
d5475cb6-7625-48b5-b2a7-c347ed136d11,1-e0aa8403-6803-4f72-b005-890b6a43214b,South America 5V5 Queue,5v5,1787427326
d5475cb6-7625-48b5-b2a7-c347ed136d11,1-6308ac65-1324-40cb-ae69-28c7fe9a00ec,South America 5V5 Queue,5v5,1787422240
d5475cb6-7625-48b5-b2a7-c347ed136d11,1-53b95991-7aa9-4b40-8690-da619659a736,South America 5V5 Queue,5v5,1787381359
d5475cb6-7625-48b5-b2a7-c347ed136d11,1-1398d0f3-3378-41a7-a64e-18277af69694,South America 5V5 Queue,5v5,1787378521
d5475cb6-7625-48b5-b2a7-c347ed136d11,1-445b41b3-6017-4e2a-a050-96c7cb416183,South America 5V5 Queue,5v5,1787376619
d5475cb6-7625-48b5-b2a7-c347ed136d11,1-46f30ebe-dcfd-4205-93ae-7cf8dd716b63,South America 5V5 Queue,5v5,1787372438
d5475cb6-7625-48b5-b2a7-c347ed136d11,1-87880dc5-60f7-49a4-91b1-b9101bd328dd,South America 5V5 Queue,5v5,1787336585
871e212a-75ea-4a4d-8caa-1724cdb56cb0,1-af86e412-1929-4962-b2d9-4bd6a2a01b47,South America 5V5 Queue,5v5,1787513450
871e212a-75ea-4a4d-8caa-1724cdb56cb0,1-38e1b56b-9f0b-476b-9b0f-1fa7ac79b50d,South America 5V5 Queue,5v5,1786817369
871e212a-75ea-4a4d-8caa-1724cdb56cb0,1-3bd7518a-7ce0-4d89-8387-aa72ed861188,South America 5V5 Queue,5v5,1786733209
871e212a-75ea-4a4d-8caa-1724cdb56cb0,1-ebe3835d-e60c-4c61-b367-9539a7c4ad66,South America 5V5 Queue,5v5,1786729727
871e212a-75ea-4a4d-8caa-1724cdb56cb0,1-ac35c4b6-4613-4915-95f6-c21aa5b28c3c,Europe 5v5 Queue,5v5,1786651627
871e212a-75ea-4a4d-8caa-1724cdb56cb0,1-b9031afe-02d6-444f-9033-ab5bac3ec6c2,Europe 5v5 Queue,5v5,1786649231
871e212a-75ea-4a4d-8caa-1724cdb56cb0,1-49c1ecf2-fb37-4e55-ba41-aeb1cbcefee4,Europe 5v5 Queue,5v5,1786647165
871e212a-75ea-4a4d-8caa-1724cdb56cb0,1-b2cf35b6-b699-43ff-bcd6-c57a5e16150b,Europe 5v5 Queue,5v5,1786645132
871e212a-75ea-4a4d-8caa-1724cdb56cb0,1-bc25a1f5-de6f-4b8e-98c1-a7e057ca109e,Europe 5v5 Queue,5v5,1786603772
871e212a-75ea-4a4d-8caa-1724cdb56cb0,1-49b7045b-1b8d-4dff-a9ce-a5242f7bb99e,Europe 5v5 Queue,5v5,1786601612
871e212a-75ea-4a4d-8caa-1724cdb56cb0,1-a13b1834-79e6-41fa-af9e-19d2d9fa2687,Europe 5v5 Queue,5v5,1786598927
871e212a-75ea-4a4d-8caa-1724cdb56cb0,1-4efacf4e-ee43-408e-bfb7-63ba1a1213f4,Europe 5v5 Queue,5v5,1786597258
871e212a-75ea-4a4d-8caa-1724cdb56cb0,1-75ae1748-eae9-40f2-a3e2-f49fc5ac6613,Europe 5v5 Queue,5v5,1786595615
871e212a-75ea-4a4d-8caa-1724cdb56cb0,1-fd69d366-3929-45d8-a4e0-cc923e773e87,Europe 5v5 Queue,5v5,1786591462
871e212a-75ea-4a4d-8caa-1724cdb56cb0,1-340b98b8-7007-4df3-83fa-9f7111c95522,Europe 5v5 Queue,5v5,1786588985
871e212a-75ea-4a4d-8caa-1724cdb56cb0,1-98672a4a-c331-4c9d-a1dc-d905bc7e44c4,Europe 5v5 Queue,5v5,1786586503
871e212a-75ea-4a4d-8caa-1724cdb56cb0,1-6e2befde-d70b-41dd-992e-25fb374e08e4,Europe 5v5 Queue,5v5,1786584372
871e212a-75ea-4a4d-8caa-1724cdb56cb0,1-963e95f2-65c0-4458-9796-523bcd177ea8,Europe 5v5 Queue,5v5,1786581438
871e212a-75ea-4a4d-8caa-1724cdb56cb0,1-9d311d9a-a60c-49ff-a4e1-9835f33f1bd2,Europe 5v5 Queue,5v5,1786579847
871e212a-75ea-4a4d-8caa-1724cdb56cb0,1-52be9f82-cf74-4f00-b4db-eddd39d1bce4,Europe 5v5 Queue,5v5,1786575451
871e212a-75ea-4a4d-8caa-1724cdb56cb0,1-5afb79c1-216b-456e-b2a8-a82940672e5c,Europe 5v5 Queue,5v5,1786573529
871e212a-75ea-4a4d-8caa-1724cdb56cb0,1-1c5b8079-1125-4618-86b7-d63bda33e3c5,Europe 5v5 Queue,5v5,1786567058
871e212a-75ea-4a4d-8caa-1724cdb56cb0,1-5803cfb6-241b-476e-af22-7ae0cdd77581,Europe 5v5 Queue,5v5,1786499976
871e212a-75ea-4a4d-8caa-1724cdb56cb0,1-d553b891-1392-45de-a1b6-79e0275100a8,Europe 5v5 Queue,5v5,1786497723
871e212a-75ea-4a4d-8caa-1724cdb56cb0,1-401cb5aa-5ad6-4265-989c-0ba2d9fde152,Europe 5v5 Queue,5v5,1786495814
871e212a-75ea-4a4d-8caa-1724cdb56cb0,1-f9d1bed4-36be-4b38-9ae2-d7d0e44a80e5,Europe 5v5 Queue,5v5,1786493639
871e212a-75ea-4a4d-8caa-1724cdb56cb0,1-38ebf6f0-fddb-46ed-80fe-2fcda5c45b33,Europe 5v5 Queue,5v5,1786490799
871e212a-75ea-4a4d-8caa-1724cdb56cb0,1-c6b8cb5c-3b5e-48c6-9d4d-d2770797908d,Europe 5v5 Queue,5v5,1786488384
871e212a-75ea-4a4d-8caa-1724cdb56cb0,1-ce8e8dce-9a89-4615-90a7-8a3a3c17c915,Europe 5v5 Queue,5v5,1786485005
871e212a-75ea-4a4d-8caa-1724cdb56cb0,1-85bd4af3-cdcf-420e-9857-1eac55308982,Europe 5v5 Queue,5v5,1786482118
0b52e923-e5a3-457d-9292-3df918de9f19,1-075767dc-c40f-43e4-a75a-76fca0a509d0,South America 5V5 Queue,5v5,1787466613
0b52e923-e5a3-457d-9292-3df918de9f19,1-5d673dbd-8960-4061-841d-1386219f46e3,South America 5V5 Queue,5v5,1787464260
0b52e923-e5a3-457d-9292-3df918de9f19,1-9154dcf8-e5aa-47e1-8bbb-a0d4496a7d10,South America 5V5 Queue,5v5,1787461751
0b52e923-e5a3-457d-9292-3df918de9f19,1-294125fe-f4d8-45ec-89d5-940b7d3d7c5c,South America 5V5 Queue,5v5,1787459333
0b52e923-e5a3-457d-9292-3df918de9f19,1-c218c25f-50d2-4158-bf94-aca473c3d40d,S58 SA Open Central - Regular Season,5v5 League,1787087706
0b52e923-e5a3-457d-9292-3df918de9f19,1-c76e1377-7e51-40e5-a245-063fbb901657,S58 SA Open Central - Regular Season,5v5 League,1787010317
0b52e923-e5a3-457d-9292-3df918de9f19,1-4d7e2513-fc16-4c4d-b529-5e8fb328e20c,South America 5V5 Queue,5v5,1786998367
0b52e923-e5a3-457d-9292-3df918de9f19,1-ff94f2c2-8c75-4e54-9895-22652e45b9a9,South America 5V5 Queue,5v5,1786471382
0b52e923-e5a3-457d-9292-3df918de9f19,1-3b46b5eb-41e6-4c90-8df4-0ad338b86038,South America 5V5 Queue,5v5,1786468134
0b52e923-e5a3-457d-9292-3df918de9f19,1-958919f5-56fd-451d-8fe6-bd14e778c2d9,South America 5V5 Queue,5v5,1786462558
0b52e923-e5a3-457d-9292-3df918de9f19,1-98ce7c62-ef67-482e-9c6f-ccb2bc5f4312,S58 SA Open Central - Regular Season,5v5 League,1786406218
0b52e923-e5a3-457d-9292-3df918de9f19,1-84bea955-8f93-42b2-86c5-7f81e265263c,South America 5V5 Queue,5v5,1786385489
0b52e923-e5a3-457d-9292-3df918de9f19,1-2faace2e-488c-49d6-bbbc-a81fe8e0547b,South America 5V5 Queue,5v5,1786382314
0b52e923-e5a3-457d-9292-3df918de9f19,1-0920b5bc-209a-4534-8da0-cf5404a579a1,South America 5V5 Queue,5v5,1786379311
0b52e923-e5a3-457d-9292-3df918de9f19,1-7570448b-89ce-417d-a189-80ad47772a11,South America 5V5 Queue,5v5,1786374522
0b52e923-e5a3-457d-9292-3df918de9f19,1-8ffb0e16-ae59-434a-a1eb-7eedb144f724,South America 5V5 Queue,5v5,1786371095
0b52e923-e5a3-457d-9292-3df918de9f19,1-249a76b2-4156-460a-b7f9-d4849673f644,S58 SA Open Central - Regular Season,5v5 League,1786313717
0b52e923-e5a3-457d-9292-3df918de9f19,1-89a9d7ee-93fd-4736-abc7-a01e3be95678,South America 5V5 Queue,5v5,1786181558
0b52e923-e5a3-457d-9292-3df918de9f19,1-74697fc4-9637-44b0-83e2-c10e0fc1a15a,South America 5V5 Queue,5v5,1786172304
0b52e923-e5a3-457d-9292-3df918de9f19,1-41a00414-8a9c-41cd-8323-86d87fea889a,South America 5V5 Queue,5v5,1786166842
0b52e923-e5a3-457d-9292-3df918de9f19,1-708c05b9-d78c-46ae-83d5-0c11ec31a68d,South America 5V5 Queue,5v5,1786163300
0b52e923-e5a3-457d-9292-3df918de9f19,1-9aa933c0-0735-46ac-893f-eccd61fbef33,South America 5V5 Queue,5v5,1786159966
0b52e923-e5a3-457d-9292-3df918de9f19,1-4f782b6a-3448-45c5-a9f0-4b697cc98104,South America 5V5 Queue,5v5,1786084051
0b52e923-e5a3-457d-9292-3df918de9f19,1-a238e8b0-41d8-4e4a-b5cd-b41d18092d75,South America 5V5 Queue,5v5,1786081475
0b52e923-e5a3-457d-9292-3df918de9f19,1-347a78a0-def7-4644-b437-c413b6ad6675,South America 5V5 Queue,5v5,1786055275
0b52e923-e5a3-457d-9292-3df918de9f19,1-6c4d6f39-517c-4a3a-bd3e-7e6a01441ef3,South America 5V5 Queue,5v5,1786049707
0b52e923-e5a3-457d-9292-3df918de9f19,1-45cebdcc-1b9b-4572-afc1-cae241f428aa,South America 5V5 Queue,5v5,1786045752
0b52e923-e5a3-457d-9292-3df918de9f19,1-e99e215d-3978-47a1-9582-957682607e57,South America 5V5 Queue,5v5,1785939976
0b52e923-e5a3-457d-9292-3df918de9f19,1-3fd323b6-938e-440b-9dd8-2dae768efe97,South America 5V5 Queue,5v5,1785938055
0b52e923-e5a3-457d-9292-3df918de9f19,1-acb0ab75-9c79-4350-81b4-880884494f9d,South America 5V5 Queue,5v5,1785932879
c818006c-9e8e-479d-819d-589006677782,1-a83c87bc-1507-4bf5-874d-afc8f6aa91a8,South America 5V5 Queue,5v5,1787300817
c818006c-9e8e-479d-819d-589006677782,1-0429e6f9-07e2-4df9-8e58-9e1b479522bc,South America 5V5 Queue,5v5,1787295506
c818006c-9e8e-479d-819d-589006677782,1-6e216e8b-4fc3-4134-95f8-e559478d0e87,South America 5V5 Queue,5v5,1787291694
c818006c-9e8e-479d-819d-589006677782,1-8c2a67e5-58d9-415f-a4f5-4c74a2b4db0a,South America 5V5 Queue,5v5,1787198776
c818006c-9e8e-479d-819d-589006677782,1-710073fd-343d-4287-8104-7bb311b5dbaa,South America 5V5 Queue,5v5,1787183617
c818006c-9e8e-479d-819d-589006677782,1-ac139e4a-9a72-4f64-b804-cd011dce92f5,South America 5V5 Queue,5v5,1787180248
c818006c-9e8e-479d-819d-589006677782,1-250efcaf-ce37-4e16-acc2-df74972d2936,South America 5V5 Queue,5v5,1787176901
c818006c-9e8e-479d-819d-589006677782,1-656d1ed8-7899-45da-ac8c-c10a00bad500,South America 5V5 Queue,5v5,1787173058
c818006c-9e8e-479d-819d-589006677782,1-f3fc5b15-8047-42d9-9f8b-d5f220ed5873,South America 5V5 Queue,5v5,1787170340
c818006c-9e8e-479d-819d-589006677782,1-9868a214-660f-47d7-86f0-b11d1bdf30df,South America 5V5 Queue,5v5,1787104138
c818006c-9e8e-479d-819d-589006677782,1-20ab2ac4-d543-4050-806b-b4157cdae988,South America 5V5 Queue,5v5,1787033627
c818006c-9e8e-479d-819d-589006677782,1-99777360-6ee1-45d9-9fbe-09c601acacff,South America 5V5 Queue,5v5,1787031231
c818006c-9e8e-479d-819d-589006677782,1-8572e46a-33d3-4b5b-9a5a-796eb59ea292,South America 5V5 Queue,5v5,1787028301
c818006c-9e8e-479d-819d-589006677782,1-12571a7b-aeb5-407c-a836-12b6ff9ad45e,South America 5V5 Queue,5v5,1787025505
c818006c-9e8e-479d-819d-589006677782,1-5dc38206-bdcf-46c5-9ae7-a2c5bd3c8078,South America 5V5 Queue,5v5,1787023478
c818006c-9e8e-479d-819d-589006677782,1-d860de6f-22eb-454b-9b4d-125d631236d9,South America 5V5 Queue,5v5,1787021185
c818006c-9e8e-479d-819d-589006677782,1-b4884825-f2b0-4ec0-a2f6-b05b80abcf6f,South America 5V5 Queue,5v5,1787018660
c818006c-9e8e-479d-819d-589006677782,1-3bd5808f-58f2-4887-b7a7-ea927a377fa8,South America 5V5 Queue,5v5,1787015309
c818006c-9e8e-479d-819d-589006677782,1-18b149c3-d348-41a9-adca-bc3a84bd1194,South America 5V5 Queue,5v5,1787006205
c818006c-9e8e-479d-819d-589006677782,1-c16435b0-d9e3-4d04-8067-431c7734e0b4,South America 5V5 Queue,5v5,1787003625
c818006c-9e8e-479d-819d-589006677782,1-5d167e60-143a-422b-ad14-2c587d0ca746,South America 5V5 Queue,5v5,1786999535
c818006c-9e8e-479d-819d-589006677782,1-56b15294-24db-49f5-95ad-21c92a51aa3a,South America 5V5 Queue,5v5,1786741926
c818006c-9e8e-479d-819d-589006677782,1-00749f47-f5a4-4827-979e-87be84e3e6ee,South America 5V5 Queue,5v5,1786740063
c818006c-9e8e-479d-819d-589006677782,1-a338663a-e4f9-4d58-93a9-2c4ffa64a642,South America 5V5 Queue,5v5,1786734921
c818006c-9e8e-479d-819d-589006677782,1-dec7abf5-95f5-4e58-ae9d-75d3e65657c3,South America 5V5 Queue,5v5,1786732591
c818006c-9e8e-479d-819d-589006677782,1-79231a0a-bcf5-42ec-a684-5ceb136597fa,South America 5V5 Queue,5v5,1786664587
c818006c-9e8e-479d-819d-589006677782,1-c1cc3652-1523-4a16-ad8c-9164e515bb3f,South America 5V5 Queue,5v5,1786658254
c818006c-9e8e-479d-819d-589006677782,1-b36fd517-9b17-4400-80f1-e6b817e484cf,South America 5V5 Queue,5v5,1786653155
c818006c-9e8e-479d-819d-589006677782,1-dcd34ca1-d9f6-4abd-ad20-25d2e74e0716,South America 5V5 Queue,5v5,1786599688
c818006c-9e8e-479d-819d-589006677782,1-70071826-e58a-482a-9018-b5558e6e1a48,South America 5V5 Queue,5v5,1786596817
8f611df5-eb41-4ac1-955e-5026ac17b2a2,1-f7326761-3eed-49a2-90e5-1cf2e31f07d3,SA ECL S52 Cup 1,5v5,1787697223
8f611df5-eb41-4ac1-955e-5026ac17b2a2,1-d34fcb0a-6006-4625-b827-0fa6cec24a94,South America 5V5 Queue,5v5,1787636417
8f611df5-eb41-4ac1-955e-5026ac17b2a2,1-8cae37b0-0c4e-4851-8a55-86ce2532689c,South America 5V5 Queue,5v5,1787633228
8f611df5-eb41-4ac1-955e-5026ac17b2a2,1-4bdecb69-1047-4031-b23d-3c8c8ffb78ba,South America 5V5 Queue,5v5,1787631073
8f611df5-eb41-4ac1-955e-5026ac17b2a2,1-cdeada34-8967-4c53-bf60-41e6a705da0b,South America 5V5 Queue,5v5,1787626562
8f611df5-eb41-4ac1-955e-5026ac17b2a2,1-65c3d14e-7609-4d92-8346-1aa637c8f90d,South America 5V5 Queue,5v5,1787622745
8f611df5-eb41-4ac1-955e-5026ac17b2a2,1-94e08814-0c03-42b6-87f4-2d3f0c92877f,South America 5V5 Queue,5v5,1787427293
8f611df5-eb41-4ac1-955e-5026ac17b2a2,1-83267aca-3449-4958-96a5-863bdffa1b6a,South America 5V5 Queue,5v5,1787421309
8f611df5-eb41-4ac1-955e-5026ac17b2a2,1-77ff4255-dd3a-4975-a0b1-a63db2561b2c,South America 5V5 Queue,5v5,1787198493
8f611df5-eb41-4ac1-955e-5026ac17b2a2,1-1525ada9-6f98-46cd-a5cf-b0142bc16d97,South America 5V5 Queue,5v5,1787196824
8f611df5-eb41-4ac1-955e-5026ac17b2a2,1-a16bc3d9-365b-477c-bdd9-e5f9756809a2,South America 5V5 Queue,5v5,1787192550
8f611df5-eb41-4ac1-955e-5026ac17b2a2,1-2f13e0db-4eeb-4398-930b-1d53a1991aae,South America 5V5 Queue,5v5,1787189954
8f611df5-eb41-4ac1-955e-5026ac17b2a2,1-fa9c3b00-32d9-4a1f-8cc1-9e57a4d14670,South America 5V5 Queue,5v5,1787001236
8f611df5-eb41-4ac1-955e-5026ac17b2a2,1-da0a52d7-9e2f-402a-9d6a-8fcde71265a6,South America 5V5 Queue,5v5,1786904752
8f611df5-eb41-4ac1-955e-5026ac17b2a2,1-2603ae3f-1ad0-475e-9e7f-bb85039ed75b,South America 5V5 Queue,5v5,1786899354
8f611df5-eb41-4ac1-955e-5026ac17b2a2,1-c601936a-30e9-49a5-8bc5-e9e713425752,South America 5V5 Queue,5v5,1786826911
8f611df5-eb41-4ac1-955e-5026ac17b2a2,1-4886163f-639a-4256-bf37-407902a7c7ca,South America 5V5 Queue,5v5,1786824848
8f611df5-eb41-4ac1-955e-5026ac17b2a2,1-6f22a87b-5595-4b81-8aa8-3747263a6038,South America 5V5 Queue,5v5,1786822103
8f611df5-eb41-4ac1-955e-5026ac17b2a2,1-09700c19-ca80-49a4-bac5-d6bcd1742272,South America 5V5 Queue,5v5,1786819906
8f611df5-eb41-4ac1-955e-5026ac17b2a2,1-38e1b56b-9f0b-476b-9b0f-1fa7ac79b50d,South America 5V5 Queue,5v5,1786817369
8f611df5-eb41-4ac1-955e-5026ac17b2a2,1-c63fe3e5-67e6-4bb2-8512-baa5eb893d5b,South America 5V5 Queue,5v5,1786762035
8f611df5-eb41-4ac1-955e-5026ac17b2a2,1-a740adda-87df-4d3a-846b-cba68425171d,South America 5V5 Queue,5v5,1786759412
8f611df5-eb41-4ac1-955e-5026ac17b2a2,1-71e576b2-6b08-44a0-83d1-7223471ee87c,South America 5V5 Queue,5v5,1786588959
8f611df5-eb41-4ac1-955e-5026ac17b2a2,1-bee33d5d-9f39-4109-92e9-604905fe682d,South America 5V5 Queue,5v5,1786571992
8f611df5-eb41-4ac1-955e-5026ac17b2a2,1-daee46af-988f-4931-a9ee-d4c24d637dac,South America 5V5 Queue,5v5,1786569360
8f611df5-eb41-4ac1-955e-5026ac17b2a2,1-4853cb35-6816-4de2-9d35-df101e9ce540,South America 5V5 Queue,5v5,1786567442
8f611df5-eb41-4ac1-955e-5026ac17b2a2,1-4b20f151-e88e-448a-bc77-4cfaf5ad2682,South America 5V5 Queue,5v5,1786564744
8f611df5-eb41-4ac1-955e-5026ac17b2a2,1-9f34268f-aa74-4b6e-9edb-d2ea8a50b09b,South America 5V5 Queue,5v5,1786550086
8f611df5-eb41-4ac1-955e-5026ac17b2a2,1-ac9aa869-d9e5-4902-af65-d91fe7fe3627,South America 5V5 Queue,5v5,1786546012
8f611df5-eb41-4ac1-955e-5026ac17b2a2,1-5fe6bf4b-62b4-4188-8280-84eb7e944544,South America 5V5 Queue,5v5,1786484872
5e7172ac-9e07-487f-8ebd-bce905859e74,1-580a3c13-beb4-4097-b2b1-dd5577caa3f0,South America 5V5 Queue,5v5,1787521905
5e7172ac-9e07-487f-8ebd-bce905859e74,1-61931e0e-d2e4-448d-bc39-7c37e496660e,South America 5V5 Queue,5v5,1787519118
5e7172ac-9e07-487f-8ebd-bce905859e74,1-48804a79-336b-4ce6-8e13-558866c3e5cf,South America 5V5 Queue,5v5,1787515892
5e7172ac-9e07-487f-8ebd-bce905859e74,1-52ae737f-d2db-4ce2-abc2-c87a619a95d0,South America 5V5 Queue,5v5,1787513852
5e7172ac-9e07-487f-8ebd-bce905859e74,1-20e14549-c640-44c1-8adb-f169ebc1ecc1,South America 5V5 Queue,5v5,1787325461
5e7172ac-9e07-487f-8ebd-bce905859e74,1-ea9e64ed-472a-4c2f-a0ea-a4ce8eb624fa,South America 5V5 Queue,5v5,1787246770
5e7172ac-9e07-487f-8ebd-bce905859e74,1-837bdb4d-d127-4983-87c9-4facb6e637e5,South America 5V5 Queue,5v5,1787104513
5e7172ac-9e07-487f-8ebd-bce905859e74,1-9fad1572-1c45-478a-9536-da19ca0d2a1c,South America 5V5 Queue,5v5,1787101154
5e7172ac-9e07-487f-8ebd-bce905859e74,1-405bfd37-92f8-4be3-8be1-362ca0fdedda,South America 5V5 Queue,5v5,1787098500
5e7172ac-9e07-487f-8ebd-bce905859e74,1-c2c94ada-79bd-4a88-89ee-ac04ad2619f7,South America 5V5 Queue,5v5,1786917822
5e7172ac-9e07-487f-8ebd-bce905859e74,1-1b15c8c0-1b88-4224-87ab-d367b96e6cc9,South America 5V5 Queue,5v5,1786914359
5e7172ac-9e07-487f-8ebd-bce905859e74,1-d59cfc53-0554-4f9e-b440-3ce1b1acf99c,Imagineleague 2026 - Legends Stage - Red Canids Academy x Mormaco,5v5,1786910510
5e7172ac-9e07-487f-8ebd-bce905859e74,1-e55da338-5ccf-4f58-8f7a-ed6c2a7d4060,South America 5V5 Queue,5v5,1786419489
5e7172ac-9e07-487f-8ebd-bce905859e74,1-660d52ff-0022-4770-9ee1-aec63bc5bda2,South America 5V5 Queue,5v5,1786415271
5e7172ac-9e07-487f-8ebd-bce905859e74,1-a4bd3b9a-6edd-43e1-b130-dee4736e26ad,South America 5V5 Queue,5v5,1786384334
5e7172ac-9e07-487f-8ebd-bce905859e74,1-ccf20964-3900-443f-87dc-5db7bd55d3a6,South America 5V5 Queue,5v5,1786301152
5e7172ac-9e07-487f-8ebd-bce905859e74,1-3d572533-deb2-491f-8e02-0f326434b73b,South America 5V5 Queue,5v5,1786298536
5e7172ac-9e07-487f-8ebd-bce905859e74,1-b98b7efa-4414-4464-9494-a25eec9cd5da,South America 5V5 Queue,5v5,1786297476
5e7172ac-9e07-487f-8ebd-bce905859e74,1-2c261ea5-7c93-4158-9e0b-5ea1fb7c1e61,South America 5V5 Queue,5v5,1786057579
5e7172ac-9e07-487f-8ebd-bce905859e74,1-e252bd57-edf0-4a68-88da-75b76bf63f63,South America 5V5 Queue,5v5,1786053261
5e7172ac-9e07-487f-8ebd-bce905859e74,1-d7746981-5799-46a9-b611-ba53b9cf70f3,South America 5V5 Queue,5v5,1786050444
5e7172ac-9e07-487f-8ebd-bce905859e74,1-f8111f88-87f0-4d2b-8fe7-601f639d02c5,South America 5V5 Queue,5v5,1786048379
5e7172ac-9e07-487f-8ebd-bce905859e74,1-4594a198-68c2-4d20-8151-d30c094fd555,South America 5V5 Queue,5v5,1786046516
5e7172ac-9e07-487f-8ebd-bce905859e74,1-11f62438-861a-4efa-8af3-a944e3f6f6ba,South America 5V5 Queue,5v5,1785977422
5e7172ac-9e07-487f-8ebd-bce905859e74,1-4f9440f7-1c43-46c0-b733-dfe2466b1403,South America 5V5 Queue,5v5,1785975152
5e7172ac-9e07-487f-8ebd-bce905859e74,1-6a30389f-9abb-4085-91e9-3f8df973a98f,South America 5V5 Queue,5v5,1785475289
5e7172ac-9e07-487f-8ebd-bce905859e74,1-b5716c48-fae6-4466-bcf2-d560a4715adb,South America 5V5 Queue,5v5,1785472219
5e7172ac-9e07-487f-8ebd-bce905859e74,1-846a2ee2-b138-40a5-9c5c-eb48a5ddaadf,South America 5V5 Queue,5v5,1785469728
5e7172ac-9e07-487f-8ebd-bce905859e74,1-fcc6bdbd-7763-4a90-9c92-1cfa76fa7a5a,South America 5V5 Queue,5v5,1785467315
5e7172ac-9e07-487f-8ebd-bce905859e74,1-b515e200-c807-458b-bdfe-d92a99ed99ef,South America 5V5 Queue,5v5,1785465286
942036ed-dc41-4acf-bab8-76ff21d70ddc,1-e1389108-abe7-4184-8fbe-5e7762f933c3,S58 SA Open Central - Regular Season,5v5 League,1787110037
942036ed-dc41-4acf-bab8-76ff21d70ddc,1-c218c25f-50d2-4158-bf94-aca473c3d40d,S58 SA Open Central - Regular Season,5v5 League,1787087706
942036ed-dc41-4acf-bab8-76ff21d70ddc,1-c76e1377-7e51-40e5-a245-063fbb901657,S58 SA Open Central - Regular Season,5v5 League,1787010317
942036ed-dc41-4acf-bab8-76ff21d70ddc,1-e122a38e-1f08-42c1-949b-77d1dcdc41e7,South America 5V5 Queue,5v5,1786583031
942036ed-dc41-4acf-bab8-76ff21d70ddc,1-08c861d3-0efa-48b6-8750-a7725a82a063,South America 5V5 Queue,5v5,1786580513
942036ed-dc41-4acf-bab8-76ff21d70ddc,1-09f7a5d5-0d08-499a-bd24-3454bdf5bd68,South America 5V5 Queue,5v5,1786576817
942036ed-dc41-4acf-bab8-76ff21d70ddc,1-e3762644-6472-499c-bbe5-86348d5a8906,South America 5V5 Queue,5v5,1786488204
942036ed-dc41-4acf-bab8-76ff21d70ddc,1-98ce7c62-ef67-482e-9c6f-ccb2bc5f4312,S58 SA Open Central - Regular Season,5v5 League,1786406218
942036ed-dc41-4acf-bab8-76ff21d70ddc,1-84bea955-8f93-42b2-86c5-7f81e265263c,South America 5V5 Queue,5v5,1786385489
942036ed-dc41-4acf-bab8-76ff21d70ddc,1-2faace2e-488c-49d6-bbbc-a81fe8e0547b,South America 5V5 Queue,5v5,1786382314
942036ed-dc41-4acf-bab8-76ff21d70ddc,1-0920b5bc-209a-4534-8da0-cf5404a579a1,South America 5V5 Queue,5v5,1786379311
942036ed-dc41-4acf-bab8-76ff21d70ddc,1-7570448b-89ce-417d-a189-80ad47772a11,South America 5V5 Queue,5v5,1786374522
942036ed-dc41-4acf-bab8-76ff21d70ddc,1-8ffb0e16-ae59-434a-a1eb-7eedb144f724,South America 5V5 Queue,5v5,1786371095
942036ed-dc41-4acf-bab8-76ff21d70ddc,1-249a76b2-4156-460a-b7f9-d4849673f644,S58 SA Open Central - Regular Season,5v5 League,1786313717
942036ed-dc41-4acf-bab8-76ff21d70ddc,1-e0c64c92-454b-4c7b-97c6-55c3f832f1ae,South America 5V5 Queue,5v5,1786219245
942036ed-dc41-4acf-bab8-76ff21d70ddc,1-40bc62b0-d3e9-4ba9-b7ad-d329afcb62d2,South America 5V5 Queue,5v5,1786215384
942036ed-dc41-4acf-bab8-76ff21d70ddc,1-1c0b0f15-411a-49ab-aa7f-3391b4a3a26d,South America 5V5 Queue,5v5,1786212314
942036ed-dc41-4acf-bab8-76ff21d70ddc,1-89a9d7ee-93fd-4736-abc7-a01e3be95678,South America 5V5 Queue,5v5,1786181558
942036ed-dc41-4acf-bab8-76ff21d70ddc,1-74697fc4-9637-44b0-83e2-c10e0fc1a15a,South America 5V5 Queue,5v5,1786172304
942036ed-dc41-4acf-bab8-76ff21d70ddc,1-41a00414-8a9c-41cd-8323-86d87fea889a,South America 5V5 Queue,5v5,1786166842
942036ed-dc41-4acf-bab8-76ff21d70ddc,1-708c05b9-d78c-46ae-83d5-0c11ec31a68d,South America 5V5 Queue,5v5,1786163300
942036ed-dc41-4acf-bab8-76ff21d70ddc,1-9aa933c0-0735-46ac-893f-eccd61fbef33,South America 5V5 Queue,5v5,1786159966
942036ed-dc41-4acf-bab8-76ff21d70ddc,1-4f782b6a-3448-45c5-a9f0-4b697cc98104,South America 5V5 Queue,5v5,1786084051
942036ed-dc41-4acf-bab8-76ff21d70ddc,1-a238e8b0-41d8-4e4a-b5cd-b41d18092d75,South America 5V5 Queue,5v5,1786081475
942036ed-dc41-4acf-bab8-76ff21d70ddc,1-37d43fa4-c789-4833-aa54-4c9b46b2c1b7,South America 5V5 Queue,5v5,1786057827
942036ed-dc41-4acf-bab8-76ff21d70ddc,1-e99e215d-3978-47a1-9582-957682607e57,South America 5V5 Queue,5v5,1785939976
942036ed-dc41-4acf-bab8-76ff21d70ddc,1-3fd323b6-938e-440b-9dd8-2dae768efe97,South America 5V5 Queue,5v5,1785938055
942036ed-dc41-4acf-bab8-76ff21d70ddc,1-acb0ab75-9c79-4350-81b4-880884494f9d,South America 5V5 Queue,5v5,1785932879
942036ed-dc41-4acf-bab8-76ff21d70ddc,1-d4b5b02d-da22-4892-a277-ae2cefc98a7f,S58 SA Open Central - Regular Season,5v5 League,1785884532
942036ed-dc41-4acf-bab8-76ff21d70ddc,1-c8264aaf-a084-4d88-9f7a-9daddf993c27,South America 5V5 Queue,5v5,1785824276
be41de3c-6dbd-4532-aaba-20a5a485b620,1-b5e26988-38c1-4552-a95a-c06d415f4e75,SA ECL S52 Cup 1,5v5,1787697590
be41de3c-6dbd-4532-aaba-20a5a485b620,1-3cbd8f96-694c-411f-b678-97ba1d3b3b23,South America 5V5 Queue,5v5,1787459557
be41de3c-6dbd-4532-aaba-20a5a485b620,1-53b95991-7aa9-4b40-8690-da619659a736,South America 5V5 Queue,5v5,1787381359
be41de3c-6dbd-4532-aaba-20a5a485b620,1-de457a9f-915a-4990-a588-2e49d3611e35,South America 5V5 Queue,5v5,1787379024
be41de3c-6dbd-4532-aaba-20a5a485b620,1-445b41b3-6017-4e2a-a050-96c7cb416183,South America 5V5 Queue,5v5,1787376619
be41de3c-6dbd-4532-aaba-20a5a485b620,1-cafa867d-a789-48ff-9b8d-7e3514b2c5fc,South America 5V5 Queue,5v5,1787373841
be41de3c-6dbd-4532-aaba-20a5a485b620,1-3770aae9-cef4-45a9-abec-f0aa429ad793,South America 5V5 Queue,5v5,1787370914
be41de3c-6dbd-4532-aaba-20a5a485b620,1-af51db39-4467-4879-9ea4-275c95a9c0c9,South America 5V5 Queue,5v5,1787362566
be41de3c-6dbd-4532-aaba-20a5a485b620,1-62407d2d-319e-49a4-80d8-fbf451b87fd5,South America 5V5 Queue,5v5,1787027478
be41de3c-6dbd-4532-aaba-20a5a485b620,1-685ec8a0-c847-4f33-a806-36c80c358ef9,South America 5V5 Queue,5v5,1787021792
be41de3c-6dbd-4532-aaba-20a5a485b620,1-9b901eaa-57e9-41fe-a34c-7911136a3bb8,South America 5V5 Queue,5v5,1786918548
be41de3c-6dbd-4532-aaba-20a5a485b620,1-9e7d8169-1eea-4549-8834-b79a9e49dbc6,South America 5V5 Queue,5v5,1786916177
be41de3c-6dbd-4532-aaba-20a5a485b620,1-4beaa82a-643b-492a-8e6f-e4116d0f2437,South America 5V5 Queue,5v5,1786913655
be41de3c-6dbd-4532-aaba-20a5a485b620,1-159fd6ee-e8bd-46e3-b886-a278c87e4ba4,South America 5V5 Queue,5v5,1786910590
be41de3c-6dbd-4532-aaba-20a5a485b620,1-738ff449-97fe-44d1-b5d3-92dd17f75d69,South America 5V5 Queue,5v5,1786907679
be41de3c-6dbd-4532-aaba-20a5a485b620,1-e7f489d5-caa6-45f5-978f-ae301f97f852,South America 5V5 Queue,5v5,1786830067
be41de3c-6dbd-4532-aaba-20a5a485b620,1-2f1b80c8-94f8-46c1-b984-b93c4c8d3b51,South America 5V5 Queue,5v5,1786826449
be41de3c-6dbd-4532-aaba-20a5a485b620,1-0325f4ab-76c9-4227-b75d-ea6b5b1b0f08,South America 5V5 Queue,5v5,1786823466
be41de3c-6dbd-4532-aaba-20a5a485b620,1-bbf54b20-42a6-4e38-9f74-c72c225fef43,South America 5V5 Queue,5v5,1786821299
be41de3c-6dbd-4532-aaba-20a5a485b620,1-e7774222-3553-459d-8b98-7592b763b763,South America 5V5 Queue,5v5,1786756057
be41de3c-6dbd-4532-aaba-20a5a485b620,1-7cd3562e-7f18-4395-8f25-f6ae34991061,South America 5V5 Queue,5v5,1786747600
be41de3c-6dbd-4532-aaba-20a5a485b620,1-c26f639d-a75d-470a-85de-096ee7443ed3,South America 5V5 Queue,5v5,1786744959
be41de3c-6dbd-4532-aaba-20a5a485b620,1-e6744c77-0e31-4006-a200-b33d79ae5004,Betboom Storm 4 - Isurus vs GREMIO,5v5,1786409372
be41de3c-6dbd-4532-aaba-20a5a485b620,1-c4d6eae7-f96e-40f5-babf-3a427a708e13,South America 5V5 Queue,5v5,1786388500
be41de3c-6dbd-4532-aaba-20a5a485b620,1-8f8ea304-2f7f-4bad-8fb9-5f2fc0b8d0e4,South America 5V5 Queue,5v5,1786386249
be41de3c-6dbd-4532-aaba-20a5a485b620,1-7922a70b-f512-4dd7-87aa-6101853ffa06,Betboom Storm 4 - BESTIA vs Isurus,5v5,1786316511
be41de3c-6dbd-4532-aaba-20a5a485b620,1-8fa78f2c-95b2-423a-a7cd-ddd97ffba91d,South America 5V5 Queue,5v5,1786250659
be41de3c-6dbd-4532-aaba-20a5a485b620,1-390ee18b-18fd-4187-833c-e067309d5685,South America 5V5 Queue,5v5,1786247938
be41de3c-6dbd-4532-aaba-20a5a485b620,1-0dc70d72-1a6e-46dd-bb01-f5bad9f68223,South America 5V5 Queue,5v5,1786221851
be41de3c-6dbd-4532-aaba-20a5a485b620,1-196b5454-e2b7-4596-86b2-efe2be4fcabf,South America 5V5 Queue,5v5,1786219336
abafaeeb-7464-4d59-80c4-be47cbd8a651,1-5e86eddf-9a32-465b-93c3-7dd16649ec97,South America 5V5 Queue,5v5,1787629958
abafaeeb-7464-4d59-80c4-be47cbd8a651,1-cbcc4bcc-1874-478d-9641-7ba4d5af9f09,South America 5V5 Queue,5v5,1787627556
abafaeeb-7464-4d59-80c4-be47cbd8a651,1-0797dcd9-69db-42d5-8882-e958d806049c,South America 5V5 Queue,5v5,1787624786
abafaeeb-7464-4d59-80c4-be47cbd8a651,1-192ba06f-944a-48ab-8028-903aa0424c0f,South America 5V5 Queue,5v5,1787605357
abafaeeb-7464-4d59-80c4-be47cbd8a651,1-ec703933-d11f-4a3c-ae2c-bd8a35db777b,South America 5V5 Queue,5v5,1787603473
abafaeeb-7464-4d59-80c4-be47cbd8a651,1-2c60979c-9a84-40d3-950f-96c9b8d5d504,South America 5V5 Queue,5v5,1787601086
abafaeeb-7464-4d59-80c4-be47cbd8a651,1-bf9c1234-155c-4345-ab4a-769043f5c15c,South America 5V5 Queue,5v5,1787598697
abafaeeb-7464-4d59-80c4-be47cbd8a651,1-e8a2613f-d588-4b80-9e81-140896a9dbe0,South America 5V5 Queue,5v5,1787595781
abafaeeb-7464-4d59-80c4-be47cbd8a651,1-74b43cb6-96cd-46f3-8f67-4a92095d0f17,South America 5V5 Queue,5v5,1787546026
abafaeeb-7464-4d59-80c4-be47cbd8a651,1-6488f52b-75f5-4d11-b511-a997cdd7c6de,South America 5V5 Queue,5v5,1787541620
abafaeeb-7464-4d59-80c4-be47cbd8a651,1-d8f64dde-9924-44f1-a8c1-f4fdea7a1eb5,South America 5V5 Queue,5v5,1787538618
abafaeeb-7464-4d59-80c4-be47cbd8a651,1-c9c29b2a-cd9e-483f-8642-7af209a29cc0,South America 5V5 Queue,5v5,1787533845
abafaeeb-7464-4d59-80c4-be47cbd8a651,1-3cad9f72-a32f-49d1-9097-7cc9e7c32ca5,South America 5V5 Queue,5v5,1787530367
abafaeeb-7464-4d59-80c4-be47cbd8a651,1-8b52b9fa-cb87-47cb-b84c-7471bfffa284,South America 5V5 Queue,5v5,1787527401
abafaeeb-7464-4d59-80c4-be47cbd8a651,1-887d51c6-c91e-4e30-a16c-c26c02ba7402,South America 5V5 Queue,5v5,1787524466
abafaeeb-7464-4d59-80c4-be47cbd8a651,1-db9fcbc2-1d01-468b-ae5f-c2d423b7ef6e,South America 5V5 Queue,5v5,1787520549
abafaeeb-7464-4d59-80c4-be47cbd8a651,1-48804a79-336b-4ce6-8e13-558866c3e5cf,South America 5V5 Queue,5v5,1787515892
abafaeeb-7464-4d59-80c4-be47cbd8a651,1-634978ad-27b6-41d2-bc99-e52a0844084c,South America 5V5 Queue,5v5,1787514237
abafaeeb-7464-4d59-80c4-be47cbd8a651,1-6e063e40-7ba7-446f-934f-5a3f64576db1,South America 5V5 Queue,5v5,1787472485
abafaeeb-7464-4d59-80c4-be47cbd8a651,1-adcf34aa-c9fc-4a64-9cab-b2b1834b9caa,South America 5V5 Queue,5v5,1787468364
abafaeeb-7464-4d59-80c4-be47cbd8a651,1-b2efb604-4c4b-4ada-8261-f394cc536872,South America 5V5 Queue,5v5,1787465869
abafaeeb-7464-4d59-80c4-be47cbd8a651,1-b7c8f363-861e-4b81-a14a-e98126f119f1,South America 5V5 Queue,5v5,1787463603
abafaeeb-7464-4d59-80c4-be47cbd8a651,1-f30c492d-fdb0-4ad3-84ea-d8f9d53a12e1,South America 5V5 Queue,5v5,1787461613
abafaeeb-7464-4d59-80c4-be47cbd8a651,1-45e66e36-270b-4db1-a1c9-942324b78482,South America 5V5 Queue,5v5,1787458666
abafaeeb-7464-4d59-80c4-be47cbd8a651,1-b8e6a1c6-b9ff-424b-9e28-f9a771e744de,South America 5V5 Queue,5v5,1787455898
abafaeeb-7464-4d59-80c4-be47cbd8a651,1-f9541bfc-95c2-4f38-863e-6fa9f9f25403,South America 5V5 Queue,5v5,1787453119
abafaeeb-7464-4d59-80c4-be47cbd8a651,1-41515b5a-87ff-4878-a8c1-79dc68728812,South America 5V5 Queue,5v5,1787449953
abafaeeb-7464-4d59-80c4-be47cbd8a651,1-d5df1098-bae4-4b05-aab2-80bf025b540f,South America 5V5 Queue,5v5,1787446728
abafaeeb-7464-4d59-80c4-be47cbd8a651,1-d6bd5d7d-a5bd-4828-a2c3-1549d3519b3e,South America 5V5 Queue,5v5,1787444390
abafaeeb-7464-4d59-80c4-be47cbd8a651,1-3cde1a2d-6d0f-446b-b9b7-a946dbc1cf12,South America 5V5 Queue,5v5,1787377913
46f22f3d-4325-4851-8d11-0393928d00fe,1-48437a8e-8964-4deb-9f5a-84bfa131e7db,South America 5V5 Queue,5v5,1787176180
46f22f3d-4325-4851-8d11-0393928d00fe,1-07bb3550-3392-4a4a-b248-dd8252987ccb,South America 5V5 Queue,5v5,1787167782
46f22f3d-4325-4851-8d11-0393928d00fe,1-1ace8523-4f52-40d0-8820-e531f553487d,South America 5V5 Queue,5v5,1787161482
46f22f3d-4325-4851-8d11-0393928d00fe,1-976b9464-f352-4f3c-be05-f99cc39520ce,South America 5V5 Queue,5v5,1787158498
46f22f3d-4325-4851-8d11-0393928d00fe,1-7bb4d960-ba31-4ebc-98f2-39e007123c23,South America 5V5 Queue,5v5,1787156353
46f22f3d-4325-4851-8d11-0393928d00fe,1-16e028a1-4a23-4746-aaaa-73b4edd0ac9d,South America 5V5 Queue,5v5,1787095873
46f22f3d-4325-4851-8d11-0393928d00fe,1-761dff4a-5105-47ba-a0e6-4e7a1fcd3285,South America 5V5 Queue,5v5,1787087676
46f22f3d-4325-4851-8d11-0393928d00fe,1-77e109bf-da5e-4762-91cd-9a317185c9e4,South America 5V5 Queue,5v5,1787077132
46f22f3d-4325-4851-8d11-0393928d00fe,1-1b263511-d28e-4820-a0df-9b09081a56b5,South America 5V5 Queue,5v5,1787075285
46f22f3d-4325-4851-8d11-0393928d00fe,1-319e5108-4df8-4c0b-847c-c06c37fb7cd1,South America 5V5 Queue,5v5,1787007813
46f22f3d-4325-4851-8d11-0393928d00fe,1-fa9c3b00-32d9-4a1f-8cc1-9e57a4d14670,South America 5V5 Queue,5v5,1787001236
46f22f3d-4325-4851-8d11-0393928d00fe,1-b2adb0c7-a918-405a-b189-b14e29883a97,South America 5V5 Queue,5v5,1786998486
46f22f3d-4325-4851-8d11-0393928d00fe,1-75e367fe-9067-4963-9b94-1179111912db,South America 5V5 Queue,5v5,1786995349
46f22f3d-4325-4851-8d11-0393928d00fe,1-68a21ca9-3312-48bf-8faf-a792703cc520,South America 5V5 Queue,5v5,1786829230
46f22f3d-4325-4851-8d11-0393928d00fe,1-37ad1518-31b2-43f8-b075-511f643f1535,CCT 2026 South America 5 - Open Qualifier,5v5,1786816545
46f22f3d-4325-4851-8d11-0393928d00fe,1-a8a42d70-93d9-40d8-89ce-9ffde6fe3542,South America 5V5 Queue,5v5,1786744892
46f22f3d-4325-4851-8d11-0393928d00fe,1-768a1b48-374d-44ed-a664-cc637c5c706d,South America 5V5 Queue,5v5,1786742835
46f22f3d-4325-4851-8d11-0393928d00fe,1-72865bbe-7d24-4527-b1f0-99fd4c050f26,South America 5V5 Queue,5v5,1786740268
46f22f3d-4325-4851-8d11-0393928d00fe,1-cac7b753-e744-4055-833c-f8af6dc4b86d,South America 5V5 Queue,5v5,1786738470
46f22f3d-4325-4851-8d11-0393928d00fe,1-b0424e39-ca80-410a-9860-1c353b858e84,South America 5V5 Queue,5v5,1786736420
46f22f3d-4325-4851-8d11-0393928d00fe,1-dec7abf5-95f5-4e58-ae9d-75d3e65657c3,South America 5V5 Queue,5v5,1786732591
46f22f3d-4325-4851-8d11-0393928d00fe,1-ebe3835d-e60c-4c61-b367-9539a7c4ad66,South America 5V5 Queue,5v5,1786729727
46f22f3d-4325-4851-8d11-0393928d00fe,1-cc39e1c2-e06a-4dc0-bb75-f06c7f6a211f,South America 5V5 Queue,5v5,1786680677
46f22f3d-4325-4851-8d11-0393928d00fe,1-54e028ae-78f7-4603-bc89-7f736673b765,South America 5V5 Queue,5v5,1786677855
46f22f3d-4325-4851-8d11-0393928d00fe,1-7114fa72-2f8b-425f-b020-2a321d6fba94,South America 5V5 Queue,5v5,1786572748
46f22f3d-4325-4851-8d11-0393928d00fe,1-4178b22c-3dcc-4d7e-9419-5e0eb864009f,South America 5V5 Queue,5v5,1786568326
46f22f3d-4325-4851-8d11-0393928d00fe,1-72096f06-330d-4001-a457-a0a02d9e467e,South America 5V5 Queue,5v5,1786565534
46f22f3d-4325-4851-8d11-0393928d00fe,1-2774c2ed-ab93-44cb-9418-91e4fc26fd0c,South America 5V5 Queue,5v5,1786562853
46f22f3d-4325-4851-8d11-0393928d00fe,1-b1ac2315-1cbe-4385-ae9a-5d6237ac6681,South America 5V5 Queue,5v5,1786560146
46f22f3d-4325-4851-8d11-0393928d00fe,1-9a046b28-70b7-44ad-bd01-a97f11904c6c,South America 5V5 Queue,5v5,1786501056
18ea8295-4d09-4c2d-945b-5e717c3f2e46,1-8bf5323f-aa2f-4d37-b2ba-4b1a4d3a7090,S58 SA Open Central - Regular Season,5v5 League,1787614946
18ea8295-4d09-4c2d-945b-5e717c3f2e46,1-458207ef-4cba-4f26-bdaf-c0e03d6e8814,South America 5V5 Queue,5v5,1787611288
18ea8295-4d09-4c2d-945b-5e717c3f2e46,1-be992be6-eaad-44a3-b111-cb3ebbc31493,South America 5V5 Queue,5v5,1787608653
18ea8295-4d09-4c2d-945b-5e717c3f2e46,1-2f13e0db-4eeb-4398-930b-1d53a1991aae,South America 5V5 Queue,5v5,1787189954
18ea8295-4d09-4c2d-945b-5e717c3f2e46,1-7c29065f-ff83-46c0-9e57-8bdc6b19cedb,South America 5V5 Queue,5v5,1787186335
18ea8295-4d09-4c2d-945b-5e717c3f2e46,1-346a26f6-3d5d-4b82-8495-c07c92ed1767,South America 5V5 Queue,5v5,1787180675
18ea8295-4d09-4c2d-945b-5e717c3f2e46,1-fb3e3d07-9e70-4a1b-95db-124038b650b0,South America 5V5 Queue,5v5,1787018284
18ea8295-4d09-4c2d-945b-5e717c3f2e46,1-81670fb9-f876-44f5-b53b-1372453d7086,S58 SA Open Central - Regular Season,5v5 League,1787011943
18ea8295-4d09-4c2d-945b-5e717c3f2e46,1-a7b19aff-a71e-45a0-b786-384485237e17,S58 SA Open Central - Regular Season,5v5 League,1787008082
18ea8295-4d09-4c2d-945b-5e717c3f2e46,1-db1c97a9-b51f-4378-a8e6-a3883c8fab61,CSCL x SKINRAVE - 5v5 League | 400 USD Prize-pool | Season 5 [Weekly Event],5v5,1786996057
18ea8295-4d09-4c2d-945b-5e717c3f2e46,1-3b8ad65a-cbb0-4044-b416-efbd6c471d10,CSCL x SKINRAVE - 5v5 League | 400 USD Prize-pool | Season 5 [Weekly Event],5v5,1786993142
18ea8295-4d09-4c2d-945b-5e717c3f2e46,1-43dc7a04-e626-486b-9f0f-b001d476aaa4,South America 5V5 Queue,5v5,1786924981
18ea8295-4d09-4c2d-945b-5e717c3f2e46,1-357a5306-4863-49cf-8080-6d3e37762117,South America 5V5 Queue,5v5,1786922021
18ea8295-4d09-4c2d-945b-5e717c3f2e46,1-433e3ee7-85c2-43cd-b90d-443fa5254a4c,South America 5V5 Queue,5v5,1786919096
18ea8295-4d09-4c2d-945b-5e717c3f2e46,1-9e7d8169-1eea-4549-8834-b79a9e49dbc6,South America 5V5 Queue,5v5,1786916177
18ea8295-4d09-4c2d-945b-5e717c3f2e46,1-0c4fa4ab-6fcb-49f2-938d-952cf446bd14,CCT 2026 South America 5 - Open Qualifier,5v5,1786827030
18ea8295-4d09-4c2d-945b-5e717c3f2e46,1-139b9437-455e-47c8-9fbc-919c7296ee80,CCT 2026 South America 5 - Open Qualifier,5v5,1786824030
18ea8295-4d09-4c2d-945b-5e717c3f2e46,1-6175f7f7-18c7-4a42-9a05-4cb75c9e24d1,CCT 2026 South America 5 - Open Qualifier,5v5,1786818543
18ea8295-4d09-4c2d-945b-5e717c3f2e46,1-86ee057c-ee01-4417-9a72-2739a1460d5f,CCT 2026 South America 5 - Open Qualifier,5v5,1786816273
18ea8295-4d09-4c2d-945b-5e717c3f2e46,1-cf033dfb-1c13-4995-87eb-1f7956e626de,South America 5V5 Queue,5v5,1786811976
18ea8295-4d09-4c2d-945b-5e717c3f2e46,1-2434cb5d-151e-40d6-b5de-3b70f95cc39a,South America 5V5 Queue,5v5,1786668685
18ea8295-4d09-4c2d-945b-5e717c3f2e46,1-cc45ada8-f0f7-40dc-945c-42b115b36b62,S58 SA Open Central - Regular Season,5v5 League,1786580529
18ea8295-4d09-4c2d-945b-5e717c3f2e46,1-bc011ec2-341c-4529-a287-23cdeda50840,South America 5V5 Queue,5v5,1786575800
18ea8295-4d09-4c2d-945b-5e717c3f2e46,1-9584f3f2-fd99-4744-9d63-b1e8028b843f,South America 5V5 Queue,5v5,1786408899
18ea8295-4d09-4c2d-945b-5e717c3f2e46,1-d236091c-4064-45ea-b2cf-84f22486402d,S58 SA Open Central - Regular Season,5v5 League,1786406243
18ea8295-4d09-4c2d-945b-5e717c3f2e46,1-907851fd-650d-4014-886b-b5f4b85792c3,South America 5V5 Queue,5v5,1786396683
18ea8295-4d09-4c2d-945b-5e717c3f2e46,1-3f19308d-67cf-4865-a384-c9b875160cd2,S58 SA Open Central - Regular Season,5v5 League,1786216966
18ea8295-4d09-4c2d-945b-5e717c3f2e46,1-d4b5b02d-da22-4892-a277-ae2cefc98a7f,S58 SA Open Central - Regular Season,5v5 League,1785884532
18ea8295-4d09-4c2d-945b-5e717c3f2e46,1-b5c4a7b2-6503-4db9-8d94-aeede225fe85,CCT 2026 Challengers South America 2 - Open Qualifier 2,5v5,1785701145
18ea8295-4d09-4c2d-945b-5e717c3f2e46,1-d1585537-a7ca-4c4b-8e60-beae6ca22979,CCT 2026 Challengers South America 2 - Open Qualifier 2,5v5,1785696012
a7f4c0d0-519d-4828-a54c-a94bd1324cf7,1-55c8face-3e2a-4b03-8a6f-248992dc2e90,South America 5V5 Queue,5v5,1787685380
a7f4c0d0-519d-4828-a54c-a94bd1324cf7,1-b5da976c-f4da-4612-b9de-c81f832358c0,South America 5V5 Queue,5v5,1787682813
a7f4c0d0-519d-4828-a54c-a94bd1324cf7,1-8ed2079e-805d-4245-aa5b-10657480f734,South America 5V5 Queue,5v5,1787680330
a7f4c0d0-519d-4828-a54c-a94bd1324cf7,1-fcaed7c6-8642-4e95-8970-0751a09fbbae,South America 5V5 Queue,5v5,1787677218
a7f4c0d0-519d-4828-a54c-a94bd1324cf7,1-0f8cfc37-77b2-400b-8394-243ce2c0e4d9,South America 5V5 Queue,5v5,1787675113
a7f4c0d0-519d-4828-a54c-a94bd1324cf7,1-27f09e3d-f490-464d-b45a-36d8266410e8,South America 5V5 Queue,5v5,1787632947
a7f4c0d0-519d-4828-a54c-a94bd1324cf7,1-a83696ae-ad7b-4f86-9c76-83bbe9048a4d,South America 5V5 Queue,5v5,1787629415
a7f4c0d0-519d-4828-a54c-a94bd1324cf7,1-d22c34e1-fd90-4f62-b9d1-ead5b9a26035,South America 5V5 Queue,5v5,1787627229
a7f4c0d0-519d-4828-a54c-a94bd1324cf7,1-185042a9-3732-4835-ac80-2da0495389d1,South America 5V5 Queue,5v5,1787625667
a7f4c0d0-519d-4828-a54c-a94bd1324cf7,1-a105e4da-f34e-48a8-bc75-53dcc72f62cb,South America 5V5 Queue,5v5,1787615272
a7f4c0d0-519d-4828-a54c-a94bd1324cf7,1-7e3a9429-faa4-4ec5-9ab0-5e274cdaec62,South America 5V5 Queue,5v5,1787612502
a7f4c0d0-519d-4828-a54c-a94bd1324cf7,1-7129580d-6f67-435d-bb74-131e4d3b4249,South America 5V5 Queue,5v5,1787536903
a7f4c0d0-519d-4828-a54c-a94bd1324cf7,1-cc092b05-68a2-48bc-b2e2-ce67f7259f86,South America 5V5 Queue,5v5,1787532903
a7f4c0d0-519d-4828-a54c-a94bd1324cf7,1-97b3bb73-45c6-43e4-8089-902e5cee7377,South America 5V5 Queue,5v5,1787531275
a7f4c0d0-519d-4828-a54c-a94bd1324cf7,1-8d4a4a55-e2cf-443d-a6a7-4403a6a52cff,South America 5V5 Queue,5v5,1787529100
a7f4c0d0-519d-4828-a54c-a94bd1324cf7,1-c8949e7f-e436-4376-9f84-c5c22f579517,South America 5V5 Queue,5v5,1787526999
a7f4c0d0-519d-4828-a54c-a94bd1324cf7,1-c3b4d65d-7bb4-4c77-bb89-97aae0a04a22,South America 5V5 Queue,5v5,1787519494
a7f4c0d0-519d-4828-a54c-a94bd1324cf7,1-0bcf9520-b11a-48be-b1a0-88dc33ba2865,South America 5V5 Queue,5v5,1787517498
a7f4c0d0-519d-4828-a54c-a94bd1324cf7,1-fdb8aed6-6390-4d6f-ab92-0f85c06f8cb9,South America 5V5 Queue,5v5,1787514450
a7f4c0d0-519d-4828-a54c-a94bd1324cf7,1-3a2af743-a097-402c-9e57-9474bf1da030,South America 5V5 Queue,5v5,1787511389
a7f4c0d0-519d-4828-a54c-a94bd1324cf7,1-76b01b92-ec9b-49ad-8e05-37f3e936cd65,South America 5V5 Queue,5v5,1787509980
a7f4c0d0-519d-4828-a54c-a94bd1324cf7,1-b5d58a60-a84f-48bb-be0b-f911a11404d1,South America 5V5 Queue,5v5,1787506952
a7f4c0d0-519d-4828-a54c-a94bd1324cf7,1-cfb752b9-bbeb-49e4-9565-9fda2c217839,South America 5V5 Queue,5v5,1787504694
a7f4c0d0-519d-4828-a54c-a94bd1324cf7,1-727a8cc5-edbe-4329-a3ea-da4701bd0c0a,South America 5V5 Queue,5v5,1787341748
a7f4c0d0-519d-4828-a54c-a94bd1324cf7,1-23499318-1be8-4dee-9235-548a849f6e81,South America 5V5 Queue,5v5,1787338855
a7f4c0d0-519d-4828-a54c-a94bd1324cf7,1-2cfea17d-27c8-4ba7-9aa0-b8f35dafb5dc,South America 5V5 Queue,5v5,1787335977
a7f4c0d0-519d-4828-a54c-a94bd1324cf7,1-17c9b366-29a2-40f4-a9bc-7d409e9db422,South America 5V5 Queue,5v5,1787275578
a7f4c0d0-519d-4828-a54c-a94bd1324cf7,1-f7ab42d6-28a2-47e4-b1f8-692dac65094e,South America 5V5 Queue,5v5,1787270646
a7f4c0d0-519d-4828-a54c-a94bd1324cf7,1-c1546150-c79b-455d-bdf0-5b35a8e05b86,South America 5V5 Queue,5v5,1787269041
a7f4c0d0-519d-4828-a54c-a94bd1324cf7,1-70870c36-208f-46df-8e38-7e61c88b8414,South America 5V5 Queue,5v5,1787265970
ca0247d2-fa44-4ad3-9a36-d949f814fc7d,1-339a1686-3cc4-4163-8ec3-4f12a5c153b9,South America 5V5 Queue,5v5,1787696348
ca0247d2-fa44-4ad3-9a36-d949f814fc7d,1-3aec5868-6ced-4970-ba1c-3a5098d5130d,South America 5V5 Queue,5v5,1787681999
ca0247d2-fa44-4ad3-9a36-d949f814fc7d,1-d19635e2-35f8-46dc-a401-e6f905220248,South America 5V5 Queue,5v5,1787675405
ca0247d2-fa44-4ad3-9a36-d949f814fc7d,1-b2176cf1-dfca-466c-a957-47ebe7850cce,South America 5V5 Queue,5v5,1787672873
ca0247d2-fa44-4ad3-9a36-d949f814fc7d,1-20827670-cd4a-4452-a42a-deafaf9be04e,South America 5V5 Queue,5v5,1787607558
ca0247d2-fa44-4ad3-9a36-d949f814fc7d,1-0e6ba703-6026-4dfc-9648-8b456d2d97c8,South America 5V5 Queue,5v5,1787531334
ca0247d2-fa44-4ad3-9a36-d949f814fc7d,1-c4a4e9c1-1a02-4c59-8438-fb504b561cd0,South America 5V5 Queue,5v5,1787528190
ca0247d2-fa44-4ad3-9a36-d949f814fc7d,1-cb300d34-ed4e-45b0-bae2-36f1d23e3fca,South America 5V5 Queue,5v5,1787524161
ca0247d2-fa44-4ad3-9a36-d949f814fc7d,1-1c615fdb-0711-4b3e-9397-f1355f52ad1c,South America 5V5 Queue,5v5,1787518953
ca0247d2-fa44-4ad3-9a36-d949f814fc7d,1-7c79b2bc-26de-41b4-bc8f-113055ea993c,South America 5V5 Queue,5v5,1787271179
ca0247d2-fa44-4ad3-9a36-d949f814fc7d,1-c1546150-c79b-455d-bdf0-5b35a8e05b86,South America 5V5 Queue,5v5,1787269041
ca0247d2-fa44-4ad3-9a36-d949f814fc7d,1-ef9a9a31-acd6-4d0a-9efd-7810558dd1c1,South America 5V5 Queue,5v5,1787183692
ca0247d2-fa44-4ad3-9a36-d949f814fc7d,1-cd949f63-e1c6-4e73-bf12-12de0aadc3e4,South America 5V5 Queue,5v5,1787096737
ca0247d2-fa44-4ad3-9a36-d949f814fc7d,1-43d293ef-285c-4d6c-8c52-f1d54876a12b,South America 5V5 Queue,5v5,1787094446
ca0247d2-fa44-4ad3-9a36-d949f814fc7d,1-1140f485-0a57-457c-b867-2325ecae9726,South America 5V5 Queue,5v5,1787088421
ca0247d2-fa44-4ad3-9a36-d949f814fc7d,1-94ded2d0-0c64-4e88-a6db-06d10e38729b,South America 5V5 Queue,5v5,1787010398
ca0247d2-fa44-4ad3-9a36-d949f814fc7d,1-a1f35e9b-57bd-466f-8b2c-a168bb5f70c5,South America 5V5 Queue,5v5,1786924044
ca0247d2-fa44-4ad3-9a36-d949f814fc7d,1-5838172d-9522-4eaf-9ab4-58ea826c575b,South America 5V5 Queue,5v5,1786921514
ca0247d2-fa44-4ad3-9a36-d949f814fc7d,1-289faf2e-4a2b-4b7b-8dfd-49c0f44b7b95,South America 5V5 Queue,5v5,1786752618
ca0247d2-fa44-4ad3-9a36-d949f814fc7d,1-7cd3562e-7f18-4395-8f25-f6ae34991061,South America 5V5 Queue,5v5,1786747600
ca0247d2-fa44-4ad3-9a36-d949f814fc7d,1-a8a42d70-93d9-40d8-89ce-9ffde6fe3542,South America 5V5 Queue,5v5,1786744892
ca0247d2-fa44-4ad3-9a36-d949f814fc7d,1-56ea9867-16c7-490d-946d-72c1466e4e53,South America 5V5 Queue,5v5,1786496796
ca0247d2-fa44-4ad3-9a36-d949f814fc7d,1-a142e6db-54e8-46a9-80b3-6e58c3aa0e0e,South America 5V5 Queue,5v5,1786494024
ca0247d2-fa44-4ad3-9a36-d949f814fc7d,1-b4606031-45d1-4c16-9a82-da3b8129f40b,South America 5V5 Queue,5v5,1786491748
ca0247d2-fa44-4ad3-9a36-d949f814fc7d,1-ae2711ed-878e-4583-902d-bc9b9e5057e9,South America 5V5 Queue,5v5,1786464913
ca0247d2-fa44-4ad3-9a36-d949f814fc7d,1-3af1bc29-fde3-40e9-8d33-d3c2087fba8e,South America 5V5 Queue,5v5,1786408323
ca0247d2-fa44-4ad3-9a36-d949f814fc7d,1-8e720d44-1bcb-490e-87a1-5f1520d9e16c,Betboom Storm 4 - GREMIO vs Procyon,5v5,1786304918
ca0247d2-fa44-4ad3-9a36-d949f814fc7d,1-1e6eaf12-acaf-4f3c-9a2d-56d74639b76f,South America 5V5 Queue,5v5,1786222029
ca0247d2-fa44-4ad3-9a36-d949f814fc7d,1-96362ac0-91b7-4153-a55a-5ac3b62fee0e,South America 5V5 Queue,5v5,1786219370
ca0247d2-fa44-4ad3-9a36-d949f814fc7d,1-8cf1d430-1085-4da8-b310-894e994a525b,South America 5V5 Queue,5v5,1786217207
d2b9449c-f931-4c24-8596-9663069a6881,1-786b9eca-d009-4016-84c0-ca24c19fae42,South America 5V5 Queue,5v5,1787622145
d2b9449c-f931-4c24-8596-9663069a6881,1-a3e37ba8-3bd9-43d0-9fd1-0bf63748a465,South America 5V5 Queue,5v5,1787380677
d2b9449c-f931-4c24-8596-9663069a6881,1-c5a843aa-f952-45a3-b5a6-30e07b342e6f,South America 5V5 Queue,5v5,1787373552
d2b9449c-f931-4c24-8596-9663069a6881,1-4b4b28ff-c9b8-42df-97af-0dae9072f0c1,South America 5V5 Queue,5v5,1787370233
d2b9449c-f931-4c24-8596-9663069a6881,1-76f39608-e9e4-433b-8c37-b4bbee07bd52,South America 5V5 Queue,5v5,1787367632
d2b9449c-f931-4c24-8596-9663069a6881,1-9ebf9eba-5fb8-4a06-ab47-db5ff16c8bf2,South America 5V5 Queue,5v5,1787364625
d2b9449c-f931-4c24-8596-9663069a6881,1-345bf524-1cce-4703-831a-a9dcfde43664,South America 5V5 Queue,5v5,1787291484
d2b9449c-f931-4c24-8596-9663069a6881,1-11a46908-3bb8-44e5-8107-2be491856c5c,South America 5V5 Queue,5v5,1787287950
d2b9449c-f931-4c24-8596-9663069a6881,1-c116de4e-cdaa-4f86-9338-25fd8fafaaaa,South America 5V5 Queue,5v5,1787284438
d2b9449c-f931-4c24-8596-9663069a6881,1-74dbaded-8d2b-4094-99e3-5a040562ffa8,South America 5V5 Queue,5v5,1787273612
d2b9449c-f931-4c24-8596-9663069a6881,1-f1576315-22e6-475e-9e44-6aa4fad7c6e4,South America 5V5 Queue,5v5,1787270146
d2b9449c-f931-4c24-8596-9663069a6881,1-e4ff2a00-3bd5-4330-97e2-1edfb690bbfc,South America 5V5 Queue,5v5,1787184649
d2b9449c-f931-4c24-8596-9663069a6881,1-3d11d49d-6881-4dcb-9f5e-e9202558dbf0,South America 5V5 Queue,5v5,1787181451
d2b9449c-f931-4c24-8596-9663069a6881,1-7409cda0-9e76-4646-a3dc-546ec56391f8,South America 5V5 Queue,5v5,1787178027
d2b9449c-f931-4c24-8596-9663069a6881,1-da847f2d-a27a-4c58-ae33-40aa827d0364,South America 5V5 Queue,5v5,1787118965
d2b9449c-f931-4c24-8596-9663069a6881,1-53857dee-01bf-4fc6-b283-435254bf4e52,South America 5V5 Queue,5v5,1787115713
d2b9449c-f931-4c24-8596-9663069a6881,1-2644fdf7-d03a-4ab5-b3df-aceef8b63cfc,South America 5V5 Queue,5v5,1787112538
d2b9449c-f931-4c24-8596-9663069a6881,1-bcfd637c-8130-4d67-90b9-9a641a2bc30e,South America 5V5 Queue,5v5,1787109358
d2b9449c-f931-4c24-8596-9663069a6881,1-5342028d-ac67-4b36-b24a-a31775903e19,South America 5V5 Queue,5v5,1787030641
d2b9449c-f931-4c24-8596-9663069a6881,1-435946b2-9557-4477-b37e-d92537583222,South America 5V5 Queue,5v5,1787028065
d2b9449c-f931-4c24-8596-9663069a6881,1-d2062774-0dab-482d-ba5a-ab3ea99608f3,South America 5V5 Queue,5v5,1787024800
d2b9449c-f931-4c24-8596-9663069a6881,1-220d90b7-e373-419f-b9c4-6856c7c970d2,South America 5V5 Queue,5v5,1787021325
d2b9449c-f931-4c24-8596-9663069a6881,1-710da113-ebe5-4bcd-ada9-82d3ba32d659,South America 5V5 Queue,5v5,1787019123
d2b9449c-f931-4c24-8596-9663069a6881,1-36c4f4da-a9e9-4919-af4d-f439c947ee17,South America 5V5 Queue,5v5,1787015665
d2b9449c-f931-4c24-8596-9663069a6881,1-a40beaff-a993-4efa-9c7a-45e2932acc34,South America 5V5 Queue,5v5,1786943553
d2b9449c-f931-4c24-8596-9663069a6881,1-30176b21-96ef-4d77-82aa-b1a1011b72b6,South America 5V5 Queue,5v5,1786939805
d2b9449c-f931-4c24-8596-9663069a6881,1-bf2340c6-d386-41e0-829e-42049a28d1f5,South America 5V5 Queue,5v5,1786776360
d2b9449c-f931-4c24-8596-9663069a6881,1-79be74ec-a36e-4197-ad8b-9c0a23ef58c8,South America 5V5 Queue,5v5,1786773314
d2b9449c-f931-4c24-8596-9663069a6881,1-910331e6-fc10-4770-9fb1-47a8b8964070,South America 5V5 Queue,5v5,1786608418
d2b9449c-f931-4c24-8596-9663069a6881,1-a14188c5-c598-4a54-b41d-4d3fbee22b45,South America 5V5 Queue,5v5,1786602594
4e0c3b89-19db-4547-aaee-bc454f61b8d9,1-3770aae9-cef4-45a9-abec-f0aa429ad793,South America 5V5 Queue,5v5,1787370914
4e0c3b89-19db-4547-aaee-bc454f61b8d9,1-9fd863f4-c362-43bc-ae64-3a0974435a8d,South America 5V5 Queue,5v5,1787368580
4e0c3b89-19db-4547-aaee-bc454f61b8d9,1-c8933882-d11f-4954-8416-69f304bb7f7f,South America 5V5 Queue,5v5,1787366110
4e0c3b89-19db-4547-aaee-bc454f61b8d9,1-989293e2-d1ae-49ef-a651-037d613a0c34,South America 5V5 Queue,5v5,1787363704
4e0c3b89-19db-4547-aaee-bc454f61b8d9,1-853062ce-f905-4022-865b-9c15ea0557ad,South America 5V5 Queue,5v5,1787287428
4e0c3b89-19db-4547-aaee-bc454f61b8d9,1-44cacd30-e27b-4121-b977-9e1a2f212af7,South America 5V5 Queue,5v5,1787284382
4e0c3b89-19db-4547-aaee-bc454f61b8d9,1-eb4a7e86-e875-4b55-a151-7e77907f53ac,South America 5V5 Queue,5v5,1786166176
4e0c3b89-19db-4547-aaee-bc454f61b8d9,1-58d04d1c-ccfc-4f28-b33b-7ca232ce8bc9,South America 5V5 Queue,5v5,1786163245
4e0c3b89-19db-4547-aaee-bc454f61b8d9,1-66a401f3-292d-4683-b15f-3e4eaac5c557,South America 5V5 Queue,5v5,1786161500
4e0c3b89-19db-4547-aaee-bc454f61b8d9,1-cf030b39-7fcf-4b39-a2da-aaa4defae80f,South America 5V5 Queue,5v5,1786159619
4e0c3b89-19db-4547-aaee-bc454f61b8d9,1-c277cd1f-cd0e-4a7b-b2db-1b7632da378c,South America 5V5 Queue,5v5,1785799201
4e0c3b89-19db-4547-aaee-bc454f61b8d9,1-c1577811-a22c-4646-bbb4-9f4a31057308,South America 5V5 Queue,5v5,1785796763
4e0c3b89-19db-4547-aaee-bc454f61b8d9,1-9e14f8e8-3600-465a-a5fd-291cdef0f302,South America 5V5 Queue,5v5,1785793473
4e0c3b89-19db-4547-aaee-bc454f61b8d9,1-80f1f0bd-8f72-4ba5-abc6-31f6abe379c3,South America 5V5 Queue,5v5,1785566774
4e0c3b89-19db-4547-aaee-bc454f61b8d9,1-ca21004b-d511-4649-bc5d-248237b7c738,South America 5V5 Queue,5v5,1785563758
4e0c3b89-19db-4547-aaee-bc454f61b8d9,1-9293f7c6-e94b-41bc-bfd2-4eb80ab81c55,South America 5V5 Queue,5v5,1785561411
4e0c3b89-19db-4547-aaee-bc454f61b8d9,1-8f9677e0-cea9-4c5e-8c54-6df5becc27ab,South America 5V5 Queue,5v5,1785558935
4e0c3b89-19db-4547-aaee-bc454f61b8d9,1-9d65aab4-0c78-4ec5-92d0-a848e497f335,South America 5V5 Queue,5v5,1785555962
4e0c3b89-19db-4547-aaee-bc454f61b8d9,1-cda30e15-7b82-4888-af1f-c03b00216983,South America 5V5 Queue,5v5,1785553640
4e0c3b89-19db-4547-aaee-bc454f61b8d9,1-2d4f4a3c-4bae-4055-8803-3d044574a4c2,South America 5V5 Queue,5v5,1785550351
4e0c3b89-19db-4547-aaee-bc454f61b8d9,1-c160c5bf-a7d9-480b-85a6-e5063ce2999e,South America 5V5 Queue,5v5,1785545132
4e0c3b89-19db-4547-aaee-bc454f61b8d9,1-dc67de6d-0c1d-43cf-b60a-f55809669648,South America 5V5 Queue,5v5,1785541452
4e0c3b89-19db-4547-aaee-bc454f61b8d9,1-d932e95b-258d-4990-a54b-f6257a2e5fea,South America 5V5 Queue,5v5,1782443341
4e0c3b89-19db-4547-aaee-bc454f61b8d9,1-c10acc7e-889b-4ea6-abc9-5c8f9cf4e16f,South America 5V5 Queue,5v5,1780541860
4e0c3b89-19db-4547-aaee-bc454f61b8d9,1-a4778524-f5d2-4003-8378-8564791b6ced,South America 5V5 Queue,5v5,1780090412
4e0c3b89-19db-4547-aaee-bc454f61b8d9,1-25460379-b760-4eb8-8833-58c79ae62745,South America 5V5 Queue,5v5,1779587998
4e0c3b89-19db-4547-aaee-bc454f61b8d9,1-fadd6f53-79f9-4920-b904-d40bd242b3ab,South America 5V5 Queue,5v5,1779585633
4e0c3b89-19db-4547-aaee-bc454f61b8d9,1-f20133fd-ca92-4fb3-bbe9-1327ef6ca37d,South America 5V5 Queue,5v5,1779147237
4e0c3b89-19db-4547-aaee-bc454f61b8d9,1-268b5384-bb0d-4577-98d1-5a0f6a13235f,Betboom Storm - Season 3,5v5,1779054410
4e0c3b89-19db-4547-aaee-bc454f61b8d9,1-c76dab82-f6dd-4892-bf32-efa74b9811b5,Betboom Storm - Season 3,5v5,1778968118
547bc140-e6c9-4e18-bd92-8d8b1fec670c,1-b6531224-1141-4c71-ad23-4183312069b6,South America 5V5 Queue,5v5,1787645453
547bc140-e6c9-4e18-bd92-8d8b1fec670c,1-06589b63-4cc9-4486-b944-e9d1d58b593b,South America 5V5 Queue,5v5,1787637771
547bc140-e6c9-4e18-bd92-8d8b1fec670c,1-8e4c0736-a144-4960-814e-8a51aca2d7a6,South America 5V5 Queue,5v5,1787635163
547bc140-e6c9-4e18-bd92-8d8b1fec670c,1-ff17fba9-ff87-4130-8855-4d6b5caadcf3,South America 5V5 Queue,5v5,1787632484
547bc140-e6c9-4e18-bd92-8d8b1fec670c,1-5479e77d-dac6-4140-a4b2-c0f98849a846,South America 5V5 Queue,5v5,1787629651
547bc140-e6c9-4e18-bd92-8d8b1fec670c,1-8447533c-0b4f-419e-918e-018441f575e1,South America 5V5 Queue,5v5,1787626910
547bc140-e6c9-4e18-bd92-8d8b1fec670c,1-b86f7ba9-67e2-4437-9601-0f2a190cbfe0,South America 5V5 Queue,5v5,1787622250
547bc140-e6c9-4e18-bd92-8d8b1fec670c,1-8fef0df7-6558-4fdb-a3cd-1ca7c77fd666,South America 5V5 Queue,5v5,1787040769
547bc140-e6c9-4e18-bd92-8d8b1fec670c,1-2d48ee55-8b22-45ea-b62b-5388827fd2db,South America 5V5 Queue,5v5,1786939268
547bc140-e6c9-4e18-bd92-8d8b1fec670c,1-ee7ecff9-d798-4975-9529-ccd4f82fa57f,South America 5V5 Queue,5v5,1786934859
547bc140-e6c9-4e18-bd92-8d8b1fec670c,1-3b5860e5-77d3-4e76-bda1-579a8334e68e,South America 5V5 Queue,5v5,1786931055
547bc140-e6c9-4e18-bd92-8d8b1fec670c,1-3d760db1-fca0-4557-bba5-848071b29124,South America 5V5 Queue,5v5,1786927452
547bc140-e6c9-4e18-bd92-8d8b1fec670c,1-570450f9-8c81-4677-9be7-985fd83529e5,South America 5V5 Queue,5v5,1786766620
547bc140-e6c9-4e18-bd92-8d8b1fec670c,1-e1fee767-c52b-46b1-9c93-33c02b864e0b,South America 5V5 Queue,5v5,1786762453
547bc140-e6c9-4e18-bd92-8d8b1fec670c,1-f9c9c311-42a4-40b6-add9-54dca1046704,South America 5V5 Queue,5v5,1786760294
547bc140-e6c9-4e18-bd92-8d8b1fec670c,1-ea85ee36-f375-4959-bf98-a9d6e58eb816,South America 5V5 Queue,5v5,1786328939
547bc140-e6c9-4e18-bd92-8d8b1fec670c,1-211fb943-ce9e-47df-9184-e43074c197e6,South America 5V5 Queue,5v5,1786324236
547bc140-e6c9-4e18-bd92-8d8b1fec670c,1-ab9672d5-02d0-45b5-860d-ec2f98b6ee5a,South America 5V5 Queue,5v5,1786322258
547bc140-e6c9-4e18-bd92-8d8b1fec670c,1-e7183565-d080-44b0-9c27-57211a8f262e,South America 5V5 Queue,5v5,1785819100
547bc140-e6c9-4e18-bd92-8d8b1fec670c,1-720fe12f-53cb-4878-95ca-2bde3602fd89,South America 5V5 Queue,5v5,1785816001
547bc140-e6c9-4e18-bd92-8d8b1fec670c,1-7424d0c1-745a-4ec6-9588-b2027da0d98c,South America 5V5 Queue,5v5,1785810719
547bc140-e6c9-4e18-bd92-8d8b1fec670c,1-b4140c70-ffc6-44df-bd05-45d3df4cc221,South America 5V5 Queue,5v5,1785807180
547bc140-e6c9-4e18-bd92-8d8b1fec670c,1-008add6c-57b0-48d7-832f-60773cebd2db,South America 5V5 Queue,5v5,1785805151
547bc140-e6c9-4e18-bd92-8d8b1fec670c,1-f3daf76c-7846-4c8e-ba42-dd918f34efef,South America 5V5 Queue,5v5,1785649222
547bc140-e6c9-4e18-bd92-8d8b1fec670c,1-b5ef7c56-6dd5-4585-9ac9-db2be6c56b05,South America 5V5 Queue,5v5,1783493536
547bc140-e6c9-4e18-bd92-8d8b1fec670c,1-dc6756ae-ab02-4e93-93b1-299bb192ac0c,South America 5V5 Queue,5v5,1783491563
547bc140-e6c9-4e18-bd92-8d8b1fec670c,1-de744faf-a23c-4356-9cd9-780ccbe50549,South America 5V5 Queue,5v5,1783487775
547bc140-e6c9-4e18-bd92-8d8b1fec670c,1-445b3207-3a05-45a8-b232-65f8bfabe6a2,South America 5V5 Queue,5v5,1783483759
547bc140-e6c9-4e18-bd92-8d8b1fec670c,1-2fba0805-3818-47f9-90bf-c70e5e7dd0f0,South America 5V5 Queue,5v5,1783311468
547bc140-e6c9-4e18-bd92-8d8b1fec670c,1-16308f87-aa46-4d19-9184-89bfb3b985ef,South America 5V5 Queue,5v5,1783303367
c37025dd-4e72-4fc7-b4fe-f2ed0db853d1,1-a83c87bc-1507-4bf5-874d-afc8f6aa91a8,South America 5V5 Queue,5v5,1787300817
c37025dd-4e72-4fc7-b4fe-f2ed0db853d1,1-0429e6f9-07e2-4df9-8e58-9e1b479522bc,South America 5V5 Queue,5v5,1787295506
c37025dd-4e72-4fc7-b4fe-f2ed0db853d1,1-6e216e8b-4fc3-4134-95f8-e559478d0e87,South America 5V5 Queue,5v5,1787291694
c37025dd-4e72-4fc7-b4fe-f2ed0db853d1,1-5a467ea8-e53b-4200-96bd-eed3781aa9a1,South America 5V5 Queue,5v5,1787202104
c37025dd-4e72-4fc7-b4fe-f2ed0db853d1,1-8c2a67e5-58d9-415f-a4f5-4c74a2b4db0a,South America 5V5 Queue,5v5,1787198776
c37025dd-4e72-4fc7-b4fe-f2ed0db853d1,1-710073fd-343d-4287-8104-7bb311b5dbaa,South America 5V5 Queue,5v5,1787183617
c37025dd-4e72-4fc7-b4fe-f2ed0db853d1,1-ac139e4a-9a72-4f64-b804-cd011dce92f5,South America 5V5 Queue,5v5,1787180248
c37025dd-4e72-4fc7-b4fe-f2ed0db853d1,1-250efcaf-ce37-4e16-acc2-df74972d2936,South America 5V5 Queue,5v5,1787176901
c37025dd-4e72-4fc7-b4fe-f2ed0db853d1,1-9868a214-660f-47d7-86f0-b11d1bdf30df,South America 5V5 Queue,5v5,1787104138
c37025dd-4e72-4fc7-b4fe-f2ed0db853d1,1-20ab2ac4-d543-4050-806b-b4157cdae988,South America 5V5 Queue,5v5,1787033627
c37025dd-4e72-4fc7-b4fe-f2ed0db853d1,1-99777360-6ee1-45d9-9fbe-09c601acacff,South America 5V5 Queue,5v5,1787031231
c37025dd-4e72-4fc7-b4fe-f2ed0db853d1,1-8572e46a-33d3-4b5b-9a5a-796eb59ea292,South America 5V5 Queue,5v5,1787028301
c37025dd-4e72-4fc7-b4fe-f2ed0db853d1,1-12571a7b-aeb5-407c-a836-12b6ff9ad45e,South America 5V5 Queue,5v5,1787025505
c37025dd-4e72-4fc7-b4fe-f2ed0db853d1,1-5dc38206-bdcf-46c5-9ae7-a2c5bd3c8078,South America 5V5 Queue,5v5,1787023478
c37025dd-4e72-4fc7-b4fe-f2ed0db853d1,1-d860de6f-22eb-454b-9b4d-125d631236d9,South America 5V5 Queue,5v5,1787021185
c37025dd-4e72-4fc7-b4fe-f2ed0db853d1,1-b4884825-f2b0-4ec0-a2f6-b05b80abcf6f,South America 5V5 Queue,5v5,1787018660
c37025dd-4e72-4fc7-b4fe-f2ed0db853d1,1-3bd5808f-58f2-4887-b7a7-ea927a377fa8,South America 5V5 Queue,5v5,1787015309
c37025dd-4e72-4fc7-b4fe-f2ed0db853d1,1-18b149c3-d348-41a9-adca-bc3a84bd1194,South America 5V5 Queue,5v5,1787006205
c37025dd-4e72-4fc7-b4fe-f2ed0db853d1,1-c16435b0-d9e3-4d04-8067-431c7734e0b4,South America 5V5 Queue,5v5,1787003625
c37025dd-4e72-4fc7-b4fe-f2ed0db853d1,1-5d167e60-143a-422b-ad14-2c587d0ca746,South America 5V5 Queue,5v5,1786999535
c37025dd-4e72-4fc7-b4fe-f2ed0db853d1,1-110626a1-76c3-489b-928a-5d5add7d4096,South America 5V5 Queue,5v5,1786670129
c37025dd-4e72-4fc7-b4fe-f2ed0db853d1,1-f1d35e30-bb5d-4e15-a487-679639026834,South America 5V5 Queue,5v5,1786667958
c37025dd-4e72-4fc7-b4fe-f2ed0db853d1,1-79231a0a-bcf5-42ec-a684-5ceb136597fa,South America 5V5 Queue,5v5,1786664587
c37025dd-4e72-4fc7-b4fe-f2ed0db853d1,1-c1cc3652-1523-4a16-ad8c-9164e515bb3f,South America 5V5 Queue,5v5,1786658254
c37025dd-4e72-4fc7-b4fe-f2ed0db853d1,1-b36fd517-9b17-4400-80f1-e6b817e484cf,South America 5V5 Queue,5v5,1786653155
c37025dd-4e72-4fc7-b4fe-f2ed0db853d1,1-dcd34ca1-d9f6-4abd-ad20-25d2e74e0716,South America 5V5 Queue,5v5,1786599688
c37025dd-4e72-4fc7-b4fe-f2ed0db853d1,1-70071826-e58a-482a-9018-b5558e6e1a48,South America 5V5 Queue,5v5,1786596817
c37025dd-4e72-4fc7-b4fe-f2ed0db853d1,1-2356cbfe-1394-4f82-8d1d-4d17c9b5ca85,South America 5V5 Queue,5v5,1786515321
c37025dd-4e72-4fc7-b4fe-f2ed0db853d1,1-4512a091-1479-423a-80d5-19e4819228dc,South America 5V5 Queue,5v5,1786510912
c37025dd-4e72-4fc7-b4fe-f2ed0db853d1,1-7d3e7845-883b-454f-ae92-39584d01caf8,South America 5V5 Queue,5v5,1786506771
53144c1b-0d98-471f-8fb1-c3206cf9c100,1-db83220d-045d-4b55-9885-820f351cac68,South America 5V5 Queue,5v5,1787257907
53144c1b-0d98-471f-8fb1-c3206cf9c100,1-721225ae-fbbf-4a58-a8bf-a06f4b5b554e,South America 5V5 Queue,5v5,1787254266
53144c1b-0d98-471f-8fb1-c3206cf9c100,1-528ab478-4406-4c8c-acc6-e7081ca1b4c4,South America 5V5 Queue,5v5,1787252261
53144c1b-0d98-471f-8fb1-c3206cf9c100,1-81ed9123-b6b4-4f1c-9acb-7163a3619604,South America 5V5 Queue,5v5,1787245169
53144c1b-0d98-471f-8fb1-c3206cf9c100,1-e4f91f2c-8f4b-4b50-90dc-d8b060555bfa,South America 5V5 Queue,5v5,1787243160
53144c1b-0d98-471f-8fb1-c3206cf9c100,1-2a378a75-2646-42e0-a8a3-050dd0817d61,South America 5V5 Queue,5v5,1787240330
53144c1b-0d98-471f-8fb1-c3206cf9c100,1-8144de59-44c3-4fbb-b95f-7acf3bee9413,South America 5V5 Queue,5v5,1787181254
53144c1b-0d98-471f-8fb1-c3206cf9c100,1-2881a19c-a944-46ad-a98f-8e646ad8025b,South America 5V5 Queue,5v5,1787096611
53144c1b-0d98-471f-8fb1-c3206cf9c100,1-9e835917-a62d-4072-865f-830609f24a53,South America 5V5 Queue,5v5,1787081927
53144c1b-0d98-471f-8fb1-c3206cf9c100,1-36fd8d1e-8319-43fd-8a5d-e2be62dea692,South America 5V5 Queue,5v5,1787075208
53144c1b-0d98-471f-8fb1-c3206cf9c100,1-168f775d-2c6b-4a37-b1fa-63f57c18a930,South America 5V5 Queue,5v5,1787072781
53144c1b-0d98-471f-8fb1-c3206cf9c100,1-526ee4e7-96e3-47dd-8496-5248b46bf3cb,South America 5V5 Queue,5v5,1787069985
53144c1b-0d98-471f-8fb1-c3206cf9c100,1-3a928bc3-43b7-4b87-b61b-61b1df9e6116,South America 5V5 Queue,5v5,1787008164
53144c1b-0d98-471f-8fb1-c3206cf9c100,1-83342bff-66fa-4022-8dad-60acf733aaed,South America 5V5 Queue,5v5,1787003915
53144c1b-0d98-471f-8fb1-c3206cf9c100,1-92d07ca9-c61f-45bd-a374-12ca4e58e707,South America 5V5 Queue,5v5,1786999685
53144c1b-0d98-471f-8fb1-c3206cf9c100,1-5466dddf-4103-44b2-9bb2-c31eb4b15d9b,South America 5V5 Queue,5v5,1786996444
53144c1b-0d98-471f-8fb1-c3206cf9c100,1-ceffd4e2-5699-43f1-aef3-328893633a2c,South America 5V5 Queue,5v5,1786990144
53144c1b-0d98-471f-8fb1-c3206cf9c100,1-e10be18c-7ad7-43dc-b07d-e4bf46e1e53a,South America 5V5 Queue,5v5,1786987326
53144c1b-0d98-471f-8fb1-c3206cf9c100,1-3d07bac5-f703-4d11-9b20-9e4a73e20c2a,South America 5V5 Queue,5v5,1786938738
53144c1b-0d98-471f-8fb1-c3206cf9c100,1-f8b17800-370c-4ce7-bffb-355516fa482a,South America 5V5 Queue,5v5,1786934475
53144c1b-0d98-471f-8fb1-c3206cf9c100,1-b8d77fdf-ea38-4cdc-bb94-0ff6e9f32571,South America 5V5 Queue,5v5,1786923752
53144c1b-0d98-471f-8fb1-c3206cf9c100,1-9e3e16d8-f771-4f76-a33c-4da514d18f61,South America 5V5 Queue,5v5,1786920473
53144c1b-0d98-471f-8fb1-c3206cf9c100,1-8de45d28-4d9f-48e1-b99f-7a97642c2f05,South America 5V5 Queue,5v5,1786916741
53144c1b-0d98-471f-8fb1-c3206cf9c100,1-a3598849-445d-4a34-bc65-b325568e7495,South America 5V5 Queue,5v5,1786914078
53144c1b-0d98-471f-8fb1-c3206cf9c100,1-f4deaf07-2257-47d2-918a-e65fbb1f373a,South America 5V5 Queue,5v5,1786911656
53144c1b-0d98-471f-8fb1-c3206cf9c100,1-f388a98c-ee20-4ac3-bc95-0afd1247e1d8,South America 5V5 Queue,5v5,1786907373
53144c1b-0d98-471f-8fb1-c3206cf9c100,1-55c294fd-9544-4267-91cf-16e77b8707fd,South America 5V5 Queue,5v5,1786763534
53144c1b-0d98-471f-8fb1-c3206cf9c100,1-badba03b-5493-4e98-bc9c-c09657855f09,South America 5V5 Queue,5v5,1786758662
53144c1b-0d98-471f-8fb1-c3206cf9c100,1-9cceba68-74c6-4fec-9575-d300bd8d0856,South America 5V5 Queue,5v5,1786746178
53144c1b-0d98-471f-8fb1-c3206cf9c100,1-59c01a1d-5a89-464e-9fa9-89d5e797a006,South America 5V5 Queue,5v5,1786743196
6f5dc0d2-e3c3-431b-8ecf-341b3d15d13e,1-2271e8c0-a441-4e55-81bb-708a48b05f96,South America 5V5 Queue,5v5,1787693449
6f5dc0d2-e3c3-431b-8ecf-341b3d15d13e,1-701265e4-4f1e-449d-aa7b-c736b8e26a6e,South America 5V5 Queue,5v5,1787625931
6f5dc0d2-e3c3-431b-8ecf-341b3d15d13e,1-65c3d14e-7609-4d92-8346-1aa637c8f90d,South America 5V5 Queue,5v5,1787622745
6f5dc0d2-e3c3-431b-8ecf-341b3d15d13e,1-0c1ca80f-776d-46d9-be8b-f8aa515f931e,South America 5V5 Queue,5v5,1787608451
6f5dc0d2-e3c3-431b-8ecf-341b3d15d13e,1-27490c07-78ea-4756-8e2b-f65bc1d86eb3,South America 5V5 Queue,5v5,1787447101
6f5dc0d2-e3c3-431b-8ecf-341b3d15d13e,1-6cbb35df-3769-428e-bbb4-de42f9b5e607,South America 5V5 Queue,5v5,1787444898
6f5dc0d2-e3c3-431b-8ecf-341b3d15d13e,1-bef5104a-cfd7-47b9-9057-8314b1bb4508,South America 5V5 Queue,5v5,1787427132
6f5dc0d2-e3c3-431b-8ecf-341b3d15d13e,1-3b45ba9a-186a-4cca-aaa4-4a555fdf492b,South America 5V5 Queue,5v5,1787424240
6f5dc0d2-e3c3-431b-8ecf-341b3d15d13e,1-09501624-6194-4fa2-942d-d4be52fc980c,South America 5V5 Queue,5v5,1787422040
6f5dc0d2-e3c3-431b-8ecf-341b3d15d13e,1-46c0ca9c-ca21-471f-a11c-4cb52e4aa749,South America 5V5 Queue,5v5,1787366601
6f5dc0d2-e3c3-431b-8ecf-341b3d15d13e,1-f55c1b3c-5801-410b-9aff-f7cb03009bc7,South America 5V5 Queue,5v5,1787348827
6f5dc0d2-e3c3-431b-8ecf-341b3d15d13e,1-20e14549-c640-44c1-8adb-f169ebc1ecc1,South America 5V5 Queue,5v5,1787325461
6f5dc0d2-e3c3-431b-8ecf-341b3d15d13e,1-8011e654-5099-4182-81ad-dcbc0a51e7d2,South America 5V5 Queue,5v5,1787270162
6f5dc0d2-e3c3-431b-8ecf-341b3d15d13e,1-95b03cfd-676e-46ff-84ff-1f148a8da697,South America 5V5 Queue,5v5,1787268195
6f5dc0d2-e3c3-431b-8ecf-341b3d15d13e,1-fd0c4d9e-2627-42fe-921a-d9778872614c,South America 5V5 Queue,5v5,1787102096
6f5dc0d2-e3c3-431b-8ecf-341b3d15d13e,1-18c61d7f-17ba-498e-8094-9704f1ea8bd6,South America 5V5 Queue,5v5,1787095720
6f5dc0d2-e3c3-431b-8ecf-341b3d15d13e,1-ce0df1b7-8b40-4565-99aa-60fd054849be,South America 5V5 Queue,5v5,1787020908
6f5dc0d2-e3c3-431b-8ecf-341b3d15d13e,1-36ce7866-90ce-45fc-b54b-6dd89fb2f236,South America 5V5 Queue,5v5,1787018244
6f5dc0d2-e3c3-431b-8ecf-341b3d15d13e,1-fdd1d9a8-b0c7-4fd4-abf7-0af239d7fc58,South America 5V5 Queue,5v5,1786831656
6f5dc0d2-e3c3-431b-8ecf-341b3d15d13e,1-7f2d30dc-3f17-426b-b3aa-8fb368fb5d61,South America 5V5 Queue,5v5,1786829572
6f5dc0d2-e3c3-431b-8ecf-341b3d15d13e,1-2f1b80c8-94f8-46c1-b984-b93c4c8d3b51,South America 5V5 Queue,5v5,1786826449
6f5dc0d2-e3c3-431b-8ecf-341b3d15d13e,1-8d83259b-ace5-44da-9075-1cd2970a5d64,South America 5V5 Queue,5v5,1786757579
6f5dc0d2-e3c3-431b-8ecf-341b3d15d13e,1-a20dcf61-21f8-47ad-b13f-4dc32182433d,South America 5V5 Queue,5v5,1786755283
6f5dc0d2-e3c3-431b-8ecf-341b3d15d13e,1-1026bcb9-bfa8-4e79-b250-2a50f2e00bc1,South America 5V5 Queue,5v5,1786753176
6f5dc0d2-e3c3-431b-8ecf-341b3d15d13e,1-e0f8e50f-7029-4227-8e8e-7f4064bf9b97,South America 5V5 Queue,5v5,1786666933
6f5dc0d2-e3c3-431b-8ecf-341b3d15d13e,1-e1997e3e-55eb-4eb6-9389-e377ad36d62a,South America 5V5 Queue,5v5,1786663502
6f5dc0d2-e3c3-431b-8ecf-341b3d15d13e,1-997c1cfd-2e78-4e04-8ac4-a82dddb5fa17,South America 5V5 Queue,5v5,1786593448
6f5dc0d2-e3c3-431b-8ecf-341b3d15d13e,1-433eed8b-d76e-43a1-8378-592bfcc8c676,South America 5V5 Queue,5v5,1786591372
6f5dc0d2-e3c3-431b-8ecf-341b3d15d13e,1-71e576b2-6b08-44a0-83d1-7223471ee87c,South America 5V5 Queue,5v5,1786588959
6f5dc0d2-e3c3-431b-8ecf-341b3d15d13e,1-d967c563-f8e8-44e2-875a-bf1fcb04ef85,South America 5V5 Queue,5v5,1786244072
5a499533-99d5-4159-be21-08a44c944105,1-6a4750f3-bff4-48a3-aaf3-9dd70228ee32,South America 5V5 Queue,5v5,1787615423
5a499533-99d5-4159-be21-08a44c944105,1-42150d43-443b-4b0f-9542-18e0f0e76219,South America 5V5 Queue,5v5,1787612923
5a499533-99d5-4159-be21-08a44c944105,1-beeb3c00-fa5c-43a7-8384-9cb0e13219f1,South America 5V5 Queue,5v5,1787535280
5a499533-99d5-4159-be21-08a44c944105,1-8dbb518b-ef67-4f78-bc43-c7a1b598f3c0,South America 5V5 Queue,5v5,1787532599
5a499533-99d5-4159-be21-08a44c944105,1-5edc29e5-ca3c-42bd-83a4-d1b8bce08806,South America 5V5 Queue,5v5,1787530275
5a499533-99d5-4159-be21-08a44c944105,1-21a6bd26-66b8-4a2e-b7a3-b2691eb07ba1,South America 5V5 Queue,5v5,1787527933
5a499533-99d5-4159-be21-08a44c944105,1-a2843420-944a-4a31-901a-909b66d06ceb,South America 5V5 Queue,5v5,1787447604
5a499533-99d5-4159-be21-08a44c944105,1-6b7fb814-7c32-4300-95dd-e09558f7f236,South America 5V5 Queue,5v5,1787444992
5a499533-99d5-4159-be21-08a44c944105,1-56ab46a8-75ca-4edf-8d7f-36d39eb47392,South America 5V5 Queue,5v5,1787438903
5a499533-99d5-4159-be21-08a44c944105,1-7cd76c47-926d-47f2-87c5-1ba2560fc922,South America 5V5 Queue,5v5,1787429571
5a499533-99d5-4159-be21-08a44c944105,1-b17203e6-fe4b-4f43-918f-f2fb80dc7c31,South America 5V5 Queue,5v5,1787190457
5a499533-99d5-4159-be21-08a44c944105,1-bdaa182d-e727-486f-b361-bb238a2f5035,South America 5V5 Queue,5v5,1787017110
5a499533-99d5-4159-be21-08a44c944105,1-f571772f-194e-445d-9b29-991a8d804c53,South America 5V5 Queue,5v5,1786905451
5a499533-99d5-4159-be21-08a44c944105,1-bef21201-c568-4afd-a167-71f8a2ae5ed9,South America 5V5 Queue,5v5,1786749968
5a499533-99d5-4159-be21-08a44c944105,1-36d087e2-26df-4954-be82-113550045738,South America 5V5 Queue,5v5,1786747628
5a499533-99d5-4159-be21-08a44c944105,1-c81fc444-3368-455e-b2e9-792fadcc6e95,South America 5V5 Queue,5v5,1786678752
5a499533-99d5-4159-be21-08a44c944105,1-72a2831f-5c10-4580-87ac-f9dfd6970a5b,South America 5V5 Queue,5v5,1786676281
5a499533-99d5-4159-be21-08a44c944105,1-ca90d26d-40d4-43f6-9588-262ab804deb0,South America 5V5 Queue,5v5,1786591346
5a499533-99d5-4159-be21-08a44c944105,1-17f0234c-a3cf-4e53-b13f-2601bf59a384,South America 5V5 Queue,5v5,1786588959
5a499533-99d5-4159-be21-08a44c944105,1-a7fc1448-806d-4673-a35d-1598d7a8632e,South America 5V5 Queue,5v5,1786585798
5a499533-99d5-4159-be21-08a44c944105,1-9f6c7114-7eee-4e09-b846-863442000a93,South America 5V5 Queue,5v5,1786480653
5a499533-99d5-4159-be21-08a44c944105,1-f96a5941-93ae-4ca0-87d7-4bdff0b64845,South America 5V5 Queue,5v5,1786476663
5a499533-99d5-4159-be21-08a44c944105,1-464d8139-28fc-4177-a517-e96e52b36ca4,South America 5V5 Queue,5v5,1786424291
5a499533-99d5-4159-be21-08a44c944105,1-31099f6b-7ae0-4c4a-9e1b-2dcb99465524,South America 5V5 Queue,5v5,1786414730
5a499533-99d5-4159-be21-08a44c944105,1-3dc0771d-e06c-4a87-90f7-7244e27a7d94,South America 5V5 Queue,5v5,1786393471
5a499533-99d5-4159-be21-08a44c944105,1-bc68a57f-8519-42f2-93f5-5c8f275ec905,South America 5V5 Queue,5v5,1786159780
5a499533-99d5-4159-be21-08a44c944105,1-c2e312c3-08a1-4fbf-90c8-58a8ee6fd4f1,South America 5V5 Queue,5v5,1786156691
5a499533-99d5-4159-be21-08a44c944105,1-d7ca1d6c-bfe1-4ec3-8f13-f1ee857131e0,South America 5V5 Queue,5v5,1786136996
5a499533-99d5-4159-be21-08a44c944105,1-78476bd4-4f9b-4a26-8193-4a5f8412ad8a,South America 5V5 Queue,5v5,1786132421
5a499533-99d5-4159-be21-08a44c944105,1-d962b716-036d-4e5f-a482-7468fda38950,South America 5V5 Queue,5v5,1786129703
e88a905c-7506-4a78-8462-5c0ba4b5d197,1-b5e26988-38c1-4552-a95a-c06d415f4e75,SA ECL S52 Cup 1,5v5,1787697590
e88a905c-7506-4a78-8462-5c0ba4b5d197,1-7613840e-43e9-407f-9132-ff53728137a9,South America 5V5 Queue,5v5,1787540694
e88a905c-7506-4a78-8462-5c0ba4b5d197,1-a686972b-6a9f-4a28-bdaf-f0009210e333,South America 5V5 Queue,5v5,1787522643
e88a905c-7506-4a78-8462-5c0ba4b5d197,1-f0a2249f-4634-4c41-875a-8bd5d2b45baa,South America 5V5 Queue,5v5,1787440643
e88a905c-7506-4a78-8462-5c0ba4b5d197,1-935efdf7-fe71-4502-bf7e-74b1d947ced8,South America 5V5 Queue,5v5,1787364420
e88a905c-7506-4a78-8462-5c0ba4b5d197,1-77d46c78-1ba9-4c63-b1e4-8412a217cbbd,South America 5V5 Queue,5v5,1787280921
e88a905c-7506-4a78-8462-5c0ba4b5d197,1-e1b57c03-0e71-48e1-9125-d2c1493906c9,South America 5V5 Queue,5v5,1787278429
e88a905c-7506-4a78-8462-5c0ba4b5d197,1-eed07f99-b1f3-4829-86c5-90d9dffc1c6b,South America 5V5 Queue,5v5,1787023347
e88a905c-7506-4a78-8462-5c0ba4b5d197,1-a42d9eaa-ceaf-4ee4-9dff-c83d09c492e7,South America 5V5 Queue,5v5,1786920048
e88a905c-7506-4a78-8462-5c0ba4b5d197,1-3bb62025-7e8b-44b6-884d-1193795fc92c,South America 5V5 Queue,5v5,1786858742
e88a905c-7506-4a78-8462-5c0ba4b5d197,1-d39b2b96-ddb0-4ee2-945d-34f1030c09ee,South America 5V5 Queue,5v5,1786830854
e88a905c-7506-4a78-8462-5c0ba4b5d197,1-1cac1287-9b1c-4f60-987f-54bf45a5e69b,South America 5V5 Queue,5v5,1786748268
e88a905c-7506-4a78-8462-5c0ba4b5d197,1-d24e50dd-bd46-4b0c-b67d-136a5ac507bc,South America 5V5 Queue,5v5,1786745743
e88a905c-7506-4a78-8462-5c0ba4b5d197,1-20e7c460-3f29-4518-8063-455569b9efd7,South America 5V5 Queue,5v5,1786589137
e88a905c-7506-4a78-8462-5c0ba4b5d197,1-5735d48f-ac7d-49b8-a1e5-2055fed361fc,South America 5V5 Queue,5v5,1786585936
e88a905c-7506-4a78-8462-5c0ba4b5d197,1-3063265b-bcf6-4273-b9f7-88c927ad0e6b,South America 5V5 Queue,5v5,1786506913
e88a905c-7506-4a78-8462-5c0ba4b5d197,1-97f99e84-1de3-4787-9c57-4509e7341d17,South America 5V5 Queue,5v5,1786503393
e88a905c-7506-4a78-8462-5c0ba4b5d197,1-f71c9277-4506-48e4-832f-1fc46c6a6dfb,South America 5V5 Queue,5v5,1786500008
e88a905c-7506-4a78-8462-5c0ba4b5d197,1-3b9c45ba-ae03-4b3d-802b-161efe5d2124,South America 5V5 Queue,5v5,1786471534
e88a905c-7506-4a78-8462-5c0ba4b5d197,1-358a7582-094d-4bf6-abce-b04745ea332a,South America 5V5 Queue,5v5,1786418738
e88a905c-7506-4a78-8462-5c0ba4b5d197,1-e6744c77-0e31-4006-a200-b33d79ae5004,Betboom Storm 4 - Isurus vs GREMIO,5v5,1786409372
e88a905c-7506-4a78-8462-5c0ba4b5d197,1-bb844ce3-93c4-438b-892e-d40963bd2724,South America 5V5 Queue,5v5,1786391287
e88a905c-7506-4a78-8462-5c0ba4b5d197,1-25608543-b8b6-4128-a444-9b310ec8aee4,South America 5V5 Queue,5v5,1786334064
e88a905c-7506-4a78-8462-5c0ba4b5d197,1-36d001ee-cabf-4f21-8585-260dce8a168a,South America 5V5 Queue,5v5,1786329363
e88a905c-7506-4a78-8462-5c0ba4b5d197,1-7922a70b-f512-4dd7-87aa-6101853ffa06,Betboom Storm 4 - BESTIA vs Isurus,5v5,1786316511
e88a905c-7506-4a78-8462-5c0ba4b5d197,1-4d7dd919-9df1-4684-9873-c1aa83f1efab,Betboom Storm 4 - METANOIA Wolves VS Isurus,5v5,1786205412
e88a905c-7506-4a78-8462-5c0ba4b5d197,1-df2aeb25-d24e-44fe-9d09-8f6f71ab5a83,South America 5V5 Queue,5v5,1786158063
e88a905c-7506-4a78-8462-5c0ba4b5d197,1-93e4e57c-c7ec-4ca8-9e9e-b0b791ddf3b5,South America 5V5 Queue,5v5,1786155745
e88a905c-7506-4a78-8462-5c0ba4b5d197,1-b65aab91-d1f9-4b21-9375-57852dc4f5f5,South America 5V5 Queue,5v5,1786152299
e88a905c-7506-4a78-8462-5c0ba4b5d197,1-f205c543-8377-4f95-bc50-6181d35b4ece,South America 5V5 Queue,5v5,1786150207
2cbbda4b-d18e-4e6f-8e9b-2e6430395a29,1-b5e26988-38c1-4552-a95a-c06d415f4e75,SA ECL S52 Cup 1,5v5,1787697590
2cbbda4b-d18e-4e6f-8e9b-2e6430395a29,1-6dc3a0ed-e0e6-48ea-b4f8-7325f74a3325,South America 5V5 Queue,5v5,1787538649
2cbbda4b-d18e-4e6f-8e9b-2e6430395a29,1-71879ba3-cdbf-4d32-a7d2-9f1fa6504c82,South America 5V5 Queue,5v5,1787431794
2cbbda4b-d18e-4e6f-8e9b-2e6430395a29,1-cbea2af9-93bd-42fa-9da0-f9f4d54b1587,South America 5V5 Queue,5v5,1787428960
2cbbda4b-d18e-4e6f-8e9b-2e6430395a29,1-c3e829f7-d9f6-4ec9-bdcb-c4598adb2e6f,South America 5V5 Queue,5v5,1787331597
2cbbda4b-d18e-4e6f-8e9b-2e6430395a29,1-551b0bdf-800c-4225-be0c-5812fb2aa753,South America 5V5 Queue,5v5,1787328961
2cbbda4b-d18e-4e6f-8e9b-2e6430395a29,1-77d46c78-1ba9-4c63-b1e4-8412a217cbbd,South America 5V5 Queue,5v5,1787280921
2cbbda4b-d18e-4e6f-8e9b-2e6430395a29,1-9585d2f9-8bfe-43e6-9742-d2ce60b5f631,South America 5V5 Queue,5v5,1787272097
2cbbda4b-d18e-4e6f-8e9b-2e6430395a29,1-0ac7dbaf-dd51-4979-b819-8e0146145125,South America 5V5 Queue,5v5,1787104811
2cbbda4b-d18e-4e6f-8e9b-2e6430395a29,1-eed07f99-b1f3-4829-86c5-90d9dffc1c6b,South America 5V5 Queue,5v5,1787023347
2cbbda4b-d18e-4e6f-8e9b-2e6430395a29,1-8afd231f-868e-4bea-ab9e-b4cc30f2d5d1,South America 5V5 Queue,5v5,1787019962
2cbbda4b-d18e-4e6f-8e9b-2e6430395a29,1-36ce7866-90ce-45fc-b54b-6dd89fb2f236,South America 5V5 Queue,5v5,1787018244
2cbbda4b-d18e-4e6f-8e9b-2e6430395a29,1-b2a1088e-6be5-4f24-8165-1bdc7be3eb21,South America 5V5 Queue,5v5,1787016138
2cbbda4b-d18e-4e6f-8e9b-2e6430395a29,1-2603ae3f-1ad0-475e-9e7f-bb85039ed75b,South America 5V5 Queue,5v5,1786899354
2cbbda4b-d18e-4e6f-8e9b-2e6430395a29,1-7de1ba02-5900-4a2b-8e76-7437e75b9b18,South America 5V5 Queue,5v5,1786895414
2cbbda4b-d18e-4e6f-8e9b-2e6430395a29,1-0fcc3fab-8cb4-45e4-8e3e-c86ea47a98a7,South America 5V5 Queue,5v5,1786855867
2cbbda4b-d18e-4e6f-8e9b-2e6430395a29,1-35c86d17-3ed4-4efe-b271-09e9606e4ff3,South America 5V5 Queue,5v5,1786853510
2cbbda4b-d18e-4e6f-8e9b-2e6430395a29,1-61b03252-b159-4e2e-a51b-307a1ded201e,South America 5V5 Queue,5v5,1786851108
2cbbda4b-d18e-4e6f-8e9b-2e6430395a29,1-d805b590-b004-4452-95ff-365de3ce89f9,South America 5V5 Queue,5v5,1786848947
2cbbda4b-d18e-4e6f-8e9b-2e6430395a29,1-693261fd-8bd0-49bf-8ed9-de85b68b3e6a,South America 5V5 Queue,5v5,1786842475
2cbbda4b-d18e-4e6f-8e9b-2e6430395a29,1-eca8ba31-f564-46ff-a1cd-6ea35a9841de,South America 5V5 Queue,5v5,1786839102
2cbbda4b-d18e-4e6f-8e9b-2e6430395a29,1-29049089-8a16-40d2-b650-0ca6fa51d170,South America 5V5 Queue,5v5,1786680295
2cbbda4b-d18e-4e6f-8e9b-2e6430395a29,1-fe282d36-53ab-4b7c-895c-d516fc47c8c6,South America 5V5 Queue,5v5,1786597218
2cbbda4b-d18e-4e6f-8e9b-2e6430395a29,1-70940dbb-20ae-49e9-823a-cc201d9ab6fc,South America 5V5 Queue,5v5,1786594407
2cbbda4b-d18e-4e6f-8e9b-2e6430395a29,1-a56d2bf8-e10e-450e-b741-22d778661d5a,South America 5V5 Queue,5v5,1786592060
2cbbda4b-d18e-4e6f-8e9b-2e6430395a29,1-3063265b-bcf6-4273-b9f7-88c927ad0e6b,South America 5V5 Queue,5v5,1786506913
2cbbda4b-d18e-4e6f-8e9b-2e6430395a29,1-97f99e84-1de3-4787-9c57-4509e7341d17,South America 5V5 Queue,5v5,1786503393
2cbbda4b-d18e-4e6f-8e9b-2e6430395a29,1-f71c9277-4506-48e4-832f-1fc46c6a6dfb,South America 5V5 Queue,5v5,1786500008
2cbbda4b-d18e-4e6f-8e9b-2e6430395a29,1-3b9c45ba-ae03-4b3d-802b-161efe5d2124,South America 5V5 Queue,5v5,1786471534
2cbbda4b-d18e-4e6f-8e9b-2e6430395a29,1-3548f853-740d-4757-b038-6461ebc7e99e,South America 5V5 Queue,5v5,1786469666
009de0ef-d102-4323-8dac-d78561c43210,1-f7326761-3eed-49a2-90e5-1cf2e31f07d3,SA ECL S52 Cup 1,5v5,1787697223
009de0ef-d102-4323-8dac-d78561c43210,1-22ec5b93-ab93-4961-8cd0-826e0249467d,South America 5V5 Queue,5v5,1787631795
009de0ef-d102-4323-8dac-d78561c43210,1-1117d57f-569c-4675-b15b-edd982def759,South America 5V5 Queue,5v5,1787628708
009de0ef-d102-4323-8dac-d78561c43210,1-701265e4-4f1e-449d-aa7b-c736b8e26a6e,South America 5V5 Queue,5v5,1787625931
009de0ef-d102-4323-8dac-d78561c43210,1-65c3d14e-7609-4d92-8346-1aa637c8f90d,South America 5V5 Queue,5v5,1787622745
009de0ef-d102-4323-8dac-d78561c43210,1-3bb0cf07-ad7b-428a-9b4c-e66db5d83871,South America 5V5 Queue,5v5,1787594348
009de0ef-d102-4323-8dac-d78561c43210,1-03204399-9df1-45c2-b41a-ac30cb83fc7e,South America 5V5 Queue,5v5,1787516489
009de0ef-d102-4323-8dac-d78561c43210,1-1059f499-c4ae-4a25-b6e2-99630ac1d4f4,South America 5V5 Queue,5v5,1787513669
009de0ef-d102-4323-8dac-d78561c43210,1-4658f96b-6b45-431e-9979-d6fb90dbcfa9,South America 5V5 Queue,5v5,1787292498
009de0ef-d102-4323-8dac-d78561c43210,1-f3d90320-692a-47e8-933e-88ef02d2f6fd,South America 5V5 Queue,5v5,1787289175
009de0ef-d102-4323-8dac-d78561c43210,1-7f4acd60-9738-4380-91f2-d3f905b0a8c5,South America 5V5 Queue,5v5,1787284898
009de0ef-d102-4323-8dac-d78561c43210,1-2f84ab79-7c21-4f53-96a7-f2abf3507d26,South America 5V5 Queue,5v5,1787280800
009de0ef-d102-4323-8dac-d78561c43210,1-90eaeec7-8933-461a-a241-6aec7ffbccb1,South America 5V5 Queue,5v5,1787277423
009de0ef-d102-4323-8dac-d78561c43210,1-76085f7a-d4c3-4fdc-86a7-297d1cb16100,South America 5V5 Queue,5v5,1787196097
009de0ef-d102-4323-8dac-d78561c43210,1-871f170f-57a8-4a2c-a248-16cf25864c33,South America 5V5 Queue,5v5,1787193464
009de0ef-d102-4323-8dac-d78561c43210,1-cbad5529-cf7e-4038-82b8-f8287281d860,South America 5V5 Queue,5v5,1787190645
009de0ef-d102-4323-8dac-d78561c43210,1-fa9c3b00-32d9-4a1f-8cc1-9e57a4d14670,South America 5V5 Queue,5v5,1787001236
009de0ef-d102-4323-8dac-d78561c43210,1-da0a52d7-9e2f-402a-9d6a-8fcde71265a6,South America 5V5 Queue,5v5,1786904752
009de0ef-d102-4323-8dac-d78561c43210,1-5e381327-3d72-4770-a7fd-205b9a71ba4c,South America 5V5 Queue,5v5,1786901523
009de0ef-d102-4323-8dac-d78561c43210,1-09700c19-ca80-49a4-bac5-d6bcd1742272,South America 5V5 Queue,5v5,1786819906
009de0ef-d102-4323-8dac-d78561c43210,1-38e1b56b-9f0b-476b-9b0f-1fa7ac79b50d,South America 5V5 Queue,5v5,1786817369
009de0ef-d102-4323-8dac-d78561c43210,1-ff852183-eadd-4160-a386-3bcffaf16805,South America 5V5 Queue,5v5,1786773653
009de0ef-d102-4323-8dac-d78561c43210,1-a95abd63-3662-4085-9a1d-f09b6c4dcdc3,South America 5V5 Queue,5v5,1786768026
009de0ef-d102-4323-8dac-d78561c43210,1-d539ae40-cca4-43f7-970c-db41f6c76703,South America 5V5 Queue,5v5,1786764430
009de0ef-d102-4323-8dac-d78561c43210,1-c63fe3e5-67e6-4bb2-8512-baa5eb893d5b,South America 5V5 Queue,5v5,1786762035
009de0ef-d102-4323-8dac-d78561c43210,1-a740adda-87df-4d3a-846b-cba68425171d,South America 5V5 Queue,5v5,1786759412
009de0ef-d102-4323-8dac-d78561c43210,1-6a11dbc9-1c23-49fa-8e05-93bf5909d53f,South America 5V5 Queue,5v5,1786757055
009de0ef-d102-4323-8dac-d78561c43210,1-a787ba90-3f17-4701-b61b-177816991934,South America 5V5 Queue,5v5,1786675531
009de0ef-d102-4323-8dac-d78561c43210,1-b090b1ff-cd16-4e00-a8a4-5512fbf59f25,South America 5V5 Queue,5v5,1786672998
009de0ef-d102-4323-8dac-d78561c43210,1-71e576b2-6b08-44a0-83d1-7223471ee87c,South America 5V5 Queue,5v5,1786588959
30f7a34a-6f84-4c89-bb20-49cf69e5976f,1-339a1686-3cc4-4163-8ec3-4f12a5c153b9,South America 5V5 Queue,5v5,1787696348
30f7a34a-6f84-4c89-bb20-49cf69e5976f,1-816ff3d2-9d94-4270-956d-3e82ca0c1cea,South America 5V5 Queue,5v5,1787692347
30f7a34a-6f84-4c89-bb20-49cf69e5976f,1-ae22de59-f4d0-49d9-bcbe-0031cefdaf68,South America 5V5 Queue,5v5,1787689554
30f7a34a-6f84-4c89-bb20-49cf69e5976f,1-4f381628-15c0-4abd-8705-f676ab7cb117,South America 5V5 Queue,5v5,1787686679
30f7a34a-6f84-4c89-bb20-49cf69e5976f,1-8dc9d2ba-943b-463b-afd3-266f98420eb5,South America 5V5 Queue,5v5,1787613088
30f7a34a-6f84-4c89-bb20-49cf69e5976f,1-3f779816-1266-40e8-b13f-cc228bc106e6,South America 5V5 Queue,5v5,1787540902
30f7a34a-6f84-4c89-bb20-49cf69e5976f,1-f4b4ba9a-8be0-45a0-8835-dc75b4e5e4c6,South America 5V5 Queue,5v5,1787537248
30f7a34a-6f84-4c89-bb20-49cf69e5976f,1-4a4f43d6-f16b-4174-9bc3-50006a6aeb32,South America 5V5 Queue,5v5,1787534061
30f7a34a-6f84-4c89-bb20-49cf69e5976f,1-eafdc185-0154-4a47-9cea-8bf288aaa11e,South America 5V5 Queue,5v5,1787518848
30f7a34a-6f84-4c89-bb20-49cf69e5976f,1-7d64e54a-6151-4de9-a9db-399fddc4e00a,South America 5V5 Queue,5v5,1787514581
30f7a34a-6f84-4c89-bb20-49cf69e5976f,1-554dfd02-a819-44ba-be4b-d66003997e0c,South America 5V5 Queue,5v5,1787458463
30f7a34a-6f84-4c89-bb20-49cf69e5976f,1-1a161005-cccb-47b8-a674-c06016218df1,South America 5V5 Queue,5v5,1787455737
30f7a34a-6f84-4c89-bb20-49cf69e5976f,1-12fe7bbc-5410-492a-94b5-4ec77ab4a972,South America 5V5 Queue,5v5,1787452739
30f7a34a-6f84-4c89-bb20-49cf69e5976f,1-07fa4c49-5f5b-4f99-bad4-0f00a4608761,South America 5V5 Queue,5v5,1787434383
30f7a34a-6f84-4c89-bb20-49cf69e5976f,1-c87081c1-27d3-4482-91f2-dd8d9d749916,South America 5V5 Queue,5v5,1787431457
30f7a34a-6f84-4c89-bb20-49cf69e5976f,1-1857ee87-3ac0-4e38-aac5-1799a7d80159,South America 5V5 Queue,5v5,1787427317
30f7a34a-6f84-4c89-bb20-49cf69e5976f,1-3770aae9-cef4-45a9-abec-f0aa429ad793,South America 5V5 Queue,5v5,1787370914
30f7a34a-6f84-4c89-bb20-49cf69e5976f,1-9fd863f4-c362-43bc-ae64-3a0974435a8d,South America 5V5 Queue,5v5,1787368580
30f7a34a-6f84-4c89-bb20-49cf69e5976f,1-c8933882-d11f-4954-8416-69f304bb7f7f,South America 5V5 Queue,5v5,1787366110
30f7a34a-6f84-4c89-bb20-49cf69e5976f,1-989293e2-d1ae-49ef-a651-037d613a0c34,South America 5V5 Queue,5v5,1787363704
30f7a34a-6f84-4c89-bb20-49cf69e5976f,1-01fe23a3-824a-44c6-8d84-dbd3e0706c86,South America 5V5 Queue,5v5,1787343372
30f7a34a-6f84-4c89-bb20-49cf69e5976f,1-04fa7a99-4d38-4da9-a375-16e9de6ee24c,South America 5V5 Queue,5v5,1787270874
30f7a34a-6f84-4c89-bb20-49cf69e5976f,1-0995245f-3c14-4f76-983c-74fb49513cfa,South America 5V5 Queue,5v5,1787268512
30f7a34a-6f84-4c89-bb20-49cf69e5976f,1-bf718280-31d5-440a-a29d-c61155375a76,South America 5V5 Queue,5v5,1787265885
30f7a34a-6f84-4c89-bb20-49cf69e5976f,1-fd5dd0a1-184a-4f70-85fd-5aceb46604a2,South America 5V5 Queue,5v5,1787262131
30f7a34a-6f84-4c89-bb20-49cf69e5976f,1-db83220d-045d-4b55-9885-820f351cac68,South America 5V5 Queue,5v5,1787257907
30f7a34a-6f84-4c89-bb20-49cf69e5976f,1-721225ae-fbbf-4a58-a8bf-a06f4b5b554e,South America 5V5 Queue,5v5,1787254266
30f7a34a-6f84-4c89-bb20-49cf69e5976f,1-528ab478-4406-4c8c-acc6-e7081ca1b4c4,South America 5V5 Queue,5v5,1787252261
30f7a34a-6f84-4c89-bb20-49cf69e5976f,1-e72e67a1-8c53-4d9c-8e2f-17864156dd61,South America 5V5 Queue,5v5,1787181333
30f7a34a-6f84-4c89-bb20-49cf69e5976f,1-3e57f5a6-12c8-422c-9521-b9a9f0675e41,South America 5V5 Queue,5v5,1787178661
4f241e94-cd2c-4123-912f-3504435d70af,1-ed205ffa-76dd-496f-a7a4-2c705d32884e,South America 5V5 Queue,5v5,1787601415
4f241e94-cd2c-4123-912f-3504435d70af,1-48ff8e78-1cf0-402a-b21d-308e61f6a9a4,South America 5V5 Queue,5v5,1787524467
4f241e94-cd2c-4123-912f-3504435d70af,1-c27f2b56-460b-4294-9619-c6e2b8e7a8bb,South America 5V5 Queue,5v5,1787522136
4f241e94-cd2c-4123-912f-3504435d70af,1-a77f5667-1b7d-45a6-9a6e-545dfa15d441,South America 5V5 Queue,5v5,1787519142
4f241e94-cd2c-4123-912f-3504435d70af,1-9762af8c-d6eb-40c3-8883-0c396f854c22,South America 5V5 Queue,5v5,1786501267
4f241e94-cd2c-4123-912f-3504435d70af,1-441f2dca-e77f-405a-b20d-f13bcc4549d6,South America 5V5 Queue,5v5,1786497668
4f241e94-cd2c-4123-912f-3504435d70af,1-48609179-6a7c-48e1-936a-e39f6d626046,South America 5V5 Queue,5v5,1786495773
4f241e94-cd2c-4123-912f-3504435d70af,1-e4d2fc78-ab53-49b1-9673-ce29a967391e,South America 5V5 Queue,5v5,1786418710
4f241e94-cd2c-4123-912f-3504435d70af,1-aa4f5bb0-ebb0-44f1-af8f-683ccf80192c,South America 5V5 Queue,5v5,1786414538
4f241e94-cd2c-4123-912f-3504435d70af,1-5ddb160f-feaa-44ed-b271-e74d844c3e09,South America 5V5 Queue,5v5,1786411706
4f241e94-cd2c-4123-912f-3504435d70af,1-ba267d04-1a1b-4fed-976c-e0d2d70bc00b,South America 5V5 Queue,5v5,1786409420
4f241e94-cd2c-4123-912f-3504435d70af,1-f181f69a-b34c-41d9-9639-36f0e9b68d26,South America 5V5 Queue,5v5,1786406641
4f241e94-cd2c-4123-912f-3504435d70af,1-0c1117e1-5b00-4189-a019-7cc56b5d2bd2,South America 5V5 Queue,5v5,1786403380
4f241e94-cd2c-4123-912f-3504435d70af,1-7229dacc-5739-42b4-8744-6fa259ac0331,South America 5V5 Queue,5v5,1786399904
4f241e94-cd2c-4123-912f-3504435d70af,1-96657b86-56fe-419a-bcf2-40f6b24017a2,South America 5V5 Queue,5v5,1786333977
4f241e94-cd2c-4123-912f-3504435d70af,1-42318e2a-83b5-4b8a-88ba-5596e75ce066,South America 5V5 Queue,5v5,1786328700
4f241e94-cd2c-4123-912f-3504435d70af,1-294e0d48-c528-4d54-a3b3-1c9e9316201c,South America 5V5 Queue,5v5,1786325801
4f241e94-cd2c-4123-912f-3504435d70af,1-f6f2dc48-4b92-417f-9e8b-34785ad9b2c5,South America 5V5 Queue,5v5,1786142249
4f241e94-cd2c-4123-912f-3504435d70af,1-c809c330-ee1c-421a-9d8f-dc34acd6a9a9,South America 5V5 Queue,5v5,1786139533
4f241e94-cd2c-4123-912f-3504435d70af,1-d7ca1d6c-bfe1-4ec3-8f13-f1ee857131e0,South America 5V5 Queue,5v5,1786136996
4f241e94-cd2c-4123-912f-3504435d70af,1-00537235-b7e1-40fb-9de5-589f68bdc4fd,South America 5V5 Queue,5v5,1786134179
4f241e94-cd2c-4123-912f-3504435d70af,1-db8c441d-1070-45dd-a87e-8dffd86e1908,South America 5V5 Queue,5v5,1786131754
4f241e94-cd2c-4123-912f-3504435d70af,1-e252bd57-edf0-4a68-88da-75b76bf63f63,South America 5V5 Queue,5v5,1786053261
4f241e94-cd2c-4123-912f-3504435d70af,1-122a0761-d8e8-473f-a309-d86d242be78d,South America 5V5 Queue,5v5,1786050852
4f241e94-cd2c-4123-912f-3504435d70af,1-6722ddbc-17b1-4d11-b8b6-fcbf68b184ab,South America 5V5 Queue,5v5,1785974182
4f241e94-cd2c-4123-912f-3504435d70af,1-e76a11d5-77e7-40bb-8b25-6b28806b5189,South America 5V5 Queue,5v5,1785971206
4f241e94-cd2c-4123-912f-3504435d70af,1-b3e61e29-8e8e-4530-971e-8ac01ae16a01,South America 5V5 Queue,5v5,1785966697
4f241e94-cd2c-4123-912f-3504435d70af,1-e55ff71b-707d-47e0-ab96-397f12820c0c,South America 5V5 Queue,5v5,1784843557
4f241e94-cd2c-4123-912f-3504435d70af,1-3a0d9803-2fad-4272-bbf8-afc91312d1bf,South America 5V5 Queue,5v5,1784840446
4f241e94-cd2c-4123-912f-3504435d70af,1-f02c9a82-02a8-4fe7-8788-be5bb06c7e58,South America 5V5 Queue,5v5,1784837420
e37989ad-e909-4536-b2ef-9646085bcac8,1-7d7edf2e-325a-412f-b552-e956707c8c87,South America 5V5 Queue,5v5,1787631000
e37989ad-e909-4536-b2ef-9646085bcac8,1-f205825c-82eb-4709-868e-d82ddf5c4a25,South America 5V5 Queue,5v5,1787626553
e37989ad-e909-4536-b2ef-9646085bcac8,1-88a4212d-2292-4443-87ba-98955d5518a1,South America 5V5 Queue,5v5,1787623541
e37989ad-e909-4536-b2ef-9646085bcac8,1-6b6e6b4e-b54b-4391-82d0-45254b5fa705,South America 5V5 Queue,5v5,1787614980
e37989ad-e909-4536-b2ef-9646085bcac8,1-8dc9d2ba-943b-463b-afd3-266f98420eb5,South America 5V5 Queue,5v5,1787613088
e37989ad-e909-4536-b2ef-9646085bcac8,1-6702bf46-82ed-495a-b926-b4d19b7957c2,South America 5V5 Queue,5v5,1787610730
e37989ad-e909-4536-b2ef-9646085bcac8,1-228bff07-a219-4867-b52c-172f141bb89a,South America 5V5 Queue,5v5,1787108862
e37989ad-e909-4536-b2ef-9646085bcac8,1-fdc92e9d-30d5-46eb-8fc2-1f3c399d6ab8,South America 5V5 Queue,5v5,1787104433
e37989ad-e909-4536-b2ef-9646085bcac8,1-43d293ef-285c-4d6c-8c52-f1d54876a12b,South America 5V5 Queue,5v5,1787094446
e37989ad-e909-4536-b2ef-9646085bcac8,1-afe15995-c295-4cc7-993d-fac193737737,South America 5V5 Queue,5v5,1787076286
e37989ad-e909-4536-b2ef-9646085bcac8,1-6e3cf934-1bde-4eae-ae05-4fbdab47b00d,South America 5V5 Queue,5v5,1787074212
e37989ad-e909-4536-b2ef-9646085bcac8,1-8698afb0-95d6-4f16-b47a-5cb813032170,South America 5V5 Queue,5v5,1787029120
e37989ad-e909-4536-b2ef-9646085bcac8,1-3021efba-f996-4c1a-95c7-8e098eb1dc4d,South America 5V5 Queue,5v5,1787027036
e37989ad-e909-4536-b2ef-9646085bcac8,1-c400db21-0787-4357-be8f-3b9f82611419,South America 5V5 Queue,5v5,1786419422
e37989ad-e909-4536-b2ef-9646085bcac8,1-5690ea59-c37d-4c77-b260-e900e95b49d1,South America 5V5 Queue,5v5,1786414798
e37989ad-e909-4536-b2ef-9646085bcac8,1-284dfb7e-a460-4db5-abdc-b2291b48c235,South America 5V5 Queue,5v5,1786404826
e37989ad-e909-4536-b2ef-9646085bcac8,1-a4bd3b9a-6edd-43e1-b130-dee4736e26ad,South America 5V5 Queue,5v5,1786384334
e37989ad-e909-4536-b2ef-9646085bcac8,1-b9be5c33-8bda-4927-abfd-3d831e890b80,South America 5V5 Queue,5v5,1786225803
e37989ad-e909-4536-b2ef-9646085bcac8,1-219a8646-0f47-4c2b-9dc3-de133e5dd6c5,South America 5V5 Queue,5v5,1785983172
e37989ad-e909-4536-b2ef-9646085bcac8,1-a8faa39b-7cb2-497a-bfa2-19346c20b9f8,South America 5V5 Queue,5v5,1785866908
e37989ad-e909-4536-b2ef-9646085bcac8,1-acbdc6f4-ba09-4206-899b-51ac544849ef,South America 5V5 Queue,5v5,1785862686
e37989ad-e909-4536-b2ef-9646085bcac8,1-b9547996-fc2e-46d0-b6f5-e05aa128e86d,South America 5V5 Queue,5v5,1785857799
e37989ad-e909-4536-b2ef-9646085bcac8,1-8a23a1a9-86fb-4da2-bd24-2589a8acbc4a,South America 5V5 Queue,5v5,1785205737
e37989ad-e909-4536-b2ef-9646085bcac8,1-6c5ea219-0da1-4d69-bf63-7747e4a92107,South America 5V5 Queue,5v5,1785202819
e37989ad-e909-4536-b2ef-9646085bcac8,1-8fe3d631-05cb-4ec8-b743-23a5c8c27d50,South America 5V5 Queue,5v5,1785200149
e37989ad-e909-4536-b2ef-9646085bcac8,1-c8cbbe98-9327-4cc1-b31f-17b80317716f,South America 5V5 Queue,5v5,1784792911
e37989ad-e909-4536-b2ef-9646085bcac8,1-30124250-bf61-44e5-810a-f22482ce7e9c,South America 5V5 Queue,5v5,1784790265
e37989ad-e909-4536-b2ef-9646085bcac8,1-5495a43d-c12e-4330-806a-81845d71b593,South America 5V5 Queue,5v5,1784788169
e37989ad-e909-4536-b2ef-9646085bcac8,1-7564ff5f-0603-4e5f-b8e2-cf2eed6e9c83,South America 5V5 Queue,5v5,1784785827
e37989ad-e909-4536-b2ef-9646085bcac8,1-31730125-455f-45ee-8ac5-9cc20f7722b1,South America 5V5 Queue,5v5,1784781671
1ddf11bb-4091-457a-81b9-21cea278fdaa,1-6c77d0fd-b6ad-4707-a0a4-f63a65c5c8ec,South America 5V5 Queue,5v5,1787696040
1ddf11bb-4091-457a-81b9-21cea278fdaa,1-a2a1318b-0aba-454e-9218-5c700454f725,South America 5V5 Queue,5v5,1787692225
1ddf11bb-4091-457a-81b9-21cea278fdaa,1-2795db16-bfea-4a85-a5e0-9d1d3d7855bd,South America 5V5 Queue,5v5,1787688606
1ddf11bb-4091-457a-81b9-21cea278fdaa,1-9272869b-dcee-4fc6-a7c7-c7ac1f6c0c74,South America 5V5 Queue,5v5,1787683401
1ddf11bb-4091-457a-81b9-21cea278fdaa,1-73933852-d71a-4873-a5e8-3f9db02fc67d,South America 5V5 Queue,5v5,1787674657
1ddf11bb-4091-457a-81b9-21cea278fdaa,1-43572e35-69cc-461d-aca4-9eab04bbe7bf,Copa Ace 10 - Fase Inicial,5v5,1787623900
1ddf11bb-4091-457a-81b9-21cea278fdaa,1-181aa102-4d74-4e57-b896-962d2caa29e9,South America 5V5 Queue,5v5,1787616204
1ddf11bb-4091-457a-81b9-21cea278fdaa,1-a54181e5-1b0d-4743-9f6a-b510d11dfb85,South America 5V5 Queue,5v5,1787610692
1ddf11bb-4091-457a-81b9-21cea278fdaa,1-511ea346-1e74-466e-ad71-b81c4c865c62,South America 5V5 Queue,5v5,1787607368
1ddf11bb-4091-457a-81b9-21cea278fdaa,1-36376a97-092a-4f15-adbd-77009d209da7,South America 5V5 Queue,5v5,1787604407
1ddf11bb-4091-457a-81b9-21cea278fdaa,1-b0d2e987-0680-4336-ace0-5e3df4d4b2fe,South America 5V5 Queue,5v5,1787600741
1ddf11bb-4091-457a-81b9-21cea278fdaa,1-c1ab2400-d4ce-462b-bc7b-01bf619147a1,Copa Ace 10 - Fase Inicial,5v5,1787276309
1ddf11bb-4091-457a-81b9-21cea278fdaa,1-d2914e23-ee2b-441a-bc12-418831804416,South America 5V5 Queue,5v5,1787261150
1ddf11bb-4091-457a-81b9-21cea278fdaa,1-078e2bca-d09a-42cc-966d-1ed8aba97f70,South America 5V5 Queue,5v5,1787258067
1ddf11bb-4091-457a-81b9-21cea278fdaa,1-2f786c69-c63c-46c9-b44e-edaf42cb6859,South America 5V5 Queue,5v5,1787153437
1ddf11bb-4091-457a-81b9-21cea278fdaa,1-b46c1e10-76e4-40d9-8643-eacf9bd28498,CCT 2026 South America 5 - Open Qualifier,5v5,1786821867
1ddf11bb-4091-457a-81b9-21cea278fdaa,1-ac1c8f1d-9e98-4e0d-b8c5-585db46f0421,CCT 2026 South America 5 - Open Qualifier,5v5,1786818961
1ddf11bb-4091-457a-81b9-21cea278fdaa,1-d73c1b65-63e7-40e3-92f9-98cdfd1d39bd,CCT 2026 South America 5 - Open Qualifier,5v5,1786814982
1ddf11bb-4091-457a-81b9-21cea278fdaa,1-c61c9abf-1106-43e6-8b73-ae0fe3748561,South America 5V5 Queue,5v5,1786754772
1ddf11bb-4091-457a-81b9-21cea278fdaa,1-9a53553e-6765-40f1-b393-faed47ae55a3,South America 5V5 Queue,5v5,1786752445
1ddf11bb-4091-457a-81b9-21cea278fdaa,1-6f42f457-357b-4a47-ad50-3a47ce9342fb,South America 5V5 Queue,5v5,1786748745
1ddf11bb-4091-457a-81b9-21cea278fdaa,1-59c01a1d-5a89-464e-9fa9-89d5e797a006,South America 5V5 Queue,5v5,1786743196
1ddf11bb-4091-457a-81b9-21cea278fdaa,1-625ca409-d869-4e88-8822-a3230ae836df,South America 5V5 Queue,5v5,1786740547
1ddf11bb-4091-457a-81b9-21cea278fdaa,1-f8b3aba5-0483-4d1f-abe5-6a6a88f69421,South America 5V5 Queue,5v5,1786634637
1ddf11bb-4091-457a-81b9-21cea278fdaa,1-cfc7e0b7-2b7e-4c79-996c-3ad206a13b49,South America 5V5 Queue,5v5,1786581125
1ddf11bb-4091-457a-81b9-21cea278fdaa,1-800775e8-8805-4f7b-bfcd-c9660b26781f,South America 5V5 Queue,5v5,1786578694
1ddf11bb-4091-457a-81b9-21cea278fdaa,1-e8fc0a0b-f7d9-4cf9-b017-9803ded6886f,South America 5V5 Queue,5v5,1786575757
1ddf11bb-4091-457a-81b9-21cea278fdaa,1-f6f2dc48-4b92-417f-9e8b-34785ad9b2c5,South America 5V5 Queue,5v5,1786142249
1ddf11bb-4091-457a-81b9-21cea278fdaa,1-fdd66d21-db2a-4b11-8b16-7e6fee41bdc7,South America 5V5 Queue,5v5,1786137032
1ddf11bb-4091-457a-81b9-21cea278fdaa,1-f8a76138-4f72-48d7-a813-579ba93797be,South America 5V5 Queue,5v5,1786133651
32b42dee-0380-479d-91fc-28342d7751f6,1-2049c8da-7b9e-48d2-98c5-27920511a288,South America 5V5 Queue,5v5,1787623610
32b42dee-0380-479d-91fc-28342d7751f6,1-43c6546b-6f0a-42d5-abed-624f0fce5f33,South America 5V5 Queue,5v5,1787621325
32b42dee-0380-479d-91fc-28342d7751f6,1-eeeff8bd-3428-47e6-9b26-c3a31c560b0b,South America 5V5 Queue,5v5,1787616285
32b42dee-0380-479d-91fc-28342d7751f6,1-af53acc1-da0e-4e3a-ba78-57f870b1fecd,South America 5V5 Queue,5v5,1787265197
32b42dee-0380-479d-91fc-28342d7751f6,1-5ee4255c-12f7-4a7e-9cc3-aa8ea21055c5,South America 5V5 Queue,5v5,1787262866
32b42dee-0380-479d-91fc-28342d7751f6,1-fe1a09af-e4e0-43af-bf1a-f34897cfc3ac,South America 5V5 Queue,5v5,1787260245
32b42dee-0380-479d-91fc-28342d7751f6,1-f7f8ade4-c39a-42f7-839c-2c3eac8b93ca,South America 5V5 Queue,5v5,1787257471
32b42dee-0380-479d-91fc-28342d7751f6,1-60179a89-7e53-4b61-883a-afd9404a07ba,South America 5V5 Queue,5v5,1787255219
32b42dee-0380-479d-91fc-28342d7751f6,1-a7ba680f-7efa-4f12-8bb5-022f0d0da3a3,South America 5V5 Queue,5v5,1786864227
32b42dee-0380-479d-91fc-28342d7751f6,1-70e61348-579b-4169-a891-63527bfd8668,South America 5V5 Queue,5v5,1786859316
32b42dee-0380-479d-91fc-28342d7751f6,1-5ed1008e-c10e-444d-93cb-1664faf4bb6b,South America 5V5 Queue,5v5,1786856577
32b42dee-0380-479d-91fc-28342d7751f6,1-b683b430-7329-4c03-b8cb-6055dc3d2ce6,South America 5V5 Queue,5v5,1786853841
32b42dee-0380-479d-91fc-28342d7751f6,1-4becd581-1204-42ae-b62a-ce196e0a5cd8,South America 5V5 Queue,5v5,1786851005
32b42dee-0380-479d-91fc-28342d7751f6,1-800f2981-a136-45ea-89ff-6fd32bb691b5,South America 5V5 Queue,5v5,1784847460
32b42dee-0380-479d-91fc-28342d7751f6,1-03dab5d8-3879-490f-ae1a-ea1b4b26f201,CCT 2026 South America 4 - Open Qualifier,5v5,1783191370
32b42dee-0380-479d-91fc-28342d7751f6,1-321e22e9-e069-4e51-a031-8c006ea30210,CCT 2026 South America 4 - Open Qualifier,5v5,1783188972
32b42dee-0380-479d-91fc-28342d7751f6,1-1acfab98-7817-4319-80d0-35de311f59f4,CCT 2026 South America 4 - Open Qualifier,5v5,1783184342
32b42dee-0380-479d-91fc-28342d7751f6,1-0853ad86-7647-4989-ab45-69acd748e65f,South America 5V5 Queue,5v5,1782256744
32b42dee-0380-479d-91fc-28342d7751f6,1-9329ad69-79d8-42de-bca0-45109c20f16f,South America 5V5 Queue,5v5,1781909308
32b42dee-0380-479d-91fc-28342d7751f6,1-185801d5-9cad-4acc-b11b-d6c9f9d9c819,South America 5V5 Queue,5v5,1780095427
32b42dee-0380-479d-91fc-28342d7751f6,1-4ae82ef6-bb25-47b3-af1f-906b82ff5b1c,South America 5V5 Queue,5v5,1780091713
32b42dee-0380-479d-91fc-28342d7751f6,1-ae19a1c0-acad-42b2-bd5f-78bbf58d564c,South America 5V5 Queue,5v5,1780088736
32b42dee-0380-479d-91fc-28342d7751f6,1-eb7a0888-759d-492d-951b-d8d41a8e06d7,South America 5V5 Queue,5v5,1780086135
32b42dee-0380-479d-91fc-28342d7751f6,1-f1fe2c77-9929-4b5b-830a-6d1b45bf61b6,South America 5V5 Queue,5v5,1780083175
32b42dee-0380-479d-91fc-28342d7751f6,1-aea8ac16-52cf-490d-bc6d-27d3050ecbdd,South America 5V5 Queue,5v5,1778561335
32b42dee-0380-479d-91fc-28342d7751f6,1-08ac4e6f-b6c6-48d1-91a1-fb854ec3f12e,South America 5V5 Queue,5v5,1778559215
32b42dee-0380-479d-91fc-28342d7751f6,1-38bb5a6f-8f13-43ab-b023-e4fa11e2ce1e,South America 5V5 Queue,5v5,1778555523
32b42dee-0380-479d-91fc-28342d7751f6,1-4e90f027-2952-485f-a948-0be55f2da264,South America 5V5 Queue,5v5,1778552873
32b42dee-0380-479d-91fc-28342d7751f6,1-fc710d9e-dc35-4f2e-9b84-8ac20e4214fc,South America 5V5 Queue,5v5,1778210558
32b42dee-0380-479d-91fc-28342d7751f6,1-56d88c32-1c4e-4011-9f22-0e106b5ad25b,South America 5V5 Queue,5v5,1778206497
fb4a2659-57ac-41f5-a831-cf2e3992a077,1-04af89ad-cc0f-439d-9ef3-2598edcf812e,South America 5V5 Queue,5v5,1787367362
fb4a2659-57ac-41f5-a831-cf2e3992a077,1-e7c7ecb0-aca3-4afc-b1e1-ebb8a2ffabf8,South America 5V5 Queue,5v5,1787365467
fb4a2659-57ac-41f5-a831-cf2e3992a077,1-a1600059-d93b-497c-9109-12203b28783b,South America 5V5 Queue,5v5,1787362177
fb4a2659-57ac-41f5-a831-cf2e3992a077,1-c6ac2028-897f-4e65-8551-d638ea0242d2,South America 5V5 Queue,5v5,1786909337
fb4a2659-57ac-41f5-a831-cf2e3992a077,1-afa204fe-e350-475d-bad1-1a249f4b9738,South America 5V5 Queue,5v5,1786863082
fb4a2659-57ac-41f5-a831-cf2e3992a077,1-42069b3b-e167-40f6-9258-1f6fe6455463,South America 5V5 Queue,5v5,1786859644
fb4a2659-57ac-41f5-a831-cf2e3992a077,1-e33dbca2-3d2b-49e7-b3d3-716ae45393d7,South America 5V5 Queue,5v5,1786857322
fb4a2659-57ac-41f5-a831-cf2e3992a077,1-b5a05544-fe09-478b-aee6-1fff46d0201d,South America 5V5 Queue,5v5,1786834107
fb4a2659-57ac-41f5-a831-cf2e3992a077,1-fdd1d9a8-b0c7-4fd4-abf7-0af239d7fc58,South America 5V5 Queue,5v5,1786831656
fb4a2659-57ac-41f5-a831-cf2e3992a077,1-8e04ebf7-bd15-4701-a962-86e43e412dcf,South America 5V5 Queue,5v5,1786829469
fb4a2659-57ac-41f5-a831-cf2e3992a077,1-c601936a-30e9-49a5-8bc5-e9e713425752,South America 5V5 Queue,5v5,1786826911
fb4a2659-57ac-41f5-a831-cf2e3992a077,1-2d871403-a38d-46f6-8ac2-4270c0bc18da,South America 5V5 Queue,5v5,1786823899
fb4a2659-57ac-41f5-a831-cf2e3992a077,1-381ddd45-b25b-40bc-a788-69dc90f41cc1,South America 5V5 Queue,5v5,1786753656
fb4a2659-57ac-41f5-a831-cf2e3992a077,1-92ae847f-10c9-4bb3-b5d4-c88fd4210ff9,South America 5V5 Queue,5v5,1786750755
fb4a2659-57ac-41f5-a831-cf2e3992a077,1-ba80d8bf-56ad-4dc5-b5ce-9ce94631311c,South America 5V5 Queue,5v5,1786565008
fb4a2659-57ac-41f5-a831-cf2e3992a077,1-89038829-e563-4317-aa43-1950f8ae4977,South America 5V5 Queue,5v5,1786562216
fb4a2659-57ac-41f5-a831-cf2e3992a077,1-13d19018-4a8d-4cf3-b290-98c6409515e1,Betboom Storm 4 - Borracheiros vs MEIA NOITE,5v5,1786391685
fb4a2659-57ac-41f5-a831-cf2e3992a077,1-4b656d2a-ca4a-43ff-8a9f-43cddc157cfb,Betboom Storm 4 - ALKA vs BORRACHEIROS,5v5,1786290619
fb4a2659-57ac-41f5-a831-cf2e3992a077,1-aed2d164-c5c6-49fa-94dd-b228b8116a55,Betboom Storm 4 - Borracheiros vs UNO MILLE,5v5,1786217210
fb4a2659-57ac-41f5-a831-cf2e3992a077,1-98e5c7c3-af3b-4188-a671-d5e87faa0b17,South America 5V5 Queue,5v5,1786141367
fb4a2659-57ac-41f5-a831-cf2e3992a077,1-975a032a-9633-4bbc-9ed8-097ec13c09a3,Betboom Storm 4 - Galorys vs Borracheiros,5v5,1786062808
fb4a2659-57ac-41f5-a831-cf2e3992a077,1-cb741149-eb6b-4cb9-9997-afe05426e90b,South America 5V5 Queue,5v5,1785877799
fb4a2659-57ac-41f5-a831-cf2e3992a077,1-323b6f0d-3947-4e3e-ad62-23e6b2a9aea7,Betboom Storm 4 - Keyd Stars vs Borracheiros,5v5,1785786149
fb4a2659-57ac-41f5-a831-cf2e3992a077,1-576a8855-4af7-4032-be69-dbab441c3da8,South America 5V5 Queue,5v5,1785364969
fb4a2659-57ac-41f5-a831-cf2e3992a077,1-bc55df16-71d8-40ea-b3d7-bd31d3d75a37,South America 5V5 Queue,5v5,1784660767
fb4a2659-57ac-41f5-a831-cf2e3992a077,1-2c4a9f54-e9dd-4816-8a96-2b581af9a9f5,South America 5V5 Queue,5v5,1784346846
fb4a2659-57ac-41f5-a831-cf2e3992a077,1-c83d5e3c-fa33-4037-8a16-b065c010b41b,South America 5V5 Queue,5v5,1784261172
fb4a2659-57ac-41f5-a831-cf2e3992a077,1-b986ee68-e971-4727-8cfb-ab09223c75cc,South America 5V5 Queue,5v5,1784258859
fb4a2659-57ac-41f5-a831-cf2e3992a077,1-4a539e11-44c7-4e79-a8b2-c96f92fea59a,South America 5V5 Queue,5v5,1784254671
fb4a2659-57ac-41f5-a831-cf2e3992a077,1-2bd5333b-d215-476b-bd49-780df5fe6797,South America 5V5 Queue,5v5,1784252240
62226040-6048-4f4a-9437-8d7e55db912d,1-70239e39-4014-47d7-bfb6-4b414544eb69,South America 5V5 Queue,5v5,1787697588
62226040-6048-4f4a-9437-8d7e55db912d,1-3c119ffd-72f0-416d-9115-a8904df22fb1,South America 5V5 Queue,5v5,1787693749
62226040-6048-4f4a-9437-8d7e55db912d,1-bdcad6b6-639a-47c1-a18b-5709c8e374ca,South America 5V5 Queue,5v5,1787690445
62226040-6048-4f4a-9437-8d7e55db912d,1-6defa8d4-362a-411e-b269-30b082bf3a8d,South America 5V5 Queue,5v5,1787687992
62226040-6048-4f4a-9437-8d7e55db912d,1-7fabcd92-8146-4f6d-996c-00595cb54c26,South America 5V5 Queue,5v5,1787685775
62226040-6048-4f4a-9437-8d7e55db912d,1-746fb236-92b2-4cea-898e-487985c357ba,South America 5V5 Queue,5v5,1787682706
62226040-6048-4f4a-9437-8d7e55db912d,1-81d23fa8-e20f-4816-a78c-526a7bc60785,South America 5V5 Queue,5v5,1787615199
62226040-6048-4f4a-9437-8d7e55db912d,1-d1c35ce6-7e08-4240-89b5-96b9f13a3dd3,South America 5V5 Queue,5v5,1787611412
62226040-6048-4f4a-9437-8d7e55db912d,1-b6573572-6068-41f8-bd67-4f1cb3a6f209,South America 5V5 Queue,5v5,1787609112
62226040-6048-4f4a-9437-8d7e55db912d,1-b17f3f33-11e7-4df5-a198-f15cace898f9,South America 5V5 Queue,5v5,1787604526
62226040-6048-4f4a-9437-8d7e55db912d,1-67db9f06-853e-49d9-9ef2-ca902f38895d,South America 5V5 Queue,5v5,1787601714
62226040-6048-4f4a-9437-8d7e55db912d,1-32e68bfa-0483-484b-8b77-5a5b342a4242,South America 5V5 Queue,5v5,1787599482
62226040-6048-4f4a-9437-8d7e55db912d,1-45ff93fe-808d-434e-a1e8-ad14a7a6a7ef,South America 5V5 Queue,5v5,1787595242
62226040-6048-4f4a-9437-8d7e55db912d,1-1f45214a-18d8-42d7-86dd-7e5b8635db16,South America 5V5 Queue,5v5,1787355345
62226040-6048-4f4a-9437-8d7e55db912d,1-67963c99-b006-4669-97f2-75d50adc9253,South America 5V5 Queue,5v5,1787352829
62226040-6048-4f4a-9437-8d7e55db912d,1-11ba262f-749c-488f-8c6b-038accf049b7,South America 5V5 Queue,5v5,1787348483
62226040-6048-4f4a-9437-8d7e55db912d,1-3619978a-cf85-4557-b1ba-bd2d0ce4e41e,South America 5V5 Queue,5v5,1787346017
62226040-6048-4f4a-9437-8d7e55db912d,1-051d5db6-a6fb-43f1-a4bb-7ec59e91acf5,South America 5V5 Queue,5v5,1787342349
62226040-6048-4f4a-9437-8d7e55db912d,1-8e190ca7-7c42-40f6-9319-1b3df89ab8bb,South America 5V5 Queue,5v5,1787340299
62226040-6048-4f4a-9437-8d7e55db912d,1-87880dc5-60f7-49a4-91b1-b9101bd328dd,South America 5V5 Queue,5v5,1787336585
62226040-6048-4f4a-9437-8d7e55db912d,1-6cf5a6ef-cfe2-49a2-8b8e-84639b09be25,South America 5V5 Queue,5v5,1787270734
62226040-6048-4f4a-9437-8d7e55db912d,1-c501e6f2-2eb1-46cc-8234-cedf1e623993,South America 5V5 Queue,5v5,1787267704
62226040-6048-4f4a-9437-8d7e55db912d,1-f87b2358-0a2e-4b84-8748-3b3c60c9f78c,South America 5V5 Queue,5v5,1787264594
62226040-6048-4f4a-9437-8d7e55db912d,1-41fbf226-45f7-4a60-955b-46aa2efd9569,South America 5V5 Queue,5v5,1787262360
62226040-6048-4f4a-9437-8d7e55db912d,1-0bdaeb0c-1f4f-43a4-9882-eaccf951f6dc,South America 5V5 Queue,5v5,1787257855
62226040-6048-4f4a-9437-8d7e55db912d,1-cf732af0-774e-432b-a54d-b40224c2ba3e,South America 5V5 Queue,5v5,1787255293
62226040-6048-4f4a-9437-8d7e55db912d,1-126474d7-6db7-41fb-a62c-de5f50f02b52,South America 5V5 Queue,5v5,1787250759
62226040-6048-4f4a-9437-8d7e55db912d,1-ea9e64ed-472a-4c2f-a0ea-a4ce8eb624fa,South America 5V5 Queue,5v5,1787246770
62226040-6048-4f4a-9437-8d7e55db912d,1-48437a8e-8964-4deb-9f5a-84bfa131e7db,South America 5V5 Queue,5v5,1787176180
62226040-6048-4f4a-9437-8d7e55db912d,1-656d1ed8-7899-45da-ac8c-c10a00bad500,South America 5V5 Queue,5v5,1787173058
2c7aacb3-ea95-40fa-8360-4c3842e5a4e7,1-8bf5323f-aa2f-4d37-b2ba-4b1a4d3a7090,S58 SA Open Central - Regular Season,5v5 League,1787614946
2c7aacb3-ea95-40fa-8360-4c3842e5a4e7,1-458207ef-4cba-4f26-bdaf-c0e03d6e8814,South America 5V5 Queue,5v5,1787611288
2c7aacb3-ea95-40fa-8360-4c3842e5a4e7,1-be992be6-eaad-44a3-b111-cb3ebbc31493,South America 5V5 Queue,5v5,1787608653
2c7aacb3-ea95-40fa-8360-4c3842e5a4e7,1-073b3de0-17e3-4be3-a9d5-ca982b2971b2,South America 5V5 Queue,5v5,1787258261
2c7aacb3-ea95-40fa-8360-4c3842e5a4e7,1-2f13e0db-4eeb-4398-930b-1d53a1991aae,South America 5V5 Queue,5v5,1787189954
2c7aacb3-ea95-40fa-8360-4c3842e5a4e7,1-7c29065f-ff83-46c0-9e57-8bdc6b19cedb,South America 5V5 Queue,5v5,1787186335
2c7aacb3-ea95-40fa-8360-4c3842e5a4e7,1-346a26f6-3d5d-4b82-8495-c07c92ed1767,South America 5V5 Queue,5v5,1787180675
2c7aacb3-ea95-40fa-8360-4c3842e5a4e7,1-dce49116-1023-45ae-a745-739dbb36fc20,South America 5V5 Queue,5v5,1787172800
2c7aacb3-ea95-40fa-8360-4c3842e5a4e7,1-be977f73-bd6b-4a3b-94d5-127d8f5e9d76,South America 5V5 Queue,5v5,1787090693
2c7aacb3-ea95-40fa-8360-4c3842e5a4e7,1-fb3e3d07-9e70-4a1b-95db-124038b650b0,South America 5V5 Queue,5v5,1787018284
2c7aacb3-ea95-40fa-8360-4c3842e5a4e7,1-81670fb9-f876-44f5-b53b-1372453d7086,S58 SA Open Central - Regular Season,5v5 League,1787011943
2c7aacb3-ea95-40fa-8360-4c3842e5a4e7,1-a7b19aff-a71e-45a0-b786-384485237e17,S58 SA Open Central - Regular Season,5v5 League,1787008082
2c7aacb3-ea95-40fa-8360-4c3842e5a4e7,1-db1c97a9-b51f-4378-a8e6-a3883c8fab61,CSCL x SKINRAVE - 5v5 League | 400 USD Prize-pool | Season 5 [Weekly Event],5v5,1786996057
2c7aacb3-ea95-40fa-8360-4c3842e5a4e7,1-3b8ad65a-cbb0-4044-b416-efbd6c471d10,CSCL x SKINRAVE - 5v5 League | 400 USD Prize-pool | Season 5 [Weekly Event],5v5,1786993142
2c7aacb3-ea95-40fa-8360-4c3842e5a4e7,1-0c4fa4ab-6fcb-49f2-938d-952cf446bd14,CCT 2026 South America 5 - Open Qualifier,5v5,1786827030
2c7aacb3-ea95-40fa-8360-4c3842e5a4e7,1-139b9437-455e-47c8-9fbc-919c7296ee80,CCT 2026 South America 5 - Open Qualifier,5v5,1786824030
2c7aacb3-ea95-40fa-8360-4c3842e5a4e7,1-6175f7f7-18c7-4a42-9a05-4cb75c9e24d1,CCT 2026 South America 5 - Open Qualifier,5v5,1786818543
2c7aacb3-ea95-40fa-8360-4c3842e5a4e7,1-86ee057c-ee01-4417-9a72-2739a1460d5f,CCT 2026 South America 5 - Open Qualifier,5v5,1786816273
2c7aacb3-ea95-40fa-8360-4c3842e5a4e7,1-cf033dfb-1c13-4995-87eb-1f7956e626de,South America 5V5 Queue,5v5,1786811976
2c7aacb3-ea95-40fa-8360-4c3842e5a4e7,1-3598c7ff-c07f-4e88-bb52-49a081281b0b,South America 5V5 Queue,5v5,1786743271
2c7aacb3-ea95-40fa-8360-4c3842e5a4e7,1-dd32de62-2041-417b-9087-1e50bb576ac4,South America 5V5 Queue,5v5,1786739496
2c7aacb3-ea95-40fa-8360-4c3842e5a4e7,1-b0424e39-ca80-410a-9860-1c353b858e84,South America 5V5 Queue,5v5,1786736420
2c7aacb3-ea95-40fa-8360-4c3842e5a4e7,1-3bd7518a-7ce0-4d89-8387-aa72ed861188,South America 5V5 Queue,5v5,1786733209
2c7aacb3-ea95-40fa-8360-4c3842e5a4e7,1-6161ad60-e483-498e-9615-cfb520377d2e,South America 5V5 Queue,5v5,1786728927
2c7aacb3-ea95-40fa-8360-4c3842e5a4e7,1-cc45ada8-f0f7-40dc-945c-42b115b36b62,S58 SA Open Central - Regular Season,5v5 League,1786580529
2c7aacb3-ea95-40fa-8360-4c3842e5a4e7,1-9584f3f2-fd99-4744-9d63-b1e8028b843f,South America 5V5 Queue,5v5,1786408899
2c7aacb3-ea95-40fa-8360-4c3842e5a4e7,1-d236091c-4064-45ea-b2cf-84f22486402d,S58 SA Open Central - Regular Season,5v5 League,1786406243
2c7aacb3-ea95-40fa-8360-4c3842e5a4e7,1-907851fd-650d-4014-886b-b5f4b85792c3,South America 5V5 Queue,5v5,1786396683
2c7aacb3-ea95-40fa-8360-4c3842e5a4e7,1-2d674052-60ab-4969-8ecb-511c2f96cbc5,South America 5V5 Queue,5v5,1786393468
2c7aacb3-ea95-40fa-8360-4c3842e5a4e7,1-8f5d9767-f56a-421c-a410-19081356da96,South America 5V5 Queue,5v5,1786389359
6e0dc789-2c98-428f-a538-27b359abb26c,1-fc091b38-3c1a-44bd-89ae-d14a770010ea,South America 5V5 Queue,5v5,1787542567
6e0dc789-2c98-428f-a538-27b359abb26c,1-095598bb-6a93-437a-88cc-2f5d5bf8cf35,South America 5V5 Queue,5v5,1787539234
6e0dc789-2c98-428f-a538-27b359abb26c,1-7129580d-6f67-435d-bb74-131e4d3b4249,South America 5V5 Queue,5v5,1787536903
6e0dc789-2c98-428f-a538-27b359abb26c,1-cc092b05-68a2-48bc-b2e2-ce67f7259f86,South America 5V5 Queue,5v5,1787532903
6e0dc789-2c98-428f-a538-27b359abb26c,1-97b3bb73-45c6-43e4-8089-902e5cee7377,South America 5V5 Queue,5v5,1787531275
6e0dc789-2c98-428f-a538-27b359abb26c,1-8d4a4a55-e2cf-443d-a6a7-4403a6a52cff,South America 5V5 Queue,5v5,1787529100
6e0dc789-2c98-428f-a538-27b359abb26c,1-83719505-0928-4fae-bbcf-7649aa3efa91,South America 5V5 Queue,5v5,1787526640
6e0dc789-2c98-428f-a538-27b359abb26c,1-ee9f123d-ef51-4174-b2e1-3c4e9dae3b6d,South America 5V5 Queue,5v5,1787524499
6e0dc789-2c98-428f-a538-27b359abb26c,1-9585d2f9-8bfe-43e6-9742-d2ce60b5f631,South America 5V5 Queue,5v5,1787272097
6e0dc789-2c98-428f-a538-27b359abb26c,1-fa6ed046-37b2-45a2-be89-d9948018d847,South America 5V5 Queue,5v5,1787269681
6e0dc789-2c98-428f-a538-27b359abb26c,1-50ca3042-8f57-459a-9174-3dd34238779f,South America 5V5 Queue,5v5,1787200053
6e0dc789-2c98-428f-a538-27b359abb26c,1-77ff4255-dd3a-4975-a0b1-a63db2561b2c,South America 5V5 Queue,5v5,1787198493
6e0dc789-2c98-428f-a538-27b359abb26c,1-1525ada9-6f98-46cd-a5cf-b0142bc16d97,South America 5V5 Queue,5v5,1787196824
6e0dc789-2c98-428f-a538-27b359abb26c,1-a48de956-0a19-4803-9583-34645dc2abe8,South America 5V5 Queue,5v5,1787193685
6e0dc789-2c98-428f-a538-27b359abb26c,1-c4fccb22-4b79-441c-8cd2-ce42be23cf8a,South America 5V5 Queue,5v5,1787191512
6e0dc789-2c98-428f-a538-27b359abb26c,1-1d202854-2f83-4f8f-ab9b-97b48dfd6a03,South America 5V5 Queue,5v5,1787184958
6e0dc789-2c98-428f-a538-27b359abb26c,1-146717ec-9f41-41f4-aad8-dcc19fcf270b,South America 5V5 Queue,5v5,1787182436
6e0dc789-2c98-428f-a538-27b359abb26c,1-ef309141-a7b7-4dd9-a5f6-ea36b0298283,South America 5V5 Queue,5v5,1787025561
6e0dc789-2c98-428f-a538-27b359abb26c,1-eed07f99-b1f3-4829-86c5-90d9dffc1c6b,South America 5V5 Queue,5v5,1787023347
6e0dc789-2c98-428f-a538-27b359abb26c,1-5491bd2a-8396-488e-9cb7-ecbac1f4e43c,South America 5V5 Queue,5v5,1787019375
6e0dc789-2c98-428f-a538-27b359abb26c,1-e267af5e-1f85-4232-88d5-f036335fe0b5,South America 5V5 Queue,5v5,1787017345
6e0dc789-2c98-428f-a538-27b359abb26c,1-3b658d4d-0915-4ffb-8f1c-37287682952c,South America 5V5 Queue,5v5,1787014345
6e0dc789-2c98-428f-a538-27b359abb26c,1-4bbf264c-3d37-4387-8b32-12cefcbba531,South America 5V5 Queue,5v5,1787001390
6e0dc789-2c98-428f-a538-27b359abb26c,1-45053ecc-6c3e-480f-8313-b56def51d803,South America 5V5 Queue,5v5,1786999335
6e0dc789-2c98-428f-a538-27b359abb26c,1-4c8c79b8-3596-4935-b36d-a184b6e6acca,South America 5V5 Queue,5v5,1786994728
6e0dc789-2c98-428f-a538-27b359abb26c,1-9c4a4ddc-afa9-4aff-a9bc-5308fa153863,South America 5V5 Queue,5v5,1786991807
6e0dc789-2c98-428f-a538-27b359abb26c,1-9b901eaa-57e9-41fe-a34c-7911136a3bb8,South America 5V5 Queue,5v5,1786918548
6e0dc789-2c98-428f-a538-27b359abb26c,1-727bba77-074a-48fa-bbb3-ec29373b86c5,South America 5V5 Queue,5v5,1786849919
6e0dc789-2c98-428f-a538-27b359abb26c,1-6d7a06b4-bca7-47b1-a8cf-a49053313894,South America 5V5 Queue,5v5,1786846988
6e0dc789-2c98-428f-a538-27b359abb26c,1-bd5c3cc6-f625-4001-ae71-5af6c020b4fb,South America 5V5 Queue,5v5,1786840830
4358edc1-a2fb-40f8-b24e-98463282d8cb,1-74f7ffbe-e30a-4575-825c-96f4f81f7da8,SA ECL S52 Cup 1,5v5,1787697158
4358edc1-a2fb-40f8-b24e-98463282d8cb,1-8cae37b0-0c4e-4851-8a55-86ce2532689c,South America 5V5 Queue,5v5,1787633228
4358edc1-a2fb-40f8-b24e-98463282d8cb,1-a83696ae-ad7b-4f86-9c76-83bbe9048a4d,South America 5V5 Queue,5v5,1787629415
4358edc1-a2fb-40f8-b24e-98463282d8cb,1-d22c34e1-fd90-4f62-b9d1-ead5b9a26035,South America 5V5 Queue,5v5,1787627229
4358edc1-a2fb-40f8-b24e-98463282d8cb,1-185042a9-3732-4835-ac80-2da0495389d1,South America 5V5 Queue,5v5,1787625667
4358edc1-a2fb-40f8-b24e-98463282d8cb,1-b7535b50-76da-4e80-904b-4542a3a7d795,South America 5V5 Queue,5v5,1787622335
4358edc1-a2fb-40f8-b24e-98463282d8cb,1-cc092b05-68a2-48bc-b2e2-ce67f7259f86,South America 5V5 Queue,5v5,1787532903
4358edc1-a2fb-40f8-b24e-98463282d8cb,1-97b3bb73-45c6-43e4-8089-902e5cee7377,South America 5V5 Queue,5v5,1787531275
4358edc1-a2fb-40f8-b24e-98463282d8cb,1-8d4a4a55-e2cf-443d-a6a7-4403a6a52cff,South America 5V5 Queue,5v5,1787529100
4358edc1-a2fb-40f8-b24e-98463282d8cb,1-83719505-0928-4fae-bbcf-7649aa3efa91,South America 5V5 Queue,5v5,1787526640
4358edc1-a2fb-40f8-b24e-98463282d8cb,1-ee9f123d-ef51-4174-b2e1-3c4e9dae3b6d,South America 5V5 Queue,5v5,1787524499
4358edc1-a2fb-40f8-b24e-98463282d8cb,1-d907bf8b-a976-4627-a793-3a83851ff5ae,South America 5V5 Queue,5v5,1787458021
4358edc1-a2fb-40f8-b24e-98463282d8cb,1-3a5624ef-7974-4862-89e1-1aa9c79c4188,South America 5V5 Queue,5v5,1787454323
4358edc1-a2fb-40f8-b24e-98463282d8cb,1-83378129-4a00-444b-a08a-29ce1986624c,South America 5V5 Queue,5v5,1787451675
4358edc1-a2fb-40f8-b24e-98463282d8cb,1-37979135-f789-413e-a06b-df77e122e3b2,South America 5V5 Queue,5v5,1787449178
4358edc1-a2fb-40f8-b24e-98463282d8cb,1-27490c07-78ea-4756-8e2b-f65bc1d86eb3,South America 5V5 Queue,5v5,1787447101
4358edc1-a2fb-40f8-b24e-98463282d8cb,1-2dcd6eed-5bed-4f34-9c66-d858dcac6baf,South America 5V5 Queue,5v5,1787372368
4358edc1-a2fb-40f8-b24e-98463282d8cb,1-978e0bc9-240c-4daa-b7d6-349450209cde,South America 5V5 Queue,5v5,1787370396
4358edc1-a2fb-40f8-b24e-98463282d8cb,1-46c0ca9c-ca21-471f-a11c-4cb52e4aa749,South America 5V5 Queue,5v5,1787366601
4358edc1-a2fb-40f8-b24e-98463282d8cb,1-935efdf7-fe71-4502-bf7e-74b1d947ced8,South America 5V5 Queue,5v5,1787364420
4358edc1-a2fb-40f8-b24e-98463282d8cb,1-7f4acd60-9738-4380-91f2-d3f905b0a8c5,South America 5V5 Queue,5v5,1787284898
4358edc1-a2fb-40f8-b24e-98463282d8cb,1-609529ed-9fa4-483d-a956-46574432f6f3,South America 5V5 Queue,5v5,1787280669
4358edc1-a2fb-40f8-b24e-98463282d8cb,1-e1b57c03-0e71-48e1-9125-d2c1493906c9,South America 5V5 Queue,5v5,1787278429
4358edc1-a2fb-40f8-b24e-98463282d8cb,1-5c916ff2-ea66-4816-be73-53a39d601cd1,South America 5V5 Queue,5v5,1787275909
4358edc1-a2fb-40f8-b24e-98463282d8cb,1-64d2c37d-dd7f-4cc1-8fee-ea9d952f55b8,South America 5V5 Queue,5v5,1787273130
4358edc1-a2fb-40f8-b24e-98463282d8cb,1-cbe54c3c-0120-4bf4-aa95-caa2ee37d127,South America 5V5 Queue,5v5,1786670512
4358edc1-a2fb-40f8-b24e-98463282d8cb,1-20e7c460-3f29-4518-8063-455569b9efd7,South America 5V5 Queue,5v5,1786589137
4358edc1-a2fb-40f8-b24e-98463282d8cb,1-9a4e0b23-10cc-4b3a-b5b5-0633bd616e10,South America 5V5 Queue,5v5,1786587063
4358edc1-a2fb-40f8-b24e-98463282d8cb,1-21c460a5-c917-4db0-b94c-7227ef65787d,South America 5V5 Queue,5v5,1786584430
4358edc1-a2fb-40f8-b24e-98463282d8cb,1-0137f6e7-47c2-47e2-8e79-4901a78c5074,South America 5V5 Queue,5v5,1786414996
a755bb8d-17d2-4f7a-bd41-74c4f898db9c,1-8031131a-dc6c-4573-a762-7767277806dc,South America 5V5 Queue,5v5,1787690789
a755bb8d-17d2-4f7a-bd41-74c4f898db9c,1-d44bdf0f-9555-43da-814e-46edbd71abec,South America 5V5 Queue,5v5,1787641727
a755bb8d-17d2-4f7a-bd41-74c4f898db9c,1-afa97c70-9ca7-40d3-93da-226e9a54f60b,South America 5V5 Queue,5v5,1787638739
a755bb8d-17d2-4f7a-bd41-74c4f898db9c,1-4815e9bb-1aeb-4657-9ffd-42f3d695ff5d,South America 5V5 Queue,5v5,1787636021
a755bb8d-17d2-4f7a-bd41-74c4f898db9c,1-5ae6a973-a928-4ebd-87ce-e8e3fd53e9e4,South America 5V5 Queue,5v5,1787631318
a755bb8d-17d2-4f7a-bd41-74c4f898db9c,1-98d36d38-f9b1-4658-b4bc-32d39c6b728b,South America 5V5 Queue,5v5,1787629028
a755bb8d-17d2-4f7a-bd41-74c4f898db9c,1-cdeada34-8967-4c53-bf60-41e6a705da0b,South America 5V5 Queue,5v5,1787626562
a755bb8d-17d2-4f7a-bd41-74c4f898db9c,1-26192e30-92c2-4892-8c83-05d8945f6bf9,South America 5V5 Queue,5v5,1787541917
a755bb8d-17d2-4f7a-bd41-74c4f898db9c,1-6dc3a0ed-e0e6-48ea-b4f8-7325f74a3325,South America 5V5 Queue,5v5,1787538649
a755bb8d-17d2-4f7a-bd41-74c4f898db9c,1-f93c2a54-aa40-4613-88fc-9824c47fd83e,South America 5V5 Queue,5v5,1787536047
a755bb8d-17d2-4f7a-bd41-74c4f898db9c,1-1059f499-c4ae-4a25-b6e2-99630ac1d4f4,South America 5V5 Queue,5v5,1787513669
a755bb8d-17d2-4f7a-bd41-74c4f898db9c,1-410445a9-292d-482c-902d-8f450e2ca7d4,South America 5V5 Queue,5v5,1787510042
a755bb8d-17d2-4f7a-bd41-74c4f898db9c,1-51120a2b-e5f3-4bab-ab0e-59374742bacb,South America 5V5 Queue,5v5,1787506431
a755bb8d-17d2-4f7a-bd41-74c4f898db9c,1-90557fe7-6bdf-41a2-9ff7-18c71b16c321,South America 5V5 Queue,5v5,1787461071
a755bb8d-17d2-4f7a-bd41-74c4f898db9c,1-d907bf8b-a976-4627-a793-3a83851ff5ae,South America 5V5 Queue,5v5,1787458021
a755bb8d-17d2-4f7a-bd41-74c4f898db9c,1-2d6a5a2c-1050-43de-9d6d-366d5901c7f4,South America 5V5 Queue,5v5,1787454702
a755bb8d-17d2-4f7a-bd41-74c4f898db9c,1-5ddaacf7-0f41-460b-a132-71eb9b80f63d,South America 5V5 Queue,5v5,1787423788
a755bb8d-17d2-4f7a-bd41-74c4f898db9c,1-8e6dfa22-7bd7-454f-9c5e-e51426a347d9,South America 5V5 Queue,5v5,1787420236
a755bb8d-17d2-4f7a-bd41-74c4f898db9c,1-46f30ebe-dcfd-4205-93ae-7cf8dd716b63,South America 5V5 Queue,5v5,1787372438
a755bb8d-17d2-4f7a-bd41-74c4f898db9c,1-f4f30190-d30b-4d64-81c0-9d37160c1092,South America 5V5 Queue,5v5,1787159511
a755bb8d-17d2-4f7a-bd41-74c4f898db9c,1-78912219-3cef-4c3f-a5e8-5bac7acda2d6,South America 5V5 Queue,5v5,1787116488
a755bb8d-17d2-4f7a-bd41-74c4f898db9c,1-7d99b2b7-e03b-44dc-9d7a-2c6d8dfa9a65,South America 5V5 Queue,5v5,1787113777
a755bb8d-17d2-4f7a-bd41-74c4f898db9c,1-7ea171d4-79a7-4205-96b5-4ba4a40609f3,South America 5V5 Queue,5v5,1787110285
a755bb8d-17d2-4f7a-bd41-74c4f898db9c,1-fb2b5667-5d46-4dee-9c65-1a383739cf07,South America 5V5 Queue,5v5,1787108343
a755bb8d-17d2-4f7a-bd41-74c4f898db9c,1-837bdb4d-d127-4983-87c9-4facb6e637e5,South America 5V5 Queue,5v5,1787104513
a755bb8d-17d2-4f7a-bd41-74c4f898db9c,1-a2177c23-46c9-4ebe-be56-aea24daa8a91,South America 5V5 Queue,5v5,1787090380
a755bb8d-17d2-4f7a-bd41-74c4f898db9c,1-683227f5-9fe6-4ca8-b78e-a54749216ec7,South America 5V5 Queue,5v5,1787087705
a755bb8d-17d2-4f7a-bd41-74c4f898db9c,1-a56efba9-eb6d-4b4d-ac49-057e6544a133,South America 5V5 Queue,5v5,1787082955
a755bb8d-17d2-4f7a-bd41-74c4f898db9c,1-2aed1e0a-e857-4998-bc2d-9eb16e8139e2,South America 5V5 Queue,5v5,1787072422
a755bb8d-17d2-4f7a-bd41-74c4f898db9c,1-fe889d56-65d5-4de8-ba37-fc2eaf03fb94,South America 5V5 Queue,5v5,1787027958
49285fa7-74d5-4490-89aa-766c38a45fb5,1-613c74c6-c8cb-4d70-a4bf-f7f304666e52,SA ECL S52 Cup 1,5v5,1787697674
49285fa7-74d5-4490-89aa-766c38a45fb5,1-a83696ae-ad7b-4f86-9c76-83bbe9048a4d,South America 5V5 Queue,5v5,1787629415
49285fa7-74d5-4490-89aa-766c38a45fb5,1-d22c34e1-fd90-4f62-b9d1-ead5b9a26035,South America 5V5 Queue,5v5,1787627229
49285fa7-74d5-4490-89aa-766c38a45fb5,1-185042a9-3732-4835-ac80-2da0495389d1,South America 5V5 Queue,5v5,1787625667
49285fa7-74d5-4490-89aa-766c38a45fb5,1-b7535b50-76da-4e80-904b-4542a3a7d795,South America 5V5 Queue,5v5,1787622335
49285fa7-74d5-4490-89aa-766c38a45fb5,1-fc091b38-3c1a-44bd-89ae-d14a770010ea,South America 5V5 Queue,5v5,1787542567
49285fa7-74d5-4490-89aa-766c38a45fb5,1-095598bb-6a93-437a-88cc-2f5d5bf8cf35,South America 5V5 Queue,5v5,1787539234
49285fa7-74d5-4490-89aa-766c38a45fb5,1-7129580d-6f67-435d-bb74-131e4d3b4249,South America 5V5 Queue,5v5,1787536903
49285fa7-74d5-4490-89aa-766c38a45fb5,1-cc092b05-68a2-48bc-b2e2-ce67f7259f86,South America 5V5 Queue,5v5,1787532903
49285fa7-74d5-4490-89aa-766c38a45fb5,1-97b3bb73-45c6-43e4-8089-902e5cee7377,South America 5V5 Queue,5v5,1787531275
49285fa7-74d5-4490-89aa-766c38a45fb5,1-8d4a4a55-e2cf-443d-a6a7-4403a6a52cff,South America 5V5 Queue,5v5,1787529100
49285fa7-74d5-4490-89aa-766c38a45fb5,1-83719505-0928-4fae-bbcf-7649aa3efa91,South America 5V5 Queue,5v5,1787526640
49285fa7-74d5-4490-89aa-766c38a45fb5,1-ee9f123d-ef51-4174-b2e1-3c4e9dae3b6d,South America 5V5 Queue,5v5,1787524499
49285fa7-74d5-4490-89aa-766c38a45fb5,1-d907bf8b-a976-4627-a793-3a83851ff5ae,South America 5V5 Queue,5v5,1787458021
49285fa7-74d5-4490-89aa-766c38a45fb5,1-3a5624ef-7974-4862-89e1-1aa9c79c4188,South America 5V5 Queue,5v5,1787454323
49285fa7-74d5-4490-89aa-766c38a45fb5,1-83378129-4a00-444b-a08a-29ce1986624c,South America 5V5 Queue,5v5,1787451675
49285fa7-74d5-4490-89aa-766c38a45fb5,1-37979135-f789-413e-a06b-df77e122e3b2,South America 5V5 Queue,5v5,1787449178
49285fa7-74d5-4490-89aa-766c38a45fb5,1-27490c07-78ea-4756-8e2b-f65bc1d86eb3,South America 5V5 Queue,5v5,1787447101
49285fa7-74d5-4490-89aa-766c38a45fb5,1-2dcd6eed-5bed-4f34-9c66-d858dcac6baf,South America 5V5 Queue,5v5,1787372368
49285fa7-74d5-4490-89aa-766c38a45fb5,1-978e0bc9-240c-4daa-b7d6-349450209cde,South America 5V5 Queue,5v5,1787370396
49285fa7-74d5-4490-89aa-766c38a45fb5,1-46c0ca9c-ca21-471f-a11c-4cb52e4aa749,South America 5V5 Queue,5v5,1787366601
49285fa7-74d5-4490-89aa-766c38a45fb5,1-935efdf7-fe71-4502-bf7e-74b1d947ced8,South America 5V5 Queue,5v5,1787364420
49285fa7-74d5-4490-89aa-766c38a45fb5,1-7f4acd60-9738-4380-91f2-d3f905b0a8c5,South America 5V5 Queue,5v5,1787284898
49285fa7-74d5-4490-89aa-766c38a45fb5,1-609529ed-9fa4-483d-a956-46574432f6f3,South America 5V5 Queue,5v5,1787280669
49285fa7-74d5-4490-89aa-766c38a45fb5,1-e1b57c03-0e71-48e1-9125-d2c1493906c9,South America 5V5 Queue,5v5,1787278429
49285fa7-74d5-4490-89aa-766c38a45fb5,1-5c916ff2-ea66-4816-be73-53a39d601cd1,South America 5V5 Queue,5v5,1787275909
49285fa7-74d5-4490-89aa-766c38a45fb5,1-64d2c37d-dd7f-4cc1-8fee-ea9d952f55b8,South America 5V5 Queue,5v5,1787273130
49285fa7-74d5-4490-89aa-766c38a45fb5,1-50ca3042-8f57-459a-9174-3dd34238779f,South America 5V5 Queue,5v5,1787200053
49285fa7-74d5-4490-89aa-766c38a45fb5,1-77ff4255-dd3a-4975-a0b1-a63db2561b2c,South America 5V5 Queue,5v5,1787198493
49285fa7-74d5-4490-89aa-766c38a45fb5,1-1525ada9-6f98-46cd-a5cf-b0142bc16d97,South America 5V5 Queue,5v5,1787196824
3168f539-2eb9-46be-8bed-70740a221715,1-3104a747-1caa-4dfa-bc1e-6347f5862c45,South America 5V5 Queue,5v5,1787547972
3168f539-2eb9-46be-8bed-70740a221715,1-32f9cdd2-5a3b-4e7c-9bb2-530741595530,South America 5V5 Queue,5v5,1787468178
3168f539-2eb9-46be-8bed-70740a221715,1-25d409bb-a423-4677-9bea-51c4680730da,South America 5V5 Queue,5v5,1787465669
3168f539-2eb9-46be-8bed-70740a221715,1-af8219e1-b75b-43d6-b758-45800a34228c,South America 5V5 Queue,5v5,1787458722
3168f539-2eb9-46be-8bed-70740a221715,1-44a1fd1a-9de4-48d9-85c8-fca6a95e6520,South America 5V5 Queue,5v5,1787285913
3168f539-2eb9-46be-8bed-70740a221715,1-5d3c4630-2cb1-48f9-9e49-d78b06f2519e,South America 5V5 Queue,5v5,1787283632
3168f539-2eb9-46be-8bed-70740a221715,1-717990ef-360d-463a-8811-4bff2362d029,South America 5V5 Queue,5v5,1787206456
3168f539-2eb9-46be-8bed-70740a221715,1-709a82ad-f4b0-48f6-ba05-f9d64c5527e7,South America 5V5 Queue,5v5,1787203608
3168f539-2eb9-46be-8bed-70740a221715,1-146717ec-9f41-41f4-aad8-dcc19fcf270b,South America 5V5 Queue,5v5,1787182436
3168f539-2eb9-46be-8bed-70740a221715,1-e9a0c9f5-af99-4933-a273-d7c66ff4082d,South America 5V5 Queue,5v5,1787179700
3168f539-2eb9-46be-8bed-70740a221715,1-8b2b06f4-ca9f-427c-b870-6a10a00b772f,South America 5V5 Queue,5v5,1787171317
3168f539-2eb9-46be-8bed-70740a221715,1-07bb3550-3392-4a4a-b248-dd8252987ccb,South America 5V5 Queue,5v5,1787167782
3168f539-2eb9-46be-8bed-70740a221715,1-3a72b2f0-3f60-46ee-8b4b-45648101fa45,South America 5V5 Queue,5v5,1787165287
3168f539-2eb9-46be-8bed-70740a221715,1-d76b691f-5337-4b69-9ae3-d338b4ce4e72,South America 5V5 Queue,5v5,1787108912
3168f539-2eb9-46be-8bed-70740a221715,1-fdc92e9d-30d5-46eb-8fc2-1f3c399d6ab8,South America 5V5 Queue,5v5,1787104433
3168f539-2eb9-46be-8bed-70740a221715,1-1ca692c5-a72c-4867-bb74-a4ae6c6ea5d7,South America 5V5 Queue,5v5,1786997230
3168f539-2eb9-46be-8bed-70740a221715,1-4c8c79b8-3596-4935-b36d-a184b6e6acca,South America 5V5 Queue,5v5,1786994728
3168f539-2eb9-46be-8bed-70740a221715,1-ce04b5fd-349d-4dab-95cf-144fff978a33,South America 5V5 Queue,5v5,1786946014
3168f539-2eb9-46be-8bed-70740a221715,1-17fced9d-87b1-418d-b224-18e321a3cfe2,South America 5V5 Queue,5v5,1786941436
3168f539-2eb9-46be-8bed-70740a221715,1-1567faf2-d648-4385-9d7f-26d06ea18faf,South America 5V5 Queue,5v5,1786938481
3168f539-2eb9-46be-8bed-70740a221715,1-72865bbe-7d24-4527-b1f0-99fd4c050f26,South America 5V5 Queue,5v5,1786740268
3168f539-2eb9-46be-8bed-70740a221715,1-0d4db8ef-8588-429b-b8a2-5291b186e89c,South America 5V5 Queue,5v5,1786652520
3168f539-2eb9-46be-8bed-70740a221715,1-be3833c6-3a91-4ef9-abcc-a83ed3b66642,South America 5V5 Queue,5v5,1786649726
3168f539-2eb9-46be-8bed-70740a221715,1-670bf17b-9ab4-47f7-b385-5968258f9f3f,South America 5V5 Queue,5v5,1786602710
3168f539-2eb9-46be-8bed-70740a221715,1-97398faf-cfd7-4d39-9cb5-cbddc47b4e19,South America 5V5 Queue,5v5,1786600022
3168f539-2eb9-46be-8bed-70740a221715,1-218e7570-f8ea-45ed-9cb3-e41ef1b449cb,South America 5V5 Queue,5v5,1786598068
3168f539-2eb9-46be-8bed-70740a221715,1-52b32a05-7b54-46a7-b9b2-df3b4c459412,South America 5V5 Queue,5v5,1786595621
3168f539-2eb9-46be-8bed-70740a221715,1-daee46af-988f-4931-a9ee-d4c24d637dac,South America 5V5 Queue,5v5,1786569360
3168f539-2eb9-46be-8bed-70740a221715,1-d0a6cc5a-4d00-4a7e-bec6-28f5f4c58576,South America 5V5 Queue,5v5,1786566013
3168f539-2eb9-46be-8bed-70740a221715,1-d4338fbe-27a2-49ba-92d8-e71219c14c2c,South America 5V5 Queue,5v5,1786518149
63c462ae-57ff-4052-88c5-ce4bc2d7fafd,1-f7326761-3eed-49a2-90e5-1cf2e31f07d3,SA ECL S52 Cup 1,5v5,1787697223
63c462ae-57ff-4052-88c5-ce4bc2d7fafd,1-d34fcb0a-6006-4625-b827-0fa6cec24a94,South America 5V5 Queue,5v5,1787636417
63c462ae-57ff-4052-88c5-ce4bc2d7fafd,1-f9221e37-1960-433d-9e81-f717565fd6b3,South America 5V5 Queue,5v5,1787634153
63c462ae-57ff-4052-88c5-ce4bc2d7fafd,1-4bdecb69-1047-4031-b23d-3c8c8ffb78ba,South America 5V5 Queue,5v5,1787631073
63c462ae-57ff-4052-88c5-ce4bc2d7fafd,1-d22c34e1-fd90-4f62-b9d1-ead5b9a26035,South America 5V5 Queue,5v5,1787627229
63c462ae-57ff-4052-88c5-ce4bc2d7fafd,1-ef483ce1-b652-4b5d-a672-a89b15875f1b,South America 5V5 Queue,5v5,1787605517
63c462ae-57ff-4052-88c5-ce4bc2d7fafd,1-8621cead-18bb-4d45-a939-268df48bec0c,South America 5V5 Queue,5v5,1787550189
63c462ae-57ff-4052-88c5-ce4bc2d7fafd,1-3104a747-1caa-4dfa-bc1e-6347f5862c45,South America 5V5 Queue,5v5,1787547972
63c462ae-57ff-4052-88c5-ce4bc2d7fafd,1-a1fa4f0c-a38b-47d3-819e-a22e6cebcf9a,South America 5V5 Queue,5v5,1787544793
63c462ae-57ff-4052-88c5-ce4bc2d7fafd,1-25d409bb-a423-4677-9bea-51c4680730da,South America 5V5 Queue,5v5,1787465669
63c462ae-57ff-4052-88c5-ce4bc2d7fafd,1-8ee71cee-f846-4551-9769-6e1e10221c80,South America 5V5 Queue,5v5,1787463115
63c462ae-57ff-4052-88c5-ce4bc2d7fafd,1-3bf2da2e-c193-4e17-a37a-afb7a3a22dca,South America 5V5 Queue,5v5,1787459486
63c462ae-57ff-4052-88c5-ce4bc2d7fafd,1-1b628765-c3d7-4608-8429-85a870f929c4,South America 5V5 Queue,5v5,1787380898
63c462ae-57ff-4052-88c5-ce4bc2d7fafd,1-1398d0f3-3378-41a7-a64e-18277af69694,South America 5V5 Queue,5v5,1787378521
63c462ae-57ff-4052-88c5-ce4bc2d7fafd,1-445b41b3-6017-4e2a-a050-96c7cb416183,South America 5V5 Queue,5v5,1787376619
63c462ae-57ff-4052-88c5-ce4bc2d7fafd,1-cafa867d-a789-48ff-9b8d-7e3514b2c5fc,South America 5V5 Queue,5v5,1787373841
63c462ae-57ff-4052-88c5-ce4bc2d7fafd,1-e88a36ec-d8e2-4f36-88a5-2f09f51d55dc,South America 5V5 Queue,5v5,1787370928
63c462ae-57ff-4052-88c5-ce4bc2d7fafd,1-bc3f9da7-5c68-4f77-8807-b08582c3fb47,South America 5V5 Queue,5v5,1787368074
63c462ae-57ff-4052-88c5-ce4bc2d7fafd,1-2d5e2cf1-b5cf-49b0-8820-24baec22f2db,South America 5V5 Queue,5v5,1787365715
63c462ae-57ff-4052-88c5-ce4bc2d7fafd,1-4da778e2-9af7-4e82-8462-27418af7e469,South America 5V5 Queue,5v5,1787363689
63c462ae-57ff-4052-88c5-ce4bc2d7fafd,1-9ea67c4b-0776-428f-8ccb-d0c2a770ff1d,South America 5V5 Queue,5v5,1787288506
63c462ae-57ff-4052-88c5-ce4bc2d7fafd,1-44a1fd1a-9de4-48d9-85c8-fca6a95e6520,South America 5V5 Queue,5v5,1787285913
63c462ae-57ff-4052-88c5-ce4bc2d7fafd,1-5d3c4630-2cb1-48f9-9e49-d78b06f2519e,South America 5V5 Queue,5v5,1787283632
63c462ae-57ff-4052-88c5-ce4bc2d7fafd,1-2e206fe2-a191-4d22-9c76-00bc4a60a319,South America 5V5 Queue,5v5,1787204193
63c462ae-57ff-4052-88c5-ce4bc2d7fafd,1-33d2495e-fe30-4a67-b32e-c3add2631202,South America 5V5 Queue,5v5,1787200047
63c462ae-57ff-4052-88c5-ce4bc2d7fafd,1-061cf292-13d0-411e-ac91-6350aec65986,South America 5V5 Queue,5v5,1787197994
63c462ae-57ff-4052-88c5-ce4bc2d7fafd,1-108afb30-cca8-4af6-b341-d1858c0535b9,South America 5V5 Queue,5v5,1787194665
63c462ae-57ff-4052-88c5-ce4bc2d7fafd,1-602c3ca7-735c-4180-86bf-b482b04639e6,South America 5V5 Queue,5v5,1787191938
63c462ae-57ff-4052-88c5-ce4bc2d7fafd,1-228bff07-a219-4867-b52c-172f141bb89a,South America 5V5 Queue,5v5,1787108862
63c462ae-57ff-4052-88c5-ce4bc2d7fafd,1-7b4a34ed-3087-4556-be33-22f9b722d254,South America 5V5 Queue,5v5,1787105211
904e7fd4-3296-45fc-98c6-91508fd8bb4f,1-006f50af-1e5e-4557-bb87-f662af02e4ea,South America 5V5 Queue,5v5,1787030197
904e7fd4-3296-45fc-98c6-91508fd8bb4f,1-94cab7e7-9a00-4a08-9afe-de0c1d706e6b,South America 5V5 Queue,5v5,1787028026
904e7fd4-3296-45fc-98c6-91508fd8bb4f,1-b99255c6-3614-4d47-af15-20c1d5e67647,South America 5V5 Queue,5v5,1787025598
904e7fd4-3296-45fc-98c6-91508fd8bb4f,1-bd825460-7269-4aeb-b80c-d51f1be2ef7d,South America 5V5 Queue,5v5,1786681267
904e7fd4-3296-45fc-98c6-91508fd8bb4f,1-76bcc2f3-1205-4710-baa8-56943c692684,South America 5V5 Queue,5v5,1786678091
904e7fd4-3296-45fc-98c6-91508fd8bb4f,1-db37c0c3-61b1-4806-bf07-b29676176e31,South America 5V5 Queue,5v5,1786333002
904e7fd4-3296-45fc-98c6-91508fd8bb4f,1-82e239a2-380e-4214-b270-87470044ef2c,South America 5V5 Queue,5v5,1786327976
904e7fd4-3296-45fc-98c6-91508fd8bb4f,1-2f99c090-a364-4434-af2d-de367fa46e06,South America 5V5 Queue,5v5,1786325827
904e7fd4-3296-45fc-98c6-91508fd8bb4f,1-22f9a0b6-df5a-486b-ba9c-b10ea9dea876,South America 5V5 Queue,5v5,1786320159
904e7fd4-3296-45fc-98c6-91508fd8bb4f,1-603b30c3-958a-452e-9c53-c2e1056d4af7,South America 5V5 Queue,5v5,1786316294
904e7fd4-3296-45fc-98c6-91508fd8bb4f,1-056313bb-362c-4490-bc4b-0f84632c4f0d,South America 5V5 Queue,5v5,1786312351
904e7fd4-3296-45fc-98c6-91508fd8bb4f,1-9f18bc46-d16a-4ad7-986c-e86f265b5564,South America 5V5 Queue,5v5,1786307362
904e7fd4-3296-45fc-98c6-91508fd8bb4f,1-eeb814ef-73d3-4642-b343-d2617771d536,South America 5V5 Queue,5v5,1786242709
904e7fd4-3296-45fc-98c6-91508fd8bb4f,1-d89c94ac-5d12-4114-867f-8280364bc63a,South America 5V5 Queue,5v5,1786230169
904e7fd4-3296-45fc-98c6-91508fd8bb4f,1-c17a38f1-ef99-4695-b74a-320eb21b076d,South America 5V5 Queue,5v5,1786073081
904e7fd4-3296-45fc-98c6-91508fd8bb4f,1-8c65b9fc-bcd3-4313-a9e4-2a2eadf5febd,South America 5V5 Queue,5v5,1786070360
904e7fd4-3296-45fc-98c6-91508fd8bb4f,1-ec9ff10c-e7ce-4096-9e8b-f94a0004e20b,South America 5V5 Queue,5v5,1785642458
904e7fd4-3296-45fc-98c6-91508fd8bb4f,1-cb2c724f-e271-4501-b7cf-0126c13b3fd9,South America 5V5 Queue,5v5,1785628353
904e7fd4-3296-45fc-98c6-91508fd8bb4f,1-56de07d4-8c2c-4dca-909d-e6db98b4efdb,South America 5V5 Queue,5v5,1785625466
904e7fd4-3296-45fc-98c6-91508fd8bb4f,1-f626e127-0eda-45db-aac7-a9450adfa21a,South America 5V5 Queue,5v5,1785622993
904e7fd4-3296-45fc-98c6-91508fd8bb4f,1-e40b88d2-cee4-49e4-8328-1605a6146255,South America 5V5 Queue,5v5,1785619589
904e7fd4-3296-45fc-98c6-91508fd8bb4f,1-e7897d7d-495c-4f8c-a9ab-4b104bb895d2,South America 5V5 Queue,5v5,1785617585
904e7fd4-3296-45fc-98c6-91508fd8bb4f,1-53eb6ea0-b95c-4b04-a831-ac631bfbe265,South America 5V5 Queue,5v5,1785614751
904e7fd4-3296-45fc-98c6-91508fd8bb4f,1-ca21004b-d511-4649-bc5d-248237b7c738,South America 5V5 Queue,5v5,1785563758
904e7fd4-3296-45fc-98c6-91508fd8bb4f,1-aee634b7-cec6-410f-b126-33bc8c352e0d,South America 5V5 Queue,5v5,1785532068
904e7fd4-3296-45fc-98c6-91508fd8bb4f,1-157e861c-dc26-4e86-bbd9-9c44ea77423f,South America 5V5 Queue,5v5,1785529433
904e7fd4-3296-45fc-98c6-91508fd8bb4f,1-657e65ad-d170-4e46-a76e-183bdc41a4ad,South America 5V5 Queue,5v5,1785210072
904e7fd4-3296-45fc-98c6-91508fd8bb4f,1-c1cd5e40-f323-43dd-990b-47caf21e8782,South America 5V5 Queue,5v5,1785207452
904e7fd4-3296-45fc-98c6-91508fd8bb4f,1-4d530253-a294-4ec0-adcf-df1a3d5c27ba,South America 5V5 Queue,5v5,1785115468
904e7fd4-3296-45fc-98c6-91508fd8bb4f,1-225bd35e-96a9-4a52-8c4b-a07cf772ff78,South America 5V5 Queue,5v5,1785112143
0d08a64f-2251-4b92-81af-1aa3c8f337cc,1-2db9d183-8306-4d0c-91d8-a09276f3e82a,South America 5V5 Queue,5v5,1787695531
0d08a64f-2251-4b92-81af-1aa3c8f337cc,1-c32f0048-ab02-4c35-81ed-58a9cad2cfdc,South America 5V5 Queue,5v5,1787693304
0d08a64f-2251-4b92-81af-1aa3c8f337cc,1-b0fe4be9-6de4-416c-acad-1fd247371f0e,South America 5V5 Queue,5v5,1787688460
0d08a64f-2251-4b92-81af-1aa3c8f337cc,1-fce434ef-3b2a-47d1-a681-0df08bbfdd85,South America 5V5 Queue,5v5,1787685162
0d08a64f-2251-4b92-81af-1aa3c8f337cc,1-3aec5868-6ced-4970-ba1c-3a5098d5130d,South America 5V5 Queue,5v5,1787681999
0d08a64f-2251-4b92-81af-1aa3c8f337cc,1-d19635e2-35f8-46dc-a401-e6f905220248,South America 5V5 Queue,5v5,1787675405
0d08a64f-2251-4b92-81af-1aa3c8f337cc,1-b2176cf1-dfca-466c-a957-47ebe7850cce,South America 5V5 Queue,5v5,1787672873
0d08a64f-2251-4b92-81af-1aa3c8f337cc,1-cc2bcf14-e4db-4162-af51-27de4d6c9985,South America 5V5 Queue,5v5,1787670153
0d08a64f-2251-4b92-81af-1aa3c8f337cc,1-0d604a3a-9ce3-44b1-a842-20a1aed9e021,South America 5V5 Queue,5v5,1787668056
0d08a64f-2251-4b92-81af-1aa3c8f337cc,1-2fe7a359-b1ca-416d-9ae9-cc190cbd6017,South America 5V5 Queue,5v5,1787665466
0d08a64f-2251-4b92-81af-1aa3c8f337cc,1-b6531224-1141-4c71-ad23-4183312069b6,South America 5V5 Queue,5v5,1787645453
0d08a64f-2251-4b92-81af-1aa3c8f337cc,1-f376988d-dcde-4c32-a7ca-3985942d6f39,South America 5V5 Queue,5v5,1787640424
0d08a64f-2251-4b92-81af-1aa3c8f337cc,1-17429aff-623a-4906-a42a-47ba12456d3b,South America 5V5 Queue,5v5,1787637887
0d08a64f-2251-4b92-81af-1aa3c8f337cc,1-18d4aa3a-2e73-4a90-9854-2ec84a976b81,South America 5V5 Queue,5v5,1787635131
0d08a64f-2251-4b92-81af-1aa3c8f337cc,1-bbe2d066-132e-4a61-9756-c4ce13c9a173,South America 5V5 Queue,5v5,1787632177
0d08a64f-2251-4b92-81af-1aa3c8f337cc,1-1117d57f-569c-4675-b15b-edd982def759,South America 5V5 Queue,5v5,1787628708
0d08a64f-2251-4b92-81af-1aa3c8f337cc,1-f32cbe34-bd18-4e7c-8e95-e1e6f5aa03c8,South America 5V5 Queue,5v5,1787616545
0d08a64f-2251-4b92-81af-1aa3c8f337cc,1-4b8c251d-66f8-4368-8ef9-9f8d3d1a190f,South America 5V5 Queue,5v5,1787607883
0d08a64f-2251-4b92-81af-1aa3c8f337cc,1-937eef98-1a9e-4c22-a6ba-ba0ed7cac576,South America 5V5 Queue,5v5,1787605157
0d08a64f-2251-4b92-81af-1aa3c8f337cc,1-0072c09b-9889-40cf-80e6-9be763d2cc99,South America 5V5 Queue,5v5,1787602231
0d08a64f-2251-4b92-81af-1aa3c8f337cc,1-32e68bfa-0483-484b-8b77-5a5b342a4242,South America 5V5 Queue,5v5,1787599482
0d08a64f-2251-4b92-81af-1aa3c8f337cc,1-e8a2613f-d588-4b80-9e81-140896a9dbe0,South America 5V5 Queue,5v5,1787595781
0d08a64f-2251-4b92-81af-1aa3c8f337cc,1-6e62589f-0e85-43f5-80cc-d478ebc12697,South America 5V5 Queue,5v5,1787593672
0d08a64f-2251-4b92-81af-1aa3c8f337cc,1-f9554f1f-43a3-42da-b100-15db0208b27d,South America 5V5 Queue,5v5,1787591007
0d08a64f-2251-4b92-81af-1aa3c8f337cc,1-f7c76e29-2c16-4ef9-b11f-6e16efaac8bc,South America 5V5 Queue,5v5,1787588867
0d08a64f-2251-4b92-81af-1aa3c8f337cc,1-fc091b38-3c1a-44bd-89ae-d14a770010ea,South America 5V5 Queue,5v5,1787542567
0d08a64f-2251-4b92-81af-1aa3c8f337cc,1-927cfab2-40b9-4046-b098-defef06b309c,South America 5V5 Queue,5v5,1787539649
0d08a64f-2251-4b92-81af-1aa3c8f337cc,1-e287d3ae-8894-4e38-8200-4809243a3818,South America 5V5 Queue,5v5,1787537538
0d08a64f-2251-4b92-81af-1aa3c8f337cc,1-2be09718-fb81-40bb-b93e-457840f568eb,South America 5V5 Queue,5v5,1787533736
0d08a64f-2251-4b92-81af-1aa3c8f337cc,1-0e6ba703-6026-4dfc-9648-8b456d2d97c8,South America 5V5 Queue,5v5,1787531334
64858d84-258f-4e68-961d-e0ee42b83ce9,1-b9f31f77-1c87-450e-a128-9e79a134ccd8,South America 5V5 Queue,5v5,1787691831
64858d84-258f-4e68-961d-e0ee42b83ce9,1-ae22de59-f4d0-49d9-bcbe-0031cefdaf68,South America 5V5 Queue,5v5,1787689554
64858d84-258f-4e68-961d-e0ee42b83ce9,1-4f381628-15c0-4abd-8705-f676ab7cb117,South America 5V5 Queue,5v5,1787686679
64858d84-258f-4e68-961d-e0ee42b83ce9,1-a011c85a-4ae1-4406-94c7-1a6597207485,South America 5V5 Queue,5v5,1787684184
64858d84-258f-4e68-961d-e0ee42b83ce9,1-7fe334f8-18f2-4df8-92de-186998416f8b,South America 5V5 Queue,5v5,1787638724
64858d84-258f-4e68-961d-e0ee42b83ce9,1-d34fcb0a-6006-4625-b827-0fa6cec24a94,South America 5V5 Queue,5v5,1787636417
64858d84-258f-4e68-961d-e0ee42b83ce9,1-f9221e37-1960-433d-9e81-f717565fd6b3,South America 5V5 Queue,5v5,1787634153
64858d84-258f-4e68-961d-e0ee42b83ce9,1-5ae6a973-a928-4ebd-87ce-e8e3fd53e9e4,South America 5V5 Queue,5v5,1787631318
64858d84-258f-4e68-961d-e0ee42b83ce9,1-f1e18f77-c811-4027-bba6-e2fbd9faab11,South America 5V5 Queue,5v5,1787556772
64858d84-258f-4e68-961d-e0ee42b83ce9,1-31854f34-ed4b-4c24-9d14-40900516dce8,South America 5V5 Queue,5v5,1787554033
64858d84-258f-4e68-961d-e0ee42b83ce9,1-f3294023-5953-42a6-b185-cd907ccabec4,South America 5V5 Queue,5v5,1787552061
64858d84-258f-4e68-961d-e0ee42b83ce9,1-20bc1bd2-1eba-4a42-8c1d-2333b72412a0,South America 5V5 Queue,5v5,1787543343
64858d84-258f-4e68-961d-e0ee42b83ce9,1-7613840e-43e9-407f-9132-ff53728137a9,South America 5V5 Queue,5v5,1787540694
64858d84-258f-4e68-961d-e0ee42b83ce9,1-a883c09f-e5c3-4f4e-b795-6ab7739415fe,South America 5V5 Queue,5v5,1787538139
64858d84-258f-4e68-961d-e0ee42b83ce9,1-d91a9068-37d7-4a64-bca1-9e1d7b232d67,South America 5V5 Queue,5v5,1787534905
64858d84-258f-4e68-961d-e0ee42b83ce9,1-fb410aff-136a-46f8-8c8a-f5c2f9901e08,CS2 2026 - GoGameFestival,5v5,1787518872
64858d84-258f-4e68-961d-e0ee42b83ce9,1-30136680-ca12-49a3-aff9-14dbe30184bc,CS2 2026 - GoGameFestival,5v5,1787510071
64858d84-258f-4e68-961d-e0ee42b83ce9,1-590f3cd5-6f4a-4faa-970e-3d8859f3a768,CS2 2026 - GoGameFestival,5v5,1787504296
64858d84-258f-4e68-961d-e0ee42b83ce9,1-23ad286b-f358-45ff-b333-47ee5f906cdf,South America 5V5 Queue,5v5,1787466084
64858d84-258f-4e68-961d-e0ee42b83ce9,1-89f3341c-19d7-42f3-b2e8-a1c2bc265d0f,South America 5V5 Queue,5v5,1787463964
64858d84-258f-4e68-961d-e0ee42b83ce9,1-f30c492d-fdb0-4ad3-84ea-d8f9d53a12e1,South America 5V5 Queue,5v5,1787461613
64858d84-258f-4e68-961d-e0ee42b83ce9,1-71323eec-cb7e-434a-945d-a9bfe770ba99,South America 5V5 Queue,5v5,1787386677
64858d84-258f-4e68-961d-e0ee42b83ce9,1-607083f2-bf93-41f6-8c4d-b8bb29a26f76,South America 5V5 Queue,5v5,1787384449
64858d84-258f-4e68-961d-e0ee42b83ce9,1-904ff60d-cb70-4bd9-8ac3-1d42188475e3,South America 5V5 Queue,5v5,1787378766
64858d84-258f-4e68-961d-e0ee42b83ce9,1-5f0973d4-d033-4e57-adde-4f6271b41be0,South America 5V5 Queue,5v5,1787374864
64858d84-258f-4e68-961d-e0ee42b83ce9,1-2dcd6eed-5bed-4f34-9c66-d858dcac6baf,South America 5V5 Queue,5v5,1787372368
64858d84-258f-4e68-961d-e0ee42b83ce9,1-0bcaa533-19d7-4286-8421-9c39a7fca35e,South America 5V5 Queue,5v5,1787370380
64858d84-258f-4e68-961d-e0ee42b83ce9,1-99a7066f-f0ee-4ffc-9238-9814f7cfc3ae,South America 5V5 Queue,5v5,1787367784
64858d84-258f-4e68-961d-e0ee42b83ce9,1-bb219bef-da4c-4fa1-9999-a7455f9c1bb3,South America 5V5 Queue,5v5,1787364689
64858d84-258f-4e68-961d-e0ee42b83ce9,1-6a44dccf-f2e0-44ca-b809-d818a3b63078,South America 5V5 Queue,5v5,1787362055
b2eebb3b-868c-4e25-8759-da096407f361,1-74f7ffbe-e30a-4575-825c-96f4f81f7da8,SA ECL S52 Cup 1,5v5,1787697158
b2eebb3b-868c-4e25-8759-da096407f361,1-3162ba14-69f4-43f4-9daa-0237a69997fc,South America 5V5 Queue,5v5,1787628691
b2eebb3b-868c-4e25-8759-da096407f361,1-087f338f-49f8-43fe-b486-175ae463dc60,South America 5V5 Queue,5v5,1787625487
b2eebb3b-868c-4e25-8759-da096407f361,1-b7535b50-76da-4e80-904b-4542a3a7d795,South America 5V5 Queue,5v5,1787622335
b2eebb3b-868c-4e25-8759-da096407f361,1-0651c541-e099-40f9-a8f8-b2ad4c019316,South America 5V5 Queue,5v5,1787433816
b2eebb3b-868c-4e25-8759-da096407f361,1-108afb30-cca8-4af6-b341-d1858c0535b9,South America 5V5 Queue,5v5,1787194665
b2eebb3b-868c-4e25-8759-da096407f361,1-33931a02-7302-423a-a471-908d9d2fb8d1,South America 5V5 Queue,5v5,1787087415
b2eebb3b-868c-4e25-8759-da096407f361,1-eaeabb95-141e-4181-abdb-cba6d7f43933,South America 5V5 Queue,5v5,1787084464
b2eebb3b-868c-4e25-8759-da096407f361,1-d4a795f6-33e9-4e92-93ba-51877e9286f4,South America 5V5 Queue,5v5,1787081560
b2eebb3b-868c-4e25-8759-da096407f361,1-d127139e-f854-45e3-b40d-7fa8016ebf14,South America 5V5 Queue,5v5,1787079587
b2eebb3b-868c-4e25-8759-da096407f361,1-006f50af-1e5e-4557-bb87-f662af02e4ea,South America 5V5 Queue,5v5,1787030197
b2eebb3b-868c-4e25-8759-da096407f361,1-94cab7e7-9a00-4a08-9afe-de0c1d706e6b,South America 5V5 Queue,5v5,1787028026
b2eebb3b-868c-4e25-8759-da096407f361,1-b99255c6-3614-4d47-af15-20c1d5e67647,South America 5V5 Queue,5v5,1787025598
b2eebb3b-868c-4e25-8759-da096407f361,1-8e51fd3a-885c-4c89-bf3d-3e9ccc929d72,South America 5V5 Queue,5v5,1787023220
b2eebb3b-868c-4e25-8759-da096407f361,1-5f3716e6-dc08-4ef3-9652-2af6a0bc9707,South America 5V5 Queue,5v5,1787016781
b2eebb3b-868c-4e25-8759-da096407f361,1-e5bc3c60-d26d-4b2c-8666-86be3b4baebb,South America 5V5 Queue,5v5,1787012998
b2eebb3b-868c-4e25-8759-da096407f361,1-94ded2d0-0c64-4e88-a6db-06d10e38729b,South America 5V5 Queue,5v5,1787010398
b2eebb3b-868c-4e25-8759-da096407f361,1-209d8433-5a9f-4b99-9983-a17607b62eb2,South America 5V5 Queue,5v5,1787007081
b2eebb3b-868c-4e25-8759-da096407f361,1-62ffe0a5-dfba-4f5a-9294-062eff91f251,South America 5V5 Queue,5v5,1787003565
b2eebb3b-868c-4e25-8759-da096407f361,1-1ca692c5-a72c-4867-bb74-a4ae6c6ea5d7,South America 5V5 Queue,5v5,1786997230
b2eebb3b-868c-4e25-8759-da096407f361,1-3423778d-730f-459d-80fc-5b1e095460ca,South America 5V5 Queue,5v5,1786994945
b2eebb3b-868c-4e25-8759-da096407f361,1-1839f4f7-0379-4714-9bcd-52f254866bea,South America 5V5 Queue,5v5,1786991592
b2eebb3b-868c-4e25-8759-da096407f361,1-2993a410-054e-4466-afd4-fa0916bb3937,South America 5V5 Queue,5v5,1786989226
b2eebb3b-868c-4e25-8759-da096407f361,1-42595e36-99d8-41f3-b045-9928c1239f5c,South America 5V5 Queue,5v5,1786943710
b2eebb3b-868c-4e25-8759-da096407f361,1-24b80ccb-9733-4f65-b310-c7637e48caaa,South America 5V5 Queue,5v5,1786939782
b2eebb3b-868c-4e25-8759-da096407f361,1-258b827b-9f68-4ca2-90a7-176876cd4ee5,South America 5V5 Queue,5v5,1786936101
b2eebb3b-868c-4e25-8759-da096407f361,1-1d985e93-4648-4ae9-a40a-d10173b3e64c,South America 5V5 Queue,5v5,1786933245
b2eebb3b-868c-4e25-8759-da096407f361,1-c7212de5-a029-455a-8eec-6d975dfad61b,South America 5V5 Queue,5v5,1786930126
b2eebb3b-868c-4e25-8759-da096407f361,1-a3598849-445d-4a34-bc65-b325568e7495,South America 5V5 Queue,5v5,1786914078
b2eebb3b-868c-4e25-8759-da096407f361,1-159fd6ee-e8bd-46e3-b886-a278c87e4ba4,South America 5V5 Queue,5v5,1786910590
9cc0d011-e043-43d4-ac8d-4f1b1bca8638,1-505c6f26-897e-41f5-8dbe-f5e82561cbc5,South America 5V5 Queue,5v5,1787686378
9cc0d011-e043-43d4-ac8d-4f1b1bca8638,1-a011c85a-4ae1-4406-94c7-1a6597207485,South America 5V5 Queue,5v5,1787684184
9cc0d011-e043-43d4-ac8d-4f1b1bca8638,1-4bdecb69-1047-4031-b23d-3c8c8ffb78ba,South America 5V5 Queue,5v5,1787631073
9cc0d011-e043-43d4-ac8d-4f1b1bca8638,1-a8b8c878-682b-493a-8c45-9ba8a44bc015,South America 5V5 Queue,5v5,1787627452
9cc0d011-e043-43d4-ac8d-4f1b1bca8638,1-88a4212d-2292-4443-87ba-98955d5518a1,South America 5V5 Queue,5v5,1787623541
9cc0d011-e043-43d4-ac8d-4f1b1bca8638,1-0a33927b-e31a-4282-8752-7f1250989cd0,South America 5V5 Queue,5v5,1787621559
9cc0d011-e043-43d4-ac8d-4f1b1bca8638,1-a6a83c93-2aa4-4e25-84e5-39f299f520e8,South America 5V5 Queue,5v5,1787595956
9cc0d011-e043-43d4-ac8d-4f1b1bca8638,1-6e62589f-0e85-43f5-80cc-d478ebc12697,South America 5V5 Queue,5v5,1787593672
9cc0d011-e043-43d4-ac8d-4f1b1bca8638,1-f9554f1f-43a3-42da-b100-15db0208b27d,South America 5V5 Queue,5v5,1787591007
9cc0d011-e043-43d4-ac8d-4f1b1bca8638,1-f7c76e29-2c16-4ef9-b11f-6e16efaac8bc,South America 5V5 Queue,5v5,1787588867
9cc0d011-e043-43d4-ac8d-4f1b1bca8638,1-408702aa-3a73-4aee-ace1-c5d7c16abf21,South America 5V5 Queue,5v5,1787586307
9cc0d011-e043-43d4-ac8d-4f1b1bca8638,1-11f5daf0-41b3-4ff7-9563-68781eb62c18,South America 5V5 Queue,5v5,1787580412
9cc0d011-e043-43d4-ac8d-4f1b1bca8638,1-3104a747-1caa-4dfa-bc1e-6347f5862c45,South America 5V5 Queue,5v5,1787547972
9cc0d011-e043-43d4-ac8d-4f1b1bca8638,1-c8e9cb69-1481-4382-898e-30b2f6982004,South America 5V5 Queue,5v5,1787544819
9cc0d011-e043-43d4-ac8d-4f1b1bca8638,1-6488f52b-75f5-4d11-b511-a997cdd7c6de,South America 5V5 Queue,5v5,1787541620
9cc0d011-e043-43d4-ac8d-4f1b1bca8638,1-095598bb-6a93-437a-88cc-2f5d5bf8cf35,South America 5V5 Queue,5v5,1787539234
9cc0d011-e043-43d4-ac8d-4f1b1bca8638,1-1c615fdb-0711-4b3e-9397-f1355f52ad1c,South America 5V5 Queue,5v5,1787518953
9cc0d011-e043-43d4-ac8d-4f1b1bca8638,1-48804a79-336b-4ce6-8e13-558866c3e5cf,South America 5V5 Queue,5v5,1787515892
9cc0d011-e043-43d4-ac8d-4f1b1bca8638,1-634978ad-27b6-41d2-bc99-e52a0844084c,South America 5V5 Queue,5v5,1787514237
9cc0d011-e043-43d4-ac8d-4f1b1bca8638,1-74ff333a-0333-43e2-9223-b3abbed2d49b,South America 5V5 Queue,5v5,1787512313
9cc0d011-e043-43d4-ac8d-4f1b1bca8638,1-76b01b92-ec9b-49ad-8e05-37f3e936cd65,South America 5V5 Queue,5v5,1787509980
9cc0d011-e043-43d4-ac8d-4f1b1bca8638,1-09501624-6194-4fa2-942d-d4be52fc980c,South America 5V5 Queue,5v5,1787422040
9cc0d011-e043-43d4-ac8d-4f1b1bca8638,1-17aa931e-14d6-4deb-b387-797ef2b383e6,South America 5V5 Queue,5v5,1787418684
9cc0d011-e043-43d4-ac8d-4f1b1bca8638,1-2e010637-b4fa-4bf0-91d4-6b7fed7b8197,South America 5V5 Queue,5v5,1787416771
9cc0d011-e043-43d4-ac8d-4f1b1bca8638,1-e27e1ad4-db72-4c94-a6e1-2396a4b86a79,South America 5V5 Queue,5v5,1787412576
9cc0d011-e043-43d4-ac8d-4f1b1bca8638,1-838b832c-0f60-4674-8a95-0ca0808074bd,South America 5V5 Queue,5v5,1787343544
9cc0d011-e043-43d4-ac8d-4f1b1bca8638,1-1591db14-e54f-4796-85d9-84517b5caa2c,South America 5V5 Queue,5v5,1787340421
9cc0d011-e043-43d4-ac8d-4f1b1bca8638,1-0e96b64e-8268-4b6d-957c-5a64d0ba5718,South America 5V5 Queue,5v5,1787337908
9cc0d011-e043-43d4-ac8d-4f1b1bca8638,1-569d59ea-4c17-4ab6-bb28-d226f7b8c692,South America 5V5 Queue,5v5,1787333114
9cc0d011-e043-43d4-ac8d-4f1b1bca8638,1-88d34d8c-73c0-47fc-b933-74e7c9349768,South America 5V5 Queue,5v5,1787331268
f84f133b-ed03-42ea-ad8d-e68e18c66318,1-8cae37b0-0c4e-4851-8a55-86ce2532689c,South America 5V5 Queue,5v5,1787633228
f84f133b-ed03-42ea-ad8d-e68e18c66318,1-cbcc4bcc-1874-478d-9641-7ba4d5af9f09,South America 5V5 Queue,5v5,1787627556
f84f133b-ed03-42ea-ad8d-e68e18c66318,1-6f49e966-6d68-455a-96bb-b7becc1ad4a8,South America 5V5 Queue,5v5,1787556126
f84f133b-ed03-42ea-ad8d-e68e18c66318,1-31854f34-ed4b-4c24-9d14-40900516dce8,South America 5V5 Queue,5v5,1787554033
f84f133b-ed03-42ea-ad8d-e68e18c66318,1-4667f910-eb8a-4266-a545-054bb05e86a4,South America 5V5 Queue,5v5,1787548790
f84f133b-ed03-42ea-ad8d-e68e18c66318,1-a1fa4f0c-a38b-47d3-819e-a22e6cebcf9a,South America 5V5 Queue,5v5,1787544793
f84f133b-ed03-42ea-ad8d-e68e18c66318,1-fc091b38-3c1a-44bd-89ae-d14a770010ea,South America 5V5 Queue,5v5,1787542567
f84f133b-ed03-42ea-ad8d-e68e18c66318,1-a883c09f-e5c3-4f4e-b795-6ab7739415fe,South America 5V5 Queue,5v5,1787538139
f84f133b-ed03-42ea-ad8d-e68e18c66318,1-0e6ba703-6026-4dfc-9648-8b456d2d97c8,South America 5V5 Queue,5v5,1787531334
f84f133b-ed03-42ea-ad8d-e68e18c66318,1-3cbd8f96-694c-411f-b678-97ba1d3b3b23,South America 5V5 Queue,5v5,1787459557
f84f133b-ed03-42ea-ad8d-e68e18c66318,1-59b644d0-8975-4be7-a03b-40b3498bbd04,South America 5V5 Queue,5v5,1787456318
f84f133b-ed03-42ea-ad8d-e68e18c66318,1-6e0a7f5b-1a31-47f2-8b81-a8b0a30b9ce3,South America 5V5 Queue,5v5,1787384693
f84f133b-ed03-42ea-ad8d-e68e18c66318,1-de457a9f-915a-4990-a588-2e49d3611e35,South America 5V5 Queue,5v5,1787379024
f84f133b-ed03-42ea-ad8d-e68e18c66318,1-7e9a9f4c-1b89-464f-953c-beac4be1fa8a,South America 5V5 Queue,5v5,1787354349
f84f133b-ed03-42ea-ad8d-e68e18c66318,1-2e206fe2-a191-4d22-9c76-00bc4a60a319,South America 5V5 Queue,5v5,1787204193
f84f133b-ed03-42ea-ad8d-e68e18c66318,1-acc19c1d-da5c-434b-9f20-3aff0c042e88,South America 5V5 Queue,5v5,1787200059
f84f133b-ed03-42ea-ad8d-e68e18c66318,1-cbad5529-cf7e-4038-82b8-f8287281d860,South America 5V5 Queue,5v5,1787190645
f84f133b-ed03-42ea-ad8d-e68e18c66318,1-8670e3bc-f82a-41ea-90ac-a9c64c4c847b,South America 5V5 Queue,5v5,1787120451
f84f133b-ed03-42ea-ad8d-e68e18c66318,1-4be521c8-c4e2-4705-8385-9db18cbb9976,South America 5V5 Queue,5v5,1787116859
f84f133b-ed03-42ea-ad8d-e68e18c66318,1-a941ed75-7a15-4441-9ffc-87bd7fe8d958,South America 5V5 Queue,5v5,1787114093
f84f133b-ed03-42ea-ad8d-e68e18c66318,1-e88e3a63-7777-41c8-b6a2-265e413e2e92,South America 5V5 Queue,5v5,1787111938
f84f133b-ed03-42ea-ad8d-e68e18c66318,1-f702d5ca-c6e9-4cd6-9b1a-1cb157426d44,South America 5V5 Queue,5v5,1787108752
f84f133b-ed03-42ea-ad8d-e68e18c66318,1-2c1a8e84-4433-4314-9541-282d2fd210a4,South America 5V5 Queue,5v5,1787105164
f84f133b-ed03-42ea-ad8d-e68e18c66318,1-7f1ed954-86c5-49c5-b28b-2a346b9503b1,South America 5V5 Queue,5v5,1787103006
f84f133b-ed03-42ea-ad8d-e68e18c66318,1-53892af9-f0c0-47af-8397-8ad16ffd2eee,CCT 2026 South America 5 - Open Qualifier,5v5,1786819818
f84f133b-ed03-42ea-ad8d-e68e18c66318,1-83718bcc-5b0c-4a26-8f49-8f35474f975f,CCT 2026 South America 5 - Open Qualifier,5v5,1786814342
f84f133b-ed03-42ea-ad8d-e68e18c66318,1-13b7eb20-3dda-498d-9419-3267d6d60bd1,South America 5V5 Queue,5v5,1786504070
f84f133b-ed03-42ea-ad8d-e68e18c66318,1-db1178d6-3338-4924-b398-f02f09a384e6,South America 5V5 Queue,5v5,1786500496
f84f133b-ed03-42ea-ad8d-e68e18c66318,1-2f804a37-c7ff-4e72-b97a-4cf652029a77,South America 5V5 Queue,5v5,1786253398
f84f133b-ed03-42ea-ad8d-e68e18c66318,1-8fa78f2c-95b2-423a-a7cd-ddd97ffba91d,South America 5V5 Queue,5v5,1786250659
e18f3db9-1e32-457e-b50e-af3ecfe0a769,1-96be51a1-8ee1-42ac-bb15-5cc1b52e746d,South America 5V5 Queue,5v5,1787623195
e18f3db9-1e32-457e-b50e-af3ecfe0a769,1-75b3d750-e055-4bed-bb8a-e46dfa115b41,Fila ESergipano,5v5,1787273087
e18f3db9-1e32-457e-b50e-af3ecfe0a769,1-a65b4ac8-b2c8-487d-9e7a-6574f4999dd2,Fila ESergipano,5v5,1787100808
e18f3db9-1e32-457e-b50e-af3ecfe0a769,1-97d7a1f6-15d1-48c5-9c65-e64d0a473564,Fila ESergipano,5v5,1787020140
e18f3db9-1e32-457e-b50e-af3ecfe0a769,1-14dfba36-32e5-4ba2-93b2-02b139631531,South America 5V5 Queue,5v5,1786857482
e18f3db9-1e32-457e-b50e-af3ecfe0a769,1-6e9b37f5-4d30-4105-9c25-9b72d90ab904,South America 5V5 Queue,5v5,1786854882
e18f3db9-1e32-457e-b50e-af3ecfe0a769,1-8e15aa9f-072f-46fc-816a-2e52f9efc167,South America 5V5 Queue,5v5,1786852220
e18f3db9-1e32-457e-b50e-af3ecfe0a769,1-fd87b63c-9a87-421e-b278-e9f06fa00a99,South America 5V5 Queue,5v5,1786849299
e18f3db9-1e32-457e-b50e-af3ecfe0a769,1-8d2c8e42-cadc-4bb2-a824-ce58d2e07b0c,South America 5V5 Queue,5v5,1786846851
e18f3db9-1e32-457e-b50e-af3ecfe0a769,1-2fc51743-3959-47a1-bfc2-6215cad0161a,South America 5V5 Queue,5v5,1786840299
e18f3db9-1e32-457e-b50e-af3ecfe0a769,1-a7e1039a-1af0-4fce-938a-37a6aebeeca5,South America 5V5 Queue,5v5,1786313596
e18f3db9-1e32-457e-b50e-af3ecfe0a769,1-49c81ae2-d081-46e9-bf89-e7f4966db4a3,South America 5V5 Queue,5v5,1786307255
e18f3db9-1e32-457e-b50e-af3ecfe0a769,1-97c7bb15-ad01-442a-bfb9-8edebe631e04,South America 5V5 Queue,5v5,1786304010
e18f3db9-1e32-457e-b50e-af3ecfe0a769,1-284d0cb0-706a-4535-85ec-f8150f963df5,South America 5V5 Queue,5v5,1786301061
e18f3db9-1e32-457e-b50e-af3ecfe0a769,1-36d854ea-22ec-4832-9cdc-1c5c3a64b411,South America 5V5 Queue,5v5,1786298478
e18f3db9-1e32-457e-b50e-af3ecfe0a769,1-e8ace77b-519b-4a50-932b-4b47072e8e8c,South America 5V5 Queue,5v5,1786241469
e18f3db9-1e32-457e-b50e-af3ecfe0a769,1-7815aae8-ffe1-4fae-9dac-f07d695f1bab,South America 5V5 Queue,5v5,1786235992
e18f3db9-1e32-457e-b50e-af3ecfe0a769,1-8f8e8c14-324a-46ba-a818-9c3daa7fbd4d,South America 5V5 Queue,5v5,1786233299
e18f3db9-1e32-457e-b50e-af3ecfe0a769,1-00eb41f8-c489-4bd0-afe5-bf67b545795c,South America 5V5 Queue,5v5,1784422097
e18f3db9-1e32-457e-b50e-af3ecfe0a769,1-518e17b8-1401-45e8-848e-7a44c158881f,South America 5V5 Queue,5v5,1782240102
e18f3db9-1e32-457e-b50e-af3ecfe0a769,1-ea45b614-cc48-4a6c-9230-e001e43f7e79,South America 5V5 Queue,5v5,1782236107
e18f3db9-1e32-457e-b50e-af3ecfe0a769,1-d4b68812-7a3d-4279-a42c-de2a32a3273d,South America 5V5 Queue,5v5,1782167233
e18f3db9-1e32-457e-b50e-af3ecfe0a769,1-bbe5090e-db23-40b3-86be-2359fb2f2b3c,South America 5V5 Queue,5v5,1782164209
e18f3db9-1e32-457e-b50e-af3ecfe0a769,1-0a100d80-1358-4906-8029-a588bef0186f,South America 5V5 Queue,5v5,1782156479
e18f3db9-1e32-457e-b50e-af3ecfe0a769,1-f4fd1839-08db-4a2a-bb8a-5c11436d1178,South America 5V5 Queue,5v5,1782153752
e18f3db9-1e32-457e-b50e-af3ecfe0a769,1-70c70f04-4c25-4b41-97a2-d7efe6848242,South America 5V5 Queue,5v5,1781293984
e18f3db9-1e32-457e-b50e-af3ecfe0a769,1-f00e387c-084f-4910-9ae9-9c7efc1a0902,South America 5V5 Queue,5v5,1781291736
e18f3db9-1e32-457e-b50e-af3ecfe0a769,1-2e1c02b0-2aa0-4a18-afbf-0f252f6a8ce3,South America 5V5 Queue,5v5,1781289297
e18f3db9-1e32-457e-b50e-af3ecfe0a769,1-4e06f79d-0a1a-4967-8484-948b20dc01d0,South America 5V5 Queue,5v5,1781286474
e18f3db9-1e32-457e-b50e-af3ecfe0a769,1-475a992e-ef14-4b32-bc7b-33566f5c2f70,South America 5V5 Queue,5v5,1781215881
4e783746-b6f6-4f74-b6af-2e9200002ab7,1-22ec5b93-ab93-4961-8cd0-826e0249467d,South America 5V5 Queue,5v5,1787631795
4e783746-b6f6-4f74-b6af-2e9200002ab7,1-a83696ae-ad7b-4f86-9c76-83bbe9048a4d,South America 5V5 Queue,5v5,1787629415
4e783746-b6f6-4f74-b6af-2e9200002ab7,1-4667f910-eb8a-4266-a545-054bb05e86a4,South America 5V5 Queue,5v5,1787548790
4e783746-b6f6-4f74-b6af-2e9200002ab7,1-843ef026-ef10-4c2a-a93b-3ef35e2cc3fc,South America 5V5 Queue,5v5,1787546425
4e783746-b6f6-4f74-b6af-2e9200002ab7,1-c7a6e86f-f406-4d0c-a870-54ea95aa74b6,South America 5V5 Queue,5v5,1787543955
4e783746-b6f6-4f74-b6af-2e9200002ab7,1-adcf34aa-c9fc-4a64-9cab-b2b1834b9caa,South America 5V5 Queue,5v5,1787468364
4e783746-b6f6-4f74-b6af-2e9200002ab7,1-b2efb604-4c4b-4ada-8261-f394cc536872,South America 5V5 Queue,5v5,1787465869
4e783746-b6f6-4f74-b6af-2e9200002ab7,1-b7c8f363-861e-4b81-a14a-e98126f119f1,South America 5V5 Queue,5v5,1787463603
4e783746-b6f6-4f74-b6af-2e9200002ab7,1-f30c492d-fdb0-4ad3-84ea-d8f9d53a12e1,South America 5V5 Queue,5v5,1787461613
4e783746-b6f6-4f74-b6af-2e9200002ab7,1-57c51925-637a-4417-b668-1ada903f03bf,South America 5V5 Queue,5v5,1787459008
4e783746-b6f6-4f74-b6af-2e9200002ab7,1-59b644d0-8975-4be7-a03b-40b3498bbd04,South America 5V5 Queue,5v5,1787456318
4e783746-b6f6-4f74-b6af-2e9200002ab7,1-8ca1c409-19ed-4295-801f-8b82a78ef4f8,South America 5V5 Queue,5v5,1787384354
4e783746-b6f6-4f74-b6af-2e9200002ab7,1-1b628765-c3d7-4608-8429-85a870f929c4,South America 5V5 Queue,5v5,1787380898
4e783746-b6f6-4f74-b6af-2e9200002ab7,1-827976af-f66d-4b1c-9beb-4feb1fec9d28,South America 5V5 Queue,5v5,1787378804
4e783746-b6f6-4f74-b6af-2e9200002ab7,1-32ea5be6-9a1f-4ca9-bf1f-9aa51d8e1004,South America 5V5 Queue,5v5,1787376283
4e783746-b6f6-4f74-b6af-2e9200002ab7,1-cafa867d-a789-48ff-9b8d-7e3514b2c5fc,South America 5V5 Queue,5v5,1787373841
4e783746-b6f6-4f74-b6af-2e9200002ab7,1-3770aae9-cef4-45a9-abec-f0aa429ad793,South America 5V5 Queue,5v5,1787370914
4e783746-b6f6-4f74-b6af-2e9200002ab7,1-3b60f64d-fadb-46ca-86ad-7f9584e6cfd1,South America 5V5 Queue,5v5,1787294831
4e783746-b6f6-4f74-b6af-2e9200002ab7,1-4658f96b-6b45-431e-9979-d6fb90dbcfa9,South America 5V5 Queue,5v5,1787292498
4e783746-b6f6-4f74-b6af-2e9200002ab7,1-f3d90320-692a-47e8-933e-88ef02d2f6fd,South America 5V5 Queue,5v5,1787289175
4e783746-b6f6-4f74-b6af-2e9200002ab7,1-fd353ac0-98f0-4e3a-a221-9093d3258e97,South America 5V5 Queue,5v5,1787286185
4e783746-b6f6-4f74-b6af-2e9200002ab7,1-71e9f709-7be5-41b7-adfe-734acc9bc697,South America 5V5 Queue,5v5,1787283648
4e783746-b6f6-4f74-b6af-2e9200002ab7,1-2a37316e-b4bf-41e9-9b23-4e67b758f960,South America 5V5 Queue,5v5,1787117915
4e783746-b6f6-4f74-b6af-2e9200002ab7,1-ae3ca201-1c97-40ed-96fd-a8781693746b,South America 5V5 Queue,5v5,1787114569
4e783746-b6f6-4f74-b6af-2e9200002ab7,1-33fd7a42-0bc3-4a0c-9502-279e3517b365,South America 5V5 Queue,5v5,1787033096
4e783746-b6f6-4f74-b6af-2e9200002ab7,1-913dc29e-3d72-4e6d-a8ec-15fce3e340f6,South America 5V5 Queue,5v5,1787030391
4e783746-b6f6-4f74-b6af-2e9200002ab7,1-61feb972-66c3-4a73-b927-787c4c7ffd04,South America 5V5 Queue,5v5,1787026226
4e783746-b6f6-4f74-b6af-2e9200002ab7,1-9b9fd710-4e53-46fa-ace1-7bfea47aecb8,South America 5V5 Queue,5v5,1786982533
4e783746-b6f6-4f74-b6af-2e9200002ab7,1-6671512f-cf20-48cd-af8a-50a55ef8d340,South America 5V5 Queue,5v5,1786979503
4e783746-b6f6-4f74-b6af-2e9200002ab7,1-4ee209f6-54d6-4022-80c6-ba65c556b7a8,South America 5V5 Queue,5v5,1786971452
d66a88e4-180e-4fb6-a828-b6cce696a498,1-3b60f64d-fadb-46ca-86ad-7f9584e6cfd1,South America 5V5 Queue,5v5,1787294831
d66a88e4-180e-4fb6-a828-b6cce696a498,1-5a01b0af-95ba-4cb5-8dc1-9712156ef8f9,South America 5V5 Queue,5v5,1787291760
d66a88e4-180e-4fb6-a828-b6cce696a498,1-09443468-9d4b-47d8-a0df-325e85ae8d65,South America 5V5 Queue,5v5,1787287863
d66a88e4-180e-4fb6-a828-b6cce696a498,1-a04bf15f-cf88-4220-879e-09990028dc62,South America 5V5 Queue,5v5,1787286012
d66a88e4-180e-4fb6-a828-b6cce696a498,1-cc58e51f-2600-44f6-8232-4b542a09c146,South America 5V5 Queue,5v5,1787282602
d66a88e4-180e-4fb6-a828-b6cce696a498,1-c772e706-6f68-41f9-8a59-a6b8ff10243e,South America 5V5 Queue,5v5,1787279784
d66a88e4-180e-4fb6-a828-b6cce696a498,1-74917274-86fd-498a-86f8-01460bd87ea4,South America 5V5 Queue,5v5,1787277688
d66a88e4-180e-4fb6-a828-b6cce696a498,1-b5834e96-45a7-4c08-9601-49a3a1f636fe,South America 5V5 Queue,5v5,1787274362
d66a88e4-180e-4fb6-a828-b6cce696a498,1-e104aa5c-8d34-47a5-9487-47487d458967,South America 5V5 Queue,5v5,1787273054
d66a88e4-180e-4fb6-a828-b6cce696a498,1-f80b18fd-0b9a-47fe-8cd2-3a72438abcce,South America 5V5 Queue,5v5,1787120401
d66a88e4-180e-4fb6-a828-b6cce696a498,1-4be521c8-c4e2-4705-8385-9db18cbb9976,South America 5V5 Queue,5v5,1787116859
d66a88e4-180e-4fb6-a828-b6cce696a498,1-4e5bfbe9-498f-4e51-82fe-43695e03cef6,South America 5V5 Queue,5v5,1787113610
d66a88e4-180e-4fb6-a828-b6cce696a498,1-a0a59b96-b0e6-4803-b1fe-e14ae394574d,South America 5V5 Queue,5v5,1787035974
d66a88e4-180e-4fb6-a828-b6cce696a498,1-88b41b36-1981-480d-8682-86dce141f682,South America 5V5 Queue,5v5,1787031988
d66a88e4-180e-4fb6-a828-b6cce696a498,1-7f0dd5e7-5507-432c-9705-40a051ba60fb,South America 5V5 Queue,5v5,1787028590
d66a88e4-180e-4fb6-a828-b6cce696a498,1-61feb972-66c3-4a73-b927-787c4c7ffd04,South America 5V5 Queue,5v5,1787026226
d66a88e4-180e-4fb6-a828-b6cce696a498,1-99397ea9-c1c4-4ddd-8be1-16d581dbe148,South America 5V5 Queue,5v5,1787010824
d66a88e4-180e-4fb6-a828-b6cce696a498,1-1d9c9f3c-1cfd-4320-b4ca-25b01653d5a6,South America 5V5 Queue,5v5,1786873339
d66a88e4-180e-4fb6-a828-b6cce696a498,1-6e797821-660a-482e-b081-539345160647,South America 5V5 Queue,5v5,1786868733
d66a88e4-180e-4fb6-a828-b6cce696a498,1-028c8c8e-8480-42ee-b1ac-55e40e4170d0,South America 5V5 Queue,5v5,1786866544
d66a88e4-180e-4fb6-a828-b6cce696a498,1-051ff012-64c6-4379-ba31-958175c73695,South America 5V5 Queue,5v5,1786861919
d66a88e4-180e-4fb6-a828-b6cce696a498,1-70e61348-579b-4169-a891-63527bfd8668,South America 5V5 Queue,5v5,1786859316
d66a88e4-180e-4fb6-a828-b6cce696a498,1-527a28d9-333a-443b-9607-7656d8c19bcc,South America 5V5 Queue,5v5,1786853749
d66a88e4-180e-4fb6-a828-b6cce696a498,1-ad3dd40b-41ec-4fc6-8583-1f770253c509,South America 5V5 Queue,5v5,1786691360
d66a88e4-180e-4fb6-a828-b6cce696a498,1-f3618935-04fa-49b2-8b6a-c128dce2cbb2,South America 5V5 Queue,5v5,1786687409
d66a88e4-180e-4fb6-a828-b6cce696a498,1-4517d92a-9b89-44a5-94a9-da25af3f9adf,South America 5V5 Queue,5v5,1786683183
d66a88e4-180e-4fb6-a828-b6cce696a498,1-ce6119a2-0366-41c7-a64e-d25d017cd088,South America 5V5 Queue,5v5,1786680431
d66a88e4-180e-4fb6-a828-b6cce696a498,1-fc83e1b1-f740-4995-b64a-03e45c9e79d8,South America 5V5 Queue,5v5,1786676711
d66a88e4-180e-4fb6-a828-b6cce696a498,1-192077b3-31f5-454d-9d79-0d21e7b4d468,South America 5V5 Queue,5v5,1786672337
d66a88e4-180e-4fb6-a828-b6cce696a498,1-3ba88216-fe1a-490d-8170-3da24afa24aa,South America 5V5 Queue,5v5,1786668917
0adb9e6f-3969-4555-86f3-f8604483e611,1-f2032b69-365c-461c-bdaf-e44391046bc2,South America 5V5 Queue,5v5,1787111602
0adb9e6f-3969-4555-86f3-f8604483e611,1-afa204fe-e350-475d-bad1-1a249f4b9738,South America 5V5 Queue,5v5,1786863082
0adb9e6f-3969-4555-86f3-f8604483e611,1-42069b3b-e167-40f6-9258-1f6fe6455463,South America 5V5 Queue,5v5,1786859644
0adb9e6f-3969-4555-86f3-f8604483e611,1-1c21a856-c2b9-4f17-b1ca-c015f759cc7d,South America 5V5 Queue,5v5,1786827344
0adb9e6f-3969-4555-86f3-f8604483e611,1-381ddd45-b25b-40bc-a788-69dc90f41cc1,South America 5V5 Queue,5v5,1786753656
0adb9e6f-3969-4555-86f3-f8604483e611,1-92ae847f-10c9-4bb3-b5d4-c88fd4210ff9,South America 5V5 Queue,5v5,1786750755
0adb9e6f-3969-4555-86f3-f8604483e611,1-0902986a-13d5-4085-8230-c3ecbf1b1485,South America 5V5 Queue,5v5,1786593787
0adb9e6f-3969-4555-86f3-f8604483e611,1-56d79356-b934-405d-8bc6-101c263d1a85,South America 5V5 Queue,5v5,1786591650
0adb9e6f-3969-4555-86f3-f8604483e611,1-abf45e80-2595-49ce-bb79-db6d122d8c25,South America 5V5 Queue,5v5,1786589890
0adb9e6f-3969-4555-86f3-f8604483e611,1-4853cb35-6816-4de2-9d35-df101e9ce540,South America 5V5 Queue,5v5,1786567442
0adb9e6f-3969-4555-86f3-f8604483e611,1-ba80d8bf-56ad-4dc5-b5ce-9ce94631311c,South America 5V5 Queue,5v5,1786565008
0adb9e6f-3969-4555-86f3-f8604483e611,1-89038829-e563-4317-aa43-1950f8ae4977,South America 5V5 Queue,5v5,1786562216
0adb9e6f-3969-4555-86f3-f8604483e611,1-3bfa13db-fbc2-4b62-8892-37f4444a42ca,South America 5V5 Queue,5v5,1786410829
0adb9e6f-3969-4555-86f3-f8604483e611,1-8799dba8-3547-42eb-ab51-9bae1b576e37,South America 5V5 Queue,5v5,1786406194
0adb9e6f-3969-4555-86f3-f8604483e611,1-fb7eb14d-f843-4b92-8794-6c31733a22d9,South America 5V5 Queue,5v5,1786403601
0adb9e6f-3969-4555-86f3-f8604483e611,1-13d19018-4a8d-4cf3-b290-98c6409515e1,Betboom Storm 4 - Borracheiros vs MEIA NOITE,5v5,1786391685
0adb9e6f-3969-4555-86f3-f8604483e611,1-4b656d2a-ca4a-43ff-8a9f-43cddc157cfb,Betboom Storm 4 - ALKA vs BORRACHEIROS,5v5,1786290619
0adb9e6f-3969-4555-86f3-f8604483e611,1-aed2d164-c5c6-49fa-94dd-b228b8116a55,Betboom Storm 4 - Borracheiros vs UNO MILLE,5v5,1786217210
0adb9e6f-3969-4555-86f3-f8604483e611,1-98e5c7c3-af3b-4188-a671-d5e87faa0b17,South America 5V5 Queue,5v5,1786141367
0adb9e6f-3969-4555-86f3-f8604483e611,1-975a032a-9633-4bbc-9ed8-097ec13c09a3,Betboom Storm 4 - Galorys vs Borracheiros,5v5,1786062808
0adb9e6f-3969-4555-86f3-f8604483e611,1-cb741149-eb6b-4cb9-9997-afe05426e90b,South America 5V5 Queue,5v5,1785877799
0adb9e6f-3969-4555-86f3-f8604483e611,1-323b6f0d-3947-4e3e-ad62-23e6b2a9aea7,Betboom Storm 4 - Keyd Stars vs Borracheiros,5v5,1785786149
0adb9e6f-3969-4555-86f3-f8604483e611,1-974515f9-af0a-4fcf-806f-06c49426e2b0,South America 5V5 Queue,5v5,1785212666
0adb9e6f-3969-4555-86f3-f8604483e611,1-0bb506eb-0484-46bc-a688-d9fae168cff9,South America 5V5 Queue,5v5,1785110982
0adb9e6f-3969-4555-86f3-f8604483e611,1-0f55baef-a464-4d19-9e89-137cf7f66e69,South America 5V5 Queue,5v5,1785108727
0adb9e6f-3969-4555-86f3-f8604483e611,1-0708a2c9-969e-4956-851f-78cfc698dbe5,South America 5V5 Queue,5v5,1785106562
0adb9e6f-3969-4555-86f3-f8604483e611,1-fed5954e-8a0f-4f53-82a2-591c69f65134,South America 5V5 Queue,5v5,1785041477
0adb9e6f-3969-4555-86f3-f8604483e611,1-b44bfce6-dfe0-4343-a3c5-5fc1a5ddab57,South America 5V5 Queue,5v5,1784536357
0adb9e6f-3969-4555-86f3-f8604483e611,1-051352a7-ee9d-40cf-ad6b-06f47d609211,South America 5V5 Queue,5v5,1784534128
0adb9e6f-3969-4555-86f3-f8604483e611,1-eb134662-b529-4abb-a6ee-c5daa956208e,South America 5V5 Queue,5v5,1784531958
7f125d61-3b7b-4e2f-a781-10932a676970,1-70239e39-4014-47d7-bfb6-4b414544eb69,South America 5V5 Queue,5v5,1787697588
7f125d61-3b7b-4e2f-a781-10932a676970,1-55c8face-3e2a-4b03-8a6f-248992dc2e90,South America 5V5 Queue,5v5,1787685380
7f125d61-3b7b-4e2f-a781-10932a676970,1-1434b1cb-cb4d-4c58-8027-615425df8e0a,South America 5V5 Queue,5v5,1787683150
7f125d61-3b7b-4e2f-a781-10932a676970,1-fcaed7c6-8642-4e95-8970-0751a09fbbae,South America 5V5 Queue,5v5,1787677218
7f125d61-3b7b-4e2f-a781-10932a676970,1-b2176cf1-dfca-466c-a957-47ebe7850cce,South America 5V5 Queue,5v5,1787672873
7f125d61-3b7b-4e2f-a781-10932a676970,1-410445a9-292d-482c-902d-8f450e2ca7d4,South America 5V5 Queue,5v5,1787510042
7f125d61-3b7b-4e2f-a781-10932a676970,1-f1e81317-6749-490f-9f9c-7c4de9019edf,South America 5V5 Queue,5v5,1787472853
7f125d61-3b7b-4e2f-a781-10932a676970,1-707f7026-570c-47d5-b03e-a8967348af3e,South America 5V5 Queue,5v5,1787471019
7f125d61-3b7b-4e2f-a781-10932a676970,1-aae53ccc-d774-45fc-b666-f7dd2de4e76b,South America 5V5 Queue,5v5,1787279850
7f125d61-3b7b-4e2f-a781-10932a676970,1-717990ef-360d-463a-8811-4bff2362d029,South America 5V5 Queue,5v5,1787206456
7f125d61-3b7b-4e2f-a781-10932a676970,1-521e2890-e64d-4dce-8af3-8ff60bc8666e,South America 5V5 Queue,5v5,1786118393
7f125d61-3b7b-4e2f-a781-10932a676970,1-c9b8aa2e-c59e-4f2c-88b8-ab2daf7d432c,South America 5V5 Queue,5v5,1785894627
7f125d61-3b7b-4e2f-a781-10932a676970,1-fa75f598-4933-4c98-8f66-5412670d257d,South America 5V5 Queue,5v5,1785698001
7f125d61-3b7b-4e2f-a781-10932a676970,1-2d6696b7-db9a-47fc-bde9-1c3cc07d37be,South America 5V5 Queue,5v5,1785695450
7f125d61-3b7b-4e2f-a781-10932a676970,1-423b26ac-b2f5-461c-a1e2-37cede941988,South America 5V5 Queue,5v5,1785280442
7f125d61-3b7b-4e2f-a781-10932a676970,1-9412fe7b-c0f0-48cb-a401-029e90769b51,South America 5V5 Queue,5v5,1785278197
7f125d61-3b7b-4e2f-a781-10932a676970,1-978f545d-5fd8-4afb-85de-38911f6256ba,South America 5V5 Queue,5v5,1785275915
7f125d61-3b7b-4e2f-a781-10932a676970,1-1c1aa306-167c-4542-bfba-c5af22f051aa,South America 5V5 Queue,5v5,1785273085
7f125d61-3b7b-4e2f-a781-10932a676970,1-8df41105-e884-4aac-b9ff-2b45c3bf1c98,South America 5V5 Queue,5v5,1785270908
7f125d61-3b7b-4e2f-a781-10932a676970,1-218e39fe-819a-40a7-8d7c-f3ddd3f1eccb,South America 5V5 Queue,5v5,1785267949
7f125d61-3b7b-4e2f-a781-10932a676970,1-7581af0e-ae7f-47f5-bcda-5ab08da24a2c,South America 5V5 Queue,5v5,1785188092
7f125d61-3b7b-4e2f-a781-10932a676970,1-29f7cf7b-9fe1-48a8-a302-33b03728304a,South America 5V5 Queue,5v5,1785183097
7f125d61-3b7b-4e2f-a781-10932a676970,1-376e603a-e2a8-4dd2-a425-4b7658c18069,South America 5V5 Queue,5v5,1785180340
7f125d61-3b7b-4e2f-a781-10932a676970,1-561a65e8-6663-4915-afb2-e9af975e80df,South America 5V5 Queue,5v5,1785177882
7f125d61-3b7b-4e2f-a781-10932a676970,1-070caffe-aa23-4360-aef9-718c86a5e6c4,South America 5V5 Queue,5v5,1784989945
7f125d61-3b7b-4e2f-a781-10932a676970,1-6428d917-bc93-404e-81aa-a1e2d713e780,South America 5V5 Queue,5v5,1784887009
7f125d61-3b7b-4e2f-a781-10932a676970,1-51df4fef-910b-4ec3-a69c-665bfeb7bd59,South America 5V5 Queue,5v5,1784827497
7f125d61-3b7b-4e2f-a781-10932a676970,1-1924152b-2493-4a6d-bc8f-cbbba47f457f,South America 5V5 Queue,5v5,1784823014
7f125d61-3b7b-4e2f-a781-10932a676970,1-821ef5e9-bbee-439c-bed8-e43e370de9d6,South America 5V5 Queue,5v5,1784817553
7f125d61-3b7b-4e2f-a781-10932a676970,1-ef44addf-d66f-4164-bc44-fd32356875a8,South America 5V5 Queue,5v5,1784814888
b7e06f95-63d5-44e8-b74e-ae6f1ea6df94,1-6c77d0fd-b6ad-4707-a0a4-f63a65c5c8ec,South America 5V5 Queue,5v5,1787696040
b7e06f95-63d5-44e8-b74e-ae6f1ea6df94,1-cf1000f2-18d4-4b17-8688-bfe832526140,South America 5V5 Queue,5v5,1787690932
b7e06f95-63d5-44e8-b74e-ae6f1ea6df94,1-42af6d98-4308-45b8-ac64-0137d8d42348,South America 5V5 Queue,5v5,1787687817
b7e06f95-63d5-44e8-b74e-ae6f1ea6df94,1-746fb236-92b2-4cea-898e-487985c357ba,South America 5V5 Queue,5v5,1787682706
b7e06f95-63d5-44e8-b74e-ae6f1ea6df94,1-bf5f6e54-ebf7-441d-a687-c46a9f91bd35,S58 SA Open Central - Regular Season,5v5 League,1787619892
b7e06f95-63d5-44e8-b74e-ae6f1ea6df94,1-651bb01c-f0e9-4d0a-adeb-02354673120c,South America 5V5 Queue,5v5,1787254597
b7e06f95-63d5-44e8-b74e-ae6f1ea6df94,1-dd7d7ffb-50c6-427c-9c19-2229d310b658,South America 5V5 Queue,5v5,1787175420
b7e06f95-63d5-44e8-b74e-ae6f1ea6df94,1-51b89323-70f2-413a-aa64-8e1653bb9099,S58 SA Open Central - Regular Season,5v5 League,1787102015
b7e06f95-63d5-44e8-b74e-ae6f1ea6df94,1-61428016-bdf8-4aa8-84e9-12c58c05c9e5,South America 5V5 Queue,5v5,1786837096
b7e06f95-63d5-44e8-b74e-ae6f1ea6df94,1-cfe908c1-0f66-40ad-95e5-34596df3eb5d,South America 5V5 Queue,5v5,1786833037
b7e06f95-63d5-44e8-b74e-ae6f1ea6df94,1-3658ab49-dc07-460e-97da-3cda24becaa6,South America 5V5 Queue,5v5,1786657338
b7e06f95-63d5-44e8-b74e-ae6f1ea6df94,1-d324d8e6-80e8-4fcf-8ecb-2ec30e5f17d8,South America 5V5 Queue,5v5,1786654489
b7e06f95-63d5-44e8-b74e-ae6f1ea6df94,1-6c8a1386-cbdf-4992-b1f7-13b21ec361d2,South America 5V5 Queue,5v5,1786650637
b7e06f95-63d5-44e8-b74e-ae6f1ea6df94,1-b407fa6b-9135-4719-9b3d-0e2416e3078d,S58 SA Open Central - Regular Season,5v5 League,1786587451
b7e06f95-63d5-44e8-b74e-ae6f1ea6df94,1-9b7f9445-ca32-48dd-a63b-d01f1a1982e2,S58 SA Open Central - Regular Season,5v5 League,1786579788
b7e06f95-63d5-44e8-b74e-ae6f1ea6df94,1-b71be65d-c533-46f1-bc3d-fb2813431ac5,South America 5V5 Queue,5v5,1786505846
b7e06f95-63d5-44e8-b74e-ae6f1ea6df94,1-900fd19a-dd4f-441c-b1f6-d55db7e5e530,South America 5V5 Queue,5v5,1786502809
b7e06f95-63d5-44e8-b74e-ae6f1ea6df94,1-ccbeb92f-5d09-4379-ab7f-73d93d37b838,South America 5V5 Queue,5v5,1786499887
b7e06f95-63d5-44e8-b74e-ae6f1ea6df94,1-48609179-6a7c-48e1-936a-e39f6d626046,South America 5V5 Queue,5v5,1786495773
b7e06f95-63d5-44e8-b74e-ae6f1ea6df94,1-41a65283-c88f-45e1-9f7d-3ec88fd5edb8,South America 5V5 Queue,5v5,1786406641
b7e06f95-63d5-44e8-b74e-ae6f1ea6df94,1-071d1418-28bb-4181-b0ec-11cd3f8b4a0b,South America 5V5 Queue,5v5,1786316864
b7e06f95-63d5-44e8-b74e-ae6f1ea6df94,1-34a75984-1c93-45b1-8291-c419c6baf011,South America 5V5 Queue,5v5,1786308295
b7e06f95-63d5-44e8-b74e-ae6f1ea6df94,1-739c3092-0318-4277-a87b-97d69df50c42,South America 5V5 Queue,5v5,1786174176
b7e06f95-63d5-44e8-b74e-ae6f1ea6df94,1-50aec521-0ddf-4139-8c7d-ba3e3aad165a,South America 5V5 Queue,5v5,1786086620
b7e06f95-63d5-44e8-b74e-ae6f1ea6df94,1-5d05ed1c-20ba-4382-ba60-144a504406be,South America 5V5 Queue,5v5,1786083069
b7e06f95-63d5-44e8-b74e-ae6f1ea6df94,1-b06632bb-4783-46c6-b608-cededcb68812,South America 5V5 Queue,5v5,1786080494
b7e06f95-63d5-44e8-b74e-ae6f1ea6df94,1-ce87de73-3be7-4177-af95-5ae201ebbc66,South America 5V5 Queue,5v5,1786078296
b7e06f95-63d5-44e8-b74e-ae6f1ea6df94,1-a83b36b9-d675-4b61-b9d8-c9130b285a7a,South America 5V5 Queue,5v5,1786076081
b7e06f95-63d5-44e8-b74e-ae6f1ea6df94,1-98a9de70-4e2f-4588-b7ed-a0cc2d4ae62c,South America 5V5 Queue,5v5,1786071323
b7e06f95-63d5-44e8-b74e-ae6f1ea6df94,1-ffaf6fa2-16e4-4ede-817c-f2eeccf1e55c,South America 5V5 Queue,5v5,1786068773
2efa56f7-4695-4a19-82f7-6f870742780e,1-d91a9068-37d7-4a64-bca1-9e1d7b232d67,South America 5V5 Queue,5v5,1787534905
2efa56f7-4695-4a19-82f7-6f870742780e,1-4bcb9bea-f4e8-438b-bf42-c00b6cf28c7e,South America 5V5 Queue,5v5,1787532715
2efa56f7-4695-4a19-82f7-6f870742780e,1-d2c1cc30-b1b9-4647-95cb-f6fb40ff0a21,South America 5V5 Queue,5v5,1787456201
2efa56f7-4695-4a19-82f7-6f870742780e,1-f9541bfc-95c2-4f38-863e-6fa9f9f25403,South America 5V5 Queue,5v5,1787453119
2efa56f7-4695-4a19-82f7-6f870742780e,1-e4354ced-07fa-477a-ab90-fa9dbd1bd134,South America 5V5 Queue,5v5,1787449745
2efa56f7-4695-4a19-82f7-6f870742780e,1-989293e2-d1ae-49ef-a651-037d613a0c34,South America 5V5 Queue,5v5,1787363704
2efa56f7-4695-4a19-82f7-6f870742780e,1-f69f1f0d-4ca9-4987-be0f-fb5e990fc3d4,South America 5V5 Queue,5v5,1787360654
2efa56f7-4695-4a19-82f7-6f870742780e,1-663a33e8-6bb6-46b8-88c2-8559e6b6b573,South America 5V5 Queue,5v5,1787357536
2efa56f7-4695-4a19-82f7-6f870742780e,1-37fb855c-e7f9-4672-b126-93111abf12c5,South America 5V5 Queue,5v5,1787355182
2efa56f7-4695-4a19-82f7-6f870742780e,1-838b832c-0f60-4674-8a95-0ca0808074bd,South America 5V5 Queue,5v5,1787343544
2efa56f7-4695-4a19-82f7-6f870742780e,1-7f201c41-6ecd-47f2-b589-b9afc710284a,South America 5V5 Queue,5v5,1787341242
2efa56f7-4695-4a19-82f7-6f870742780e,1-c2fc2199-f085-4f92-91a5-519b029d9dd7,South America 5V5 Queue,5v5,1787273752
2efa56f7-4695-4a19-82f7-6f870742780e,1-fa6ed046-37b2-45a2-be89-d9948018d847,South America 5V5 Queue,5v5,1787269681
2efa56f7-4695-4a19-82f7-6f870742780e,1-e1639419-3c72-48e9-a049-529725cdc794,South America 5V5 Queue,5v5,1787266628
2efa56f7-4695-4a19-82f7-6f870742780e,1-a145922c-4b44-47d5-99d7-306a136dcc4a,South America 5V5 Queue,5v5,1787257714
2efa56f7-4695-4a19-82f7-6f870742780e,1-2bdc24ec-3e2e-480f-8f88-fa3d68b15956,South America 5V5 Queue,5v5,1787255366
2efa56f7-4695-4a19-82f7-6f870742780e,1-99397ea9-c1c4-4ddd-8be1-16d581dbe148,South America 5V5 Queue,5v5,1787010824
2efa56f7-4695-4a19-82f7-6f870742780e,1-3143b697-17d2-40af-9d0f-8ffd16fdcfcd,South America 5V5 Queue,5v5,1787008390
2efa56f7-4695-4a19-82f7-6f870742780e,1-030e6f29-685d-4ea3-a73c-633d98bed34b,South America 5V5 Queue,5v5,1787006155
2efa56f7-4695-4a19-82f7-6f870742780e,1-f9f70b57-b234-42b9-bbd7-0c538361f9b6,South America 5V5 Queue,5v5,1786851323
2efa56f7-4695-4a19-82f7-6f870742780e,1-bfae4897-299a-43fe-990e-7824a9d01e58,South America 5V5 Queue,5v5,1786849467
2efa56f7-4695-4a19-82f7-6f870742780e,1-8c29fd69-0a24-42a4-a110-3c8cc1897829,South America 5V5 Queue,5v5,1786846752
2efa56f7-4695-4a19-82f7-6f870742780e,1-d81b1583-e90f-4f59-a6b0-0b79cb004357,South America 5V5 Queue,5v5,1786841206
2efa56f7-4695-4a19-82f7-6f870742780e,1-63e7b9b6-e814-4677-afce-8a91b1f5f597,South America 5V5 Queue,5v5,1786837732
2efa56f7-4695-4a19-82f7-6f870742780e,1-b5a05544-fe09-478b-aee6-1fff46d0201d,South America 5V5 Queue,5v5,1786834107
2efa56f7-4695-4a19-82f7-6f870742780e,1-fdd1d9a8-b0c7-4fd4-abf7-0af239d7fc58,South America 5V5 Queue,5v5,1786831656
2efa56f7-4695-4a19-82f7-6f870742780e,1-8e04ebf7-bd15-4701-a962-86e43e412dcf,South America 5V5 Queue,5v5,1786829469
2efa56f7-4695-4a19-82f7-6f870742780e,1-0325f4ab-76c9-4227-b75d-ea6b5b1b0f08,South America 5V5 Queue,5v5,1786823466
2efa56f7-4695-4a19-82f7-6f870742780e,1-f97b5dd3-6784-4af1-8c3c-685f73ebb590,South America 5V5 Queue,5v5,1786771986
2efa56f7-4695-4a19-82f7-6f870742780e,1-fc16cb8b-f4c9-4ee4-9acd-63efceb9f10a,South America 5V5 Queue,5v5,1786769268
ba91f87f-c730-46da-b7f4-16217243f83a,1-1efd24a8-897d-4afa-9c8e-a29355b4d673,South America 5V5 Queue,5v5,1787693639
ba91f87f-c730-46da-b7f4-16217243f83a,1-6702bf46-82ed-495a-b926-b4d19b7957c2,South America 5V5 Queue,5v5,1787610730
ba91f87f-c730-46da-b7f4-16217243f83a,1-9e3c8b4c-0695-4ce6-a9a6-30c29acfd21a,South America 5V5 Queue,5v5,1787603807
ba91f87f-c730-46da-b7f4-16217243f83a,1-86ae60b5-fb42-4909-98b9-f7c9ce98ce79,South America 5V5 Queue,5v5,1787253309
ba91f87f-c730-46da-b7f4-16217243f83a,1-2a979a94-a622-482d-9e27-a4a202439537,South America 5V5 Queue,5v5,1787251201
ba91f87f-c730-46da-b7f4-16217243f83a,1-76927812-31cc-4a58-8c61-a0ce9183c369,South America 5V5 Queue,5v5,1787248986
ba91f87f-c730-46da-b7f4-16217243f83a,1-1140f485-0a57-457c-b867-2325ecae9726,South America 5V5 Queue,5v5,1787088421
ba91f87f-c730-46da-b7f4-16217243f83a,1-92d07ca9-c61f-45bd-a374-12ca4e58e707,South America 5V5 Queue,5v5,1786999685
ba91f87f-c730-46da-b7f4-16217243f83a,1-d20d79b6-2914-4e2e-b33b-e1f25663db4d,Imagineleague 2026 - Legends Stage - Mandacaru E-Sports x Burrice Dotomundo,5v5,1786913712
ba91f87f-c730-46da-b7f4-16217243f83a,1-7de1ba02-5900-4a2b-8e76-7437e75b9b18,South America 5V5 Queue,5v5,1786895414
ba91f87f-c730-46da-b7f4-16217243f83a,1-5226fe74-c656-4272-863a-eb6d23db4e6a,South America 5V5 Queue,5v5,1786889796
ba91f87f-c730-46da-b7f4-16217243f83a,1-94fc8b0b-3fa3-48e8-a25e-e8f13a874538,Imagineleague 2026 -Counter-Strike 2 - Group Stage,5v5,1786826748
ba91f87f-c730-46da-b7f4-16217243f83a,1-f24bbfa7-0f93-47f1-99ff-d77d93e2da30,Imagineleague 2026 -Counter-Strike 2 - Group Stage,5v5,1786820032
ba91f87f-c730-46da-b7f4-16217243f83a,1-8a3d3d96-d574-498f-815e-fb44caaee5ba,Imagineleague 2026 -Counter-Strike 2 - Group Stage,5v5,1786814890
ba91f87f-c730-46da-b7f4-16217243f83a,1-54fe33e2-f49b-4337-8c92-82fa9ef7644c,South America 5V5 Queue,5v5,1786559222
ba91f87f-c730-46da-b7f4-16217243f83a,1-9edc7401-5ed2-43d7-8792-391570bba0e0,South America 5V5 Queue,5v5,1786556299
ba91f87f-c730-46da-b7f4-16217243f83a,1-6983e483-929a-411c-9447-09e4ab3c5f1b,South America 5V5 Queue,5v5,1786490680
ba91f87f-c730-46da-b7f4-16217243f83a,1-d655b0fa-8f94-4676-b841-045dc957b95a,South America 5V5 Queue,5v5,1786480296
ba91f87f-c730-46da-b7f4-16217243f83a,1-bd094966-70fd-4101-8417-dee426d763f4,South America 5V5 Queue,5v5,1786402651
ba91f87f-c730-46da-b7f4-16217243f83a,1-907851fd-650d-4014-886b-b5f4b85792c3,South America 5V5 Queue,5v5,1786396683
ba91f87f-c730-46da-b7f4-16217243f83a,1-2d674052-60ab-4969-8ecb-511c2f96cbc5,South America 5V5 Queue,5v5,1786393468
ba91f87f-c730-46da-b7f4-16217243f83a,1-8f5d9767-f56a-421c-a410-19081356da96,South America 5V5 Queue,5v5,1786389359
ba91f87f-c730-46da-b7f4-16217243f83a,1-84bea955-8f93-42b2-86c5-7f81e265263c,South America 5V5 Queue,5v5,1786385489
ba91f87f-c730-46da-b7f4-16217243f83a,1-c45f0f9f-0a0d-473b-8ed4-3832ea52fff3,South America 5V5 Queue,5v5,1786383386
ba91f87f-c730-46da-b7f4-16217243f83a,1-5a9a3195-07dd-4545-bc35-43916a613a74,South America 5V5 Queue,5v5,1786055357
ba91f87f-c730-46da-b7f4-16217243f83a,1-e654d744-3bfd-4cc7-b872-9250f23db12b,South America 5V5 Queue,5v5,1786047861
ba91f87f-c730-46da-b7f4-16217243f83a,1-0afd1dab-34ab-4031-85ac-244293e83d4c,South America 5V5 Queue,5v5,1786043985
ba91f87f-c730-46da-b7f4-16217243f83a,1-425bdbf8-8353-4e7f-967b-b1fff691df48,South America 5V5 Queue,5v5,1786040382
ba91f87f-c730-46da-b7f4-16217243f83a,1-c16ae053-8919-4725-a886-7abbfd5ea29c,South America 5V5 Queue,5v5,1786036001
ba91f87f-c730-46da-b7f4-16217243f83a,1-bd81a1e7-76bb-4358-8271-12da56738f01,South America 5V5 Queue,5v5,1785964648
0a3ccb1b-fd7f-43d6-985a-33b496e406bb,1-d0016688-b33b-4495-9b9c-336cda4d2f1d,South America 5V5 Queue,5v5,1787684203
0a3ccb1b-fd7f-43d6-985a-33b496e406bb,1-e5dcd366-12f5-4b0e-a6d4-52d4891aad69,South America 5V5 Queue,5v5,1787679463
0a3ccb1b-fd7f-43d6-985a-33b496e406bb,1-7f70cca0-f8d3-41d6-815a-ab4bad4d717e,South America 5V5 Queue,5v5,1787677212
0a3ccb1b-fd7f-43d6-985a-33b496e406bb,1-22e7830c-0559-4c73-82a6-a0d915d2be54,South America 5V5 Queue,5v5,1787663799
0a3ccb1b-fd7f-43d6-985a-33b496e406bb,1-96be51a1-8ee1-42ac-bb15-5cc1b52e746d,South America 5V5 Queue,5v5,1787623195
0a3ccb1b-fd7f-43d6-985a-33b496e406bb,1-b0d2e987-0680-4336-ace0-5e3df4d4b2fe,South America 5V5 Queue,5v5,1787600741
0a3ccb1b-fd7f-43d6-985a-33b496e406bb,1-b90ce887-cab3-4888-884b-a2bb4b7b3b15,South America 5V5 Queue,5v5,1787598398
0a3ccb1b-fd7f-43d6-985a-33b496e406bb,1-45ff93fe-808d-434e-a1e8-ad14a7a6a7ef,South America 5V5 Queue,5v5,1787595242
0a3ccb1b-fd7f-43d6-985a-33b496e406bb,1-865635fc-ba06-441a-ae0e-afee2533a917,South America 5V5 Queue,5v5,1787592947
0a3ccb1b-fd7f-43d6-985a-33b496e406bb,1-cd8dbc34-ce2a-4f3d-9050-cc4615aea49a,South America 5V5 Queue,5v5,1787590324
0a3ccb1b-fd7f-43d6-985a-33b496e406bb,1-ad3f8ef0-f9a0-4fb4-91c0-1e255832fa64,South America 5V5 Queue,5v5,1787584009
0a3ccb1b-fd7f-43d6-985a-33b496e406bb,1-453097b3-90ca-44cf-b69a-e828844d7316,South America 5V5 Queue,5v5,1787581786
0a3ccb1b-fd7f-43d6-985a-33b496e406bb,1-a8ce09ee-59b2-4ee5-a446-37653c27ced2,South America 5V5 Queue,5v5,1787577973
0a3ccb1b-fd7f-43d6-985a-33b496e406bb,1-89a023ba-b4a7-446a-932f-188ec236a3d8,South America 5V5 Queue,5v5,1787532473
0a3ccb1b-fd7f-43d6-985a-33b496e406bb,1-dc58ebc7-beb8-44b6-ae09-ea6a6f5e4625,South America 5V5 Queue,5v5,1787529709
0a3ccb1b-fd7f-43d6-985a-33b496e406bb,1-7f92afb2-e5f7-4a80-badf-200a11c62e07,South America 5V5 Queue,5v5,1787526993
0a3ccb1b-fd7f-43d6-985a-33b496e406bb,1-48ff8e78-1cf0-402a-b21d-308e61f6a9a4,South America 5V5 Queue,5v5,1787524467
0a3ccb1b-fd7f-43d6-985a-33b496e406bb,1-c27f2b56-460b-4294-9619-c6e2b8e7a8bb,South America 5V5 Queue,5v5,1787522136
0a3ccb1b-fd7f-43d6-985a-33b496e406bb,1-e5888487-26f0-40a4-b2d2-a23ed15ab775,South America 5V5 Queue,5v5,1787508884
0a3ccb1b-fd7f-43d6-985a-33b496e406bb,1-0c051ee9-7ec3-4b39-bb24-6b32dbcb0d31,South America 5V5 Queue,5v5,1787506213
0a3ccb1b-fd7f-43d6-985a-33b496e406bb,1-9c6cbae0-d95f-468e-80cb-f69c35d93bbe,South America 5V5 Queue,5v5,1787447674
0a3ccb1b-fd7f-43d6-985a-33b496e406bb,1-11c0f5d5-b64e-4232-bcd7-6f58320e08ae,South America 5V5 Queue,5v5,1787443873
0a3ccb1b-fd7f-43d6-985a-33b496e406bb,1-53db7695-e4b4-4ee4-95b9-c86544b480ad,South America 5V5 Queue,5v5,1787357182
0a3ccb1b-fd7f-43d6-985a-33b496e406bb,1-ce5b496e-e629-4056-a59f-6764baa8cc15,South America 5V5 Queue,5v5,1787340400
0a3ccb1b-fd7f-43d6-985a-33b496e406bb,1-7b015c0d-0bcb-4338-be1b-e566e117b3f1,South America 5V5 Queue,5v5,1787333767
0a3ccb1b-fd7f-43d6-985a-33b496e406bb,1-9d064e43-2b14-4057-a0e1-c67abb126b09,South America 5V5 Queue,5v5,1787272660
0a3ccb1b-fd7f-43d6-985a-33b496e406bb,1-aeb0f51e-2e58-43ae-b35d-67725f7ded93,South America 5V5 Queue,5v5,1787255682
0a3ccb1b-fd7f-43d6-985a-33b496e406bb,1-7179172e-a39d-49d9-9e83-307a07cf4cd8,South America 5V5 Queue,5v5,1787245659
0a3ccb1b-fd7f-43d6-985a-33b496e406bb,1-859c78ca-fbd0-4b4d-91f9-9d98f617c8da,South America 5V5 Queue,5v5,1787240752
0a3ccb1b-fd7f-43d6-985a-33b496e406bb,1-bce7edde-e2e7-44a9-a3a6-ab75da32eff5,South America 5V5 Queue,5v5,1787165627
d3d49895-11a9-4c54-a3d3-daee0d65cc50,1-525b796c-0a32-4e78-9eb5-d1ad92a29560,South America 5V5 Queue,5v5,1787377707
d3d49895-11a9-4c54-a3d3-daee0d65cc50,1-a8ce5b05-5ad3-4ede-afbe-edb29c58d37b,South America 5V5 Queue,5v5,1787368924
d3d49895-11a9-4c54-a3d3-daee0d65cc50,1-b1ce185d-5607-4d45-a133-2d8a53321a51,South America 5V5 Queue,5v5,1787365645
d3d49895-11a9-4c54-a3d3-daee0d65cc50,1-a1600059-d93b-497c-9109-12203b28783b,South America 5V5 Queue,5v5,1787362177
d3d49895-11a9-4c54-a3d3-daee0d65cc50,1-a40beaff-a993-4efa-9c7a-45e2932acc34,South America 5V5 Queue,5v5,1786943553
d3d49895-11a9-4c54-a3d3-daee0d65cc50,1-26f62d99-0e01-4bfb-90c4-5c802f45ae91,South America 5V5 Queue,5v5,1786941230
d3d49895-11a9-4c54-a3d3-daee0d65cc50,1-e8e03501-f57c-46d1-8391-69d1adb85c96,South America 5V5 Queue,5v5,1786938434
d3d49895-11a9-4c54-a3d3-daee0d65cc50,1-c84b207c-b381-4899-96ba-ae068bdc298c,South America 5V5 Queue,5v5,1786862558
d3d49895-11a9-4c54-a3d3-daee0d65cc50,1-42069b3b-e167-40f6-9258-1f6fe6455463,South America 5V5 Queue,5v5,1786859644
d3d49895-11a9-4c54-a3d3-daee0d65cc50,1-e33dbca2-3d2b-49e7-b3d3-716ae45393d7,South America 5V5 Queue,5v5,1786857322
d3d49895-11a9-4c54-a3d3-daee0d65cc50,1-7ced5b55-ff9c-4ac5-8fe4-2a77efb61102,South America 5V5 Queue,5v5,1786854465
d3d49895-11a9-4c54-a3d3-daee0d65cc50,1-564cccb0-eb8c-4a7a-90d9-109fc2859efb,South America 5V5 Queue,5v5,1786257391
d3d49895-11a9-4c54-a3d3-daee0d65cc50,1-fc21443f-157c-4d68-a806-27b264878d85,South America 5V5 Queue,5v5,1786251357
d3d49895-11a9-4c54-a3d3-daee0d65cc50,1-55a19872-eab0-478e-bfff-22c91c34a088,South America 5V5 Queue,5v5,1786248233
d3d49895-11a9-4c54-a3d3-daee0d65cc50,1-ea66a917-af6d-47db-84ec-1c36b5897f65,South America 5V5 Queue,5v5,1786245509
d3d49895-11a9-4c54-a3d3-daee0d65cc50,1-7b0b5d6b-5c06-491a-82ec-6dfa76fb5d0f,South America 5V5 Queue,5v5,1786243295
d3d49895-11a9-4c54-a3d3-daee0d65cc50,1-829198de-ce50-48d7-86a3-5964fc3daeff,South America 5V5 Queue,5v5,1786174066
d3d49895-11a9-4c54-a3d3-daee0d65cc50,1-fbcd5e74-658a-4aa0-a10c-875eda979b92,South America 5V5 Queue,5v5,1786171309
d3d49895-11a9-4c54-a3d3-daee0d65cc50,1-e7f949a4-65bf-48b0-94d1-22d10305134e,South America 5V5 Queue,5v5,1786167117
d3d49895-11a9-4c54-a3d3-daee0d65cc50,1-a034b925-58e3-4cf2-b1a4-c3a0250d511b,South America 5V5 Queue,5v5,1786163972
d3d49895-11a9-4c54-a3d3-daee0d65cc50,1-11019ddb-9cce-40c0-87ac-e972fba3813c,South America 5V5 Queue,5v5,1786160051
d3d49895-11a9-4c54-a3d3-daee0d65cc50,1-398bfcfc-0e8c-46a2-b9a9-15e4ebe0c5f4,South America 5V5 Queue,5v5,1785991366
d3d49895-11a9-4c54-a3d3-daee0d65cc50,1-dccdca2c-d637-412a-a1a1-c5ac303433bd,South America 5V5 Queue,5v5,1785988931
d3d49895-11a9-4c54-a3d3-daee0d65cc50,1-f29f0b3e-8810-4de1-994b-43e9f1b395b0,South America 5V5 Queue,5v5,1785551566
d3d49895-11a9-4c54-a3d3-daee0d65cc50,1-ce0c869f-cd61-42b8-aa22-f94040adfb57,South America 5V5 Queue,5v5,1785549124
d3d49895-11a9-4c54-a3d3-daee0d65cc50,1-f4e3e907-627b-4557-9d31-fa446f024bb3,South America 5V5 Queue,5v5,1785022665
d3d49895-11a9-4c54-a3d3-daee0d65cc50,1-fe4cb74b-daf0-4c97-b66c-59f1c371cd44,South America 5V5 Queue,5v5,1785019043
d3d49895-11a9-4c54-a3d3-daee0d65cc50,1-d68f606a-b25e-46d0-8ec6-4c03729cbe2c,South America 5V5 Queue,5v5,1785015058
d3d49895-11a9-4c54-a3d3-daee0d65cc50,1-7ee79896-7ecf-4552-bcb0-233682d75ba0,South America 5V5 Queue,5v5,1785012466
d3d49895-11a9-4c54-a3d3-daee0d65cc50,1-89e7e232-a0ac-4e44-8943-daf7cff80b87,South America 5V5 Queue,5v5,1784961158
77e15f31-b669-4c6f-a960-cb49870e3867,1-60dde10a-bd03-4eec-ac3d-0f3052046928,S58 SA Open Central - Regular Season,5v5 League,1787696088
77e15f31-b669-4c6f-a960-cb49870e3867,1-cf1000f2-18d4-4b17-8688-bfe832526140,South America 5V5 Queue,5v5,1787690932
77e15f31-b669-4c6f-a960-cb49870e3867,1-def85183-37bd-45f0-a66e-6287d31be93d,South America 5V5 Queue,5v5,1787622942
77e15f31-b669-4c6f-a960-cb49870e3867,1-42150d43-443b-4b0f-9542-18e0f0e76219,South America 5V5 Queue,5v5,1787612923
77e15f31-b669-4c6f-a960-cb49870e3867,1-a54181e5-1b0d-4743-9f6a-b510d11dfb85,South America 5V5 Queue,5v5,1787610692
77e15f31-b669-4c6f-a960-cb49870e3867,1-5defb9b4-614d-4012-b7e1-d1b685f2c53a,South America 5V5 Queue,5v5,1787380097
77e15f31-b669-4c6f-a960-cb49870e3867,1-8bceb87a-b23a-4f08-adb7-62d64d85c5a5,South America 5V5 Queue,5v5,1787374231
77e15f31-b669-4c6f-a960-cb49870e3867,1-29a40d82-e512-4baf-b622-7d0b2d061088,South America 5V5 Queue,5v5,1787370381
77e15f31-b669-4c6f-a960-cb49870e3867,1-888297da-8908-4c7e-91e9-663534eb0242,South America 5V5 Queue,5v5,1787368287
77e15f31-b669-4c6f-a960-cb49870e3867,1-4d2e1bd3-d16f-441a-92c0-640f0f72bb85,South America 5V5 Queue,5v5,1787361022
77e15f31-b669-4c6f-a960-cb49870e3867,1-bb69f904-e12e-42d5-981a-cdb440c5f4ec,South America 5V5 Queue,5v5,1787355325
77e15f31-b669-4c6f-a960-cb49870e3867,1-3b5c5221-d815-4b13-9b46-3258c02dea65,S58 SA Open Central - Regular Season,5v5 League,1787265697
77e15f31-b669-4c6f-a960-cb49870e3867,1-078e2bca-d09a-42cc-966d-1ed8aba97f70,South America 5V5 Queue,5v5,1787258067
77e15f31-b669-4c6f-a960-cb49870e3867,1-aeb0f51e-2e58-43ae-b35d-67725f7ded93,South America 5V5 Queue,5v5,1787255682
77e15f31-b669-4c6f-a960-cb49870e3867,1-d6af9d6e-5a79-4e53-8fe1-58edf85fdef8,South America 5V5 Queue,5v5,1787197314
77e15f31-b669-4c6f-a960-cb49870e3867,1-c70b1ef6-644d-4172-a7e8-10ea386d46c8,S58 SA Open Central - Regular Season,5v5 League,1787190714
77e15f31-b669-4c6f-a960-cb49870e3867,1-fb174609-92f4-441c-967f-1d3e77ec33cb,S58 SA Open Central - Regular Season,5v5 League,1787184812
77e15f31-b669-4c6f-a960-cb49870e3867,1-7223acae-ae8b-4124-bcb7-87fb5528aa72,South America 5V5 Queue,5v5,1787179927
77e15f31-b669-4c6f-a960-cb49870e3867,1-250efcaf-ce37-4e16-acc2-df74972d2936,South America 5V5 Queue,5v5,1787176901
77e15f31-b669-4c6f-a960-cb49870e3867,1-4619143d-17af-4257-a58e-4d3aebe1010a,South America 5V5 Queue,5v5,1787173844
77e15f31-b669-4c6f-a960-cb49870e3867,1-bab57322-6daa-456e-9411-99030c5d17c6,South America 5V5 Queue,5v5,1787118569
77e15f31-b669-4c6f-a960-cb49870e3867,1-80826961-995b-4aa0-b01a-3b03704ad152,South America 5V5 Queue,5v5,1787105852
77e15f31-b669-4c6f-a960-cb49870e3867,1-9868a214-660f-47d7-86f0-b11d1bdf30df,South America 5V5 Queue,5v5,1787104138
77e15f31-b669-4c6f-a960-cb49870e3867,1-f0f67b2d-51b2-4814-81fb-10fe32ace2d8,South America 5V5 Queue,5v5,1787100021
77e15f31-b669-4c6f-a960-cb49870e3867,1-bae017ab-a5b8-454d-bd08-47af91804f1d,South America 5V5 Queue,5v5,1787018676
77e15f31-b669-4c6f-a960-cb49870e3867,1-9247d5b0-c1f4-492a-8c60-cbf63660b3ff,South America 5V5 Queue,5v5,1787014485
77e15f31-b669-4c6f-a960-cb49870e3867,1-531429ad-a032-43ec-ae3a-80f2ef37657f,South America 5V5 Queue,5v5,1787006277
77e15f31-b669-4c6f-a960-cb49870e3867,1-87df9975-e4f7-4cbf-b0c5-290ba371683c,South America 5V5 Queue,5v5,1787002959
77e15f31-b669-4c6f-a960-cb49870e3867,1-f3bfd99e-f1e0-4790-80ac-b42178f78ce7,South America 5V5 Queue,5v5,1786999447
77e15f31-b669-4c6f-a960-cb49870e3867,1-6209bf7c-4ae5-4806-aaf1-f4a26911abca,South America 5V5 Queue,5v5,1786950045
683665ef-b3a0-41e4-80d4-05ed7ffe707c,1-b7535b50-76da-4e80-904b-4542a3a7d795,South America 5V5 Queue,5v5,1787622335
683665ef-b3a0-41e4-80d4-05ed7ffe707c,1-f32cbe34-bd18-4e7c-8e95-e1e6f5aa03c8,South America 5V5 Queue,5v5,1787616545
683665ef-b3a0-41e4-80d4-05ed7ffe707c,1-7e3a9429-faa4-4ec5-9ab0-5e274cdaec62,South America 5V5 Queue,5v5,1787612502
683665ef-b3a0-41e4-80d4-05ed7ffe707c,1-559cc5c9-ab04-475b-9c79-78cfe5cfc099,South America 5V5 Queue,5v5,1787609631
683665ef-b3a0-41e4-80d4-05ed7ffe707c,1-32e68bfa-0483-484b-8b77-5a5b342a4242,South America 5V5 Queue,5v5,1787599482
683665ef-b3a0-41e4-80d4-05ed7ffe707c,1-50d677ad-3d0b-4a12-893e-3a813473ff3f,South America 5V5 Queue,5v5,1787596637
683665ef-b3a0-41e4-80d4-05ed7ffe707c,1-3bb0cf07-ad7b-428a-9b4c-e66db5d83871,South America 5V5 Queue,5v5,1787594348
683665ef-b3a0-41e4-80d4-05ed7ffe707c,1-e287d3ae-8894-4e38-8200-4809243a3818,South America 5V5 Queue,5v5,1787537538
683665ef-b3a0-41e4-80d4-05ed7ffe707c,1-2be09718-fb81-40bb-b93e-457840f568eb,South America 5V5 Queue,5v5,1787533736
683665ef-b3a0-41e4-80d4-05ed7ffe707c,1-0bcf9520-b11a-48be-b1a0-88dc33ba2865,South America 5V5 Queue,5v5,1787517498
683665ef-b3a0-41e4-80d4-05ed7ffe707c,1-fdb8aed6-6390-4d6f-ab92-0f85c06f8cb9,South America 5V5 Queue,5v5,1787514450
683665ef-b3a0-41e4-80d4-05ed7ffe707c,1-3a2af743-a097-402c-9e57-9474bf1da030,South America 5V5 Queue,5v5,1787511389
683665ef-b3a0-41e4-80d4-05ed7ffe707c,1-76b01b92-ec9b-49ad-8e05-37f3e936cd65,South America 5V5 Queue,5v5,1787509980
683665ef-b3a0-41e4-80d4-05ed7ffe707c,1-b5d58a60-a84f-48bb-be0b-f911a11404d1,South America 5V5 Queue,5v5,1787506952
683665ef-b3a0-41e4-80d4-05ed7ffe707c,1-dc56bfa1-dd82-4e56-8b5d-119766494628,South America 5V5 Queue,5v5,1787369790
683665ef-b3a0-41e4-80d4-05ed7ffe707c,1-c8933882-d11f-4954-8416-69f304bb7f7f,South America 5V5 Queue,5v5,1787366110
683665ef-b3a0-41e4-80d4-05ed7ffe707c,1-562f5427-11bc-4ec0-860e-31421755e7ac,South America 5V5 Queue,5v5,1787360328
683665ef-b3a0-41e4-80d4-05ed7ffe707c,1-d9f27e32-8b47-4711-b24c-63aae037f5f4,South America 5V5 Queue,5v5,1787357174
683665ef-b3a0-41e4-80d4-05ed7ffe707c,1-2f84ab79-7c21-4f53-96a7-f2abf3507d26,South America 5V5 Queue,5v5,1787280800
683665ef-b3a0-41e4-80d4-05ed7ffe707c,1-74917274-86fd-498a-86f8-01460bd87ea4,South America 5V5 Queue,5v5,1787277688
683665ef-b3a0-41e4-80d4-05ed7ffe707c,1-e104aa5c-8d34-47a5-9487-47487d458967,South America 5V5 Queue,5v5,1787273054
683665ef-b3a0-41e4-80d4-05ed7ffe707c,1-fa6ed046-37b2-45a2-be89-d9948018d847,South America 5V5 Queue,5v5,1787269681
683665ef-b3a0-41e4-80d4-05ed7ffe707c,1-9910ce24-7271-49f5-abb6-774ef18f6700,South America 5V5 Queue,5v5,1787202221
683665ef-b3a0-41e4-80d4-05ed7ffe707c,1-50ca3042-8f57-459a-9174-3dd34238779f,South America 5V5 Queue,5v5,1787200053
683665ef-b3a0-41e4-80d4-05ed7ffe707c,1-c447b272-aaa0-4e2c-8358-e588255f8087,South America 5V5 Queue,5v5,1787197782
683665ef-b3a0-41e4-80d4-05ed7ffe707c,1-871f170f-57a8-4a2c-a248-16cf25864c33,South America 5V5 Queue,5v5,1787193464
683665ef-b3a0-41e4-80d4-05ed7ffe707c,1-705b8e89-11e6-417b-9fe5-c992480ad439,South America 5V5 Queue,5v5,1787187902
683665ef-b3a0-41e4-80d4-05ed7ffe707c,1-ef9a9a31-acd6-4d0a-9efd-7810558dd1c1,South America 5V5 Queue,5v5,1787183692
683665ef-b3a0-41e4-80d4-05ed7ffe707c,1-c41e8403-d719-4cad-8101-2aee855f5c6d,South America 5V5 Queue,5v5,1787179682
683665ef-b3a0-41e4-80d4-05ed7ffe707c,1-250efcaf-ce37-4e16-acc2-df74972d2936,South America 5V5 Queue,5v5,1787176901
578fccfa-9b82-429c-b797-645740763f8b,1-3b031321-db15-4721-b905-74f5a2df15b1,South America 5V5 Queue,5v5,1787553778
578fccfa-9b82-429c-b797-645740763f8b,1-6d89aed8-7872-47e8-90f9-769e04a28e44,South America 5V5 Queue,5v5,1787550723
578fccfa-9b82-429c-b797-645740763f8b,1-843ef026-ef10-4c2a-a93b-3ef35e2cc3fc,South America 5V5 Queue,5v5,1787546425
578fccfa-9b82-429c-b797-645740763f8b,1-6c19e5f5-12fb-42cc-bc69-ac2a98265d2c,South America 5V5 Queue,5v5,1787543489
578fccfa-9b82-429c-b797-645740763f8b,1-3f779816-1266-40e8-b13f-cc228bc106e6,South America 5V5 Queue,5v5,1787540902
578fccfa-9b82-429c-b797-645740763f8b,1-6ca5dae5-5799-4768-acf5-33e8986f7e3e,South America 5V5 Queue,5v5,1787537859
578fccfa-9b82-429c-b797-645740763f8b,1-525b796c-0a32-4e78-9eb5-d1ad92a29560,South America 5V5 Queue,5v5,1787377707
578fccfa-9b82-429c-b797-645740763f8b,1-6431d10c-a7f1-45b8-8743-af2f2b0d3e44,South America 5V5 Queue,5v5,1787374951
578fccfa-9b82-429c-b797-645740763f8b,1-95b6099a-d45e-4746-84d8-7e2bbf12531f,South America 5V5 Queue,5v5,1787372265
578fccfa-9b82-429c-b797-645740763f8b,1-bc3f9da7-5c68-4f77-8807-b08582c3fb47,South America 5V5 Queue,5v5,1787368074
578fccfa-9b82-429c-b797-645740763f8b,1-2d5e2cf1-b5cf-49b0-8820-24baec22f2db,South America 5V5 Queue,5v5,1787365715
578fccfa-9b82-429c-b797-645740763f8b,1-26c0d077-fd1a-4668-91ae-32ceed10cb19,South America 5V5 Queue,5v5,1786945606
578fccfa-9b82-429c-b797-645740763f8b,1-26f62d99-0e01-4bfb-90c4-5c802f45ae91,South America 5V5 Queue,5v5,1786941230
578fccfa-9b82-429c-b797-645740763f8b,1-e8e03501-f57c-46d1-8391-69d1adb85c96,South America 5V5 Queue,5v5,1786938434
578fccfa-9b82-429c-b797-645740763f8b,1-a5bcfc03-060a-44a9-8773-949ca3e9d1ad,South America 5V5 Queue,5v5,1786935492
578fccfa-9b82-429c-b797-645740763f8b,1-96f033dd-0183-47f7-9cb0-c546de83832a,South America 5V5 Queue,5v5,1786764202
578fccfa-9b82-429c-b797-645740763f8b,1-4512a091-1479-423a-80d5-19e4819228dc,South America 5V5 Queue,5v5,1786510912
578fccfa-9b82-429c-b797-645740763f8b,1-b71be65d-c533-46f1-bc3d-fb2813431ac5,South America 5V5 Queue,5v5,1786505846
578fccfa-9b82-429c-b797-645740763f8b,1-4a4c5dbe-8c2b-4f59-8584-8b4704f7b056,South America 5V5 Queue,5v5,1786503175
578fccfa-9b82-429c-b797-645740763f8b,1-05f4be99-0c44-4769-b15b-6baafb26a573,South America 5V5 Queue,5v5,1786261174
578fccfa-9b82-429c-b797-645740763f8b,1-564cccb0-eb8c-4a7a-90d9-109fc2859efb,South America 5V5 Queue,5v5,1786257391
578fccfa-9b82-429c-b797-645740763f8b,1-c07787c7-5026-4ed7-9d63-b89dcabcdfeb,South America 5V5 Queue,5v5,1786253824
578fccfa-9b82-429c-b797-645740763f8b,1-732869ce-aa38-4823-be7e-e33bb1524c8f,South America 5V5 Queue,5v5,1786251052
578fccfa-9b82-429c-b797-645740763f8b,1-390ee18b-18fd-4187-833c-e067309d5685,South America 5V5 Queue,5v5,1786247938
578fccfa-9b82-429c-b797-645740763f8b,1-829198de-ce50-48d7-86a3-5964fc3daeff,South America 5V5 Queue,5v5,1786174066
578fccfa-9b82-429c-b797-645740763f8b,1-fbcd5e74-658a-4aa0-a10c-875eda979b92,South America 5V5 Queue,5v5,1786171309
578fccfa-9b82-429c-b797-645740763f8b,1-e465ac76-f3cc-431b-b553-dcc760ebb16c,South America 5V5 Queue,5v5,1786168633
578fccfa-9b82-429c-b797-645740763f8b,1-b3ecb8b1-e783-4391-8ba4-0ff72d039e28,South America 5V5 Queue,5v5,1786165961
578fccfa-9b82-429c-b797-645740763f8b,1-de31846b-454c-44c2-bd37-3b254e900dc7,South America 5V5 Queue,5v5,1785652043
578fccfa-9b82-429c-b797-645740763f8b,1-2eb8173e-5726-4ca4-b3ba-97bcd315f6ab,South America 5V5 Queue,5v5,1785650182
38b22f5c-3654-4834-9355-148324f6279d,1-890b777e-ab53-4202-a088-dd2e8d8d5655,South America 5V5 Queue,5v5,1787631521
38b22f5c-3654-4834-9355-148324f6279d,1-5479e77d-dac6-4140-a4b2-c0f98849a846,South America 5V5 Queue,5v5,1787629651
38b22f5c-3654-4834-9355-148324f6279d,1-940487a5-eb13-4597-af70-fed9eea0c48d,South America 5V5 Queue,5v5,1787627121
38b22f5c-3654-4834-9355-148324f6279d,1-eb0feec5-c9cd-4cfd-a3ee-f2b75026bb1f,South America 5V5 Queue,5v5,1787623458
38b22f5c-3654-4834-9355-148324f6279d,1-937eef98-1a9e-4c22-a6ba-ba0ed7cac576,South America 5V5 Queue,5v5,1787605157
38b22f5c-3654-4834-9355-148324f6279d,1-949ffae8-c819-4a62-b6ea-21bb0545110b,South America 5V5 Queue,5v5,1787354044
38b22f5c-3654-4834-9355-148324f6279d,1-df9b643c-ff09-4047-b7b8-b0ce72359a25,South America 5V5 Queue,5v5,1787351333
38b22f5c-3654-4834-9355-148324f6279d,1-11ba262f-749c-488f-8c6b-038accf049b7,South America 5V5 Queue,5v5,1787348483
38b22f5c-3654-4834-9355-148324f6279d,1-3619978a-cf85-4557-b1ba-bd2d0ce4e41e,South America 5V5 Queue,5v5,1787346017
38b22f5c-3654-4834-9355-148324f6279d,1-c8db0e9b-3398-414c-9882-5f0b5755c176,South America 5V5 Queue,5v5,1787342502
38b22f5c-3654-4834-9355-148324f6279d,1-6b132c02-ad21-482e-b6c7-014aca1a4e18,South America 5V5 Queue,5v5,1787293499
38b22f5c-3654-4834-9355-148324f6279d,1-ffbe2be6-5968-4378-bf3a-e97e6d9564d8,South America 5V5 Queue,5v5,1787290238
38b22f5c-3654-4834-9355-148324f6279d,1-853062ce-f905-4022-865b-9c15ea0557ad,South America 5V5 Queue,5v5,1787287428
38b22f5c-3654-4834-9355-148324f6279d,1-c5173cbe-6481-4ab2-abdf-6ed27cd81e75,South America 5V5 Queue,5v5,1787285056
38b22f5c-3654-4834-9355-148324f6279d,1-7839bb77-4529-48d9-8332-1a252cf9eba2,South America 5V5 Queue,5v5,1787282894
38b22f5c-3654-4834-9355-148324f6279d,1-609529ed-9fa4-483d-a956-46574432f6f3,South America 5V5 Queue,5v5,1787280669
38b22f5c-3654-4834-9355-148324f6279d,1-e1b57c03-0e71-48e1-9125-d2c1493906c9,South America 5V5 Queue,5v5,1787278429
38b22f5c-3654-4834-9355-148324f6279d,1-fa6ed046-37b2-45a2-be89-d9948018d847,South America 5V5 Queue,5v5,1787269681
38b22f5c-3654-4834-9355-148324f6279d,1-af53acc1-da0e-4e3a-ba78-57f870b1fecd,South America 5V5 Queue,5v5,1787265197
38b22f5c-3654-4834-9355-148324f6279d,1-30e28450-158f-4af9-82ac-415c2947940c,South America 5V5 Queue,5v5,1787262867
38b22f5c-3654-4834-9355-148324f6279d,1-6eb0dfe9-3f81-45d3-adfb-f4bfe80bf8a4,South America 5V5 Queue,5v5,1787260527
38b22f5c-3654-4834-9355-148324f6279d,1-a145922c-4b44-47d5-99d7-306a136dcc4a,South America 5V5 Queue,5v5,1787257714
38b22f5c-3654-4834-9355-148324f6279d,1-10e3628c-c097-4a12-8671-da96e00abae5,South America 5V5 Queue,5v5,1787255751
38b22f5c-3654-4834-9355-148324f6279d,1-a454cae3-a663-41be-a8e9-5ac9569b07c4,South America 5V5 Queue,5v5,1787253586
38b22f5c-3654-4834-9355-148324f6279d,1-8b2b06f4-ca9f-427c-b870-6a10a00b772f,South America 5V5 Queue,5v5,1787171317
38b22f5c-3654-4834-9355-148324f6279d,1-353a1dfb-812e-4923-9d31-e1f5baed817c,South America 5V5 Queue,5v5,1787167625
38b22f5c-3654-4834-9355-148324f6279d,1-3a72b2f0-3f60-46ee-8b4b-45648101fa45,South America 5V5 Queue,5v5,1787165287
38b22f5c-3654-4834-9355-148324f6279d,1-ae0a72b1-04b8-4dae-af54-1bedc1a159b1,South America 5V5 Queue,5v5,1787163081
38b22f5c-3654-4834-9355-148324f6279d,1-4e937179-91da-474a-b6ad-a50bb620750b,South America 5V5 Queue,5v5,1786755745
38b22f5c-3654-4834-9355-148324f6279d,1-e636a8a2-26e4-4c7e-94e2-0ee3f998e0f0,South America 5V5 Queue,5v5,1786752889
