match_id,map,score,rounds_total,winning_team_id
1-00309c0b-d5c8-47a7-bac1-19769b6ea563,de_ancient,9 / 13,22,09e34c6e-66b1-4254-ab5e-6f969f7de721
1-00537235-b7e1-40fb-9de5-589f68bdc4fd,de_mirage,7 / 13,20,e0c1d16a-a711-4680-83bf-f4c3a7a1d62b
1-006f50af-1e5e-4557-bb87-f662af02e4ea,de_cache,13 / 7,20,3bf09b69-061e-4507-aff5-fcb237b97a1e
1-0072c09b-9889-40cf-80e6-9be763d2cc99,de_anubis,13 / 9,22,0d08a64f-2251-4b92-81af-1aa3c8f337cc
1-00749f47-f5a4-4827-979e-87be84e3e6ee,de_mirage,16 / 14,30,c818006c-9e8e-479d-819d-589006677782
1-008add6c-57b0-48d7-832f-60773cebd2db,de_mirage,13 / 5,18,7d209f54-8a3b-4012-a217-8bb4b63b1c86
1-00979bab-4ecb-4b6f-a896-b690e71e2192,de_mirage,10 / 13,23,dbc62b13-80f6-4baf-9a80-0812ebb82bc3
1-00eb41f8-c489-4bd0-afe5-bf67b545795c,de_anubis,19 / 17,36,bf3b4caf-a2d2-4f79-beac-12060d29a4bc
1-01168cf9-861d-4755-bb24-05314778b0bc,de_mirage,13 / 9,22,358fd901-ea31-4f54-bc9a-52fb297e8fb4
1-0137f6e7-47c2-47e2-8e79-4901a78c5074,de_dust2,6 / 13,19,a66cccad-09ee-4222-bb11-b3720e4a7607
1-016697b4-eade-4655-b1b6-25a8b1e3a5eb,de_mirage,13 / 8,21,b46c5e6d-3858-4ca7-9e2b-6dd418608d61
1-01689838-49a2-422e-b180-b5368121329c,de_dust2,11 / 13,24,ea37b261-0365-4e97-a40f-1bddae30533a
1-0175c95b-8616-4a06-87ad-b69401798dcd,de_mirage,13 / 11,24,8f611df5-eb41-4ac1-955e-5026ac17b2a2
1-01a2b91a-49e6-4407-970a-43c5e410d346,de_nuke,16 / 14,30,738aee09-fb3c-4162-b64b-cc48350281e8
1-01e0ca7d-4c58-46b0-89b7-595aef941175,de_mirage,13 / 7,20,a2b1f76a-46ae-443b-9fb8-ea80d26a2f0f
1-01fe23a3-824a-44c6-8d84-dbd3e0706c86,de_mirage,13 / 11,24,eac299a9-532f-425e-a4dc-0f3c3314adff
1-022b0304-0736-4003-9900-04612b2d0a2f,de_dust2,2 / 13,15,820378e5-c103-40b6-b6de-44c63a4b7d1c
1-028c8c8e-8480-42ee-b1ac-55e40e4170d0,de_mirage,13 / 5,18,a66cccad-09ee-4222-bb11-b3720e4a7607
1-02980810-eb89-4d33-9a06-9eef3340c70a,de_mirage,13 / 7,20,0c499a8b-d9b6-4451-a026-37388f9d35a8
1-02d7d92d-66a5-45a2-a944-e8addd6fb75d,de_dust2,6 / 13,19,7cfbd6d1-0989-4464-b58b-30b951698fae
1-02f6f4c6-9bd3-40cf-b590-f1854bf277b1,de_dust2,13 / 5,18,7258ad00-6327-4edc-bcc7-157dfadf36f7
1-02f6f4c6-9bd3-40cf-b590-f1854bf277b1,de_inferno,9 / 13,22,c0c456cb-a121-4417-895a-7455ebdd6f9f
1-02f6f4c6-9bd3-40cf-b590-f1854bf277b1,de_nuke,8 / 13,21,c0c456cb-a121-4417-895a-7455ebdd6f9f
1-030a7c97-a7d7-405c-bea0-3b9888c86213,de_mirage,13 / 8,21,5ef80547-b457-45b0-ab79-e3f614e4fb7d
1-030e6f29-685d-4ea3-a73c-633d98bed34b,de_dust2,13 / 7,20,c6154c13-83dd-4d8d-997c-e8bbb8ae5199
1-03204399-9df1-45c2-b41a-ac30cb83fc7e,de_anubis,13 / 10,23,f3992de8-e9df-4582-b485-e9161c440430
1-0325f4ab-76c9-4227-b75d-ea6b5b1b0f08,de_ancient,6 / 13,19,34959527-ba42-437c-9553-e5e57e087883
1-034fdddb-b3e9-405f-b838-587f050cbce6,de_mirage,0 / 8,8,09e34c6e-66b1-4254-ab5e-6f969f7de721
1-0366135f-c509-4d65-bcc3-82d1f6fce66c,de_mirage,13 / 5,18,093d9086-3581-4500-8f69-20a7839f8fe1
1-038cf8e9-16ea-4b10-9aaf-9e31d5b72e9e,de_mirage,13 / 7,20,9f5d946b-5e0a-4c05-9e3e-67382432cdc1
1-03955421-5f1b-45df-bbdb-e7cb48eb7c5f,de_dust2,13 / 7,20,49326871-f2b9-4e9f-9c79-82ae1f9acd80
1-03959157-d134-4995-bcda-20dd59be5ea0,de_mirage,13 / 10,23,370ee462-d08b-4eb7-adce-fe869bee3b41
1-0398edfd-5ba3-4719-8947-73dec53b47be,de_dust2,16 / 13,29,43a14ace-24f0-4454-b556-1e4e277cad55
1-03dab5d8-3879-490f-ae1a-ea1b4b26f201,de_anubis,3 / 13,16,072ad70a-0d8b-4773-9d35-99a3eba3d1e8
1-03ff67da-9e24-4e44-bf33-9aefd5bb66e0,de_ancient,8 / 13,21,1fb315a1-aaf0-4d31-9f24-cdd6afe6e657
1-04297a39-7560-4b2b-8031-5c4424f86116,de_anubis,16 / 14,30,39d9655f-58fb-4550-93ec-6bde8df12211
1-0429e6f9-07e2-4df9-8e58-9e1b479522bc,de_mirage,13 / 9,22,0861737b-014e-43db-b266-7b2886c8a071
1-0457f066-feab-4c07-9fdc-4a7c46c2ec94,de_mirage,8 / 13,21,1fb315a1-aaf0-4d31-9f24-cdd6afe6e657
1-04af89ad-cc0f-439d-9ef3-2598edcf812e,de_dust2,2 / 13,15,fb4a2659-57ac-41f5-a831-cf2e3992a077
1-04b1ca73-e9ca-4e3f-a58d-5522e8684173,de_mirage,13 / 11,24,64858d84-258f-4e68-961d-e0ee42b83ce9
1-04fa7a99-4d38-4da9-a375-16e9de6ee24c,de_dust2,13 / 7,20,a66cccad-09ee-4222-bb11-b3720e4a7607
1-051352a7-ee9d-40cf-ad6b-06f47d609211,de_dust2,13 / 8,21,0adb9e6f-3969-4555-86f3-f8604483e611
1-051d5db6-a6fb-43f1-a4bb-7ec59e91acf5,de_mirage,6 / 13,19,df89facc-bdea-4938-b99b-e86ea940f3c6
1-051ff012-64c6-4379-ba31-958175c73695,de_mirage,5 / 13,18,c602641e-533f-43e3-9c2d-e3e8ff687ca0
1-055afa74-13ad-444e-914b-337b4e517f7b,de_mirage,16 / 19,35,2b3f6257-cf5c-446a-95ba-9f4913917608
1-056313bb-362c-4490-bc4b-0f84632c4f0d,de_mirage,7 / 13,20,5d8102de-7608-4700-b008-e4fa376338a7
1-05bf363b-5a14-4438-bbe0-69958e7e1329,de_mirage,13 / 5,18,2991b9bb-478c-4dbc-8c83-0246605022f7
1-05f4be99-0c44-4769-b15b-6baafb26a573,de_mirage,13 / 11,24,578fccfa-9b82-429c-b797-645740763f8b
1-0600a67d-514a-46cb-bf3e-7890bb849c45,de_nuke,16 / 12,28,621b97a0-92fe-480b-96cb-aad95cf2515e
1-061cf292-13d0-411e-ac91-6350aec65986,de_dust2,11 / 13,24,dd8b2125-7753-464f-8445-1ade23d31f55
1-0651c541-e099-40f9-a8f8-b2ad4c019316,de_dust2,13 / 10,23,b2eebb3b-868c-4e25-8759-da096407f361
1-06589b63-4cc9-4486-b944-e9d1d58b593b,de_ancient,13 / 10,23,16d6d3dd-9dbe-46e5-a80d-4da1654c14b6
1-06bd188e-ed46-465b-8b7b-518571e7fde7,de_mirage,1 / 13,14,536211d8-a112-4614-879e-8613ea5c3582
1-06c64039-e4de-4e8d-bdab-02fe05723f65,de_mirage,13 / 5,18,b0477302-118a-46ee-99ca-6f4879091c63
1-06ed59af-256b-42d4-8917-b0e39697fcfc,de_mirage,13 / 8,21,54069a11-31bb-40b9-a65c-2ce8a7fd9c56
1-0708a2c9-969e-4956-851f-78cfc698dbe5,de_mirage,11 / 13,24,73b68208-55fe-4396-89bf-34196dee9a7e
1-070caffe-aa23-4360-aef9-718c86a5e6c4,de_mirage,2 / 13,15,7f125d61-3b7b-4e2f-a781-10932a676970
1-071d1418-28bb-4181-b0ec-11cd3f8b4a0b,de_anubis,8 / 13,21,d165cfb2-59fa-4f87-9092-e6cf84e12041
1-0728f95b-0aa9-4eec-9f34-ec16790580ed,de_dust2,13 / 11,24,780ff937-76e4-4608-9406-c2fdae354a69
1-073b3de0-17e3-4be3-a9d5-ca982b2971b2,de_mirage,4 / 13,17,d877614f-e101-414a-9a7b-cb0e05843359
1-075767dc-c40f-43e4-a75a-76fca0a509d0,de_dust2,13 / 4,17,9793fc23-8509-4fc2-bb5e-f72e6b9694c3
1-07625fe7-bddf-4795-ba72-cb7d28e3e357,de_ancient,13 / 3,16,5958f8e0-04c2-4499-bc94-b79d0f0effb4
1-078e2bca-d09a-42cc-966d-1ed8aba97f70,de_dust2,7 / 13,20,865f6608-8233-4589-8578-b4ab979b64e2
1-0797dcd9-69db-42d5-8882-e958d806049c,de_mirage,13 / 10,23,89d0fc8b-fa08-4fbe-acc8-b34a205995e7
1-07b1cbfc-6de4-43f2-88b9-9e9504e4f5c4,de_mirage,13 / 7,20,4ee1fe2d-a080-4dfb-8a1a-f3426412af1a
1-07bb3550-3392-4a4a-b248-dd8252987ccb,de_dust2,11 / 13,24,5cb2ed8e-1aed-4c98-8f30-cc990d61f4c7
1-07f8c270-5388-4667-ac08-5a6fc71ff4e7,de_mirage,13 / 9,22,10da9dfa-5058-41f0-9aff-636f418fc139
1-07fa4c49-5f5b-4f99-bad4-0f00a4608761,de_dust2,2 / 13,15,838563f2-5a3c-4047-bc79-a03a7b3b4579
1-07fbea90-0d61-4fd1-8759-cbc055194a90,de_dust2,10 / 13,23,b46c5e6d-3858-4ca7-9e2b-6dd418608d61
1-0809a0e2-585f-4268-8641-bd19b1a4fa72,de_mirage,12 / 16,28,1830d4f8-a243-47d8-b8b8-943f7170b163
1-0817500a-f061-4f37-bb01-910526e07813,de_ancient,10 / 13,23,1a4bfb44-0ab1-40f3-9150-688b04cfe158
1-0826736e-47bb-4704-b010-954018509d07,de_mirage,13 / 9,22,ed977cb8-0020-47f7-bcad-b4025eb7a259
1-082e83a6-a9d3-4d1f-a3e3-68506fb0981a,de_mirage,17 / 19,36,10a2caf7-b82f-4889-bc8a-565249e5cca0
1-0853ad86-7647-4989-ab45-69acd748e65f,de_dust2,9 / 13,22,da04c54b-2ad8-464c-81b0-e100bcea7e92
1-087f338f-49f8-43fe-b486-175ae463dc60,de_dust2,5 / 13,18,792875fa-b657-46ef-9f26-0d3a601fac38
1-088791ee-a2b0-49db-bc41-0e6d91220a7d,de_mirage,8 / 13,21,a5fa9e4c-0beb-4b4b-94bf-fbda21fe9fe4
1-089aa05c-88ac-4c67-9124-64ed9320dcf9,de_nuke,13 / 6,19,820378e5-c103-40b6-b6de-44c63a4b7d1c
1-08ac4e6f-b6c6-48d1-91a1-fb854ec3f12e,de_dust2,13 / 16,29,ed977cb8-0020-47f7-bcad-b4025eb7a259
1-08c861d3-0efa-48b6-8750-a7725a82a063,de_anubis,13 / 5,18,112205c3-ea48-44a0-90f5-b4a34214b1a7
1-0902986a-13d5-4085-8230-c3ecbf1b1485,de_ancient,7 / 13,20,3b2a3913-4435-486c-a0b1-8a85fdbaa944
1-091c1e91-4372-41c8-a058-c0a298b99bc5,de_mirage,8 / 13,21,702c9dd5-c84d-42de-942e-58e921fd34d9
1-0920b5bc-209a-4534-8da0-cf5404a579a1,de_anubis,10 / 13,23,72cf4cad-59a2-4766-8923-b87294a1fa1f
1-09443468-9d4b-47d8-a0df-325e85ae8d65,de_mirage,13 / 2,15,0090092d-eca9-4047-a8c2-7693c494d356
1-09501624-6194-4fa2-942d-d4be52fc980c,de_anubis,9 / 13,22,6f5dc0d2-e3c3-431b-8ecf-341b3d15d13e
1-095598bb-6a93-437a-88cc-2f5d5bf8cf35,de_dust2,13 / 7,20,46dc5827-b175-4ae8-b803-d3a26b5f03ab
1-0964d523-6355-4d94-bee8-1a863a3919f6,de_mirage,13 / 11,24,0a38e0a3-03a1-4aea-8c24-396ad8d802c1
1-0967722d-2d59-49d1-8967-63e02df99fb4,de_mirage,6 / 13,19,d80cd889-23b4-4825-9e0c-c655c6849764
1-09700c19-ca80-49a4-bac5-d6bcd1742272,de_mirage,13 / 9,22,4960fa72-7574-43ff-88dc-e6a44a8b636c
1-0995245f-3c14-4f76-983c-74fb49513cfa,de_mirage,13 / 9,22,eac299a9-532f-425e-a4dc-0f3c3314adff
1-09f7a5d5-0d08-499a-bd24-3454bdf5bd68,de_mirage,13 / 10,23,ea19871b-5961-4b94-aff7-5a30639177e4
1-0a100d80-1358-4906-8029-a588bef0186f,de_cache,11 / 13,24,83406320-b332-4d23-b599-0ed9c4472a06
1-0a33927b-e31a-4282-8752-7f1250989cd0,de_dust2,5 / 13,18,a2b1f76a-46ae-443b-9fb8-ea80d26a2f0f
1-0a3bf2aa-6a26-4d04-a4ce-9b6d79cf6b17,de_mirage,13 / 4,17,83406320-b332-4d23-b599-0ed9c4472a06
1-0aa1b042-1927-400b-90bd-9e770632f869,de_cache,13 / 5,18,a66cccad-09ee-4222-bb11-b3720e4a7607
1-0ac7dbaf-dd51-4979-b819-8e0146145125,de_mirage,13 / 2,15,46dc5827-b175-4ae8-b803-d3a26b5f03ab
1-0afd1dab-34ab-4031-85ac-244293e83d4c,de_ancient,13 / 10,23,81a94ffc-a33c-4850-8fcb-0e9314bd672c
1-0b07002e-4357-42a3-ac46-b41dc76080fb,de_dust2,7 / 13,20,4ee1fe2d-a080-4dfb-8a1a-f3426412af1a
1-0b27f2e9-d46d-4691-b153-8f66a991c707,de_nuke,13 / 8,21,f5e7d91c-8b54-4fb1-88a6-ad6b57228707
1-0b2bdb21-11f6-46f1-80e7-82c2fc0d904f,de_anubis,13 / 10,23,02b6d7ad-3837-4792-9876-49091d5a2dbd
1-0b3ae9b8-e243-40eb-a18e-da7ddae710cd,de_mirage,4 / 13,17,d4697e5d-6fb9-41f0-b6a0-54832e3eecc1
1-0b40f545-4e2d-4159-9eaf-ae8bc99495a8,de_ancient,4 / 13,17,86c3887b-322a-4a00-b6e8-4bb639aab809
1-0bb506eb-0484-46bc-a688-d9fae168cff9,de_ancient,7 / 13,20,f6e836fc-23e5-4a2e-9001-1ce1add1083f
1-0bcaa533-19d7-4286-8421-9c39a7fca35e,de_mirage,7 / 13,20,1b7ce264-cae4-45c5-afb1-526123adaf65
1-0bcf9520-b11a-48be-b1a0-88dc33ba2865,de_ancient,13 / 10,23,683665ef-b3a0-41e4-80d4-05ed7ffe707c
1-0bdaeb0c-1f4f-43a4-9882-eaccf951f6dc,de_ancient,13 / 11,24,62226040-6048-4f4a-9437-8d7e55db912d
1-0c051ee9-7ec3-4b39-bb24-6b32dbcb0d31,de_mirage,14 / 16,30,93c8b074-488d-4673-8824-2d8d18441c82
1-0c1117e1-5b00-4189-a019-7cc56b5d2bd2,de_mirage,9 / 13,22,8c8abec3-0928-47c1-a33e-e5edc12e5d94
1-0c1ca80f-776d-46d9-be8b-f8aa515f931e,de_mirage,13 / 8,21,83406320-b332-4d23-b599-0ed9c4472a06
1-0c4fa4ab-6fcb-49f2-938d-952cf446bd14,de_dust2,7 / 13,20,536211d8-a112-4614-879e-8613ea5c3582
1-0c7e17de-6d75-45cc-bac6-9163ad5266e3,de_mirage,11 / 13,24,e7e8207b-9764-4909-91a9-e74d4a54eeac
1-0c857050-ce93-4a52-8f36-bc313b9b681c,de_dust2,13 / 10,23,2612e8d3-c978-45b1-b475-2b0aaabbb08d
1-0d20c83d-71b6-4a28-ae4a-ec2f27a95c89,de_inferno,10 / 13,23,1e434c74-f547-4fbf-8808-7ab0dfc16dd9
1-0d4db8ef-8588-429b-b8a2-5291b186e89c,de_dust2,11 / 13,24,eac299a9-532f-425e-a4dc-0f3c3314adff
1-0d604a3a-9ce3-44b1-a842-20a1aed9e021,de_dust2,13 / 9,22,49411d69-e811-4163-8d29-21ab3a0cea7c
1-0d669bab-76c5-447c-b4b1-8ab9021a8443,de_mirage,13 / 4,17,88389e8b-60f7-4702-a76c-e58a87fdfd8c
1-0da64fa2-6d45-48ed-848a-73d4a1f5ff69,de_mirage,0 / 13,13,71ea9955-8400-4553-87a5-4c325923d21f
1-0dc70d72-1a6e-46dd-bb01-f5bad9f68223,de_ancient,10 / 13,23,1fb315a1-aaf0-4d31-9f24-cdd6afe6e657
1-0de2f559-302c-4bcf-b54d-2b6459156287,de_mirage,2 / 13,15,a66cccad-09ee-4222-bb11-b3720e4a7607
1-0e6ba703-6026-4dfc-9648-8b456d2d97c8,de_dust2,11 / 13,24,157dfd0a-e241-47ab-8f79-35b941a94e58
1-0e8b388a-3a11-4968-ad4d-39be07319d5e,de_mirage,13 / 6,19,0c715f3d-bd25-4e2a-af9d-2477f0ec3aa4
1-0e96b64e-8268-4b6d-957c-5a64d0ba5718,de_ancient,8 / 1,9,3e777f15-2311-4f24-b53e-07e2c8f570be
1-0e9be792-a190-43cb-88b2-12624af8ca2b,de_mirage,5 / 13,18,1a4bfb44-0ab1-40f3-9150-688b04cfe158
1-0ea36e5d-6db0-460e-900e-314689d9edd9,de_mirage,13 / 5,18,045f9998-20dd-419f-9d23-3af2c5bed357
1-0ead957b-b260-4763-a54f-28fc26608708,de_anubis,11 / 13,24,045f9998-20dd-419f-9d23-3af2c5bed357
1-0ed3a0cf-a5d1-48d7-800b-aa0168bb9e59,de_mirage,1 / 13,14,738aee09-fb3c-4162-b64b-cc48350281e8
1-0ee77569-a528-49a1-9e1f-d87985fd0dec,de_anubis,13 / 8,21,b6783c97-0a9e-4230-943e-7e4bed42ce6e
1-0ef450b2-8573-4e78-8fbe-a697ae560993,de_mirage,1 / 13,14,a66cccad-09ee-4222-bb11-b3720e4a7607
1-0f04e97c-1f53-429a-9ccb-4c778e0a969d,de_dust2,13 / 4,17,b873c3aa-a0c0-4298-b9f4-7d508d1ee304
1-0f55baef-a464-4d19-9e89-137cf7f66e69,de_mirage,6 / 13,19,0adb9e6f-3969-4555-86f3-f8604483e611
1-0f8cfc37-77b2-400b-8394-243ce2c0e4d9,de_mirage,7 / 13,20,a7f4c0d0-519d-4828-a54c-a94bd1324cf7
1-0fcc3fab-8cb4-45e4-8e3e-c86ea47a98a7,de_mirage,9 / 13,22,6b707363-7f72-416d-8af6-27390611af1c
1-0ffd0197-c81d-442b-a7fe-88a5fd5c60d4,de_mirage,13 / 6,19,10da9dfa-5058-41f0-9aff-636f418fc139
1-1026bcb9-bfa8-4e79-b250-2a50f2e00bc1,de_mirage,8 / 13,21,6f5dc0d2-e3c3-431b-8ecf-341b3d15d13e
1-1059f499-c4ae-4a25-b6e2-99630ac1d4f4,de_mirage,11 / 13,24,a755bb8d-17d2-4f7a-bd41-74c4f898db9c
1-108afb30-cca8-4af6-b341-d1858c0535b9,de_mirage,13 / 10,23,d7cfe3be-cb1c-4f42-9d18-029a3ad13d91
1-10e3628c-c097-4a12-8671-da96e00abae5,de_inferno,2 / 13,15,90df2bee-0df0-4b89-9b8f-6489c6b436f5
1-11019ddb-9cce-40c0-87ac-e972fba3813c,de_mirage,9 / 13,22,1ebdcc8a-e5e6-4902-8de6-fd84acf473b8
1-110626a1-76c3-489b-928a-5d5add7d4096,de_mirage,13 / 5,18,04587b94-e2fd-48f6-91ac-90f6100b52cf
1-1117d57f-569c-4675-b15b-edd982def759,de_dust2,8 / 13,21,206e86f6-afd1-44b1-8113-5b6135db5a36
1-1140f485-0a57-457c-b867-2325ecae9726,de_mirage,11 / 13,24,ca0247d2-fa44-4ad3-9a36-d949f814fc7d
1-11a46908-3bb8-44e5-8107-2be491856c5c,de_mirage,13 / 9,22,7f02db51-8219-46c7-a04e-462023c21cdc
1-11ba262f-749c-488f-8c6b-038accf049b7,de_mirage,11 / 13,24,62226040-6048-4f4a-9437-8d7e55db912d
1-11c0f5d5-b64e-4232-bcd7-6f58320e08ae,de_mirage,6 / 13,19,534bbb62-5218-4727-aaad-9ef726c424c6
1-11ea32cd-7654-454b-9f48-3229860a6fc7,de_ancient,13 / 2,15,309cbdb0-4955-4a2a-a0e0-6b4be1194a06
1-11f5daf0-41b3-4ff7-9563-68781eb62c18,de_nuke,13 / 6,19,4ee1fe2d-a080-4dfb-8a1a-f3426412af1a
1-11f62438-861a-4efa-8af3-a944e3f6f6ba,de_dust2,8 / 13,21,8d9014b1-49d3-4307-b400-62c13583ec75
1-122a0761-d8e8-473f-a309-d86d242be78d,de_dust2,13 / 6,19,780ff937-76e4-4608-9406-c2fdae354a69
1-12532f20-4041-44ee-aa71-1f00c2898085,de_mirage,5 / 13,18,d15731a8-e122-48c2-92cf-cdb82f1907e4
1-12571a7b-aeb5-407c-a836-12b6ff9ad45e,de_ancient,8 / 13,21,e3e17a44-23e4-454c-ad29-62696e2c67bc
1-125d8dd1-a97f-46dd-99cb-5ad072380fb6,de_dust2,14 / 16,30,b6681dd6-560e-4a90-ab13-0004cbdf34c0
1-126474d7-6db7-41fb-a62c-de5f50f02b52,de_mirage,13 / 10,23,62226040-6048-4f4a-9437-8d7e55db912d
1-12fe7bbc-5410-492a-94b5-4ec77ab4a972,de_mirage,13 / 16,29,838563f2-5a3c-4047-bc79-a03a7b3b4579
1-134f3212-8e65-45fc-a431-9259ed0c9180,de_cache,14 / 16,30,9fb1fa7d-4738-4cea-9dff-e6c9f48577f7
1-1361e6e6-c367-4523-a7a4-2c75c501577c,de_anubis,10 / 13,23,49cd6b71-b35f-4937-9287-1e0ac22b6aaf
1-1398d0f3-3378-41a7-a64e-18277af69694,de_nuke,13 / 4,17,71870e83-b37a-44b0-8539-2f6e29fad48b
1-139b9437-455e-47c8-9fbc-919c7296ee80,de_dust2,13 / 11,24,f04d2e90-ecc5-42b9-9ed7-ce6695a5c2b3
1-13a72b51-aca2-4810-b4b9-1350361f5587,de_dust2,13 / 3,16,68375851-97d8-429d-8994-1215fa79082f
1-13a9c5f7-8083-4775-83bd-68119e7daeab,de_mirage,10 / 13,23,0fbc98e3-895e-499e-8d4f-86bcc146e4f7
1-13b7eb20-3dda-498d-9419-3267d6d60bd1,de_mirage,11 / 13,24,63c462ae-57ff-4052-88c5-ce4bc2d7fafd
1-13d19018-4a8d-4cf3-b290-98c6409515e1,de_ancient,16 / 13,29,022e2724-b63e-4bc0-9de4-8bd2664ff4fb
1-13d19018-4a8d-4cf3-b290-98c6409515e1,de_inferno,10 / 13,23,65cf6efa-91e0-429b-8a2e-b250f2b55847
1-13d19018-4a8d-4cf3-b290-98c6409515e1,de_mirage,13 / 4,17,022e2724-b63e-4bc0-9de4-8bd2664ff4fb
1-13d43d75-0c43-41d2-94ee-40394f285790,de_mirage,4 / 13,17,abafaeeb-7464-4d59-80c4-be47cbd8a651
1-1434b1cb-cb4d-4c58-8027-615425df8e0a,de_dust2,6 / 13,19,ba3ecd92-07a6-420e-ae40-45da97a2254c
1-146717ec-9f41-41f4-aad8-dcc19fcf270b,de_dust2,2 / 13,15,09e34c6e-66b1-4254-ab5e-6f969f7de721
1-14a5ea4b-8e41-4b17-914c-d5205fc47fad,de_anubis,8 / 13,21,86c3887b-322a-4a00-b6e8-4bb639aab809
1-14a9b64b-a8ac-421a-9bc1-369d43080244,de_dust2,10 / 13,23,68375851-97d8-429d-8994-1215fa79082f
1-14c408f7-b047-417c-a77e-456c2f374187,de_mirage,13 / 8,21,84278933-b5bd-4552-bc86-a82751b48774
1-14dfba36-32e5-4ba2-93b2-02b139631531,de_mirage,13 / 8,21,e08940ef-cca5-42b6-af34-2af050bbd24e
1-1525ada9-6f98-46cd-a5cf-b0142bc16d97,de_mirage,12 / 16,28,8f611df5-eb41-4ac1-955e-5026ac17b2a2
1-1567faf2-d648-4385-9d7f-26d06ea18faf,de_dust2,6 / 13,19,d8508cfa-7eaf-4c87-88b4-20a50e6447e1
1-1573c459-ebe1-4517-b06a-74ec585ee0a2,de_mirage,9 / 13,22,4d319109-4c8f-417c-8508-1511b0dee83b
1-157e861c-dc26-4e86-bbd9-9c44ea77423f,de_mirage,13 / 11,24,904e7fd4-3296-45fc-98c6-91508fd8bb4f
1-158e6b02-1443-4e56-8ea7-05b1d0ea88ac,de_mirage,13 / 11,24,0de12d71-0a13-4706-9471-caa4ca2694a3
1-1591db14-e54f-4796-85d9-84517b5caa2c,de_ancient,11 / 13,24,8b4beacb-91c6-42c1-a360-2fd27118b368
1-159fd6ee-e8bd-46e3-b886-a278c87e4ba4,de_mirage,13 / 4,17,35086d74-6e47-4367-8d56-422f03f037e0
1-15ccc4f4-5b88-4f66-b12b-1ca7e54da017,de_inferno,13 / 8,21,90df2bee-0df0-4b89-9b8f-6489c6b436f5
1-15e829fd-ff39-4097-8dc9-b41c77803b27,de_ancient,7 / 13,20,9aad912f-17c5-46dd-8b43-584d5a2ec5a6
1-15e829fd-ff39-4097-8dc9-b41c77803b27,de_anubis,11 / 13,24,9aad912f-17c5-46dd-8b43-584d5a2ec5a6
1-16308f87-aa46-4d19-9184-89bfb3b985ef,de_mirage,5 / 13,18,12bccdd9-a055-4ab7-8b1e-67c5babd74ff
1-1643f680-004b-4039-8ca6-e0dbbb194afc,de_anubis,13 / 10,23,4166cce1-3c37-4dec-bd76-bbf167d8885d
1-168f775d-2c6b-4a37-b1fa-63f57c18a930,de_mirage,13 / 7,20,f51fc7fe-5c92-4230-b953-2e3ac0edc65c
1-16dca681-3c8d-4b97-8b50-10b819583054,de_dust2,13 / 9,22,bfcaafc0-e907-4cde-a56c-6d932444299b
1-16e028a1-4a23-4746-aaaa-73b4edd0ac9d,de_dust2,13 / 8,21,702c9dd5-c84d-42de-942e-58e921fd34d9
1-16e6bafc-e403-4ef0-8545-e0213b9d28df,de_mirage,14 / 16,30,08b354e6-c7f5-4e64-9feb-cba6baea4ebc
1-16f2449c-9e90-44b8-a810-e168a9bf3f0a,de_nuke,13 / 8,21,03ea0582-cf47-4b8c-9b5a-277a0a34431b
1-1714652a-2e7b-4ed2-b628-e18507d5c872,de_anubis,8 / 13,21,56e1e62c-39ea-4d5c-a7f2-5defbac1a3eb
1-173b9a12-055c-4281-a7e7-161f956bba0c,de_mirage,14 / 16,30,fe284eed-ae6d-4388-8dac-f4fed0762d77
1-173b9a12-055c-4281-a7e7-161f956bba0c,de_nuke,13 / 9,22,7258ad00-6327-4edc-bcc7-157dfadf36f7
1-173b9a12-055c-4281-a7e7-161f956bba0c,de_inferno,9 / 13,22,fe284eed-ae6d-4388-8dac-f4fed0762d77
1-17429aff-623a-4906-a42a-47ba12456d3b,de_ancient,13 / 7,20,7075449e-c87c-451c-a9bd-2ea89147f2fb
1-175c0406-9e84-4e32-8c79-558fafc75cdb,de_ancient,8 / 13,21,1a4bfb44-0ab1-40f3-9150-688b04cfe158
1-17632a20-ba6c-4b1f-a96c-646698f4fa8d,de_nuke,13 / 3,16,d0006176-6704-465e-8c7a-524e42c3a477
1-1766ee9c-1186-4670-95e7-926e173ae7c2,de_mirage,6 / 13,19,8135c91a-d216-48b6-978b-1496613d2330
1-178e1e97-9aaf-47fc-8b64-01959cc99776,de_ancient,8 / 13,21,d7cfe3be-cb1c-4f42-9d18-029a3ad13d91
1-17a8637d-7f46-4a8e-a40a-848933c6b8f0,de_dust2,8 / 13,21,7d407d13-d069-45e6-8b7b-77bdb4a684c1
1-17aa931e-14d6-4deb-b387-797ef2b383e6,de_cache,4 / 13,17,b13e1949-13ab-4364-8653-61134b1bc7d8
1-17c9b366-29a2-40f4-a9bc-7d409e9db422,de_ancient,13 / 10,23,a7f4c0d0-519d-4828-a54c-a94bd1324cf7
1-17d9cae3-3e67-4c9e-bd38-20c233a4b56b,de_ancient,9 / 13,22,08b354e6-c7f5-4e64-9feb-cba6baea4ebc
1-17ebaa48-24df-457e-9f34-aeaa2810d658,de_cache,13 / 7,20,31833282-2daa-45fb-9b59-139a8d1849ef
1-17f0234c-a3cf-4e53-b13f-2601bf59a384,de_dust2,13 / 10,23,a075cfe5-fc49-4a86-92aa-b122759b902c
1-17fced9d-87b1-418d-b224-18e321a3cfe2,de_mirage,11 / 13,24,0de12d71-0a13-4706-9471-caa4ca2694a3
1-181aa102-4d74-4e57-b896-962d2caa29e9,de_dust2,10 / 13,23,72efa803-2396-4215-aea8-c36f1e6cb830
1-1839f4f7-0379-4714-9bcd-52f254866bea,de_ancient,3 / 13,16,0861737b-014e-43db-b266-7b2886c8a071
1-185042a9-3732-4835-ac80-2da0495389d1,de_dust2,14 / 16,30,bfcaafc0-e907-4cde-a56c-6d932444299b
1-1857ee87-3ac0-4e38-aac5-1799a7d80159,de_ancient,13 / 9,22,0861737b-014e-43db-b266-7b2886c8a071
1-185801d5-9cad-4acc-b11b-d6c9f9d9c819,de_mirage,14 / 16,30,da04c54b-2ad8-464c-81b0-e100bcea7e92
1-18a0bb69-7e6a-4e3a-bfc1-cb67dc7e98d1,de_inferno,13 / 16,29,0c715f3d-bd25-4e2a-af9d-2477f0ec3aa4
1-18b149c3-d348-41a9-adca-bc3a84bd1194,de_mirage,13 / 11,24,c818006c-9e8e-479d-819d-589006677782
1-18c61d7f-17ba-498e-8094-9704f1ea8bd6,de_ancient,8 / 13,21,6f5dc0d2-e3c3-431b-8ecf-341b3d15d13e
1-18d4aa3a-2e73-4a90-9854-2ec84a976b81,de_ancient,13 / 11,24,0d08a64f-2251-4b92-81af-1aa3c8f337cc
1-18ef4c67-21ff-4246-8086-a47e08be892f,de_ancient,13 / 5,18,cfdba92c-af4c-43f8-9579-3aa4e1c9a680
1-18f95459-5d1b-413d-9d80-734f46438d48,de_dust2,6 / 13,19,d01968b9-6b62-4fd8-abd4-69e3ac09926b
1-192077b3-31f5-454d-9d79-0d21e7b4d468,de_mirage,13 / 9,22,d66a88e4-180e-4fb6-a828-b6cce696a498
1-1924152b-2493-4a6d-bc8f-cbbba47f457f,de_anubis,10 / 13,23,725b5503-c98f-4d38-b90e-2c0c9707169a
1-192ba06f-944a-48ab-8028-903aa0424c0f,de_mirage,3 / 13,16,4ed1834c-9950-4002-9e17-61b40df789a6
1-196546b8-b341-4b78-8389-44535bb90953,de_anubis,11 / 13,24,2989249b-5f81-4340-b2a1-e4db4c9aac5b
1-196b5454-e2b7-4596-86b2-efe2be4fcabf,de_mirage,8 / 13,21,7791078b-41f8-4d18-bde1-8a27e4f41d55
1-19741af2-60cd-48be-806e-b6e99e781fb8,de_mirage,5 / 13,18,10a2caf7-b82f-4889-bc8a-565249e5cca0
1-19967e3c-72cc-4ff3-beda-992305145cd5,de_mirage,11 / 13,24,dd8b2125-7753-464f-8445-1ade23d31f55
1-19a6042b-57cb-4591-9922-412c073b842d,de_dust2,10 / 13,23,0d6db87c-01b9-4704-bd73-0154991e1f10
1-19e7fc7e-cd65-40ee-9485-f1e4975170a3,de_nuke,13 / 1,14,e5058104-ed5a-43b5-9f0b-a2f5ccf0c36d
1-1a161005-cccb-47b8-a674-c06016218df1,de_nuke,9 / 13,22,838563f2-5a3c-4047-bc79-a03a7b3b4579
1-1a6139f9-a73f-413b-aec7-743f95983302,de_dust2,13 / 8,21,71ea9955-8400-4553-87a5-4c325923d21f
1-1a621cfc-f075-48e0-b6a9-15a88d5b5e22,de_dust2,10 / 13,23,820378e5-c103-40b6-b6de-44c63a4b7d1c
1-1a8f96da-b2cf-4bfc-a3e7-57971a42fd31,de_dust2,11 / 13,24,3f92f5b3-e12f-4e47-a42a-a388d33b2e3b
1-1ace8523-4f52-40d0-8820-e531f553487d,de_mirage,11 / 13,24,0861737b-014e-43db-b266-7b2886c8a071
1-1b15c8c0-1b88-4224-87ab-d367b96e6cc9,de_dust2,10 / 13,23,5e7172ac-9e07-487f-8ebd-bce905859e74
1-1b263511-d28e-4820-a0df-9b09081a56b5,de_mirage,16 / 12,28,81329c7e-247c-4d87-85cf-cbe1caad52c6
1-1b295a2d-6cef-453b-9670-4cf95fe47ff0,de_mirage,16 / 14,30,6b707363-7f72-416d-8af6-27390611af1c
1-1b628765-c3d7-4608-8429-85a870f929c4,de_mirage,13 / 7,20,10a2caf7-b82f-4889-bc8a-565249e5cca0
1-1b8f7106-5112-4978-900c-d207ac8cb6f1,de_mirage,13 / 5,18,15395062-1fa2-4078-9632-27da8d1a1ff2
1-1b96733c-6626-4be9-9639-7ce9da85151b,de_mirage,22 / 19,41,746fc7f6-fdea-499a-8adf-8d4b31ecc243
1-1bd942af-71c0-448c-a4fa-9d92019caa1e,de_anubis,13 / 5,18,7d407d13-d069-45e6-8b7b-77bdb4a684c1
1-1c0b0f15-411a-49ab-aa7f-3391b4a3a26d,de_ancient,14 / 16,30,911f63d5-32b5-44a2-9012-d99ea8f72831
1-1c1aa306-167c-4542-bfba-c5af22f051aa,de_ancient,6 / 13,19,13435ce5-3e04-429f-ad5b-4c282d8fafb7
1-1c21a856-c2b9-4f17-b1ca-c015f759cc7d,de_mirage,22 / 18,40,a1246bcc-df76-4825-b155-37d084c650fb
1-1c5b8079-1125-4618-86b7-d63bda33e3c5,de_mirage,16 / 19,35,871e212a-75ea-4a4d-8caa-1724cdb56cb0
1-1c615fdb-0711-4b3e-9397-f1355f52ad1c,de_dust2,13 / 16,29,9cc0d011-e043-43d4-ac8d-4f1b1bca8638
1-1ca692c5-a72c-4867-bb74-a4ae6c6ea5d7,de_mirage,13 / 4,17,ed977cb8-0020-47f7-bcad-b4025eb7a259
1-1cac1287-9b1c-4f60-987f-54bf45a5e69b,de_mirage,13 / 8,21,62226040-6048-4f4a-9437-8d7e55db912d
1-1d0dd2f2-a5d5-4f07-9fc7-a99b3d1228c0,de_mirage,11 / 13,24,1cb39adf-8cc3-412f-97e2-a0524a56e16d
1-1d138f15-0a4c-4b3e-84d7-5cad42b9c62b,de_dust2,13 / 10,23,093d9086-3581-4500-8f69-20a7839f8fe1
1-1d202854-2f83-4f8f-ab9b-97b48dfd6a03,de_dust2,13 / 9,22,09e34c6e-66b1-4254-ab5e-6f969f7de721
1-1d5efef2-33d0-4688-a341-eafc50a297b8,de_mirage,5 / 13,18,51265c8e-8a70-4e70-8e95-86e942df4627
1-1d871079-4d27-453b-b08c-d77ba9fdf706,de_mirage,11 / 13,24,2991b9bb-478c-4dbc-8c83-0246605022f7
1-1d916cf5-e861-4769-8848-874275012c01,de_dust2,13 / 6,19,3b24ed04-539d-497e-bb24-2361bd52c3f7
1-1d985e93-4648-4ae9-a40a-d10173b3e64c,de_mirage,13 / 10,23,38124afc-6922-4647-824c-61bddf2ba82a
1-1d9c9f3c-1cfd-4320-b4ca-25b01653d5a6,de_mirage,22 / 20,42,a66cccad-09ee-4222-bb11-b3720e4a7607
1-1ddc2c87-ecf9-465c-adbb-b49c6d775e34,de_nuke,6 / 13,19,ed977cb8-0020-47f7-bcad-b4025eb7a259
1-1defaa48-a86a-423b-89ff-0dc6b46819fd,de_mirage,20 / 22,42,71ea9955-8400-4553-87a5-4c325923d21f
1-1e402869-f71d-4166-9b01-a4d66b3e4c7f,de_nuke,13 / 16,29,6592149a-9f87-4bba-ac86-b3e8897fa5af
1-1e402869-f71d-4166-9b01-a4d66b3e4c7f,de_mirage,16 / 19,35,6592149a-9f87-4bba-ac86-b3e8897fa5af
1-1e6eaf12-acaf-4f3c-9a2d-56d74639b76f,de_ancient,6 / 13,19,175b1046-459e-4f82-bfa8-262b9527e64d
1-1efca73b-475f-4acb-a7f0-f3a5261ca50a,de_dust2,13 / 2,15,51265c8e-8a70-4e70-8e95-86e942df4627
1-1efd24a8-897d-4afa-9c8e-a29355b4d673,de_anubis,13 / 4,17,ce5c98d1-87e6-4242-a682-e79ad14fcbe4
1-1f2f088c-6d11-4f51-bc54-07e1db54dbbc,de_mirage,6 / 13,19,90df2bee-0df0-4b89-9b8f-6489c6b436f5
1-1f45214a-18d8-42d7-86dd-7e5b8635db16,de_nuke,10 / 13,23,045f9998-20dd-419f-9d23-3af2c5bed357
1-1f7a1d1c-24da-498b-af48-5ba5f302cbd0,de_mirage,13 / 8,21,9f689672-0886-4d26-a9d7-416cb5ab6115
1-1f92b9c5-73f6-420c-b3bd-3148b1851610,de_anubis,13 / 10,23,0861737b-014e-43db-b266-7b2886c8a071
1-1fdba642-3082-4a16-ac2c-d8b4c86174ed,de_mirage,2 / 13,15,d4903d34-f384-437c-aa5a-2a4e1f4e7e2b
1-2039a10b-91cd-4a38-8a0e-c5f23f1eb114,de_cache,13 / 7,20,968aaa0c-b916-4413-b290-23d729e8873f
1-203d9af5-7f75-4084-bd9a-8a8a5e9e5f10,de_mirage,11 / 13,24,b5c3e65c-bb6c-49d1-ad75-3823b52ce576
1-2049c8da-7b9e-48d2-98c5-27920511a288,de_cache,7 / 13,20,e50676d1-ea6c-4876-893f-53aac4b6dc6f
1-20827670-cd4a-4452-a42a-deafaf9be04e,de_dust2,14 / 16,30,5e7ad61e-a055-4ca3-aaec-28a283658f5e
1-2095f022-3239-4e7e-9b8d-f5a5d506c6ba,de_nuke,13 / 11,24,5f1c579a-1be1-47e8-9a8f-39e84a333700
1-209d8433-5a9f-4b99-9983-a17607b62eb2,de_nuke,13 / 4,17,dbc62b13-80f6-4baf-9a80-0812ebb82bc3
1-20ab2ac4-d543-4050-806b-b4157cdae988,de_mirage,5 / 13,18,466c5969-d618-4448-a8b5-d546d19f822c
1-20bc1bd2-1eba-4a42-8c1d-2333b72412a0,de_mirage,7 / 13,20,31833282-2daa-45fb-9b59-139a8d1849ef
1-20e14549-c640-44c1-8adb-f169ebc1ecc1,de_ancient,12 / 16,28,c6ebc7a4-3b4e-41b3-9787-73f246402486
1-20e7c460-3f29-4518-8063-455569b9efd7,de_dust2,6 / 13,19,bfcaafc0-e907-4cde-a56c-6d932444299b
1-20faf1b7-f5d3-4ec5-bd61-59ef51d342d4,de_mirage,11 / 13,24,1b21d193-72e6-4033-a392-cb26855fdb04
1-2100ec17-e4a3-4991-bcf2-bfeaaff49065,de_ancient,13 / 8,21,1b21d193-72e6-4033-a392-cb26855fdb04
1-211fb943-ce9e-47df-9184-e43074c197e6,de_nuke,4 / 13,17,60c5d5b3-1fbc-49d5-aa68-aaf3a5e4fcf8
1-218e39fe-819a-40a7-8d7c-f3ddd3f1eccb,de_dust2,13 / 1,14,c1bb3e6b-be61-4e43-be52-2c13ac3dc612
1-218e7570-f8ea-45ed-9cb3-e41ef1b449cb,de_dust2,13 / 8,21,63c462ae-57ff-4052-88c5-ce4bc2d7fafd
1-219a8646-0f47-4c2b-9dc3-de133e5dd6c5,de_dust2,7 / 13,20,db441e23-1acd-4bfc-b3b1-76ec80d9bd02
1-21a6bd26-66b8-4a2e-b7a3-b2691eb07ba1,de_mirage,13 / 3,16,dbc62b13-80f6-4baf-9a80-0812ebb82bc3
1-21afae4d-9a79-4138-9279-d916a04aed9c,de_mirage,13 / 7,20,a66cccad-09ee-4222-bb11-b3720e4a7607
1-21b64d73-1e91-4748-905c-1a4239a3b4ac,de_mirage,8 / 13,21,eec09ea3-db1b-40c2-9599-fb28376e652f
1-21c2075e-df7c-4df9-ba30-c24672ce8f96,de_nuke,19 / 16,35,045f9998-20dd-419f-9d23-3af2c5bed357
1-21c460a5-c917-4db0-b94c-7227ef65787d,de_mirage,7 / 13,20,a66cccad-09ee-4222-bb11-b3720e4a7607
1-220d90b7-e373-419f-b9c4-6856c7c970d2,de_mirage,13 / 9,22,9d710aa5-07a0-4197-82e5-8fdccc177720
1-221c518a-bb79-45a9-8754-e70368515324,de_cache,28 / 25,53,38b22f5c-3654-4834-9355-148324f6279d
1-223e7266-ae10-405e-950a-80f3d13b8c1e,de_mirage,16 / 13,29,370ee462-d08b-4eb7-adce-fe869bee3b41
1-224de08f-5234-4893-9b50-16b56e1a4a3a,de_ancient,13 / 2,15,5f1c579a-1be1-47e8-9a8f-39e84a333700
1-225bd35e-96a9-4a52-8c4b-a07cf772ff78,de_mirage,16 / 13,29,ed977cb8-0020-47f7-bcad-b4025eb7a259
1-2271e8c0-a441-4e55-81bb-708a48b05f96,de_mirage,16 / 12,28,6f5dc0d2-e3c3-431b-8ecf-341b3d15d13e
1-228bff07-a219-4867-b52c-172f141bb89a,de_dust2,16 / 14,30,052f5029-b2d0-4a28-9f5f-074c19d244b8
1-22e7830c-0559-4c73-82a6-a0d915d2be54,de_mirage,13 / 6,19,f9c13261-cea9-409b-a1a8-b728565517a1
1-22ec5b93-ab93-4961-8cd0-826e0249467d,de_cache,13 / 9,22,71870e83-b37a-44b0-8539-2f6e29fad48b
1-22f9a0b6-df5a-486b-ba9c-b10ea9dea876,de_mirage,11 / 13,24,5d8102de-7608-4700-b008-e4fa376338a7
1-231de2b1-d6d5-4f99-8e09-40d295ab54fa,de_mirage,13 / 10,23,715218cc-90fc-4171-a7f1-c816cc5222d9
1-232de5e9-5bc5-4916-9026-8b93acaeb933,de_mirage,19 / 16,35,0c715f3d-bd25-4e2a-af9d-2477f0ec3aa4
1-23499318-1be8-4dee-9235-548a849f6e81,de_mirage,11 / 13,24,ee4d0675-d8db-43ea-8137-390f4a9277d0
1-2356cbfe-1394-4f82-8d1d-4d17c9b5ca85,de_mirage,16 / 14,30,d3fc6a10-66dc-411c-a53f-46712f2bf8eb
1-23ad286b-f358-45ff-b333-47ee5f906cdf,de_mirage,13 / 8,21,045f9998-20dd-419f-9d23-3af2c5bed357
1-23af8114-26cd-4581-98fc-ab22cfbc8c25,de_mirage,13 / 9,22,13435ce5-3e04-429f-ad5b-4c282d8fafb7
1-23ddb9f0-6325-4140-a51e-a2aa8a73a5fa,de_cache,19 / 16,35,2efa56f7-4695-4a19-82f7-6f870742780e
1-24156364-e483-48e0-b360-f384fe2ad064,de_mirage,13 / 7,20,86c3887b-322a-4a00-b6e8-4bb639aab809
1-2434cb5d-151e-40d6-b5de-3b70f95cc39a,de_mirage,13 / 6,19,c1bb3e6b-be61-4e43-be52-2c13ac3dc612
1-24643d65-5676-45ec-9f6a-bbaa864d258e,de_ancient,4 / 13,17,96bb0d37-26b7-4dd8-b8ba-717d3d4b718a
1-2479adc7-1669-4a70-9344-bd29c11b2d12,de_mirage,10 / 13,23,6db725f4-d8af-420f-85fd-31720d70283f
1-247c6b24-1d86-41d3-90e9-1eb201fe1793,de_cache,13 / 10,23,c37025dd-4e72-4fc7-b4fe-f2ed0db853d1
1-24ad7a8b-e547-456d-bb03-44fb8846c65c,de_mirage,13 / 8,21,cb427cf8-677b-4893-9300-e07427548be2
1-24ad7a8b-e547-456d-bb03-44fb8846c65c,de_dust2,13 / 9,22,cb427cf8-677b-4893-9300-e07427548be2
1-24b34d93-be94-4392-9782-3648c2ebf5fd,de_inferno,8 / 13,21,093d9086-3581-4500-8f69-20a7839f8fe1
1-24b80ccb-9733-4f65-b310-c7637e48caaa,de_dust2,13 / 11,24,4abb772a-6722-40d0-b323-703eb92efc13
1-24ddbb3a-f7cd-4ab2-ae9f-5e37a8c287ca,de_mirage,2 / 13,15,c039f10c-7c83-41e4-98d6-d839926f2a04
1-250efcaf-ce37-4e16-acc2-df74972d2936,de_dust2,8 / 13,21,c818006c-9e8e-479d-819d-589006677782
1-25452f6c-8a66-411b-ba72-a94d1c40a1cd,de_cache,6 / 13,19,820378e5-c103-40b6-b6de-44c63a4b7d1c
1-25460379-b760-4eb8-8833-58c79ae62745,de_mirage,9 / 13,22,1c254c1c-dd19-4ea0-8446-e95ebf6f97b0
1-25608543-b8b6-4128-a444-9b310ec8aee4,de_mirage,15 / 19,34,dd8b2125-7753-464f-8445-1ade23d31f55
1-25829cf5-e245-4a7d-ae08-8c2a41f80200,de_mirage,13 / 6,19,5cb2ed8e-1aed-4c98-8f30-cc990d61f4c7
1-258b827b-9f68-4ca2-90a7-176876cd4ee5,de_mirage,10 / 13,23,dd8b2125-7753-464f-8445-1ade23d31f55
1-259977b2-e414-486e-8721-599575a6129f,de_dust2,10 / 13,23,b46c5e6d-3858-4ca7-9e2b-6dd418608d61
1-25c628e7-5169-4a92-adc6-77ccd469482d,de_dust2,13 / 10,23,5e7ad61e-a055-4ca3-aaec-28a283658f5e
1-25d409bb-a423-4677-9bea-51c4680730da,de_mirage,6 / 13,19,3168f539-2eb9-46be-8bed-70740a221715
1-25ffff6c-39ca-48b5-9286-1c2cd93b8d1b,de_mirage,11 / 13,24,6db725f4-d8af-420f-85fd-31720d70283f
1-2603ae3f-1ad0-475e-9e7f-bb85039ed75b,de_mirage,13 / 4,17,6b707363-7f72-416d-8af6-27390611af1c
1-260f4358-1d53-4437-8a22-76fe92eef034,de_mirage,8 / 13,21,bfcaafc0-e907-4cde-a56c-6d932444299b
1-26192e30-92c2-4892-8c83-05d8945f6bf9,de_nuke,13 / 11,24,39e449eb-2627-4b5e-8527-fbcaa9e98801
1-2635ad42-1be9-4f1c-b84f-6bc66ca2a914,de_cache,9 / 13,22,67bd4652-ec68-41f7-abf7-dda4665f36a1
1-263eb2ab-5594-464c-8216-89a1f1f0b7f9,de_mirage,6 / 13,19,a5fa9e4c-0beb-4b4b-94bf-fbda21fe9fe4
1-2644fdf7-d03a-4ab5-b3df-aceef8b63cfc,de_dust2,13 / 10,23,047acfb7-9bab-46b9-a108-a2bb1d13a0fd
1-265d4cd2-a8bf-4922-8ad0-063781087925,de_mirage,13 / 9,22,a66cccad-09ee-4222-bb11-b3720e4a7607
1-268b5384-bb0d-4577-98d1-5a0f6a13235f,de_inferno,13 / 4,17,865dfda1-93f6-4d0d-95c8-9b0d5d34649e
1-268b5384-bb0d-4577-98d1-5a0f6a13235f,de_nuke,17 / 19,36,4e481ff0-9949-4704-b94b-19b7def4aa16
1-268b5384-bb0d-4577-98d1-5a0f6a13235f,de_dust2,17 / 19,36,4e481ff0-9949-4704-b94b-19b7def4aa16
1-26c0d077-fd1a-4668-91ae-32ceed10cb19,de_dust2,10 / 13,23,578fccfa-9b82-429c-b797-645740763f8b
1-26db4183-9895-496e-99dd-f591fe65c55a,de_mirage,8 / 13,21,d7cfe3be-cb1c-4f42-9d18-029a3ad13d91
1-26e7b597-dbf9-42af-9644-9bf84562b3e0,de_mirage,15 / 19,34,8d9014b1-49d3-4307-b400-62c13583ec75
1-26f528ae-fa66-4a53-89bc-9500495bc1a9,de_mirage,13 / 9,22,d01968b9-6b62-4fd8-abd4-69e3ac09926b
1-26f62d99-0e01-4bfb-90c4-5c802f45ae91,de_mirage,13 / 10,23,578fccfa-9b82-429c-b797-645740763f8b
1-271ae016-662a-4ede-a23b-b3005a0c5d4c,de_ancient,13 / 6,19,1b21d193-72e6-4033-a392-cb26855fdb04
1-27490c07-78ea-4756-8e2b-f65bc1d86eb3,de_dust2,13 / 9,22,978ad784-b641-4b2b-b991-5843ad95e62e
1-2774c2ed-ab93-44cb-9418-91e4fc26fd0c,de_nuke,13 / 8,21,38150c4d-40a9-4527-8b47-19d1a553b33a
1-2795db16-bfea-4a85-a5e0-9d1d3d7855bd,de_ancient,13 / 9,22,1ddf11bb-4091-457a-81b9-21cea278fdaa
1-279f1644-41af-4d38-b260-e8f24d677a94,de_dust2,9 / 13,22,072ad70a-0d8b-4773-9d35-99a3eba3d1e8
1-27f09e3d-f490-464d-b45a-36d8266410e8,de_mirage,13 / 11,24,dd8b2125-7753-464f-8445-1ade23d31f55
1-284d0cb0-706a-4535-85ec-f8150f963df5,de_mirage,8 / 13,21,bdf21320-d2ee-4d27-9a15-bfba656d1db6
1-284dfb7e-a460-4db5-abdc-b2291b48c235,de_mirage,13 / 9,22,370ee462-d08b-4eb7-adce-fe869bee3b41
1-2881a19c-a944-46ad-a98f-8e646ad8025b,de_ancient,9 / 13,22,a5cd3a13-05c1-4fcd-b323-275c6b187219
1-288598b5-f6fe-4adf-a8d3-01eaf1947501,de_mirage,17 / 19,36,c29023b2-1189-405d-ba3d-72d1233de195
1-289faf2e-4a2b-4b7b-8dfd-49c0f44b7b95,de_mirage,13 / 9,22,9c4ec87c-90d7-468a-bcb7-7cdd5a166247
1-28ca4c66-ef7f-4ab7-b4d6-a3dff606dd1a,de_anubis,13 / 8,21,fcb1f54e-d266-431c-9656-2e7fd0d97032
1-28d89ee7-b733-42b6-acc8-05df0171909c,de_mirage,10 / 13,23,3c6ee8f1-a6cc-4f1c-9c35-991bbb706462
1-28f143c5-d700-41e2-8fa1-e909d45bd137,de_mirage,4 / 13,17,0861737b-014e-43db-b266-7b2886c8a071
1-29049089-8a16-40d2-b650-0ca6fa51d170,de_mirage,22 / 19,41,2cbbda4b-d18e-4e6f-8e9b-2e6430395a29
1-2911ea82-2de7-474b-b285-4071062a63ae,de_mirage,11 / 13,24,22c0773e-5f76-423a-bcf7-8c0074218017
1-294125fe-f4d8-45ec-89d5-940b7d3d7c5c,de_dust2,13 / 6,19,715218cc-90fc-4171-a7f1-c816cc5222d9
1-294e0d48-c528-4d54-a3b3-1c9e9316201c,de_mirage,11 / 13,24,88c1ad4a-e49d-4b89-9ffe-ad2c3cb4c19b
1-2993a410-054e-4466-afd4-fa0916bb3937,de_dust2,10 / 13,23,b2eebb3b-868c-4e25-8759-da096407f361
1-29a40d82-e512-4baf-b622-7d0b2d061088,de_mirage,2 / 13,15,16d6d3dd-9dbe-46e5-a80d-4da1654c14b6
1-29f7cf7b-9fe1-48a8-a302-33b03728304a,de_dust2,13 / 9,22,7f125d61-3b7b-4e2f-a781-10932a676970
1-2a10075a-3355-4e0f-a0b5-1ff4bacadcda,de_mirage,8 / 13,21,040eccdb-4253-456b-9aeb-b2b04258490e
1-2a1b3faf-4d8d-4136-8c03-742863aad9dd,de_mirage,5 / 13,18,4d0baaf8-7068-4e49-8af7-c2ba4a8f9f4c
1-2a37316e-b4bf-41e9-9b23-4e67b758f960,de_dust2,13 / 5,18,4ee1fe2d-a080-4dfb-8a1a-f3426412af1a
1-2a378a75-2646-42e0-a8a3-050dd0817d61,de_dust2,6 / 13,19,4ee1fe2d-a080-4dfb-8a1a-f3426412af1a
1-2a6cd88e-5351-4102-ab23-bc7bdcd7728f,de_mirage,5 / 13,18,45a216c4-0a48-4475-9e16-4548a1ab8a63
1-2a979a94-a622-482d-9e27-a4a202439537,de_ancient,8 / 13,21,49cd6b71-b35f-4937-9287-1e0ac22b6aaf
1-2acb26b5-23ea-4f3d-aab8-4e0723d00531,de_anubis,13 / 1,14,7d3d1c1e-0fc2-45ac-8150-558a527e57d7
1-2ad3a6a3-a13a-4f37-9de0-c04e8828080a,de_inferno,16 / 12,28,5cb2ed8e-1aed-4c98-8f30-cc990d61f4c7
1-2ad531ba-192b-4631-88e6-765f1b403c92,de_mirage,16 / 13,29,1b21d193-72e6-4033-a392-cb26855fdb04
1-2aed1e0a-e857-4998-bc2d-9eb16e8139e2,de_nuke,7 / 13,20,83406320-b332-4d23-b599-0ed9c4472a06
1-2b09be98-ab2b-4681-b4d5-068d3c937cf6,de_ancient,11 / 13,24,53f6c5ae-9276-4e2e-85bf-3549406ab358
1-2b406b4e-efeb-404c-b082-dd3e5a7885c8,de_ancient,4 / 13,17,1c840ee4-e9d6-45ed-b862-357bfc1d1c4a
1-2b592c5b-ad6b-4506-8c96-fe229edc8324,de_dust2,8 / 13,21,b5c3e65c-bb6c-49d1-ad75-3823b52ce576
1-2ba80aec-8ffe-474f-af62-2a0ab49a0a9f,de_anubis,13 / 11,24,5dc07805-4def-431d-9012-9942da63de51
1-2bd5333b-d215-476b-bd49-780df5fe6797,de_mirage,10 / 13,23,e26e5897-2f22-49c6-b753-27e3637ef027
1-2bdc24ec-3e2e-480f-8f88-fa3d68b15956,de_ancient,13 / 4,17,9d2e09fb-fa89-4564-8b4c-4759608a6d0c
1-2be09718-fb81-40bb-b93e-457840f568eb,de_ancient,13 / 3,16,0d08a64f-2251-4b92-81af-1aa3c8f337cc
1-2c1a8e84-4433-4314-9541-282d2fd210a4,de_mirage,13 / 6,19,f84f133b-ed03-42ea-ad8d-e68e18c66318
1-2c1aa11b-b7d8-4428-a82f-2fa2e5e00ffa,de_ancient,13 / 6,19,56e1e62c-39ea-4d5c-a7f2-5defbac1a3eb
1-2c261ea5-7c93-4158-9e0b-5ea1fb7c1e61,de_mirage,16 / 13,29,43450cfb-f98d-4dc5-927a-e03d32715bdd
1-2c4a9f54-e9dd-4816-8a96-2b581af9a9f5,de_mirage,0 / 10,10,2efa56f7-4695-4a19-82f7-6f870742780e
1-2c60979c-9a84-40d3-950f-96c9b8d5d504,de_mirage,13 / 10,23,abafaeeb-7464-4d59-80c4-be47cbd8a651
1-2cfea17d-27c8-4ba7-9aa0-b8f35dafb5dc,de_dust2,12 / 16,28,5cb2ed8e-1aed-4c98-8f30-cc990d61f4c7
1-2d48ee55-8b22-45ea-b62b-5388827fd2db,de_mirage,16 / 19,35,547bc140-e6c9-4e18-bd92-8d8b1fec670c
1-2d4f4a3c-4bae-4055-8803-3d044574a4c2,de_dust2,12 / 16,28,63c462ae-57ff-4052-88c5-ce4bc2d7fafd
1-2d5e2cf1-b5cf-49b0-8820-24baec22f2db,de_dust2,13 / 5,18,63c462ae-57ff-4052-88c5-ce4bc2d7fafd
1-2d6696b7-db9a-47fc-bde9-1c3cc07d37be,de_ancient,10 / 13,23,b8dcd937-85e5-441c-ab06-8dc4dfd30820
1-2d674052-60ab-4969-8ecb-511c2f96cbc5,de_cache,13 / 11,24,550fff9e-c9cb-4ed7-83c5-1bc338ff421c
1-2d6a5a2c-1050-43de-9d6d-366d5901c7f4,de_mirage,4 / 13,17,045f9998-20dd-419f-9d23-3af2c5bed357
1-2d871403-a38d-46f6-8ac2-4270c0bc18da,de_anubis,11 / 13,24,e3a5e7d2-b728-4c6d-83d4-0fa3a9ca570f
1-2d944f98-9d2f-45d7-8f26-d3006059f6c4,de_ancient,10 / 13,23,86c3887b-322a-4a00-b6e8-4bb639aab809
1-2d9a03c4-035c-46c2-8481-f6ef48c00802,de_nuke,9 / 13,22,81448330-c13d-43db-947a-9fbbd0238306
1-2db9d183-8306-4d0c-91d8-a09276f3e82a,de_ancient,9 / 13,22,483b0314-82ed-48be-8d60-0afc28dde3c8
1-2dcd6eed-5bed-4f34-9c66-d858dcac6baf,de_mirage,8 / 13,21,1b7ce264-cae4-45c5-afb1-526123adaf65
1-2df2634e-2ed1-4670-9241-a9983384ea40,de_dust2,13 / 6,19,885489d2-1c0f-455d-b505-4a585971ea8a
1-2e010637-b4fa-4bf0-91d4-6b7fed7b8197,de_inferno,13 / 11,24,2a046db9-1e57-418d-ae89-0faf5ac06221
1-2e1c02b0-2aa0-4a18-afbf-0f252f6a8ce3,de_dust2,13 / 10,23,093d9086-3581-4500-8f69-20a7839f8fe1
1-2e206fe2-a191-4d22-9c76-00bc4a60a319,de_nuke,19 / 17,36,db441e23-1acd-4bfc-b3b1-76ec80d9bd02
1-2e4a03c6-a11d-4d5d-be5a-39ba8fd33848,de_ancient,13 / 6,19,d7cfe3be-cb1c-4f42-9d18-029a3ad13d91
1-2e69dae8-d290-4537-9719-b62bb621e2c4,de_mirage,8 / 13,21,556af489-9702-417a-af8d-96bebaa4c57d
1-2e6ddb63-c0dd-42f6-93c8-004b1ef77bc6,de_mirage,13 / 10,23,2989249b-5f81-4340-b2a1-e4db4c9aac5b
1-2e74d6f7-f296-4dbb-aac7-f0d43ea58d94,de_dust2,16 / 13,29,dd8b2125-7753-464f-8445-1ade23d31f55
1-2eb8173e-5726-4ca4-b3ba-97bcd315f6ab,de_anubis,6 / 13,19,578fccfa-9b82-429c-b797-645740763f8b
1-2f0d1834-a0dd-4964-bbf1-afa1e8f8d53c,de_mirage,7 / 13,20,b485fae9-7c62-4d76-9522-20d5f7dcb670
1-2f13e0db-4eeb-4398-930b-1d53a1991aae,de_mirage,14 / 16,30,c1bb3e6b-be61-4e43-be52-2c13ac3dc612
1-2f1b80c8-94f8-46c1-b984-b93c4c8d3b51,de_dust2,11 / 13,24,be41de3c-6dbd-4532-aaba-20a5a485b620
1-2f6b2def-4fc1-46e7-9e5b-735d8b0405c3,de_ancient,16 / 13,29,91bf004a-324d-4eba-a916-74663abd42a0
1-2f72605e-188f-4b35-92cf-d140f2af2481,de_dust2,5 / 13,18,c9a288b5-f631-426a-8569-33ef683e6bcf
1-2f786c69-c63c-46c9-b44e-edaf42cb6859,de_dust2,13 / 11,24,70638895-a83f-40af-b1c7-ef5a893dd8a9
1-2f804a37-c7ff-4e72-b97a-4cf652029a77,de_cache,11 / 13,24,38150c4d-40a9-4527-8b47-19d1a553b33a
1-2f84ab79-7c21-4f53-96a7-f2abf3507d26,de_mirage,10 / 13,23,91bf004a-324d-4eba-a916-74663abd42a0
1-2f99c090-a364-4434-af2d-de367fa46e06,de_mirage,6 / 13,19,bf342334-d2fa-4822-b622-f37101d23611
1-2faace2e-488c-49d6-bbbc-a81fe8e0547b,de_dust2,5 / 13,18,72cf4cad-59a2-4766-8923-b87294a1fa1f
1-2fba0805-3818-47f9-90bf-c70e5e7dd0f0,de_nuke,8 / 13,21,71870e83-b37a-44b0-8539-2f6e29fad48b
1-2fc51743-3959-47a1-bfc2-6215cad0161a,de_dust2,13 / 9,22,bdf21320-d2ee-4d27-9a15-bfba656d1db6
1-2fcc65a8-240d-433c-b9b1-ead6bab7300d,de_mirage,13 / 10,23,d66a88e4-180e-4fb6-a828-b6cce696a498
1-2fe58654-d41f-4baa-8d97-c896733dedac,de_anubis,11 / 13,24,71ea9955-8400-4553-87a5-4c325923d21f
1-2fe7a359-b1ca-416d-9ae9-cc190cbd6017,de_anubis,13 / 3,16,0d08a64f-2251-4b92-81af-1aa3c8f337cc
1-30124250-bf61-44e5-810a-f22482ce7e9c,de_mirage,13 / 5,18,d7cfe3be-cb1c-4f42-9d18-029a3ad13d91
1-30136680-ca12-49a3-aff9-14dbe30184bc,de_mirage,13 / 3,16,eab0d7e3-7cc9-4df9-a029-981ae8df599b
1-30136680-ca12-49a3-aff9-14dbe30184bc,de_dust2,13 / 5,18,eab0d7e3-7cc9-4df9-a029-981ae8df599b
1-30176b21-96ef-4d77-82aa-b1a1011b72b6,de_dust2,16 / 19,35,49b205ce-664c-42e7-809b-085549a48ec2
1-3021efba-f996-4c1a-95c7-8e098eb1dc4d,de_mirage,13 / 11,24,052f5029-b2d0-4a28-9f5f-074c19d244b8
1-304664b0-b38b-47d4-95f3-310765276432,de_mirage,14 / 16,30,0861737b-014e-43db-b266-7b2886c8a071
1-3063265b-bcf6-4273-b9f7-88c927ad0e6b,de_mirage,13 / 9,22,7e901a3b-141d-4820-b111-2e83cf37ee48
1-30a9cf64-de37-465f-b87f-cd5bc0ec688a,de_mirage,13 / 10,23,702c9dd5-c84d-42de-942e-58e921fd34d9
1-30deca69-7754-4c4c-aa0c-826e0ed1ac60,de_dust2,13 / 9,22,2886b6ec-9608-4810-83d8-cb167fa3f244
1-30e28450-158f-4af9-82ac-415c2947940c,de_mirage,13 / 7,20,181fc04a-311b-4f8b-991a-b2ae9d3a8c6a
1-3104a747-1caa-4dfa-bc1e-6347f5862c45,de_dust2,16 / 13,29,dd8b2125-7753-464f-8445-1ade23d31f55
1-31099f6b-7ae0-4c4a-9e1b-2dcb99465524,de_mirage,13 / 6,19,16dce659-0df5-4831-a349-5d29ecd018a9
1-3143b697-17d2-40af-9d0f-8ffd16fdcfcd,de_mirage,13 / 9,22,c602641e-533f-43e3-9c2d-e3e8ff687ca0
1-315ff14b-397f-411e-a2e2-b19269aa718e,de_ancient,13 / 9,22,1a4bfb44-0ab1-40f3-9150-688b04cfe158
1-3162ba14-69f4-43f4-9daa-0237a69997fc,de_mirage,13 / 2,15,bfcaafc0-e907-4cde-a56c-6d932444299b
1-31730125-455f-45ee-8ac5-9cc20f7722b1,de_mirage,10 / 13,23,f629b169-d2e3-4c63-bda0-1e58cfdb27c0
1-31854f34-ed4b-4c24-9d14-40900516dce8,de_ancient,4 / 13,17,415cc859-c677-4816-88e9-4d91fd10112c
1-319e5108-4df8-4c0b-847c-c06c37fb7cd1,de_mirage,13 / 11,24,ed977cb8-0020-47f7-bcad-b4025eb7a259
1-321e22e9-e069-4e51-a031-8c006ea30210,de_mirage,13 / 2,15,0f01b861-7190-4e6d-884f-e98ace45097e
1-3238eea6-bc7f-4dbd-a070-d2d85f553c46,de_dust2,1 / 13,14,9f689672-0886-4d26-a9d7-416cb5ab6115
1-323b6f0d-3947-4e3e-ad62-23e6b2a9aea7,de_ancient,14 / 16,30,022e2724-b63e-4bc0-9de4-8bd2664ff4fb
1-323b6f0d-3947-4e3e-ad62-23e6b2a9aea7,de_mirage,13 / 8,21,6dbbb9ca-9a20-473d-8541-d93c7af3b883
1-323b6f0d-3947-4e3e-ad62-23e6b2a9aea7,de_anubis,6 / 13,19,022e2724-b63e-4bc0-9de4-8bd2664ff4fb
1-324a290c-28d2-482f-a73e-e734d8178a94,de_inferno,13 / 9,22,5e16d4f8-b219-49a4-91a1-269842de531e
1-324ce7ac-ae48-4225-82eb-f19535a8f680,de_mirage,13 / 10,23,4ee1fe2d-a080-4dfb-8a1a-f3426412af1a
1-3299d6ef-09c8-4b8d-b5e5-d7c82242544e,de_dust2,8 / 13,21,d0006176-6704-465e-8c7a-524e42c3a477
1-32e68bfa-0483-484b-8b77-5a5b342a4242,de_anubis,13 / 9,22,62226040-6048-4f4a-9437-8d7e55db912d
1-32ea5be6-9a1f-4ca9-bf1f-9aa51d8e1004,de_ancient,13 / 5,18,167f3ec7-5ed7-438b-a096-640dd218ff68
1-32f9cdd2-5a3b-4e7c-9bb2-530741595530,de_dust2,3 / 13,16,045f9998-20dd-419f-9d23-3af2c5bed357
1-3316c8ab-5b16-43af-9004-aebcb4c82710,de_anubis,11 / 13,24,1fb315a1-aaf0-4d31-9f24-cdd6afe6e657
1-33212b9c-1720-404b-99d9-7c6c3b6c0728,de_anubis,17 / 19,36,5f1c579a-1be1-47e8-9a8f-39e84a333700
1-332249ec-cf88-490c-8bb2-13fc3a3708b8,de_anubis,19 / 16,35,415cc859-c677-4816-88e9-4d91fd10112c
1-3327f5aa-18eb-4cb1-b988-9c67e654ed92,de_cache,19 / 16,35,84278933-b5bd-4552-bc86-a82751b48774
1-338de13e-04ed-483d-894c-6b1789bfc5e3,de_mirage,8 / 13,21,e231e5a9-d71e-4eb4-b537-5cbf0d36b464
1-33931a02-7302-423a-a471-908d9d2fb8d1,de_mirage,13 / 11,24,eac299a9-532f-425e-a4dc-0f3c3314adff
1-339a1686-3cc4-4163-8ec3-4f12a5c153b9,de_mirage,13 / 8,21,ffb24b74-b32b-413b-a44d-64431b90aca9
1-33d2495e-fe30-4a67-b32e-c3add2631202,de_mirage,13 / 6,19,db441e23-1acd-4bfc-b3b1-76ec80d9bd02
1-33e03766-5ffe-47bc-9795-9ae28c0cc61e,de_mirage,2 / 13,15,68375851-97d8-429d-8994-1215fa79082f
1-33fd7a42-0bc3-4a0c-9502-279e3517b365,de_ancient,13 / 3,16,d7cfe3be-cb1c-4f42-9d18-029a3ad13d91
1-340b98b8-7007-4df3-83fa-9f7111c95522,de_mirage,11 / 13,24,871e212a-75ea-4a4d-8caa-1724cdb56cb0
1-3423778d-730f-459d-80fc-5b1e095460ca,de_ancient,12 / 16,28,09e34c6e-66b1-4254-ab5e-6f969f7de721
1-34250f56-4906-4955-a417-6642ecbfbbc9,de_mirage,13 / 10,23,38150c4d-40a9-4527-8b47-19d1a553b33a
1-344a4fd0-7549-4595-bfda-2191e7501438,de_mirage,6 / 13,19,702c9dd5-c84d-42de-942e-58e921fd34d9
1-345bf524-1cce-4703-831a-a9dcfde43664,de_ancient,9 / 13,22,13f5176b-ab97-41f4-829a-caa002aaf460
1-346a26f6-3d5d-4b82-8495-c07c92ed1767,de_dust2,16 / 13,29,05093275-234f-4536-b460-02800c0d8ccb
1-347a78a0-def7-4644-b437-c413b6ad6675,de_dust2,9 / 13,22,3da0a77f-e9bd-4397-a2fd-8f1bdba6e140
1-348be54a-4597-41dc-b29d-7eebdd2cc55e,de_mirage,5 / 13,18,46de5c77-1c98-434b-8f78-d802debbbe13
1-34a75984-1c93-45b1-8291-c419c6baf011,de_dust2,8 / 13,21,d165cfb2-59fa-4f87-9092-e6cf84e12041
1-34b860e1-4fb7-4645-b0ac-b66799789121,de_mirage,14 / 16,30,a359df98-869d-4b07-aacc-01069b15b0ed
1-34e790a9-4525-4f84-84ee-071f561fdb28,de_mirage,13 / 3,16,f78eaa54-a11b-4d0f-bc66-31e6b6ce11cb
1-353a1dfb-812e-4923-9d31-e1f5baed817c,de_mirage,6 / 13,19,38b22f5c-3654-4834-9355-148324f6279d
1-3548f853-740d-4757-b038-6461ebc7e99e,de_mirage,13 / 11,24,13435ce5-3e04-429f-ad5b-4c282d8fafb7
1-357a5306-4863-49cf-8080-6d3e37762117,de_mirage,9 / 13,22,c1bb3e6b-be61-4e43-be52-2c13ac3dc612
1-358a7582-094d-4bf6-abce-b04745ea332a,de_ancient,9 / 13,22,0090092d-eca9-4047-a8c2-7693c494d356
1-3598c7ff-c07f-4e88-bb52-49a081281b0b,de_mirage,14 / 16,30,62226040-6048-4f4a-9437-8d7e55db912d
1-35a6abcb-a4cf-4cb8-be20-d16a58c93050,de_nuke,11 / 13,24,eac4c82a-1d28-4a4a-a9e2-a9932156c34a
1-35bd0f15-0da6-4e9f-bbff-5a8f388d8234,de_anubis,13 / 11,24,d8ae3f93-461b-47df-a2c2-da6e519776a6
1-35c86d17-3ed4-4efe-b271-09e9606e4ff3,de_ancient,13 / 11,24,6b707363-7f72-416d-8af6-27390611af1c
1-35cb6400-28e2-4288-a55d-106ded64d03b,de_mirage,13 / 10,23,f6e836fc-23e5-4a2e-9001-1ce1add1083f
1-35d7c507-edf0-49f1-8714-eec34c411f4a,de_dust2,13 / 8,21,6b707363-7f72-416d-8af6-27390611af1c
1-3618a378-fd24-437f-a187-6fbc6b13f3ec,de_dust2,9 / 13,22,ee2d370d-7853-49bf-b5c7-b4350c491085
1-3619978a-cf85-4557-b1ba-bd2d0ce4e41e,de_cache,16 / 14,30,09869807-7afb-4786-9d98-e2f4a4f37bda
1-36376a97-092a-4f15-adbd-77009d209da7,de_nuke,11 / 13,24,1ddf11bb-4091-457a-81b9-21cea278fdaa
1-3658ab49-dc07-460e-97da-3cda24becaa6,de_mirage,13 / 10,23,d165cfb2-59fa-4f87-9092-e6cf84e12041
1-3675b66a-a287-426c-bfa9-dae09b732460,de_dust2,8 / 13,21,a7921334-e631-4ee1-8bac-1ab4f9ed7b38
1-36827e7e-c133-4935-b44d-bf4550810949,de_cache,13 / 10,23,99c4035e-8443-456d-a2da-8cf3b8cd4859
1-36c4f4da-a9e9-4919-af4d-f439c947ee17,de_cache,14 / 16,30,9d710aa5-07a0-4197-82e5-8fdccc177720
1-36ce7866-90ce-45fc-b54b-6dd89fb2f236,de_nuke,7 / 13,20,7e901a3b-141d-4820-b111-2e83cf37ee48
1-36d001ee-cabf-4f21-8585-260dce8a168a,de_dust2,13 / 11,24,bb5286a6-dc6a-4259-b22d-eabd61e185c7
1-36d087e2-26df-4954-be82-113550045738,de_ancient,8 / 13,21,9d6ba407-7924-4bcc-8b25-63f5149bfc20
1-36d854ea-22ec-4832-9cdc-1c5c3a64b411,de_dust2,4 / 13,17,bdf21320-d2ee-4d27-9a15-bfba656d1db6
1-36fd8d1e-8319-43fd-8a5d-e2be62dea692,de_dust2,1 / 13,14,9c989a6f-9681-4fdc-a1ab-b95da089a9cd
1-37048037-d7ca-4a84-a23a-3ba61ef710fc,de_mirage,13 / 11,24,4d319109-4c8f-417c-8508-1511b0dee83b
1-376a06be-022e-4bd2-b7c4-aeeab09f2e08,de_dust2,10 / 13,23,690df375-98de-4f9f-bd0e-292a373a96c6
1-376e603a-e2a8-4dd2-a425-4b7658c18069,de_ancient,13 / 7,20,7fa5f3c5-96fb-4e30-87bf-d84544af523f
1-3770aae9-cef4-45a9-abec-f0aa429ad793,de_nuke,8 / 13,21,30f7a34a-6f84-4c89-bb20-49cf69e5976f
1-37979135-f789-413e-a06b-df77e122e3b2,de_anubis,13 / 4,17,49285fa7-74d5-4490-89aa-766c38a45fb5
1-37ad1518-31b2-43f8-b075-511f643f1535,de_dust2,13 / 3,16,1358615b-818b-40c2-a4ff-41d536eeb154
1-37adad07-5bbd-4531-b3e1-118078996a84,de_ancient,11 / 13,24,0a38e0a3-03a1-4aea-8c24-396ad8d802c1
1-37d43fa4-c789-4833-aa54-4c9b46b2c1b7,de_mirage,13 / 4,17,7cfbd6d1-0989-4464-b58b-30b951698fae
1-37fb855c-e7f9-4672-b126-93111abf12c5,de_dust2,5 / 13,18,5fd13755-758e-4d32-b3ba-4bb993005734
1-381ddd45-b25b-40bc-a788-69dc90f41cc1,de_mirage,6 / 13,19,b3be5d27-81e3-4f7d-b173-fb19e60d162d
1-384331ac-ccb9-4760-a75b-22b06181b3cc,de_dust2,10 / 13,23,a66cccad-09ee-4222-bb11-b3720e4a7607
1-385b0f8d-51ae-4f6d-8734-ce70361aa809,de_anubis,13 / 10,23,5f552f88-b825-4281-b9e9-ccf55b399f30
1-388a23e5-4cd0-40c5-bc43-9ac270806d0d,de_mirage,7 / 13,20,71870e83-b37a-44b0-8539-2f6e29fad48b
1-38a59f24-74d8-489b-86e3-d7562a58e7b0,de_ancient,13 / 8,21,093d9086-3581-4500-8f69-20a7839f8fe1
1-38bb5a6f-8f13-43ab-b023-e4fa11e2ce1e,de_dust2,13 / 9,22,83406320-b332-4d23-b599-0ed9c4472a06
1-38e1b56b-9f0b-476b-9b0f-1fa7ac79b50d,de_mirage,3 / 13,16,8f611df5-eb41-4ac1-955e-5026ac17b2a2
1-38ebf6f0-fddb-46ed-80fe-2fcda5c45b33,de_mirage,9 / 13,22,871e212a-75ea-4a4d-8caa-1724cdb56cb0
1-3905f482-d6b8-4821-8097-be56452fa648,de_dust2,9 / 13,22,11e15725-6ae9-4abf-9b76-cc0aa74a43b2
1-390ee18b-18fd-4187-833c-e067309d5685,de_dust2,13 / 11,24,35086d74-6e47-4367-8d56-422f03f037e0
1-398bfcfc-0e8c-46a2-b9a9-15e4ebe0c5f4,de_mirage,13 / 10,23,d3d49895-11a9-4c54-a3d3-daee0d65cc50
1-399c42f5-4ffe-45f7-bc37-82175014e4ee,de_mirage,9 / 13,22,2d45bcba-e6e6-4eaf-b2e5-8eae45f8f2d3
1-39af32bb-a1fd-41ee-b33e-7bcba11adc67,de_mirage,11 / 13,24,181fc04a-311b-4f8b-991a-b2ae9d3a8c6a
1-39e5f8eb-eaa1-440d-a63d-37469aca8d20,de_dust2,6 / 13,19,bfcaafc0-e907-4cde-a56c-6d932444299b
1-3a0d9803-2fad-4272-bbf8-afc91312d1bf,de_inferno,11 / 13,24,74c86d73-6f9b-4e7a-9d19-35eefe10c522
1-3a2af743-a097-402c-9e57-9474bf1da030,de_ancient,0 / 11,11,683665ef-b3a0-41e4-80d4-05ed7ffe707c
1-3a5624ef-7974-4862-89e1-1aa9c79c4188,de_mirage,13 / 9,22,702c9dd5-c84d-42de-942e-58e921fd34d9
1-3a70eb9b-fd8d-47b4-86e2-2237da3b28e9,de_nuke,6 / 13,19,146275cb-d1f6-40e3-b811-7aae69d7c86f
1-3a72b2f0-3f60-46ee-8b4b-45648101fa45,de_dust2,4 / 13,17,5cb2ed8e-1aed-4c98-8f30-cc990d61f4c7
1-3a928bc3-43b7-4b87-b61b-61b1df9e6116,de_mirage,13 / 11,24,31ac3703-b2a8-4962-8670-1c59e0b2bc47
1-3ad7c9ed-37a4-4e1b-899d-009fda2d4425,de_mirage,4 / 13,17,05093275-234f-4536-b460-02800c0d8ccb
1-3aec5868-6ced-4970-ba1c-3a5098d5130d,de_ancient,13 / 2,15,6df8fcb1-7ba2-4111-8f4f-773d57ef4bc7
1-3af1bc29-fde3-40e9-8d33-d3c2087fba8e,de_nuke,8 / 13,21,dbc62b13-80f6-4baf-9a80-0812ebb82bc3
1-3b031321-db15-4721-b905-74f5a2df15b1,de_dust2,10 / 13,23,b2401c2b-e86c-4ed3-beb9-0f3a338ec934
1-3b3c74b4-84a5-4c78-b9b0-7609c385d006,de_ancient,13 / 9,22,be945614-1a0b-4e4e-92f6-e981111d4e92
1-3b45ba9a-186a-4cca-aaa4-4a555fdf492b,de_mirage,13 / 5,18,6f5dc0d2-e3c3-431b-8ecf-341b3d15d13e
1-3b46b5eb-41e6-4c90-8df4-0ad338b86038,de_ancient,12 / 16,28,dd6f70e7-0d2c-4663-a8c9-ec7d2c7c2300
1-3b548f94-122d-4613-8773-5dbdcc77dc6f,de_mirage,14 / 16,30,ff4399fd-a2ba-495b-a2d9-98131c60f686
1-3b5860e5-77d3-4e76-bda1-579a8334e68e,de_mirage,6 / 13,19,547bc140-e6c9-4e18-bd92-8d8b1fec670c
1-3b5c5221-d815-4b13-9b46-3258c02dea65,de_ancient,5 / 13,18,11850b7f-91e3-4524-b493-9dcae68c38db
1-3b60f64d-fadb-46ca-86ad-7f9584e6cfd1,de_cache,13 / 9,22,415cc859-c677-4816-88e9-4d91fd10112c
1-3b658d4d-0915-4ffb-8f1c-37287682952c,de_anubis,13 / 7,20,309cbdb0-4955-4a2a-a0e0-6b4be1194a06
1-3b993ad2-e6e6-4c9f-a46e-2f8c3bc62bc2,de_nuke,14 / 16,30,738aee09-fb3c-4162-b64b-cc48350281e8
1-3b9c45ba-ae03-4b3d-802b-161efe5d2124,de_dust2,13 / 5,18,ed977cb8-0020-47f7-bcad-b4025eb7a259
1-3ba010b7-eae5-416b-93b2-2755e73ce0e8,de_mirage,13 / 10,23,544b4f6d-02cf-4f71-a38a-3e40ee91f3c9
1-3ba1363c-f80a-451b-aa4b-8e2285865f6a,de_cache,1 / 13,14,62226040-6048-4f4a-9437-8d7e55db912d
1-3ba88216-fe1a-490d-8170-3da24afa24aa,de_inferno,5 / 13,18,b46c5e6d-3858-4ca7-9e2b-6dd418608d61
1-3bb0cf07-ad7b-428a-9b4c-e66db5d83871,de_dust2,13 / 10,23,683665ef-b3a0-41e4-80d4-05ed7ffe707c
1-3bb62025-7e8b-44b6-884d-1193795fc92c,de_dust2,13 / 3,16,527f70e0-79bf-4cf9-bdce-7f77001283e8
1-3bd5808f-58f2-4887-b7a7-ea927a377fa8,de_ancient,13 / 4,17,466c5969-d618-4448-a8b5-d546d19f822c
1-3bd7518a-7ce0-4d89-8387-aa72ed861188,de_dust2,6 / 13,19,3f92f5b3-e12f-4e47-a42a-a388d33b2e3b
1-3bdd6402-0862-4164-a6d2-dd1e7dfef904,de_dust2,13 / 10,23,1b21d193-72e6-4033-a392-cb26855fdb04
1-3be62e1c-0c48-427a-b426-8a73014f473c,de_mirage,6 / 13,19,0de12d71-0a13-4706-9471-caa4ca2694a3
1-3bf2da2e-c193-4e17-a37a-afb7a3a22dca,de_mirage,19 / 17,36,63c462ae-57ff-4052-88c5-ce4bc2d7fafd
1-3bfa13db-fbc2-4b62-8892-37f4444a42ca,de_dust2,22 / 19,41,0adb9e6f-3969-4555-86f3-f8604483e611
1-3c119ffd-72f0-416d-9115-a8904df22fb1,de_mirage,16 / 12,28,83406320-b332-4d23-b599-0ed9c4472a06
1-3c45d67c-0584-4826-a449-08dd0944fb15,de_dust2,22 / 20,42,1fb315a1-aaf0-4d31-9f24-cdd6afe6e657
1-3cabc792-55e4-4246-a751-c627043d217a,de_mirage,13 / 11,24,0090092d-eca9-4047-a8c2-7693c494d356
1-3cad9f72-a32f-49d1-9097-7cc9e7c32ca5,de_dust2,8 / 13,21,11e15725-6ae9-4abf-9b76-cc0aa74a43b2
1-3cbd8f96-694c-411f-b678-97ba1d3b3b23,de_dust2,13 / 7,20,f84f133b-ed03-42ea-ad8d-e68e18c66318
1-3cc99e37-7dc3-44aa-829f-8fefda2e6368,de_dust2,7 / 13,20,820378e5-c103-40b6-b6de-44c63a4b7d1c
1-3cde1a2d-6d0f-446b-b9b7-a946dbc1cf12,de_anubis,16 / 19,35,5d03221b-d0c0-4c84-922c-788f249a4dff
1-3d07bac5-f703-4d11-9b20-9e4a73e20c2a,de_ancient,16 / 14,30,d80cd889-23b4-4825-9e0c-c655c6849764
1-3d0ca448-5173-451f-83af-00c2836b8632,de_ancient,13 / 11,24,3168f539-2eb9-46be-8bed-70740a221715
1-3d11d49d-6881-4dcb-9f5e-e9202558dbf0,de_mirage,13 / 10,23,e5e131e1-1096-4300-9bd3-c761abbd5cc2
1-3d2b287d-7707-4d38-a3f8-e2d4bea62de0,de_mirage,13 / 8,21,47ece4c8-37df-460a-807a-b7f8224f2746
1-3d572533-deb2-491f-8e02-0f326434b73b,de_mirage,1 / 5,6,83406320-b332-4d23-b599-0ed9c4472a06
1-3d649be8-69df-4958-b098-2405ac215bef,de_dust2,13 / 10,23,1a7e2f8c-ecd0-4fa2-aba9-ef387cc23cda
1-3d760db1-fca0-4557-bba5-848071b29124,de_mirage,13 / 11,24,547bc140-e6c9-4e18-bd92-8d8b1fec670c
1-3d94c737-f877-486c-982f-9c85d68b5261,de_dust2,2 / 13,15,4abb772a-6722-40d0-b323-703eb92efc13
1-3dbd2bdc-cf11-4461-8314-a1d8fe81e8f7,de_ancient,13 / 5,18,55c533f9-3936-446c-aa35-f5a63a94c2db
1-3dc0771d-e06c-4a87-90f7-7244e27a7d94,de_mirage,11 / 13,24,f2cd0004-5661-400e-b142-eb7bc74ea00e
1-3e1eb9c3-9e08-4e1c-bc22-048b2724d07c,de_mirage,19 / 16,35,83406320-b332-4d23-b599-0ed9c4472a06
1-3e537446-56eb-4137-b8e8-b6edb7c8fab6,de_mirage,13 / 7,20,d4903d34-f384-437c-aa5a-2a4e1f4e7e2b
1-3e57f5a6-12c8-422c-9521-b9a9f0675e41,de_ancient,11 / 13,24,ecab8304-b6fd-448f-ba7b-729398bc4a94
1-3e89e267-70cc-4ce4-a53f-1301ff4adada,de_dust2,12 / 16,28,dd8b2125-7753-464f-8445-1ade23d31f55
1-3ee2700e-215c-47e0-be85-b03465b5c923,de_mirage,13 / 6,19,db1402e8-c068-400c-aa57-4205fa001268
1-3ee30ccd-01ba-4083-99b6-c46ff4e544f9,de_mirage,10 / 13,23,54069a11-31bb-40b9-a65c-2ce8a7fd9c56
1-3f19308d-67cf-4865-a384-c9b875160cd2,de_ancient,10 / 13,23,6409947c-79ec-4c1d-99aa-7105babae8b4
1-3f779816-1266-40e8-b13f-cc228bc106e6,de_dust2,13 / 11,24,203fea45-6054-40a7-b965-394712e4d045
1-3f83ba90-d2cf-4cd5-80ff-a6e525ab8aa3,de_mirage,13 / 3,16,2989249b-5f81-4340-b2a1-e4db4c9aac5b
1-3f8833f7-da6a-4d28-991d-a1a95b34e0e7,de_mirage,9 / 13,22,93a7266f-d6de-4a55-8e01-fbeb8c31a763
1-3fd323b6-938e-440b-9dd8-2dae768efe97,de_dust2,5 / 13,18,b444e5ef-8f17-4ee1-85fd-24d6119b6aa9
1-401cb5aa-5ad6-4265-989c-0ba2d9fde152,de_mirage,13 / 4,17,300ddccb-04bf-4b91-ad40-313c15ccc78f
1-405bfd37-92f8-4be3-8be1-362ca0fdedda,de_ancient,5 / 13,18,5e7172ac-9e07-487f-8ebd-bce905859e74
1-408702aa-3a73-4aee-ace1-c5d7c16abf21,de_cache,19 / 15,34,4ee1fe2d-a080-4dfb-8a1a-f3426412af1a
1-408fac9e-6de8-45d3-97ca-fb70a882ff25,de_mirage,6 / 13,19,6b707363-7f72-416d-8af6-27390611af1c
1-40bc62b0-d3e9-4ba9-b7ad-d329afcb62d2,de_inferno,4 / 13,17,911f63d5-32b5-44a2-9012-d99ea8f72831
1-410445a9-292d-482c-902d-8f450e2ca7d4,de_dust2,13 / 10,23,c1bb3e6b-be61-4e43-be52-2c13ac3dc612
1-41515b5a-87ff-4878-a8c1-79dc68728812,de_nuke,13 / 5,18,abafaeeb-7464-4d59-80c4-be47cbd8a651
1-4178b22c-3dcc-4d7e-9419-5e0eb864009f,de_dust2,13 / 9,22,1a4bfb44-0ab1-40f3-9150-688b04cfe158
1-41a00414-8a9c-41cd-8323-86d87fea889a,de_cache,6 / 13,19,71ea9955-8400-4553-87a5-4c325923d21f
1-41a65283-c88f-45e1-9f7d-3ec88fd5edb8,de_dust2,16 / 14,30,15c3a6f0-1c07-4e35-a2ee-dca6abcbd32c
1-41fbf226-45f7-4a60-955b-46aa2efd9569,de_dust2,7 / 13,20,5d2b9e23-9a7e-48cd-a5fc-1f28cc43bc4c
1-42069b3b-e167-40f6-9258-1f6fe6455463,de_mirage,13 / 7,20,b3be5d27-81e3-4f7d-b173-fb19e60d162d
1-42150d43-443b-4b0f-9542-18e0f0e76219,de_dust2,5 / 13,18,a8f42d23-d51f-48eb-be09-b4bacfa0ac41
1-421fa66c-4914-4e30-81de-eacc5a0414c5,de_inferno,8 / 13,21,bb11aade-ab7b-4b39-95b9-586bddfb0e12
1-42318e2a-83b5-4b8a-88ba-5596e75ce066,de_ancient,6 / 13,19,4a73d082-7dbf-447b-86ca-5f8cc6f649b3
1-423b26ac-b2f5-461c-a1e2-37cede941988,de_mirage,7 / 13,20,db1402e8-c068-400c-aa57-4205fa001268
1-424e8b17-1d9c-4225-928c-54fcda734d24,de_cache,9 / 13,22,dd8b2125-7753-464f-8445-1ade23d31f55
1-42595e36-99d8-41f3-b045-9928c1239f5c,de_ancient,14 / 16,30,2beea4bf-b4cd-4531-a1f9-2f993e3161c2
1-425bdbf8-8353-4e7f-967b-b1fff691df48,de_ancient,13 / 10,23,0d08a64f-2251-4b92-81af-1aa3c8f337cc
1-42af6d98-4308-45b8-ac64-0137d8d42348,de_cache,9 / 13,22,e73e79d2-b1ed-42d2-bea4-39b059c05d98
1-42d2e677-08f3-42cd-90b5-85043c8bb605,de_mirage,4 / 13,17,dd8b2125-7753-464f-8445-1ade23d31f55
1-42ed4dd7-adc4-48b3-8649-9516113f9556,de_dust2,13 / 3,16,71ea9955-8400-4553-87a5-4c325923d21f
1-433e3ee7-85c2-43cd-b90d-443fa5254a4c,de_mirage,13 / 6,19,c1bb3e6b-be61-4e43-be52-2c13ac3dc612
1-433eed8b-d76e-43a1-8378-592bfcc8c676,de_mirage,13 / 8,21,0861737b-014e-43db-b266-7b2886c8a071
1-4348fa9d-848e-4cdc-879d-510bfecd83d7,de_mirage,9 / 13,22,185f5feb-0b84-4147-9b48-276d95fc64e8
1-434cbaa9-bd40-4db8-9c3f-5b9886f294d8,de_mirage,6 / 13,19,b46c5e6d-3858-4ca7-9e2b-6dd418608d61
1-43572e35-69cc-461d-aca4-9eab04bbe7bf,de_mirage,13 / 5,18,34825f3d-12b3-43da-a456-40c85a7ec740
1-435946b2-9557-4477-b37e-d92537583222,de_cache,13 / 10,23,1e082dff-3444-434a-bafb-3bd110b05b4e
1-43933e0a-d04b-47ec-b516-6a2e98e39155,de_dust2,13 / 16,29,7a79c7d2-93de-42dc-bd22-3dcd68ebece8
1-439a36ce-c145-4cc8-9fd0-fff825a94842,de_mirage,6 / 13,19,9165967b-996c-4d78-b27a-b5bd99685657
1-43a27b4a-8c23-4cef-ab61-340928e59944,de_mirage,6 / 13,19,47ece4c8-37df-460a-807a-b7f8224f2746
1-43a55a0d-1bf8-4ccf-b6c3-711344e35ae3,de_inferno,6 / 13,19,0c715f3d-bd25-4e2a-af9d-2477f0ec3aa4
1-43c6546b-6f0a-42d5-abed-624f0fce5f33,de_dust2,2 / 13,15,6b707363-7f72-416d-8af6-27390611af1c
1-43d293ef-285c-4d6c-8c52-f1d54876a12b,de_mirage,6 / 13,19,6b707363-7f72-416d-8af6-27390611af1c
1-43dc7a04-e626-486b-9f0f-b001d476aaa4,de_ancient,8 / 13,21,a66cccad-09ee-4222-bb11-b3720e4a7607
1-44088c00-68ee-4299-a5bf-a2484e22b90e,de_mirage,6 / 13,19,045f9998-20dd-419f-9d23-3af2c5bed357
1-440999df-d5de-4f4b-a5b0-03c9f2338bf5,de_ancient,11 / 13,24,4818aac8-1a69-426b-8a55-a7fcb4e89126
1-441f2dca-e77f-405a-b20d-f13bcc4549d6,de_mirage,13 / 4,17,6f259a22-50b3-4703-954f-324af5cd87fc
1-442e1693-9026-4e52-ab07-bf25f4c46581,de_dust2,6 / 13,19,dcdd41e9-8c0f-4929-8030-b529f8076661
1-445b3207-3a05-45a8-b232-65f8bfabe6a2,de_dust2,5 / 13,18,b2401c2b-e86c-4ed3-beb9-0f3a338ec934
1-445b41b3-6017-4e2a-a050-96c7cb416183,de_mirage,11 / 13,24,88389e8b-60f7-4702-a76c-e58a87fdfd8c
1-446573c0-9b24-4dd9-bb02-5ae6edfbfa74,de_ancient,9 / 13,22,e7b35385-ee32-460c-9a10-17b978d9c983
1-44a06bbf-7040-4e54-a541-fc18baa2c994,de_cache,13 / 7,20,ffb24b74-b32b-413b-a44d-64431b90aca9
1-44a1fd1a-9de4-48d9-85c8-fca6a95e6520,de_cache,13 / 6,19,39d9655f-58fb-4550-93ec-6bde8df12211
1-44cacd30-e27b-4121-b977-9e1a2f212af7,de_mirage,16 / 13,29,71ea9955-8400-4553-87a5-4c325923d21f
1-44d69449-b2b5-4452-bd2d-9d3e25ad8df9,de_mirage,13 / 5,18,63c462ae-57ff-4052-88c5-ce4bc2d7fafd
1-44dbc76d-1ae7-4b11-807e-c1080c0c1c92,de_vertigo,6 / 13,19,fec4fbda-7d7d-4b49-9541-f3bbf70278ab
1-44f36c56-06b4-4922-858c-81e2ad6b554d,de_mirage,2 / 13,15,c602641e-533f-43e3-9c2d-e3e8ff687ca0
1-45053ecc-6c3e-480f-8313-b56def51d803,de_mirage,9 / 13,22,ed977cb8-0020-47f7-bcad-b4025eb7a259
1-4512a091-1479-423a-80d5-19e4819228dc,de_cache,19 / 17,36,02989e57-1330-49ba-ae87-9cdd616f56e4
1-4517d92a-9b89-44a5-94a9-da25af3f9adf,de_mirage,13 / 7,20,02b6d7ad-3837-4792-9876-49091d5a2dbd
1-453097b3-90ca-44cf-b69a-e828844d7316,de_mirage,13 / 11,24,7d88f1c4-ba45-4972-94e2-b995f679bec4
1-4550626e-5a61-4fb0-8c00-631ae80112f0,de_dust2,8 / 13,21,dd8b2125-7753-464f-8445-1ade23d31f55
1-458207ef-4cba-4f26-bdaf-c0e03d6e8814,de_mirage,7 / 13,20,5fe49019-0f2d-48ea-bb07-b239c55f2d24
1-458aba12-cbb1-4823-9b75-1672e41a1050,de_dust2,13 / 9,22,dd8b2125-7753-464f-8445-1ade23d31f55
1-45902239-76c3-4b5e-9a6e-c982e83121ba,de_mirage,13 / 5,18,1d8c4c13-8363-4c0e-9edb-4b718014bec5
1-4594a198-68c2-4d20-8151-d30c094fd555,de_mirage,8 / 13,21,5e7172ac-9e07-487f-8ebd-bce905859e74
1-45b5b8ee-798b-44d3-884f-7da7b9f90866,de_mirage,13 / 9,22,dd5a236a-cfeb-4f81-b1cd-4d7b8aef56e1
1-45ccad03-d2ce-4edf-9fcd-1970cc089632,de_cache,1 / 13,14,4d319109-4c8f-417c-8508-1511b0dee83b
1-45cebdcc-1b9b-4572-afc1-cae241f428aa,de_dust2,13 / 11,24,0b52e923-e5a3-457d-9292-3df918de9f19
1-45e66e36-270b-4db1-a1c9-942324b78482,de_nuke,7 / 13,20,abafaeeb-7464-4d59-80c4-be47cbd8a651
1-45f32cdd-d743-4df1-ad68-ce5353e2adbd,de_mirage,13 / 8,21,ef62a23c-d28f-47ad-9e2d-cb5b9a56a011
1-45f77efd-d7b0-4b5e-a9c2-94028c1c6a84,de_ancient,5 / 13,18,54069a11-31bb-40b9-a65c-2ce8a7fd9c56
1-45ff93fe-808d-434e-a1e8-ad14a7a6a7ef,de_dust2,7 / 13,20,675d53d7-1657-4cf2-972b-5356fdfecdff
1-4619143d-17af-4257-a58e-4d3aebe1010a,de_ancient,3 / 13,16,9bac46bb-0e4b-4f01-b8d7-62fe61d0716f
1-463d2975-fd1e-479b-b9e2-4d3f819454fe,de_mirage,13 / 11,24,e11df64b-891c-4fb6-8164-1c23b025eacc
1-464d8139-28fc-4177-a517-e96e52b36ca4,de_ancient,13 / 8,21,683665ef-b3a0-41e4-80d4-05ed7ffe707c
1-4658f96b-6b45-431e-9979-d6fb90dbcfa9,de_mirage,13 / 9,22,415cc859-c677-4816-88e9-4d91fd10112c
1-4667f910-eb8a-4266-a545-054bb05e86a4,de_dust2,9 / 13,22,358fd901-ea31-4f54-bc9a-52fb297e8fb4
1-46a4a2dc-1b22-4afb-b4a8-93f55bc7a639,de_ancient,13 / 11,24,bb11aade-ab7b-4b39-95b9-586bddfb0e12
1-46c0ca9c-ca21-471f-a11c-4cb52e4aa749,de_ancient,6 / 13,19,db441e23-1acd-4bfc-b3b1-76ec80d9bd02
1-46ccca3a-709b-4a02-9bfa-74ec01daf197,de_dust2,13 / 7,20,e8b913d9-5aed-4104-ba4e-2f4361b0fa12
1-46ccca3a-709b-4a02-9bfa-74ec01daf197,de_overpass,13 / 9,22,e8b913d9-5aed-4104-ba4e-2f4361b0fa12
1-46d55285-c25f-46bf-b6cd-75e34a3db258,de_mirage,2 / 13,15,2989249b-5f81-4340-b2a1-e4db4c9aac5b
1-46f30ebe-dcfd-4205-93ae-7cf8dd716b63,de_mirage,9 / 13,22,b46c5e6d-3858-4ca7-9e2b-6dd418608d61
1-4718209f-a0be-4267-94ec-5773d3fc9767,de_dust2,9 / 13,22,41ee9152-b90f-4475-bee3-f476477ab56e
1-4738b567-3ed2-46bf-80a6-9af67f711807,de_mirage,13 / 8,21,ad373db4-eae0-448f-af47-082d5d80a65b
1-475a992e-ef14-4b32-bc7b-33566f5c2f70,de_ancient,13 / 5,18,1a4bfb44-0ab1-40f3-9150-688b04cfe158
1-47b870c1-9360-4106-bc15-bffe01b3cc11,de_dust2,16 / 14,30,ad0f1682-98a0-457c-bc37-4748b05a14c7
1-47ec9fad-ded7-458d-b966-e194b616de1b,de_cache,13 / 10,23,86c3887b-322a-4a00-b6e8-4bb639aab809
1-4815e9bb-1aeb-4657-9ffd-42f3d695ff5d,de_mirage,8 / 13,21,a755bb8d-17d2-4f7a-bd41-74c4f898db9c
1-48437a8e-8964-4deb-9f5a-84bfa131e7db,de_cache,3 / 13,16,1b21d193-72e6-4033-a392-cb26855fdb04
1-4853cb35-6816-4de2-9d35-df101e9ce540,de_mirage,8 / 13,21,e5989607-c5af-4cfc-af7d-272d34b48428
1-48609179-6a7c-48e1-936a-e39f6d626046,de_mirage,13 / 9,22,d01b5a67-6e52-4df2-aea7-a86b0292e0be
1-48804a79-336b-4ce6-8e13-558866c3e5cf,de_mirage,13 / 2,15,3c5dde62-e94b-425b-bf91-7ab8283066c2
1-4886163f-639a-4256-bf37-407902a7c7ca,de_mirage,11 / 13,24,871725b7-8782-46da-9858-3925acf17ef9
1-48972b9d-2450-47ef-8517-05a8c00b7ed3,de_dust2,13 / 11,24,1fb315a1-aaf0-4d31-9f24-cdd6afe6e657
1-48af1a84-8a6b-4f72-85ea-001fc04b54f0,de_mirage,13 / 7,20,dd8b2125-7753-464f-8445-1ade23d31f55
1-48dcbf87-9f1d-413e-a39a-b509d9dff256,de_inferno,6 / 13,19,71ea9955-8400-4553-87a5-4c325923d21f
1-48ff8e78-1cf0-402a-b21d-308e61f6a9a4,de_dust2,13 / 7,20,afaa49ff-f658-4728-99e8-8e9afde8ad14
1-498373ae-cc74-4f2a-a9c9-6a0d8feed2b3,de_anubis,16 / 12,28,ad82a342-d8a9-4ff7-a735-a502edc027df
1-49b7045b-1b8d-4dff-a9ce-a5242f7bb99e,de_mirage,13 / 9,22,444e4e9e-cf4d-43e8-8b18-2eb8b93b68a2
1-49c1ecf2-fb37-4e55-ba41-aeb1cbcefee4,de_mirage,13 / 4,17,871e212a-75ea-4a4d-8caa-1724cdb56cb0
1-49c81ae2-d081-46e9-bf89-e7f4966db4a3,de_mirage,6 / 13,19,4fa84751-1121-4944-aa09-99d3f5b0f544
1-4a1e70af-adfa-43c4-af79-8858fda0d64b,de_dust2,13 / 9,22,bfcaafc0-e907-4cde-a56c-6d932444299b
1-4a1ebb4c-e8ce-46e7-a9d9-2b376fc5be4f,de_dust2,10 / 13,23,1fb315a1-aaf0-4d31-9f24-cdd6afe6e657
1-4a4c5dbe-8c2b-4f59-8584-8b4704f7b056,de_cache,13 / 16,29,923fceba-fbe3-4df7-ad14-473d158d1769
1-4a4f43d6-f16b-4174-9bc3-50006a6aeb32,de_nuke,16 / 14,30,40bdd623-84c3-4a1d-81c7-e8539ce27148
1-4a539e11-44c7-4e79-a8b2-c96f92fea59a,de_anubis,13 / 6,19,e26e5897-2f22-49c6-b753-27e3637ef027
1-4a65efa9-f411-47b0-bd28-495661134806,de_nuke,13 / 5,18,0275303a-3418-4b2e-9a73-7bde008260de
1-4a7a7714-eb44-4639-8408-0a9e119d03a9,de_mirage,13 / 5,18,ef492907-fcf3-40eb-a721-909be0b6846e
1-4a7e6872-fd79-49ef-a62a-f9bfccd51a5a,de_mirage,5 / 13,18,6df8fcb1-7ba2-4111-8f4f-773d57ef4bc7
1-4ac5f7b7-ccaf-4752-a72c-604c18596c1a,de_dust2,10 / 13,23,62226040-6048-4f4a-9437-8d7e55db912d
1-4ae82ef6-bb25-47b3-af1f-906b82ff5b1c,de_dust2,9 / 13,22,ce3560d5-358d-4d72-95f1-e27b8ca0a609
1-4b1822df-c85f-4d65-8b8a-bbe3031c057d,de_inferno,4 / 13,17,b7546052-60ff-4d8e-b471-de467941e8c4
1-4b1822df-c85f-4d65-8b8a-bbe3031c057d,de_ancient,13 / 6,19,e5058104-ed5a-43b5-9f0b-a2f5ccf0c36d
1-4b1822df-c85f-4d65-8b8a-bbe3031c057d,de_nuke,10 / 13,23,b7546052-60ff-4d8e-b471-de467941e8c4
1-4b20f151-e88e-448a-bc77-4cfaf5ad2682,de_ancient,7 / 13,20,0861737b-014e-43db-b266-7b2886c8a071
1-4b254393-853a-428c-882d-9310c212b7a1,de_nuke,8 / 13,21,2989249b-5f81-4340-b2a1-e4db4c9aac5b
1-4b4b28ff-c9b8-42df-97af-0dae9072f0c1,de_mirage,13 / 11,24,8ff10e34-0d30-4985-9d21-d0c0ec2a111c
1-4b4b790b-47d9-447a-8aa7-621ddae363b8,de_dust2,7 / 13,20,d89aafde-8e51-4e50-b346-c9ebd90b5d84
1-4b4b790b-47d9-447a-8aa7-621ddae363b8,de_ancient,9 / 13,22,d89aafde-8e51-4e50-b346-c9ebd90b5d84
1-4b50c77c-43d8-44d9-b216-2001c6158ff9,de_dust2,13 / 11,24,55c533f9-3936-446c-aa35-f5a63a94c2db
1-4b656d2a-ca4a-43ff-8a9f-43cddc157cfb,de_inferno,13 / 6,19,6592149a-9f87-4bba-ac86-b3e8897fa5af
1-4b656d2a-ca4a-43ff-8a9f-43cddc157cfb,de_nuke,16 / 13,29,6592149a-9f87-4bba-ac86-b3e8897fa5af
1-4b7cb269-fae8-4426-8876-6f46a55447bd,de_mirage,11 / 13,24,9e3d2a0b-2bf9-4da7-ba45-5713d6a6de48
1-4b8c251d-66f8-4368-8ef9-9f8d3d1a190f,de_ancient,9 / 13,22,68375851-97d8-429d-8994-1215fa79082f
1-4b92bdf5-bdba-42aa-9f0d-e9f01e7bba2c,de_dust2,6 / 13,19,093d9086-3581-4500-8f69-20a7839f8fe1
1-4ba21716-2460-40bf-861c-aab9b654f1c7,de_ancient,9 / 13,22,31833282-2daa-45fb-9b59-139a8d1849ef
1-4bad28ce-bb08-495f-a3e9-7b93d213c8f1,de_dust2,3 / 13,16,2c3e74fc-683a-461b-9449-df6f7ad9f5e0
1-4bbf264c-3d37-4387-8b32-12cefcbba531,de_dust2,6 / 13,19,6729a32b-be21-4ead-a949-9d39d02c0c54
1-4bcb9bea-f4e8-438b-bf42-c00b6cf28c7e,de_mirage,8 / 13,21,2efa56f7-4695-4a19-82f7-6f870742780e
1-4bdecb69-1047-4031-b23d-3c8c8ffb78ba,de_dust2,16 / 13,29,63c462ae-57ff-4052-88c5-ce4bc2d7fafd
1-4be521c8-c4e2-4705-8385-9db18cbb9976,de_dust2,13 / 10,23,88389e8b-60f7-4702-a76c-e58a87fdfd8c
1-4bea9bd9-fe28-4ba3-a4ef-dc9634eaec0b,de_cache,13 / 10,23,2f8f20bd-4436-4847-a639-c0b7aa0c0a29
1-4beaa82a-643b-492a-8e6f-e4116d0f2437,de_mirage,6 / 13,19,541305df-7061-4592-b67f-7b361030605c
1-4becd581-1204-42ae-b62a-ce196e0a5cd8,de_mirage,13 / 8,21,88389e8b-60f7-4702-a76c-e58a87fdfd8c
1-4c264d18-0968-42b0-8d41-5cc309df8b7a,de_dust2,13 / 4,17,ea917595-9367-4ddd-a734-a6195fc2fbf0
1-4c2edb61-4738-417d-98e5-344b331def9f,de_ancient,13 / 9,22,4613e6a8-e551-4e48-bb6c-f7d6569ce45d
1-4c41a93d-f085-41cf-b4a1-c5b049d680cc,de_cache,9 / 13,22,71ea9955-8400-4553-87a5-4c325923d21f
1-4c437a23-e7d4-4397-a10b-7a42bd36dc2c,de_mirage,13 / 8,21,0c715f3d-bd25-4e2a-af9d-2477f0ec3aa4
1-4c6ae4b8-2ab0-4156-86bb-76f7d51b6688,de_mirage,19 / 17,36,bfcaafc0-e907-4cde-a56c-6d932444299b
1-4c78db95-4a5c-4fda-8315-04ea7dbf9240,de_cache,13 / 6,19,b0630331-92a3-4bef-8491-917598ee6f11
1-4c7a3c30-0e78-4992-a140-5b0a6422c174,de_mirage,16 / 14,30,71ea9955-8400-4553-87a5-4c325923d21f
1-4c8c79b8-3596-4935-b36d-a184b6e6acca,de_ancient,9 / 13,22,6729a32b-be21-4ead-a949-9d39d02c0c54
1-4c9000d7-cb3d-4d92-894f-0c03b761915c,de_mirage,13 / 9,22,9668f0e1-2dac-44c4-b374-5b1daf01a1dc
1-4cd90cbe-8482-45b2-ae11-099cf1e41028,de_mirage,7 / 13,20,484d0c16-6919-4151-83f7-e76ac176b117
1-4d2e1bd3-d16f-441a-92c0-640f0f72bb85,de_inferno,16 / 12,28,add9717b-a1d2-46a9-99f7-5d859eeceb0f
1-4d530253-a294-4ec0-adcf-df1a3d5c27ba,de_mirage,13 / 9,22,5daa0c02-f931-42d2-bb20-5dd603a263c0
1-4d7e2513-fc16-4c4d-b529-5e8fb328e20c,de_dust2,13 / 9,22,f0c9aac1-4365-4094-a13c-98334d3b2f43
1-4da778e2-9af7-4e82-8462-27418af7e469,de_dust2,11 / 13,24,63c462ae-57ff-4052-88c5-ce4bc2d7fafd
1-4e06f79d-0a1a-4967-8484-948b20dc01d0,de_dust2,4 / 13,17,093d9086-3581-4500-8f69-20a7839f8fe1
1-4e0f80ac-ced6-485f-96df-5e95ca1f5dee,de_nuke,16 / 14,30,525fe330-0fb3-41a9-810e-e24ae65b4961
1-4e41f277-8ce0-438e-bbbc-aa9a6ef1cf2d,de_dust2,13 / 11,24,c77850d9-1af7-400a-a2f6-a9643e8e238d
1-4e475b44-131c-45e1-88f8-8dc3f6c5295b,de_dust2,6 / 13,19,7291073b-1c0e-476c-a4b2-1dd9afdbf2df
1-4e4e6e93-4666-4f1c-9634-4ac289f4e5a8,de_mirage,8 / 13,21,71ea9955-8400-4553-87a5-4c325923d21f
1-4e5bfbe9-498f-4e51-82fe-43695e03cef6,de_mirage,8 / 13,21,55c533f9-3936-446c-aa35-f5a63a94c2db
1-4e81f7b6-3d7f-462a-a3e2-a5e4b59a9ed4,de_dust2,9 / 13,22,d8ae3f93-461b-47df-a2c2-da6e519776a6
1-4e90f027-2952-485f-a948-0be55f2da264,de_anubis,13 / 9,22,81cba3a2-4e5b-4638-83a2-7c252574097a
1-4e937179-91da-474a-b6ad-a50bb620750b,de_ancient,13 / 6,19,702c9dd5-c84d-42de-942e-58e921fd34d9
1-4ebc9c7f-bc46-4eb4-975c-5da35b7e482a,de_mirage,13 / 3,16,f58ed519-cc3e-4064-8145-dd2f0c062109
1-4edb9ca5-9096-4557-9529-96bb1469fc48,de_mirage,13 / 4,17,ce5c98d1-87e6-4242-a682-e79ad14fcbe4
1-4ee209f6-54d6-4022-80c6-ba65c556b7a8,de_ancient,10 / 13,23,d020e24f-1397-419b-8dbe-f390ba79c9f0
1-4efacf4e-ee43-408e-bfb7-63ba1a1213f4,de_mirage,5 / 1,6,1aa25322-fd91-4737-828b-46e7ca89ecfa
1-4eff27ba-4607-445f-9758-62991ed40034,de_anubis,8 / 13,21,11e15725-6ae9-4abf-9b76-cc0aa74a43b2
1-4f011c2c-363d-460b-851f-35c7490f872c,de_ancient,13 / 9,22,09e34c6e-66b1-4254-ab5e-6f969f7de721
1-4f024149-853f-4f3d-bbfe-801feccbdb92,de_mirage,5 / 13,18,544b4f6d-02cf-4f71-a38a-3e40ee91f3c9
1-4f054729-f24d-4329-85db-992c4c88a120,de_mirage,2 / 13,15,839271fd-0fb2-4c8f-aad7-1c519e457dd0
1-4f1c3884-30ec-45bb-99ef-222868fb2522,de_dust2,14 / 16,30,51512563-f6d9-4c4e-95b1-3172a724730c
1-4f21b787-1ab1-40b5-9155-55e67c4539af,de_mirage,16 / 14,30,f1d1e776-ed5a-4948-847a-07700b35bfae
1-4f329def-477c-4a80-a86e-e0c7b2cad8cc,de_ancient,11 / 13,24,b0477302-118a-46ee-99ca-6f4879091c63
1-4f381628-15c0-4abd-8705-f676ab7cb117,de_nuke,13 / 11,24,db441e23-1acd-4bfc-b3b1-76ec80d9bd02
1-4f4f2857-6b52-49a5-b3c3-3a7d6adbf02e,de_dust2,12 / 16,28,b0477302-118a-46ee-99ca-6f4879091c63
1-4f782b6a-3448-45c5-a9f0-4b697cc98104,de_dust2,13 / 9,22,2a2467e6-079f-49cc-b195-da6e94fc9f13
1-4f9440f7-1c43-46c0-b733-dfe2466b1403,de_mirage,11 / 13,24,8d9014b1-49d3-4307-b400-62c13583ec75
1-4f965d83-ed07-485e-9b48-e9b919923291,de_dust2,16 / 14,30,d4903d34-f384-437c-aa5a-2a4e1f4e7e2b
1-501d4f77-736c-492a-b201-988612475f3a,de_dust2,16 / 14,30,73cd5dd5-36ca-4370-b939-c4f232f9ea38
1-505c6f26-897e-41f5-8dbe-f5e82561cbc5,de_mirage,8 / 13,21,9cc0d011-e043-43d4-ac8d-4f1b1bca8638
1-5081beac-e12a-4f21-a8bc-653b10bd7728,de_mirage,7 / 13,20,46de5c77-1c98-434b-8f78-d802debbbe13
1-50aec521-0ddf-4139-8c7d-ba3e3aad165a,de_anubis,13 / 10,23,411e6c58-85cc-470c-93ba-5dbf18262772
1-50ca3042-8f57-459a-9174-3dd34238779f,de_dust2,13 / 1,14,6e0dc789-2c98-428f-a538-27b359abb26c
1-50d677ad-3d0b-4a12-893e-3a813473ff3f,de_cache,3 / 13,16,4ee1fe2d-a080-4dfb-8a1a-f3426412af1a
1-50e7320b-44c5-49ff-9bec-ed192d1e4229,de_mirage,16 / 14,30,d613ba91-f4ad-45f0-9b8f-5dd11a52f085
1-51120a2b-e5f3-4bab-ab0e-59374742bacb,de_mirage,11 / 13,24,c7ee0e00-2993-438e-99ea-3050bcf65413
1-511ea346-1e74-466e-ad71-b81c4c865c62,de_dust2,10 / 13,23,6e72652e-dbed-4cf7-b738-c0670e7c0e0d
1-51410a20-7d6d-403a-b169-d4f6e3c3498c,de_mirage,11 / 13,24,715218cc-90fc-4171-a7f1-c816cc5222d9
1-517ae11b-c8fe-496b-a367-1b58b320e7ee,de_dust2,4 / 13,17,b5c142d9-61f5-4731-99e6-3b9b14441625
1-518e17b8-1401-45e8-848e-7a44c158881f,de_dust2,13 / 6,19,544b4f6d-02cf-4f71-a38a-3e40ee91f3c9
1-51a7d9b2-d699-4f6a-b075-eb7e12b97fe5,de_dust2,8 / 13,21,ca2fe940-aeff-4ba3-b520-95ee38102ad7
1-51b25ca7-c75a-4c3c-838e-ca7c7d3d17d7,de_nuke,13 / 4,17,0c715f3d-bd25-4e2a-af9d-2477f0ec3aa4
1-51b89323-70f2-413a-aa64-8e1653bb9099,de_mirage,5 / 13,18,18e2560e-4059-4b35-84e4-4acabf7fc727
1-51bc5aba-f1e7-4bdf-86e4-171a975c5db9,de_mirage,11 / 13,24,3f92f5b3-e12f-4e47-a42a-a388d33b2e3b
1-51df4fef-910b-4ec3-a69c-665bfeb7bd59,de_mirage,16 / 12,28,7f125d61-3b7b-4e2f-a781-10932a676970
1-521026fd-4fa9-44dd-a1be-991e2009538c,de_cache,5 / 13,18,ee2d370d-7853-49bf-b5c7-b4350c491085
1-521e2890-e64d-4dce-8af3-8ff60bc8666e,de_ancient,13 / 8,21,c1bb3e6b-be61-4e43-be52-2c13ac3dc612
1-5226fe74-c656-4272-863a-eb6d23db4e6a,de_anubis,5 / 13,18,80b92b9d-ebba-483d-a751-4459257a53e3
1-523b9b59-8095-41cf-9b57-52bbe09cc03d,de_mirage,13 / 6,19,0090092d-eca9-4047-a8c2-7693c494d356
1-5255c114-3d85-4f61-b026-9c7bc0b52765,de_nuke,13 / 9,22,5f1c579a-1be1-47e8-9a8f-39e84a333700
1-525b796c-0a32-4e78-9eb5-d1ad92a29560,de_mirage,6 / 13,19,452050f8-80b2-4851-96b3-12797dddbc4d
1-526ee4e7-96e3-47dd-8496-5248b46bf3cb,de_mirage,13 / 3,16,8558a542-421c-4b1b-8e95-6c02579ed7a9
1-527a28d9-333a-443b-9607-7656d8c19bcc,de_mirage,5 / 13,18,c602641e-533f-43e3-9c2d-e3e8ff687ca0
1-528ab478-4406-4c8c-acc6-e7081ca1b4c4,de_dust2,9 / 13,22,d0006176-6704-465e-8c7a-524e42c3a477
1-52adc3ee-d43c-4fab-a5a4-3316aff3d6be,de_dust2,10 / 13,23,8789e627-30a4-4487-bbe0-7279f445a308
1-52ae737f-d2db-4ce2-abc2-c87a619a95d0,de_anubis,9 / 13,22,ef4ce444-c592-4bd9-a559-3b642c3c60ca
1-52b32a05-7b54-46a7-b9b2-df3b4c459412,de_anubis,6 / 13,19,63c462ae-57ff-4052-88c5-ce4bc2d7fafd
1-52be9f82-cf74-4f00-b4db-eddd39d1bce4,de_mirage,13 / 6,19,871e212a-75ea-4a4d-8caa-1724cdb56cb0
1-52c6581b-0f24-4a30-acae-c5d0c16ae79b,de_dust2,13 / 7,20,c0c456cb-a121-4417-895a-7455ebdd6f9f
1-52c6581b-0f24-4a30-acae-c5d0c16ae79b,de_inferno,13 / 11,24,c0c456cb-a121-4417-895a-7455ebdd6f9f
1-531429ad-a032-43ec-ae3a-80f2ef37657f,de_dust2,13 / 8,21,709890f5-f2bf-41d0-a143-bf832921268c
1-5342028d-ac67-4b36-b24a-a31775903e19,de_dust2,10 / 13,23,9d710aa5-07a0-4197-82e5-8fdccc177720
1-53500289-e62e-4514-8122-c49c9b647d57,de_anubis,13 / 9,22,1d9b171d-7371-4b71-8e98-f8f3ac47e140
1-53857dee-01bf-4fc6-b283-435254bf4e52,de_nuke,11 / 13,24,047acfb7-9bab-46b9-a108-a2bb1d13a0fd
1-53892af9-f0c0-47af-8397-8ad16ffd2eee,de_dust2,1 / 13,14,072ad70a-0d8b-4773-9d35-99a3eba3d1e8
1-53b95991-7aa9-4b40-8690-da619659a736,de_cache,6 / 13,19,be41de3c-6dbd-4532-aaba-20a5a485b620
1-53c8a53c-35ab-4936-87bf-11907810a9a7,de_mirage,13 / 16,29,63c462ae-57ff-4052-88c5-ce4bc2d7fafd
1-53db7695-e4b4-4ee4-95b9-c86544b480ad,de_dust2,13 / 10,23,cb7d64a4-3e8c-496b-bccb-c8a38af4a697
1-53dc91af-b130-45cb-b7f0-f6b2c21c4945,de_mirage,6 / 13,19,39d9655f-58fb-4550-93ec-6bde8df12211
1-53eb6ea0-b95c-4b04-a831-ac631bfbe265,de_mirage,13 / 11,24,22c0773e-5f76-423a-bcf7-8c0074218017
1-543cd3cd-81ab-4fe8-bc43-653223cd9e3b,de_anubis,13 / 5,18,34959527-ba42-437c-9553-e5e57e087883
1-54453a20-7ed0-4659-b457-a50aea57fb45,de_ancient,10 / 13,23,dd95f56e-bffc-44af-9fea-e181fce71122
1-5466dddf-4103-44b2-9bb2-c31eb4b15d9b,de_mirage,16 / 12,28,91bf004a-324d-4eba-a916-74663abd42a0
1-5479e77d-dac6-4140-a4b2-c0f98849a846,de_mirage,13 / 6,19,250e8d72-011a-4967-b54f-2c7e17cedf03
1-548c04c2-d0fd-40d9-82c7-d5503f1432f8,de_mirage,13 / 8,21,2a2e3aff-0f98-4f3c-b0ab-ba78bb8dc211
1-5491bd2a-8396-488e-9cb7-ecbac1f4e43c,de_anubis,13 / 7,20,358fd901-ea31-4f54-bc9a-52fb297e8fb4
1-5495a43d-c12e-4330-806a-81845d71b593,de_mirage,11 / 13,24,d7cfe3be-cb1c-4f42-9d18-029a3ad13d91
1-54da2865-126e-402a-a70c-87ce92b48641,de_dust2,14 / 16,30,045f9998-20dd-419f-9d23-3af2c5bed357
1-54e028ae-78f7-4603-bc89-7f736673b765,de_mirage,13 / 6,19,b2eebb3b-868c-4e25-8759-da096407f361
1-54fe33e2-f49b-4337-8c92-82fa9ef7644c,de_mirage,9 / 13,22,1a4bfb44-0ab1-40f3-9150-688b04cfe158
1-551b0bdf-800c-4225-be0c-5812fb2aa753,de_mirage,13 / 11,24,a66cccad-09ee-4222-bb11-b3720e4a7607
1-554dfd02-a819-44ba-be4b-d66003997e0c,de_dust2,5 / 13,18,838563f2-5a3c-4047-bc79-a03a7b3b4579
1-55727aa0-0c5e-46b6-bb41-f522fc8c2575,de_mirage,13 / 6,19,702c9dd5-c84d-42de-942e-58e921fd34d9
1-559cc5c9-ab04-475b-9c79-78cfe5cfc099,de_dust2,13 / 4,17,093d9086-3581-4500-8f69-20a7839f8fe1
1-55a19872-eab0-478e-bfff-22c91c34a088,de_cache,4 / 13,17,ba83b86e-c246-4caa-97e8-5ede2e9b58a7
1-55c294fd-9544-4267-91cf-16e77b8707fd,de_ancient,10 / 13,23,4a545b82-a192-43e6-89e0-798aa14ed1f2
1-55c8face-3e2a-4b03-8a6f-248992dc2e90,de_dust2,13 / 5,18,f0c9aac1-4365-4094-a13c-98334d3b2f43
1-55d7964d-e728-4965-93c5-38d204dcdc5e,de_ancient,13 / 7,20,09e34c6e-66b1-4254-ab5e-6f969f7de721
1-5607844b-6cc7-4397-8b36-79915f21aee0,de_anubis,3 / 13,16,dd95f56e-bffc-44af-9fea-e181fce71122
1-561a65e8-6663-4915-afb2-e9af975e80df,de_mirage,11 / 13,24,7f125d61-3b7b-4e2f-a781-10932a676970
1-562f5427-11bc-4ec0-860e-31421755e7ac,de_cache,13 / 7,20,b873c3aa-a0c0-4298-b9f4-7d508d1ee304
1-564cccb0-eb8c-4a7a-90d9-109fc2859efb,de_dust2,14 / 16,30,ba83b86e-c246-4caa-97e8-5ede2e9b58a7
1-5690ea59-c37d-4c77-b260-e900e95b49d1,de_mirage,6 / 13,19,e37989ad-e909-4536-b2ef-9646085bcac8
1-569d59ea-4c17-4ab6-bb28-d226f7b8c692,de_dust2,13 / 3,16,9cc0d011-e043-43d4-ac8d-4f1b1bca8638
1-56aa308b-dec5-4519-b3cb-1a9cb89d30eb,de_ancient,11 / 13,24,e2f1a118-4202-4e74-bdc4-151262b84409
1-56ab46a8-75ca-4edf-8d7f-36d39eb47392,de_inferno,11 / 13,24,405b144d-fa1b-42be-b873-b8f888636b45
1-56b15294-24db-49f5-95ad-21c92a51aa3a,de_ancient,13 / 4,17,4960fa72-7574-43ff-88dc-e6a44a8b636c
1-56d79356-b934-405d-8bc6-101c263d1a85,de_mirage,13 / 1,14,cd0bb7b5-473f-4a5a-b0d4-fb06d2e11702
1-56d88c32-1c4e-4011-9f22-0e106b5ad25b,de_mirage,13 / 7,20,dd95f56e-bffc-44af-9fea-e181fce71122
1-56de07d4-8c2c-4dca-909d-e6db98b4efdb,de_nuke,6 / 13,19,0deab8ea-5218-4e1d-ada7-bd8f65d21007
1-56ea9867-16c7-490d-946d-72c1466e4e53,de_mirage,11 / 13,24,a66cccad-09ee-4222-bb11-b3720e4a7607
1-570450f9-8c81-4677-9be7-985fd83529e5,de_dust2,13 / 11,24,547bc140-e6c9-4e18-bd92-8d8b1fec670c
1-5735d48f-ac7d-49b8-a1e5-2055fed361fc,de_mirage,13 / 5,18,e681aadd-079a-4b6b-95e7-a8499ec76975
1-574f3700-74eb-434e-816d-ab06f0ddf932,de_nuke,13 / 6,19,5c5a9150-6dfc-4040-ba50-d2e18a29875e
1-576a8855-4af7-4032-be69-dbab441c3da8,de_ancient,13 / 10,23,f5a69b34-5642-4130-8cf4-eeb526e82b98
1-57b985de-a127-4d75-92b7-c98d73963eb4,de_ancient,8 / 13,21,093d9086-3581-4500-8f69-20a7839f8fe1
1-57c51925-637a-4417-b668-1ada903f03bf,de_anubis,11 / 13,24,702c9dd5-c84d-42de-942e-58e921fd34d9
1-57d0b76e-13c6-41ac-a4b6-2e4b8c792416,de_mirage,5 / 13,18,0090092d-eca9-4047-a8c2-7693c494d356
1-57d95e58-e33f-453b-bfc8-bf6a5478616b,de_anubis,13 / 9,22,4ee1fe2d-a080-4dfb-8a1a-f3426412af1a
1-5803cfb6-241b-476e-af22-7ae0cdd77581,de_dust2,7 / 13,20,871e212a-75ea-4a4d-8caa-1724cdb56cb0
1-580a3c13-beb4-4097-b2b1-dd5577caa3f0,de_dust2,13 / 10,23,c91d377b-015f-45ab-b4b8-85e839a54020
1-582d43fe-7882-4f56-9a75-9aa09c9d6396,de_mirage,6 / 13,19,dd8b2125-7753-464f-8445-1ade23d31f55
1-5838172d-9522-4eaf-9ab4-58ea826c575b,de_dust2,14 / 16,30,cfcd32bb-8c64-4e08-888d-78e5c2f88644
1-583bfc84-fed9-400c-b99b-e7502a06d28e,de_dust2,13 / 16,29,6db725f4-d8af-420f-85fd-31720d70283f
1-5867377c-3003-4dde-be14-8219a44eca77,de_mirage,5 / 13,18,4613e6a8-e551-4e48-bb6c-f7d6569ce45d
1-587055d0-8e3e-4f66-a96f-98437621ef2c,de_dust2,13 / 3,16,43a14ace-24f0-4454-b556-1e4e277cad55
1-589be399-4a05-4fd7-9519-66658ad325fc,de_dust2,11 / 13,24,2853b294-cf1c-4af7-a7b2-68f3da1db1c8
1-58a349a2-60ae-42a9-94f1-e14112837c92,de_mirage,8 / 13,21,e5e131e1-1096-4300-9bd3-c761abbd5cc2
1-58afcfa1-ff59-470d-9ae8-131121cf28e3,de_ancient,13 / 5,18,fcb1f54e-d266-431c-9656-2e7fd0d97032
1-58d04d1c-ccfc-4f28-b33b-7ca232ce8bc9,de_ancient,13 / 6,19,85b054d4-810f-4bb6-8c38-4f1d301a454b
1-58d0c750-bde0-4ea7-b2b4-0025043ac368,de_ancient,9 / 13,22,388f745b-fde0-4451-8973-1a21506700f7
1-5926f111-c5d6-48f8-8e93-dd3eac7affca,de_dust2,19 / 16,35,8f364b21-6738-4680-89fd-1b65095ddb4b
1-59b644d0-8975-4be7-a03b-40b3498bbd04,de_mirage,7 / 13,20,c602641e-533f-43e3-9c2d-e3e8ff687ca0
1-59c01a1d-5a89-464e-9fa9-89d5e797a006,de_ancient,6 / 13,19,54640a1f-47f6-43ac-abd0-f61b3fa92b22
1-5a01b0af-95ba-4cb5-8dc1-9712156ef8f9,de_mirage,11 / 13,24,dd8b2125-7753-464f-8445-1ade23d31f55
1-5a2cc001-7e9a-4d38-866f-81dcbdadc411,de_cache,13 / 1,14,1358615b-818b-40c2-a4ff-41d536eeb154
1-5a2cc001-7e9a-4d38-866f-81dcbdadc411,de_ancient,13 / 6,19,1358615b-818b-40c2-a4ff-41d536eeb154
1-5a467ea8-e53b-4200-96bd-eed3781aa9a1,de_mirage,13 / 11,24,c29023b2-1189-405d-ba3d-72d1233de195
1-5a8075df-20b5-498c-a102-27c1985a1aca,de_dust2,10 / 13,23,91c2ae6d-0b7d-4e48-8004-5b91379e7ba7
1-5a9a3195-07dd-4545-bc35-43916a613a74,de_nuke,5 / 13,18,a40b6212-fdfd-48cf-bf9d-2bd352144ab1
1-5ae6a973-a928-4ebd-87ce-e8e3fd53e9e4,de_mirage,13 / 8,21,d01968b9-6b62-4fd8-abd4-69e3ac09926b
1-5afb79c1-216b-456e-b2a8-a82940672e5c,de_anubis,4 / 13,17,871e212a-75ea-4a4d-8caa-1724cdb56cb0
1-5b043b63-d866-4c2a-950d-201987db8324,de_dust2,12 / 16,28,ca2fe940-aeff-4ba3-b520-95ee38102ad7
1-5b1c8d2a-a598-4a79-9f42-4a9d980f72ae,de_dust2,13 / 8,21,93a7266f-d6de-4a55-8e01-fbeb8c31a763
1-5b264e0f-2f30-4c9e-ba2d-e38475309d36,de_mirage,5 / 13,18,10da9dfa-5058-41f0-9aff-636f418fc139
1-5bb46a02-88e8-4473-a6bf-cc3c090af5e0,de_nuke,8 / 13,21,c77850d9-1af7-400a-a2f6-a9643e8e238d
1-5bf2dc9e-1193-4911-b717-28c2bbba484e,de_mirage,9 / 13,22,75e6f624-d36d-4845-b40c-6d30e03c38c0
1-5bfa90d8-145a-4315-b029-2da6b0bbe823,de_mirage,10 / 13,23,47ece4c8-37df-460a-807a-b7f8224f2746
1-5c06572a-3915-4397-9aee-8e9770b362ae,de_mirage,14 / 16,30,5cb2ed8e-1aed-4c98-8f30-cc990d61f4c7
1-5c916ff2-ea66-4816-be73-53a39d601cd1,de_anubis,11 / 13,24,b46c5e6d-3858-4ca7-9e2b-6dd418608d61
1-5cad4c91-1f74-4e2a-a6d6-d9f393307942,de_ancient,3 / 13,16,dd8b2125-7753-464f-8445-1ade23d31f55
1-5d05ed1c-20ba-4382-ba60-144a504406be,de_nuke,7 / 13,20,d165cfb2-59fa-4f87-9092-e6cf84e12041
1-5d167e60-143a-422b-ad14-2c587d0ca746,de_mirage,13 / 9,22,c37025dd-4e72-4fc7-b4fe-f2ed0db853d1
1-5d3c4630-2cb1-48f9-9e49-d78b06f2519e,de_nuke,13 / 7,20,63c462ae-57ff-4052-88c5-ce4bc2d7fafd
1-5d5619ce-e533-4cdd-8db0-0f234e1942ed,de_dust2,2 / 13,15,5c5a9150-6dfc-4040-ba50-d2e18a29875e
1-5d673dbd-8960-4061-841d-1386219f46e3,de_anubis,4 / 13,17,9793fc23-8509-4fc2-bb5e-f72e6b9694c3
1-5d74bb58-713a-40f5-8a8b-144f4c2b7572,de_mirage,13 / 8,21,f2cd0004-5661-400e-b142-eb7bc74ea00e
1-5d7a7134-0ab1-4ac1-a514-05ab6b3a537d,de_ancient,11 / 13,24,d91df2de-ba34-49fe-b47a-ca8f98e39ea3
1-5d7ada54-3ef6-4892-a494-7d43660d9be0,de_nuke,11 / 13,24,2886b6ec-9608-4810-83d8-cb167fa3f244
1-5daca34d-cfec-4f54-ade8-266b4bf299fc,de_nuke,16 / 14,30,36fa610b-2675-4a12-9886-69b3df90ed87
1-5daca34d-cfec-4f54-ade8-266b4bf299fc,de_mirage,13 / 6,19,36fa610b-2675-4a12-9886-69b3df90ed87
1-5dc38206-bdcf-46c5-9ae7-a2c5bd3c8078,de_anubis,13 / 7,20,466c5969-d618-4448-a8b5-d546d19f822c
1-5ddaacf7-0f41-460b-a132-71eb9b80f63d,de_mirage,7 / 13,20,c1bb3e6b-be61-4e43-be52-2c13ac3dc612
1-5ddb160f-feaa-44ed-b271-e74d844c3e09,de_mirage,13 / 8,21,a92d84cb-a722-4da0-8be3-ba0235f54d72
1-5de21300-ad84-4b8d-8961-585155a63b4b,de_mirage,11 / 13,24,0fbc98e3-895e-499e-8d4f-86bcc146e4f7
1-5de2d323-e8c3-43a1-9fa2-7b29c8ca8a2d,de_nuke,8 / 13,21,62226040-6048-4f4a-9437-8d7e55db912d
1-5defb9b4-614d-4012-b7e1-d1b685f2c53a,de_dust2,13 / 3,16,77e15f31-b669-4c6f-a960-cb49870e3867
1-5e381327-3d72-4770-a7fd-205b9a71ba4c,de_dust2,7 / 13,20,751cb834-6c00-4490-b05e-8b2862566be1
1-5e4772e3-17ca-433e-a73d-9b5b5f3cdce6,de_mirage,13 / 7,20,702c9dd5-c84d-42de-942e-58e921fd34d9
1-5e64f298-5fe1-47f5-a2b1-efe5f25edbd9,de_mirage,13 / 7,20,d7cfe3be-cb1c-4f42-9d18-029a3ad13d91
1-5e86eddf-9a32-465b-93c3-7dd16649ec97,de_mirage,8 / 13,21,eac4c82a-1d28-4a4a-a9e2-a9932156c34a
1-5ec843dc-4677-4774-9e11-f0d3e0c1c3f0,de_ancient,13 / 1,14,b5c3e65c-bb6c-49d1-ad75-3823b52ce576
1-5ed1008e-c10e-444d-93cb-1664faf4bb6b,de_mirage,10 / 13,23,88389e8b-60f7-4702-a76c-e58a87fdfd8c
1-5edc29e5-ca3c-42bd-83a4-d1b8bce08806,de_ancient,13 / 3,16,885af8a0-3303-422d-af3b-899af15cfbb4
1-5ee4255c-12f7-4a7e-9cc3-aa8ea21055c5,de_nuke,13 / 6,19,31833282-2daa-45fb-9b59-139a8d1849ef
1-5eeceb96-f4d6-421f-8797-ed3c12a8df68,de_nuke,13 / 10,23,5e694c68-91af-49d8-92f5-c41a1b6c1e62
1-5ef84f36-9521-4b00-b83d-48e492daf634,de_dust2,13 / 8,21,309cbdb0-4955-4a2a-a0e0-6b4be1194a06
1-5f0973d4-d033-4e57-adde-4f6271b41be0,de_mirage,8 / 13,21,1b7ce264-cae4-45c5-afb1-526123adaf65
1-5f187c21-d1df-429c-b6d3-b84b2a413db5,de_mirage,11 / 13,24,a66cccad-09ee-4222-bb11-b3720e4a7607
1-5f1af50e-56ed-4776-a25b-93a55f37b3cc,de_dust2,7 / 13,20,ca2fe940-aeff-4ba3-b520-95ee38102ad7
1-5f3716e6-dc08-4ef3-9652-2af6a0bc9707,de_ancient,9 / 13,22,d80cd889-23b4-4825-9e0c-c655c6849764
1-5f404376-5e63-4e84-a283-17a8db8e6e17,de_inferno,11 / 13,24,2612e8d3-c978-45b1-b475-2b0aaabbb08d
1-5f4406d1-a8b7-4991-bf18-b960bedb8381,de_ancient,3 / 13,16,81750071-2d80-4d11-b4ee-ed2b2309ce37
1-5f4412a5-f1d5-4d11-ad69-9616be185dfc,de_dust2,19 / 22,41,ef492907-fcf3-40eb-a721-909be0b6846e
1-5f9ea50a-d889-4460-aa95-25d520b8dbf6,de_dust2,16 / 14,30,045f9998-20dd-419f-9d23-3af2c5bed357
1-5fe6bf4b-62b4-4188-8280-84eb7e944544,de_mirage,13 / 6,19,83406320-b332-4d23-b599-0ed9c4472a06
1-6000ebc3-0251-4a0f-8003-bdd3dfcc4d3e,de_mirage,13 / 11,24,a7f4c0d0-519d-4828-a54c-a94bd1324cf7
1-60179a89-7e53-4b61-883a-afd9404a07ba,de_mirage,4 / 13,17,73371315-25d1-4217-89ab-fb79846ed3fc
1-602c3ca7-735c-4180-86bf-b482b04639e6,de_dust2,7 / 13,20,d7cfe3be-cb1c-4f42-9d18-029a3ad13d91
1-603b30c3-958a-452e-9c53-c2e1056d4af7,de_mirage,10 / 13,23,5d8102de-7608-4700-b008-e4fa376338a7
1-606d5d60-56b7-4451-90de-b90e43b826ee,de_mirage,13 / 3,16,c602641e-533f-43e3-9c2d-e3e8ff687ca0
1-607083f2-bf93-41f6-8c4d-b8bb29a26f76,de_ancient,13 / 11,24,358fd901-ea31-4f54-bc9a-52fb297e8fb4
1-609529ed-9fa4-483d-a956-46574432f6f3,de_ancient,5 / 13,18,49285fa7-74d5-4490-89aa-766c38a45fb5
1-609e1158-7e22-4b7b-9bde-1c9273330737,de_dust2,13 / 6,19,9b967b95-5212-4386-91e6-9617abffd007
1-60daca4a-cb5b-40ab-844a-6a79fb0dd463,de_anubis,13 / 11,24,ebfb7771-377e-458b-82df-a03490acc33d
1-61165213-5022-4f53-8988-38849f1d1554,de_inferno,2 / 13,15,1e434c74-f547-4fbf-8808-7ab0dfc16dd9
1-61220bc5-6e99-4f2a-bfc1-a2f2c22f29cc,de_mirage,19 / 17,36,4abb772a-6722-40d0-b323-703eb92efc13
1-613c74c6-c8cb-4d70-a4bf-f7f304666e52,de_ancient,8 / 13,21,cc9f0706-2c26-476f-8de9-4a6ee34d61f1
1-613c74c6-c8cb-4d70-a4bf-f7f304666e52,de_dust2,9 / 13,22,cc9f0706-2c26-476f-8de9-4a6ee34d61f1
1-61428016-bdf8-4aa8-84e9-12c58c05c9e5,de_nuke,11 / 13,24,1b21d193-72e6-4033-a392-cb26855fdb04
1-6161ad60-e483-498e-9615-cfb520377d2e,de_ancient,4 / 13,17,c1bb3e6b-be61-4e43-be52-2c13ac3dc612
1-6175f7f7-18c7-4a42-9a05-4cb75c9e24d1,de_inferno,2 / 13,15,f04d2e90-ecc5-42b9-9ed7-ce6695a5c2b3
1-61931e0e-d2e4-448d-bc39-7c37e496660e,de_mirage,13 / 8,21,a5fa9e4c-0beb-4b4b-94bf-fbda21fe9fe4
1-61b03252-b159-4e2e-a51b-307a1ded201e,de_dust2,6 / 13,19,6b707363-7f72-416d-8af6-27390611af1c
1-61c7d4ca-f9e1-4636-a59f-fa726dcf8ca4,de_anubis,6 / 13,19,71ea9955-8400-4553-87a5-4c325923d21f
1-61feb972-66c3-4a73-b927-787c4c7ffd04,de_mirage,10 / 13,23,6b707363-7f72-416d-8af6-27390611af1c
1-62086af5-e0b7-427b-9bbf-0b94bccd502d,de_mirage,1 / 13,14,1f30c0d7-aa1c-4a6b-a275-d44fbea93682
1-6209bf7c-4ae5-4806-aaf1-f4a26911abca,de_dust2,6 / 13,19,3ed8471e-5ef9-464c-b137-0402c1297d48
1-62407d2d-319e-49a4-80d8-fbf451b87fd5,de_dust2,22 / 25,47,be41de3c-6dbd-4532-aaba-20a5a485b620
1-625ca409-d869-4e88-8822-a3230ae836df,de_dust2,13 / 4,17,1ddf11bb-4091-457a-81b9-21cea278fdaa
1-62a32373-fa3a-4518-a9f4-97b4564ebf18,de_mirage,13 / 5,18,4abb772a-6722-40d0-b323-703eb92efc13
1-62ad50e2-1b2e-4fe6-8ce0-f215b96e3bf1,de_dust2,7 / 13,20,b46c5e6d-3858-4ca7-9e2b-6dd418608d61
1-62ad5c77-3263-4e4d-8332-7a3e01d50c0c,de_mirage,13 / 10,23,2853b294-cf1c-4af7-a7b2-68f3da1db1c8
1-62efd674-5f33-4861-ac50-b1fc81e48452,de_mirage,3 / 13,16,7b94752b-3e13-4150-8224-2e8ed6215b78
1-62f21319-ec16-45a3-8151-cb67308ac33a,de_mirage,18 / 22,40,8bef54a1-81fa-42bb-92c5-118938967846
1-62ffe0a5-dfba-4f5a-9294-062eff91f251,de_nuke,13 / 7,20,702c9dd5-c84d-42de-942e-58e921fd34d9
1-630647b6-5b09-4b35-95bb-0bfea71297fa,de_mirage,5 / 13,18,f2e3d400-e3c8-4ad3-8d1d-1f3dd3ec37ed
1-6308ac65-1324-40cb-ae69-28c7fe9a00ec,de_mirage,13 / 5,18,2a046db9-1e57-418d-ae89-0faf5ac06221
1-634978ad-27b6-41d2-bc99-e52a0844084c,de_mirage,4 / 13,17,9cc0d011-e043-43d4-ac8d-4f1b1bca8638
1-6359e935-30c9-45b0-a727-6bfe199870e1,de_dust2,9 / 13,22,db7405ce-feae-47cd-a77d-edf770771d4d
1-6391de20-2899-41a0-a3af-64b76c4f032a,de_dust2,3 / 13,16,77591e1f-8b92-4217-8432-b3a11eee5495
1-63e7b9b6-e814-4677-afce-8a91b1f5f597,de_nuke,13 / 10,23,a302138c-f156-4c7e-a9b8-3b982d091f2d
1-6428d917-bc93-404e-81aa-a1e2d713e780,de_mirage,9 / 13,22,7f125d61-3b7b-4e2f-a781-10932a676970
1-6431d10c-a7f1-45b8-8743-af2f2b0d3e44,de_cache,13 / 9,22,452050f8-80b2-4851-96b3-12797dddbc4d
1-6488f52b-75f5-4d11-b511-a997cdd7c6de,de_mirage,13 / 4,17,871725b7-8782-46da-9858-3925acf17ef9
1-64a4c59c-78ae-4c5c-8b36-d97a327998c7,de_mirage,9 / 13,22,4d0baaf8-7068-4e49-8af7-c2ba4a8f9f4c
1-64d2c37d-dd7f-4cc1-8fee-ea9d952f55b8,de_ancient,13 / 5,18,49285fa7-74d5-4490-89aa-766c38a45fb5
1-64ddf239-f808-48cf-a40b-11bf354b4407,de_nuke,7 / 13,20,64858d84-258f-4e68-961d-e0ee42b83ce9
1-651bb01c-f0e9-4d0a-adeb-02354673120c,de_anubis,4 / 13,17,3511fd9f-d1f8-4921-beeb-3c8ada57d62a
1-656d1ed8-7899-45da-ac8c-c10a00bad500,de_cache,13 / 10,23,05093275-234f-4536-b460-02800c0d8ccb
1-6575f064-e28a-49b6-b819-e3e4e83a6b5a,de_ancient,6 / 13,19,df7de9d7-178d-46f0-a658-3012c5c4a224
1-6577ca23-2b51-4b33-b9e6-c9c3b6566cad,de_inferno,13 / 10,23,d5941bde-97b0-4268-bcde-83a6389040c3
1-657e65ad-d170-4e46-a76e-183bdc41a4ad,de_mirage,11 / 13,24,2989249b-5f81-4340-b2a1-e4db4c9aac5b
1-65c3d14e-7609-4d92-8346-1aa637c8f90d,de_cache,7 / 13,20,009de0ef-d102-4323-8dac-d78561c43210
1-65d7a85f-735b-45db-bee7-8496c2e14610,de_ancient,13 / 10,23,0275303a-3418-4b2e-9a73-7bde008260de
1-660d52ff-0022-4770-9ee1-aec63bc5bda2,de_mirage,14 / 16,30,5e7172ac-9e07-487f-8ebd-bce905859e74
1-66159fcf-3b44-4ff7-9b01-f2bfeec47eb2,de_dust2,13 / 5,18,023d6972-6d4a-4e76-946d-72188d980226
1-6629b2b1-fb3d-45ec-a00b-b01b9d2f6d62,de_nuke,13 / 6,19,093d9086-3581-4500-8f69-20a7839f8fe1
1-663a33e8-6bb6-46b8-88c2-8559e6b6b573,de_anubis,13 / 7,20,185cae34-c7a6-4d4a-9ca5-7b7e196d5450
1-663df104-0e0b-4eb6-a8d5-674b7f7a39d1,de_mirage,13 / 6,19,ada0073c-3f43-42b2-915a-d30ade4bbdf9
1-6671512f-cf20-48cd-af8a-50a55ef8d340,de_mirage,13 / 6,19,d020e24f-1397-419b-8dbe-f390ba79c9f0
1-6676bc75-18fb-40ed-a2a6-76c4fc6f7570,de_mirage,14 / 16,30,a66cccad-09ee-4222-bb11-b3720e4a7607
1-66a401f3-292d-4683-b15f-3e4eaac5c557,de_dust2,6 / 13,19,f2b03247-c8ee-47bd-8aaf-4df3c955a714
1-66ce2ac9-65a8-4ab1-a4ac-c2cc958b5361,de_cache,13 / 8,21,4960fa72-7574-43ff-88dc-e6a44a8b636c
1-6702bf46-82ed-495a-b926-b4d19b7957c2,de_mirage,13 / 6,19,83406320-b332-4d23-b599-0ed9c4472a06
1-670904b9-0b6f-490d-9cea-047b6b79771e,de_dust2,5 / 13,18,0090092d-eca9-4047-a8c2-7693c494d356
1-670bf17b-9ab4-47f7-b385-5968258f9f3f,de_nuke,13 / 9,22,0861737b-014e-43db-b266-7b2886c8a071
1-6722ddbc-17b1-4d11-b8b6-fcbf68b184ab,de_mirage,9 / 13,22,10da9dfa-5058-41f0-9aff-636f418fc139
1-67944365-6d63-49cf-99e9-7ecd8b249cf1,de_ancient,14 / 16,30,ef4ce444-c592-4bd9-a559-3b642c3c60ca
1-67963c99-b006-4669-97f2-75d50adc9253,de_cache,13 / 7,20,62226040-6048-4f4a-9437-8d7e55db912d
1-67db9f06-853e-49d9-9ef2-ca902f38895d,de_nuke,13 / 1,14,4ee1fe2d-a080-4dfb-8a1a-f3426412af1a
1-67fad448-becb-4abe-8b00-583a83cae489,de_cache,8 / 13,21,a98b5348-4edc-4f1f-906b-d3345cfb85e6
1-683227f5-9fe6-4ca8-b78e-a54749216ec7,de_dust2,20 / 22,42,83406320-b332-4d23-b599-0ed9c4472a06
1-685ec8a0-c847-4f33-a806-36c80c358ef9,de_nuke,10 / 13,23,63c462ae-57ff-4052-88c5-ce4bc2d7fafd
1-6883a943-f616-4510-8d65-7be46efa4fda,de_mirage,13 / 10,23,a66cccad-09ee-4222-bb11-b3720e4a7607
1-68a21ca9-3312-48bf-8faf-a792703cc520,de_mirage,7 / 13,20,1b21d193-72e6-4033-a392-cb26855fdb04
1-69249d95-0758-41a0-b22c-181ffc5f60c7,de_mirage,9 / 13,22,46de5c77-1c98-434b-8f78-d802debbbe13
1-693261fd-8bd0-49bf-8ed9-de85b68b3e6a,de_mirage,13 / 16,29,702c9dd5-c84d-42de-942e-58e921fd34d9
1-6983e483-929a-411c-9447-09e4ab3c5f1b,de_cache,19 / 16,35,c1bb3e6b-be61-4e43-be52-2c13ac3dc612
1-69ec4a62-0eda-4f16-9559-eea90514d588,de_inferno,8 / 13,21,175b1046-459e-4f82-bfa8-262b9527e64d
1-6a04e7d5-6c0a-487a-aff4-9929c7d5626f,de_dust2,13 / 10,23,c6154c13-83dd-4d8d-997c-e8bbb8ae5199
1-6a11dbc9-1c23-49fa-8e05-93bf5909d53f,de_dust2,5 / 13,18,71ea9955-8400-4553-87a5-4c325923d21f
1-6a30389f-9abb-4085-91e9-3f8df973a98f,de_mirage,8 / 13,21,c602641e-533f-43e3-9c2d-e3e8ff687ca0
1-6a44dccf-f2e0-44ca-b809-d818a3b63078,de_mirage,3 / 13,16,2c3e74fc-683a-461b-9449-df6f7ad9f5e0
1-6a4750f3-bff4-48a3-aaf3-9dd70228ee32,de_ancient,13 / 11,24,dd057355-5ad5-4b32-b948-2ec560ef7a35
1-6a69e20b-ec5a-4753-8a59-85160f2f035a,de_anubis,13 / 6,19,218e8aec-5d96-4342-9fde-4d22e3a1792e
1-6a840e8d-b9a3-49ab-b885-eeef6b003d8d,de_dust2,6 / 13,19,09869807-7afb-4786-9d98-e2f4a4f37bda
1-6aeb008f-c4eb-4a88-98d9-25b4686cbd38,de_ancient,8 / 13,21,a7921334-e631-4ee1-8bac-1ab4f9ed7b38
1-6b132c02-ad21-482e-b6c7-014aca1a4e18,de_mirage,11 / 13,24,d7cfe3be-cb1c-4f42-9d18-029a3ad13d91
1-6b6e6b4e-b54b-4391-82d0-45254b5fa705,de_mirage,13 / 6,19,43a14ace-24f0-4454-b556-1e4e277cad55
1-6b7fb814-7c32-4300-95dd-e09558f7f236,de_mirage,10 / 13,23,1ec9f547-33cb-4a8f-9761-c904791d133c
1-6ba5e5bf-9b61-49fa-9575-6867c7ae1fa0,de_mirage,13 / 9,22,bc14aa5d-4aad-4a75-aa02-924abb799d52
1-6beb2a7a-e96d-4891-8c14-74e8af409a1c,de_mirage,16 / 14,30,544b4f6d-02cf-4f71-a38a-3e40ee91f3c9
1-6c047b55-cf28-49a1-9e37-11acba74a806,de_mirage,8 / 13,21,0861737b-014e-43db-b266-7b2886c8a071
1-6c07d607-5f2c-4119-9fe4-7860118f9fa9,de_mirage,2 / 13,15,b7546052-60ff-4d8e-b471-de467941e8c4
1-6c12061c-5026-4244-ba69-40e4df366237,de_ancient,13 / 4,17,1a4bfb44-0ab1-40f3-9150-688b04cfe158
1-6c19e5f5-12fb-42cc-bc69-ac2a98265d2c,de_mirage,10 / 13,23,c7d4f74f-b490-4631-b036-7a27a0438e7b
1-6c381e5b-a442-4e55-997b-ca6c9f89b58c,de_ancient,2 / 13,15,3426012a-b81a-4fb0-98a4-68bd194de75b
1-6c4d6f39-517c-4a3a-bd3e-7e6a01441ef3,de_cache,5 / 13,18,1784a7c4-0fca-4163-a33c-8895d6801258
1-6c5ea219-0da1-4d69-bf63-7747e4a92107,de_mirage,13 / 10,23,7e4558c3-80c5-4811-b884-6881ae5ddec0
1-6c77d0fd-b6ad-4707-a0a4-f63a65c5c8ec,de_ancient,13 / 11,24,1ddf11bb-4091-457a-81b9-21cea278fdaa
1-6c8a1386-cbdf-4992-b1f7-13b21ec361d2,de_inferno,13 / 10,23,d165cfb2-59fa-4f87-9092-e6cf84e12041
1-6c989cf8-391b-4372-8acc-7df85496a7bb,de_mirage,10 / 13,23,c1bb3e6b-be61-4e43-be52-2c13ac3dc612
1-6ca5dae5-5799-4768-acf5-33e8986f7e3e,de_mirage,13 / 10,23,b2401c2b-e86c-4ed3-beb9-0f3a338ec934
1-6cbb35df-3769-428e-bbb4-de42f9b5e607,de_ancient,13 / 7,20,6f5dc0d2-e3c3-431b-8ecf-341b3d15d13e
1-6cd87886-0429-428c-8188-7a0a1a4c5305,de_mirage,13 / 8,21,2989249b-5f81-4340-b2a1-e4db4c9aac5b
1-6cf5a6ef-cfe2-49a2-8b8e-84639b09be25,de_cache,8 / 13,21,1b21d193-72e6-4033-a392-cb26855fdb04
1-6d0642bb-3851-47ed-add6-ed0db4dd277a,de_cache,5 / 13,18,a5cd3a13-05c1-4fcd-b323-275c6b187219
1-6d0cc74d-7c08-4d86-8aae-d1da7021694b,de_dust2,13 / 9,22,2a1993e8-3c3f-4c64-a80c-d98e041ebda9
1-6d1ccff7-e2a1-421c-9098-50324810982f,de_nuke,13 / 3,16,b5c3e65c-bb6c-49d1-ad75-3823b52ce576
1-6d3e85a0-b64f-4845-9ca6-fdce29e77e18,de_dust2,13 / 3,16,02b6d7ad-3837-4792-9876-49091d5a2dbd
1-6d7a06b4-bca7-47b1-a8cf-a49053313894,de_mirage,13 / 3,16,39588f5b-006b-408f-a465-05ecbc297e3b
1-6d89aed8-7872-47e8-90f9-769e04a28e44,de_dust2,13 / 11,24,b2401c2b-e86c-4ed3-beb9-0f3a338ec934
1-6d8f9292-faab-4d76-ab6e-b39fb518ef10,de_dust2,11 / 13,24,a66cccad-09ee-4222-bb11-b3720e4a7607
1-6dacb0b6-e77b-4210-846a-cc46b9bafb58,de_mirage,19 / 17,36,46ff1ae1-a0ee-4848-b55b-ff55f08ee623
1-6dba9d2b-8a0b-4140-be75-16643d4be2b0,de_dust2,13 / 10,23,df32adbd-1a8b-423f-aaab-da65af389782
1-6dc3a0ed-e0e6-48ea-b4f8-7325f74a3325,de_cache,13 / 5,18,71ea9955-8400-4553-87a5-4c325923d21f
1-6dd0ee84-da27-47c9-b2ae-66bd97c51841,de_anubis,13 / 9,22,db1402e8-c068-400c-aa57-4205fa001268
1-6defa8d4-362a-411e-b269-30b082bf3a8d,de_dust2,13 / 4,17,62226040-6048-4f4a-9437-8d7e55db912d
1-6e063e40-7ba7-446f-934f-5a3f64576db1,de_mirage,13 / 11,24,3c5dde62-e94b-425b-bf91-7ab8283066c2
1-6e0a7f5b-1a31-47f2-8b81-a8b0a30b9ce3,de_dust2,20 / 22,42,64711a5b-f4d3-4c1b-bf64-dc8988be7b6f
1-6e216e8b-4fc3-4134-95f8-e559478d0e87,de_cache,3 / 13,16,489ecbcf-086f-4939-8f48-625be46643e0
1-6e22f839-96b1-4681-af86-510317b5182c,de_ancient,13 / 8,21,4d2c73a3-a553-476c-a0c5-d73657ac6ade
1-6e2befde-d70b-41dd-992e-25fb374e08e4,de_anubis,9 / 13,22,1aba7668-79d9-483c-986c-9dd889d180fb
1-6e38ba93-5c9a-4c96-b986-3f65dce2c68c,de_cache,13 / 2,15,eac4c82a-1d28-4a4a-a9e2-a9932156c34a
1-6e3cf934-1bde-4eae-ae05-4fbdab47b00d,de_anubis,13 / 16,29,052f5029-b2d0-4a28-9f5f-074c19d244b8
1-6e62589f-0e85-43f5-80cc-d478ebc12697,de_ancient,10 / 13,23,9cc0d011-e043-43d4-ac8d-4f1b1bca8638
1-6e70069c-6793-4cac-8fd8-33f95f0af594,de_dust2,9 / 13,22,0de12d71-0a13-4706-9471-caa4ca2694a3
1-6e797821-660a-482e-b081-539345160647,de_mirage,7 / 13,20,66bfa0ec-92b4-43b0-ae16-fdab764ec6f8
1-6e7f4154-9c11-4003-b28a-06d64174e745,de_ancient,3 / 13,16,1830d4f8-a243-47d8-b8b8-943f7170b163
1-6e9b37f5-4d30-4105-9c25-9b72d90ab904,de_dust2,5 / 13,18,4fa84751-1121-4944-aa09-99d3f5b0f544
1-6e9e2ec0-3932-4015-bfe9-4ee8a7dbacb8,de_dust2,5 / 1,6,be41de3c-6dbd-4532-aaba-20a5a485b620
1-6eb0dfe9-3f81-45d3-adfb-f4bfe80bf8a4,de_anubis,13 / 10,23,38b22f5c-3654-4834-9355-148324f6279d
1-6ed97abf-5420-44cb-9796-d164339afa54,de_mirage,9 / 13,22,0090092d-eca9-4047-a8c2-7693c494d356
1-6ee25436-8ac9-4e62-b620-5c67ae4d1bef,de_dust2,9 / 13,22,ea917595-9367-4ddd-a734-a6195fc2fbf0
1-6ee82e52-acc1-49c1-946e-ed3507203e4f,de_mirage,13 / 11,24,1c179609-dd91-4456-9613-0c668fa9c385
1-6f04e14c-617c-4539-8581-1a39171af214,de_ancient,13 / 2,15,9cc0d011-e043-43d4-ac8d-4f1b1bca8638
1-6f22a87b-5595-4b81-8aa8-3747263a6038,de_dust2,8 / 13,21,4945aac8-7dab-4045-994e-6410462a486f
1-6f42f457-357b-4a47-ad50-3a47ce9342fb,de_dust2,13 / 9,22,1ddf11bb-4091-457a-81b9-21cea278fdaa
1-6f49e966-6d68-455a-96bb-b7becc1ad4a8,de_ancient,9 / 13,22,358fd901-ea31-4f54-bc9a-52fb297e8fb4
1-6fd74c6d-375b-4595-9d75-752ebbdfc1d5,de_nuke,5 / 13,18,62226040-6048-4f4a-9437-8d7e55db912d
1-70071826-e58a-482a-9018-b5558e6e1a48,de_dust2,13 / 11,24,3059bdd3-aa1d-4acf-ab31-0f2de0de86be
1-700ad72f-1937-41fd-909a-ea36a369579b,de_mirage,14 / 16,30,b6622144-707c-41ac-9aef-61257a9594b0
1-701265e4-4f1e-449d-aa7b-c736b8e26a6e,de_mirage,11 / 13,24,71ea9955-8400-4553-87a5-4c325923d21f
1-701ecb7e-c5b0-491d-b209-7cb9ec7f9d98,de_ancient,7 / 13,20,e90b349d-d3ea-4ea1-b5ad-51adb61b131f
1-70239e39-4014-47d7-bfb6-4b414544eb69,de_dust2,13 / 9,22,7f125d61-3b7b-4e2f-a781-10932a676970
1-705b8e89-11e6-417b-9fe5-c992480ad439,de_dust2,8 / 13,21,49cd6b71-b35f-4937-9287-1e0ac22b6aaf
1-7067aa8a-a1e6-433b-aeae-081c0c44f140,de_inferno,11 / 13,24,3e777f15-2311-4f24-b53e-07e2c8f570be
1-707f7026-570c-47d5-b03e-a8967348af3e,de_mirage,9 / 13,22,dd8b2125-7753-464f-8445-1ade23d31f55
1-707f98fa-831a-4d35-913f-2f770b5be2d4,de_cache,13 / 9,22,36fa610b-2675-4a12-9886-69b3df90ed87
1-707f98fa-831a-4d35-913f-2f770b5be2d4,de_inferno,13 / 8,21,36fa610b-2675-4a12-9886-69b3df90ed87
1-70870c36-208f-46df-8e38-7e61c88b8414,de_mirage,14 / 16,30,175b1046-459e-4f82-bfa8-262b9527e64d
1-708c05b9-d78c-46ae-83d5-0c11ec31a68d,de_cache,9 / 13,22,1b3cf7e9-194a-4bff-90cd-2e4c35490dad
1-70940dbb-20ae-49e9-823a-cc201d9ab6fc,de_cache,3 / 13,16,7e901a3b-141d-4820-b111-2e83cf37ee48
1-709a82ad-f4b0-48f6-ba05-f9d64c5527e7,de_ancient,9 / 13,22,d7cfe3be-cb1c-4f42-9d18-029a3ad13d91
1-70c70f04-4c25-4b41-97a2-d7efe6848242,de_nuke,3 / 13,16,093d9086-3581-4500-8f69-20a7839f8fe1
1-70e61348-579b-4169-a891-63527bfd8668,de_mirage,10 / 13,23,88389e8b-60f7-4702-a76c-e58a87fdfd8c
1-710073fd-343d-4287-8104-7bb311b5dbaa,de_inferno,8 / 13,21,815c3042-448c-4e10-b317-37918d94b49b
1-710da113-ebe5-4bcd-ada9-82d3ba32d659,de_mirage,13 / 10,23,eab1e5f3-bd9e-4e87-a160-bc09fb5ccbc0
1-7114fa72-2f8b-425f-b020-2a321d6fba94,de_dust2,13 / 10,23,b2eebb3b-868c-4e25-8759-da096407f361
1-7129580d-6f67-435d-bb74-131e4d3b4249,de_dust2,14 / 16,30,bfcaafc0-e907-4cde-a56c-6d932444299b
1-71323eec-cb7e-434a-945d-a9bfe770ba99,de_mirage,13 / 4,17,0861737b-014e-43db-b266-7b2886c8a071
1-715988a2-f375-4d2e-acc1-0636a1a807ec,de_nuke,10 / 13,23,6b707363-7f72-416d-8af6-27390611af1c
1-7179172e-a39d-49d9-9e83-307a07cf4cd8,de_inferno,16 / 14,30,8fd5b675-ad02-4302-92f7-62b0f9ab57bb
1-717990ef-360d-463a-8811-4bff2362d029,de_mirage,13 / 7,20,0c64195f-b1ee-4fdc-9c0b-376dc2f57d77
1-71874d2b-77a8-4665-8079-e6c1bcca3a0f,de_dust2,13 / 9,22,7cfbd6d1-0989-4464-b58b-30b951698fae
1-71879ba3-cdbf-4d32-a7d2-9f1fa6504c82,de_ancient,13 / 5,18,ea55a5fb-a009-409f-8dbd-1f4a3a7397a8
1-71bf87a6-3600-4d44-a239-60e2b246bc74,de_mirage,13 / 6,19,a0b399ba-3ff3-472e-8cc7-6b2c7c5ba6ae
1-71e576b2-6b08-44a0-83d1-7223471ee87c,de_mirage,19 / 15,34,3c5dde62-e94b-425b-bf91-7ab8283066c2
1-71e9f709-7be5-41b7-adfe-734acc9bc697,de_dust2,5 / 13,18,39d9655f-58fb-4550-93ec-6bde8df12211
1-72096f06-330d-4001-a457-a0a02d9e467e,de_dust2,5 / 13,18,38150c4d-40a9-4527-8b47-19d1a553b33a
1-720fe12f-53cb-4878-95ca-2bde3602fd89,de_dust2,13 / 11,24,39e449eb-2627-4b5e-8527-fbcaa9e98801
1-721225ae-fbbf-4a58-a8bf-a06f4b5b554e,de_mirage,6 / 13,19,d0006176-6704-465e-8c7a-524e42c3a477
1-7223acae-ae8b-4124-bcb7-87fb5528aa72,de_dust2,13 / 7,20,4b4c1496-3be4-4d06-9d6f-0aa5425a34a7
1-7229dacc-5739-42b4-8744-6fa259ac0331,de_anubis,13 / 11,24,fa2bcac7-9812-46dc-9558-9cdf74c4fbe0
1-7261bbb8-8eae-4d2f-ba11-67ebf2c533ac,de_ancient,13 / 11,24,34959527-ba42-437c-9553-e5e57e087883
1-72775e8f-e213-4eac-8c11-b593c855c7a4,de_mirage,13 / 10,23,2989249b-5f81-4340-b2a1-e4db4c9aac5b
1-727a8cc5-edbe-4329-a3ea-da4701bd0c0a,de_mirage,8 / 13,21,a66cccad-09ee-4222-bb11-b3720e4a7607
1-727bba77-074a-48fa-bbb3-ec29373b86c5,de_dust2,13 / 11,24,22c0773e-5f76-423a-bcf7-8c0074218017
1-72802fbf-1ce8-456b-a6b2-ac8da4ee893f,de_dust2,13 / 11,24,4279671a-cdd2-47b7-85c3-b3cca6fb0b35
1-72865bbe-7d24-4527-b1f0-99fd4c050f26,de_dust2,5 / 13,18,46f22f3d-4325-4851-8d11-0393928d00fe
1-72912971-b3e5-4d71-99f6-39aa6f54d755,de_dust2,6 / 13,19,9793fc23-8509-4fc2-bb5e-f72e6b9694c3
1-72a2831f-5c10-4580-87ac-f9dfd6970a5b,de_mirage,9 / 13,22,16dce659-0df5-4831-a349-5d29ecd018a9
1-73006e57-87be-44c6-a5a6-a8d9714a8300,de_mirage,13 / 9,22,4d2c73a3-a553-476c-a0c5-d73657ac6ade
1-732869ce-aa38-4823-be7e-e33bb1524c8f,de_dust2,16 / 12,28,578fccfa-9b82-429c-b797-645740763f8b
1-738ff449-97fe-44d1-b5d3-92dd17f75d69,de_dust2,13 / 8,21,42e5292d-33e9-4128-8cd4-ea9982da6d54
1-73933852-d71a-4873-a5e8-3f9db02fc67d,de_dust2,10 / 13,23,1ddf11bb-4091-457a-81b9-21cea278fdaa
1-739c3092-0318-4277-a87b-97d69df50c42,de_dust2,13 / 11,24,39e449eb-2627-4b5e-8527-fbcaa9e98801
1-73af0ed3-c156-401c-9868-8d2de211107c,de_mirage,15 / 19,34,dbece85f-be2c-43a2-b80f-3151486df8d9
1-73c3f430-e45e-4c5c-a5af-c33dec95ca3e,de_ancient,13 / 9,22,66768a88-fb30-479c-89aa-53552a282e0c
1-7409cda0-9e76-4646-a3dc-546ec56391f8,de_mirage,13 / 6,19,c5d62efc-d87a-491f-af3e-bce205324a12
1-740f762e-5d4d-4daa-b30b-33976834f65f,de_dust2,11 / 13,24,db441e23-1acd-4bfc-b3b1-76ec80d9bd02
1-740fdf78-071f-4030-99bf-deb5e64c6076,de_mirage,8 / 13,21,f6e836fc-23e5-4a2e-9001-1ce1add1083f
1-741be9aa-fae4-4335-857b-4f2fe43c2d2f,de_cache,9 / 13,22,46de5c77-1c98-434b-8f78-d802debbbe13
1-7424d0c1-745a-4ec6-9588-b2027da0d98c,de_mirage,10 / 13,23,77e15f31-b669-4c6f-a960-cb49870e3867
1-74697fc4-9637-44b0-83e2-c10e0fc1a15a,de_ancient,7 / 13,20,1b3cf7e9-194a-4bff-90cd-2e4c35490dad
1-746fb236-92b2-4cea-898e-487985c357ba,de_nuke,11 / 13,24,a66cccad-09ee-4222-bb11-b3720e4a7607
1-74917274-86fd-498a-86f8-01460bd87ea4,de_dust2,13 / 5,18,c602641e-533f-43e3-9c2d-e3e8ff687ca0
1-74b43cb6-96cd-46f3-8f67-4a92095d0f17,de_nuke,16 / 14,30,abafaeeb-7464-4d59-80c4-be47cbd8a651
1-74b9926e-5f73-47ce-85a3-6b5d5e0b240e,de_cache,5 / 13,18,780ff937-76e4-4608-9406-c2fdae354a69
1-74dbaded-8d2b-4094-99e3-5a040562ffa8,de_mirage,13 / 10,23,c7b4c481-0d64-4fcf-b90a-e0f6e79a63c3
1-74f7ffbe-e30a-4575-825c-96f4f81f7da8,de_mirage,13 / 6,19,621b97a0-92fe-480b-96cb-aad95cf2515e
1-74f7ffbe-e30a-4575-825c-96f4f81f7da8,de_cache,13 / 5,18,621b97a0-92fe-480b-96cb-aad95cf2515e
1-74ff333a-0333-43e2-9223-b3abbed2d49b,de_dust2,13 / 9,22,dd95f56e-bffc-44af-9fea-e181fce71122
1-752a36a5-44a3-4f46-931d-469279158d18,de_mirage,13 / 1,14,96bb0d37-26b7-4dd8-b8ba-717d3d4b718a
1-7564ff5f-0603-4e5f-b8e2-cf2eed6e9c83,de_dust2,13 / 6,19,746fc7f6-fdea-499a-8adf-8d4b31ecc243
1-7570448b-89ce-417d-a189-80ad47772a11,de_inferno,10 / 13,23,72cf4cad-59a2-4766-8923-b87294a1fa1f
1-7581af0e-ae7f-47f5-bcda-5ab08da24a2c,de_mirage,13 / 5,18,d5653444-428b-4d4a-b915-c7be4c01c568
1-7594ace6-5565-4cb0-a427-f48fde04b55b,de_inferno,6 / 13,19,b82fb107-391e-4d02-a4bd-7ba69fbeea54
1-7594c509-1c7b-41c1-a9a6-866af5a0d53c,de_nuke,11 / 13,24,49411d69-e811-4163-8d29-21ab3a0cea7c
1-75ae1748-eae9-40f2-a3e2-f49fc5ac6613,de_mirage,14 / 16,30,871e212a-75ea-4a4d-8caa-1724cdb56cb0
1-75b3d750-e055-4bed-bb8a-e46dfa115b41,de_mirage,1 / 13,14,d5f87053-ddd2-4a6c-b0ba-9000671abb48
1-75b3d750-e055-4bed-bb8a-e46dfa115b41,de_dust2,8 / 13,21,d5f87053-ddd2-4a6c-b0ba-9000671abb48
1-75e367fe-9067-4963-9b94-1179111912db,de_mirage,13 / 11,24,ed977cb8-0020-47f7-bcad-b4025eb7a259
1-75f79a16-6722-4a01-bd7f-508c2faa48ff,de_ancient,13 / 1,14,1358615b-818b-40c2-a4ff-41d536eeb154
1-76085f7a-d4c3-4fdc-86a7-297d1cb16100,de_mirage,13 / 9,22,96bb0d37-26b7-4dd8-b8ba-717d3d4b718a
1-7613840e-43e9-407f-9132-ff53728137a9,de_dust2,9 / 13,22,dd8b2125-7753-464f-8445-1ade23d31f55
1-761dff4a-5105-47ba-a0e6-4e7a1fcd3285,de_dust2,19 / 17,36,afe79fcf-6fd0-4abd-95a3-06850c8120c0
1-768a1b48-374d-44ed-a664-cc637c5c706d,de_dust2,13 / 11,24,f9a55830-fd0f-4cb0-b8e5-167046738ae4
1-76927812-31cc-4a58-8c61-a0ce9183c369,de_anubis,13 / 0,13,1b7ce264-cae4-45c5-afb1-526123adaf65
1-76b01b92-ec9b-49ad-8e05-37f3e936cd65,de_ancient,13 / 9,22,9cc0d011-e043-43d4-ac8d-4f1b1bca8638
1-76ba15a6-930d-4d3f-b65f-15e3e9be9b0d,de_nuke,13 / 16,29,9b03f3e9-6932-487c-b444-5fd5d3a50e58
1-76bcc2f3-1205-4710-baa8-56943c692684,de_mirage,4 / 13,17,64858d84-258f-4e68-961d-e0ee42b83ce9
1-76d17e90-7e00-41a4-8c56-fa1f8a8425d6,de_mirage,13 / 6,19,7258ad00-6327-4edc-bcc7-157dfadf36f7
1-76d17e90-7e00-41a4-8c56-fa1f8a8425d6,de_nuke,13 / 3,16,7258ad00-6327-4edc-bcc7-157dfadf36f7
1-76d6eb9d-18c9-44fc-9868-58ddae97d4d5,de_mirage,10 / 13,23,35628708-8f82-4bbf-b113-48c4e8326a83
1-76d9cf27-2105-4fdd-8e99-f582e92f5006,de_mirage,13 / 10,23,39d9655f-58fb-4550-93ec-6bde8df12211
1-76f39608-e9e4-433b-8c37-b4bbee07bd52,de_mirage,12 / 16,28,22fd3dfc-e014-4668-a8b1-f0a3e251c622
1-7732d5fd-1238-4b87-809f-f67703b51ede,de_dust2,22 / 20,42,d8ae3f93-461b-47df-a2c2-da6e519776a6
1-7734a317-37b6-4884-b29d-6afe0290a8c3,de_nuke,11 / 13,24,4ee1fe2d-a080-4dfb-8a1a-f3426412af1a
1-77be4023-3365-4ba0-b651-658a0a97ede6,de_mirage,17 / 19,36,83406320-b332-4d23-b599-0ed9c4472a06
1-77d46c78-1ba9-4c63-b1e4-8412a217cbbd,de_cache,13 / 10,23,e88a905c-7506-4a78-8462-5c0ba4b5d197
1-77e109bf-da5e-4762-91cd-9a317185c9e4,de_mirage,3 / 13,16,a66cccad-09ee-4222-bb11-b3720e4a7607
1-77ff4255-dd3a-4975-a0b1-a63db2561b2c,de_nuke,4 / 13,17,6e0dc789-2c98-428f-a538-27b359abb26c
1-780bbd25-0a00-4d62-b602-e5683b8363ed,de_anubis,16 / 14,30,eaca5c04-f230-429a-852d-d2c1c43b606b
1-7812f15b-beed-4a7a-808b-3b5995d7c699,de_mirage,8 / 13,21,dbc62b13-80f6-4baf-9a80-0812ebb82bc3
1-7815aae8-ffe1-4fae-9dac-f07d695f1bab,de_dust2,8 / 13,21,e18f3db9-1e32-457e-b50e-af3ecfe0a769
1-7839bb77-4529-48d9-8332-1a252cf9eba2,de_dust2,13 / 6,19,09869807-7afb-4786-9d98-e2f4a4f37bda
1-78476bd4-4f9b-4a26-8193-4a5f8412ad8a,de_inferno,9 / 13,22,5a499533-99d5-4159-be21-08a44c944105
1-784a3449-222b-4422-aa6f-f786d2a863bc,de_mirage,13 / 3,16,0861737b-014e-43db-b266-7b2886c8a071
1-786b9eca-d009-4016-84c0-ca24c19fae42,de_mirage,8 / 13,21,17c34c49-18d5-48a4-87a5-2bbbe558c5e1
1-78725c5d-5ca3-4192-94f2-9504289ef893,de_mirage,14 / 16,30,5f405904-2dc5-4edb-a50f-67c7ea225c5b
1-7881504b-7b1c-4177-9fd8-529e5f61fd2c,de_dust2,13 / 7,20,e20a57d7-5bae-437b-840f-dfdbbc3a286b
1-78912219-3cef-4c3f-a5e8-5bac7acda2d6,de_mirage,13 / 7,20,c3f7ffdf-216a-4473-9b2f-9710c3adc16b
1-789d7910-e06e-4f54-b21f-23ae3a636331,de_nuke,16 / 12,28,ab6a189f-12d4-40d6-9e5f-653285ce937b
1-789d7910-e06e-4f54-b21f-23ae3a636331,de_dust2,13 / 9,22,ab6a189f-12d4-40d6-9e5f-653285ce937b
1-78bbab47-fa07-4c88-8442-97c8774f1235,de_cache,13 / 9,22,83406320-b332-4d23-b599-0ed9c4472a06
1-79046df4-d2c8-4e40-b392-a92a5933b703,de_anubis,13 / 8,21,9ba7401e-19a6-4131-a462-04b9fe493225
1-791380ab-eba4-482e-8cfb-a8ea760d4b63,de_dust2,13 / 2,15,43a14ace-24f0-4454-b556-1e4e277cad55
1-791cdd34-bb67-4c9e-a5e1-5004e8619e8a,de_ancient,4 / 13,17,f5f6896e-0e26-4010-82b5-ba6091243c5a
1-7922a70b-f512-4dd7-87aa-6101853ffa06,de_cache,13 / 7,20,0948f5ae-5eb1-4fa2-a6eb-112c1f2666b9
1-7922a70b-f512-4dd7-87aa-6101853ffa06,de_dust2,7 / 13,20,ab6a189f-12d4-40d6-9e5f-653285ce937b
1-7922a70b-f512-4dd7-87aa-6101853ffa06,de_nuke,9 / 13,22,ab6a189f-12d4-40d6-9e5f-653285ce937b
1-79231a0a-bcf5-42ec-a684-5ceb136597fa,de_ancient,11 / 13,24,c37025dd-4e72-4fc7-b4fe-f2ed0db853d1
1-79426695-9141-403e-8d5a-97bf559b4904,de_nuke,8 / 13,21,62226040-6048-4f4a-9437-8d7e55db912d
1-79590096-d57e-4970-b7f7-07f966b82739,de_ancient,16 / 19,35,1a4bfb44-0ab1-40f3-9150-688b04cfe158
1-79a04181-9ab7-4f7c-9e43-30a216b4b08e,de_mirage,2 / 13,15,31216a2f-d460-4668-a171-aa820f782d35
1-79b52994-1dc0-41c2-a5cf-22d09a8dc9f2,de_mirage,2 / 13,15,4ee1fe2d-a080-4dfb-8a1a-f3426412af1a
1-79b7ba9d-7b27-4022-8e20-2c51c074468e,de_mirage,13 / 16,29,bfcaafc0-e907-4cde-a56c-6d932444299b
1-79be74ec-a36e-4197-ad8b-9c0a23ef58c8,de_ancient,13 / 4,17,ea9c1f41-f9ac-40e0-a1df-824787f50b73
1-79d5ad20-95ab-4b82-838d-b7dc622c4b4b,de_dust2,16 / 14,30,5e7172ac-9e07-487f-8ebd-bce905859e74
1-7a1fe54c-8d8f-44ea-be6c-872a749fc259,de_nuke,7 / 13,20,49411d69-e811-4163-8d29-21ab3a0cea7c
1-7a4ab599-697b-41af-ba85-e206f9fa400a,de_mirage,11 / 13,24,b5c3e65c-bb6c-49d1-ad75-3823b52ce576
1-7a854d79-0b89-43e9-8e99-9155a9a39f35,de_mirage,14 / 16,30,39d9655f-58fb-4550-93ec-6bde8df12211
1-7aaa8614-c2a7-4ca3-98b9-83a637b4c1f2,de_dust2,13 / 4,17,fc32f949-1a52-4b17-8d7a-06307838a38c
1-7b015c0d-0bcb-4338-be1b-e566e117b3f1,de_mirage,13 / 4,17,167f3ec7-5ed7-438b-a096-640dd218ff68
1-7b0b5d6b-5c06-491a-82ec-6dfa76fb5d0f,de_mirage,13 / 9,22,4a127a2a-aeb9-4fcf-bccf-83bb41cad1fd
1-7b26e543-b483-42e1-926a-992867517286,de_dust2,6 / 13,19,1fb315a1-aaf0-4d31-9f24-cdd6afe6e657
1-7b4a34ed-3087-4556-be33-22f9b722d254,de_anubis,16 / 14,30,63c462ae-57ff-4052-88c5-ce4bc2d7fafd
1-7b66ea0f-1b8f-4de0-9403-fcae3a8d4ca1,de_dust2,11 / 13,24,2435cd50-9486-4a3c-a7dd-5890d0b6a133
1-7b81330d-2f1e-4222-9bf3-b63b41da7d0a,de_mirage,13 / 11,24,10da9dfa-5058-41f0-9aff-636f418fc139
1-7b9cc72e-6474-4e81-b9b2-afbf53fb0a27,de_vertigo,11 / 13,24,49cd6b71-b35f-4937-9287-1e0ac22b6aaf
1-7bb4d960-ba31-4ebc-98f2-39e007123c23,de_mirage,13 / 8,21,a66cccad-09ee-4222-bb11-b3720e4a7607
1-7be95789-4777-4985-9a2b-82acdd1f375f,de_dust2,16 / 19,35,83406320-b332-4d23-b599-0ed9c4472a06
1-7c29065f-ff83-46c0-9e57-8bdc6b19cedb,de_dust2,13 / 1,14,ed977cb8-0020-47f7-bcad-b4025eb7a259
1-7c48de57-95da-4c3d-b150-2d40c7f962d5,de_dust2,11 / 13,24,be945614-1a0b-4e4e-92f6-e981111d4e92
1-7c79b2bc-26de-41b4-bc8f-113055ea993c,de_mirage,3 / 13,16,ca0247d2-fa44-4ad3-9a36-d949f814fc7d
1-7c88cffe-179b-4bbd-ace7-6b5b0df19ab0,de_dust2,9 / 13,22,75dc434c-e448-44d3-8bcc-b4c8ec1ad25f
1-7cbb7dbe-2eaa-416e-af50-8d6b3d766c03,de_dust2,10 / 13,23,86c3887b-322a-4a00-b6e8-4bb639aab809
1-7cbd2fad-d872-4c99-b7a4-8d60bba3c48f,de_dust2,16 / 14,30,045f9998-20dd-419f-9d23-3af2c5bed357
1-7cd3562e-7f18-4395-8f25-f6ae34991061,de_mirage,13 / 11,24,175b1046-459e-4f82-bfa8-262b9527e64d
1-7cd76c47-926d-47f2-87c5-1ba2560fc922,de_mirage,8 / 13,21,3e58c8bd-f6ee-4c29-9940-6b30dc46a2cb
1-7ced5b55-ff9c-4ac5-8fe4-2a77efb61102,de_inferno,13 / 8,21,2fc7aa7e-8971-4024-b7b5-629d741d0901
1-7d32b1ce-b91f-4c98-accf-f3083a12c82c,de_dust2,13 / 0,13,1e434c74-f547-4fbf-8808-7ab0dfc16dd9
1-7d3e4ab2-3d0f-45e3-b950-a3ebf2da2fbd,de_inferno,13 / 11,24,ed4bb7dd-7da1-4c24-b8b2-f136c80f599e
1-7d3e7845-883b-454f-ae92-39584d01caf8,de_ancient,9 / 13,22,02989e57-1330-49ba-ae87-9cdd616f56e4
1-7d459343-0a0e-46b5-a731-60a2e6d5e98b,de_mirage,3 / 13,16,8df2459d-14a6-44b9-84dc-bdf0254b2269
1-7d55cd9f-271a-421d-b22f-f290a309c812,de_mirage,12 / 16,28,f5a69b34-5642-4130-8cf4-eeb526e82b98
1-7d64e54a-6151-4de9-a9db-399fddc4e00a,de_dust2,13 / 6,19,d65439eb-3c5a-452f-89ef-a04c2aff6140
1-7d7edf2e-325a-412f-b552-e956707c8c87,de_mirage,9 / 13,22,c602641e-533f-43e3-9c2d-e3e8ff687ca0
1-7d99b2b7-e03b-44dc-9d7a-2c6d8dfa9a65,de_dust2,16 / 14,30,df7de9d7-178d-46f0-a658-3012c5c4a224
1-7db1355c-1e11-4190-b6aa-a0165fbac17a,de_anubis,7 / 13,20,71ea9955-8400-4553-87a5-4c325923d21f
1-7dc9e2fd-542d-4f3e-83d8-2cc27794005f,de_nuke,9 / 13,22,49285fa7-74d5-4490-89aa-766c38a45fb5
1-7de1ba02-5900-4a2b-8e76-7437e75b9b18,de_mirage,13 / 6,19,6b707363-7f72-416d-8af6-27390611af1c
1-7de1dae3-440b-407e-a03e-650d3902d4f1,de_mirage,13 / 3,16,8867dc6e-2851-47f0-9b4e-637f94aa07cb
1-7e0adc34-c5f7-486f-b4eb-ca47a8895949,de_dust2,13 / 9,22,157dfd0a-e241-47ab-8f79-35b941a94e58
1-7e0d74cc-5f9b-44dd-baf1-66dbd08f48ae,de_mirage,3 / 13,16,d7cfe3be-cb1c-4f42-9d18-029a3ad13d91
1-7e3a9429-faa4-4ec5-9ab0-5e274cdaec62,de_dust2,13 / 4,17,a7f4c0d0-519d-4828-a54c-a94bd1324cf7
1-7e86aa4b-e9af-40e5-b8d2-435add38b23b,de_mirage,13 / 8,21,54069a11-31bb-40b9-a65c-2ce8a7fd9c56
1-7e9a9f4c-1b89-464f-953c-beac4be1fa8a,de_mirage,10 / 13,23,db441e23-1acd-4bfc-b3b1-76ec80d9bd02
1-7e9eca2c-7ddb-466b-87c5-861480ade713,de_nuke,6 / 13,19,890c0a35-764a-44a7-9977-3e11c288d990
1-7ea171d4-79a7-4205-96b5-4ba4a40609f3,de_mirage,4 / 13,17,df7de9d7-178d-46f0-a658-3012c5c4a224
1-7ee5a902-8f67-494b-b69d-dad44e4a6a5a,de_mirage,11 / 13,24,46dc5827-b175-4ae8-b803-d3a26b5f03ab
1-7ee79896-7ecf-4552-bcb0-233682d75ba0,de_mirage,13 / 11,24,0090092d-eca9-4047-a8c2-7693c494d356
1-7efae2dd-0866-4c10-847d-f2fdf2096d84,de_anubis,13 / 6,19,a66cccad-09ee-4222-bb11-b3720e4a7607
1-7efca146-f258-4dbe-9114-8d6e77e7b49d,de_dust2,2 / 13,15,358fd901-ea31-4f54-bc9a-52fb297e8fb4
1-7f096a86-12bf-4f66-8a41-1829c7920b13,de_mirage,13 / 8,21,833d9021-4654-41d6-ad5e-97bd2bfafe8a
1-7f0dd5e7-5507-432c-9705-40a051ba60fb,de_nuke,3 / 13,16,738aee09-fb3c-4162-b64b-cc48350281e8
1-7f1ed954-86c5-49c5-b28b-2a346b9503b1,de_mirage,13 / 9,22,f0c9aac1-4365-4094-a13c-98334d3b2f43
1-7f201c41-6ecd-47f2-b589-b9afc710284a,de_mirage,5 / 13,18,ef492907-fcf3-40eb-a721-909be0b6846e
1-7f2d30dc-3f17-426b-b3aa-8fb368fb5d61,de_mirage,5 / 13,18,f3dcda41-9d48-46f1-8110-11676634c6dc
1-7f4acd60-9738-4380-91f2-d3f905b0a8c5,de_mirage,19 / 17,36,49285fa7-74d5-4490-89aa-766c38a45fb5
1-7f70cca0-f8d3-41d6-815a-ab4bad4d717e,de_mirage,10 / 13,23,10da9dfa-5058-41f0-9aff-636f418fc139
1-7f8a6610-8c2f-4e1d-b8b0-5cb13a240f4b,de_dust2,9 / 13,22,0090092d-eca9-4047-a8c2-7693c494d356
1-7f92afb2-e5f7-4a80-badf-200a11c62e07,de_mirage,13 / 9,22,0a3ccb1b-fd7f-43d6-985a-33b496e406bb
1-7fabcd92-8146-4f6d-996c-00595cb54c26,de_nuke,13 / 11,24,a66cccad-09ee-4222-bb11-b3720e4a7607
1-7fb4ac8f-12bd-41c6-a3af-b986f506b4cd,de_inferno,11 / 13,24,e48aaf92-8bbe-461e-a8a6-f6717b4d9fad
1-7fb4ac8f-12bd-41c6-a3af-b986f506b4cd,de_dust2,9 / 13,22,e48aaf92-8bbe-461e-a8a6-f6717b4d9fad
1-7fda914e-1c15-46d9-acf6-31423dcd9e2f,de_mirage,13 / 8,21,a66cccad-09ee-4222-bb11-b3720e4a7607
1-7fe334f8-18f2-4df8-92de-186998416f8b,de_mirage,13 / 3,16,db441e23-1acd-4bfc-b3b1-76ec80d9bd02
1-800775e8-8805-4f7b-bfcd-c9660b26781f,de_anubis,13 / 4,17,1ddf11bb-4091-457a-81b9-21cea278fdaa
1-800f2981-a136-45ea-89ff-6fd32bb691b5,de_ancient,3 / 13,16,42773734-2444-429d-b0dc-4d84269e5828
1-8011e654-5099-4182-81ad-dcbc0a51e7d2,de_anubis,13 / 3,16,6f5dc0d2-e3c3-431b-8ecf-341b3d15d13e
1-8031131a-dc6c-4573-a762-7767277806dc,de_mirage,13 / 11,24,5b7c50ae-f158-44f4-8378-ec6658fdcb4d
1-803a8899-9744-42e0-ad0d-c2068f4b5599,de_dust2,7 / 13,20,b939ff86-9b08-456e-b131-1cc820e1df2c
1-80826961-995b-4aa0-b01a-3b03704ad152,de_ancient,3 / 13,16,800475ac-072e-4e9f-b2e6-2b6f88c55ddb
1-8099a0b2-ee1d-426a-a410-7c6034b067fd,de_ancient,10 / 13,23,d8ae3f93-461b-47df-a2c2-da6e519776a6
1-80bcf940-e820-4861-83d9-ae388cd0d88b,de_nuke,7 / 13,20,045f9998-20dd-419f-9d23-3af2c5bed357
1-80f1f0bd-8f72-4ba5-abc6-31f6abe379c3,de_nuke,13 / 8,21,750a7aa3-eea2-403a-9a70-26a580eaf438
1-80f6ca23-db1c-4244-b3fb-0d7ab508c3a8,de_mirage,8 / 13,21,7b94752b-3e13-4150-8224-2e8ed6215b78
1-8111601f-5994-42c9-982f-5f10e02473a7,de_mirage,13 / 11,24,03ea0582-cf47-4b8c-9b5a-277a0a34431b
1-8144de59-44c3-4fbb-b95f-7acf3bee9413,de_dust2,8 / 13,21,e6bc4aa0-2aca-4ef2-ac73-0b4920b5a663
1-8151d3a1-1599-4e3c-960f-125968400894,de_dust2,10 / 13,23,93a7266f-d6de-4a55-8e01-fbeb8c31a763
1-81670fb9-f876-44f5-b53b-1372453d7086,de_dust2,8 / 13,21,f04d2e90-ecc5-42b9-9ed7-ce6695a5c2b3
1-816ff3d2-9d94-4270-956d-3e82ca0c1cea,de_ancient,10 / 13,23,30f7a34a-6f84-4c89-bb20-49cf69e5976f
1-81d23fa8-e20f-4816-a78c-526a7bc60785,de_mirage,13 / 11,24,62226040-6048-4f4a-9437-8d7e55db912d
1-81ed9123-b6b4-4f1c-9acb-7163a3619604,de_mirage,13 / 4,17,4ee1fe2d-a080-4dfb-8a1a-f3426412af1a
1-821ef5e9-bbee-439c-bed8-e43e370de9d6,de_mirage,6 / 13,19,7f125d61-3b7b-4e2f-a781-10932a676970
1-827976af-f66d-4b1c-9beb-4feb1fec9d28,de_dust2,13 / 9,22,10a2caf7-b82f-4889-bc8a-565249e5cca0
1-829198de-ce50-48d7-86a3-5964fc3daeff,de_mirage,8 / 13,21,578fccfa-9b82-429c-b797-645740763f8b
1-82e239a2-380e-4214-b270-87470044ef2c,de_mirage,8 / 13,21,bf342334-d2fa-4822-b622-f37101d23611
1-83267aca-3449-4958-96a5-863bdffa1b6a,de_ancient,10 / 13,23,167f3ec7-5ed7-438b-a096-640dd218ff68
1-83342bff-66fa-4022-8dad-60acf733aaed,de_dust2,13 / 9,22,cb7679f6-8755-402d-b56f-186c51bedb59
1-83378129-4a00-444b-a08a-29ce1986624c,de_cache,13 / 9,22,702c9dd5-c84d-42de-942e-58e921fd34d9
1-8354a208-e222-4d5a-9311-bbede72fcf67,de_mirage,10 / 13,23,9f689672-0886-4d26-a9d7-416cb5ab6115
1-83719505-0928-4fae-bbcf-7649aa3efa91,de_ancient,13 / 1,14,49285fa7-74d5-4490-89aa-766c38a45fb5
1-837bdb4d-d127-4983-87c9-4facb6e637e5,de_dust2,13 / 11,24,5e7172ac-9e07-487f-8ebd-bce905859e74
1-838b832c-0f60-4674-8a95-0ca0808074bd,de_mirage,9 / 13,22,9cc0d011-e043-43d4-ac8d-4f1b1bca8638
1-8399f60f-2891-4a4c-8b43-552d04851e1c,de_inferno,13 / 4,17,6dbbb9ca-9a20-473d-8541-d93c7af3b883
1-8399f60f-2891-4a4c-8b43-552d04851e1c,de_mirage,13 / 10,23,6dbbb9ca-9a20-473d-8541-d93c7af3b883
1-83cc282f-991f-4e81-972f-6737c7f2db91,de_mirage,10 / 13,23,fef76318-776c-4732-828c-771726c156ee
1-83fe0570-39e5-4459-a142-ee31392b4bc1,de_mirage,16 / 13,29,98f1d2a1-6302-4d93-bf38-cc25f6b25256
1-843ef026-ef10-4c2a-a93b-3ef35e2cc3fc,de_mirage,13 / 10,23,415cc859-c677-4816-88e9-4d91fd10112c
1-8447533c-0b4f-419e-918e-018441f575e1,de_mirage,13 / 4,17,0fb8fa81-40e8-4605-b7c2-f996efb9a2f5
1-846a2ee2-b138-40a5-9c5c-eb48a5ddaadf,de_ancient,13 / 9,22,dd8b2125-7753-464f-8445-1ade23d31f55
1-84bea955-8f93-42b2-86c5-7f81e265263c,de_ancient,13 / 4,17,de0c9ff9-3491-467f-bfd2-825936ff545d
1-84d6b53f-4081-4b3d-ab1b-893343febad8,de_mirage,8 / 13,21,7559c733-22de-4006-8ba4-aab2d49a9d4a
1-852f3dd0-6e64-44a8-9bec-d1948132552a,de_anubis,10 / 13,23,d5caf608-5b1b-4cc4-bf10-e9a1a22e7b58
1-853062ce-f905-4022-865b-9c15ea0557ad,de_mirage,8 / 13,21,1b21d193-72e6-4033-a392-cb26855fdb04
1-85668ae4-0284-4391-a8af-9ad5b83c90f5,de_ancient,13 / 10,23,dd8b2125-7753-464f-8445-1ade23d31f55
1-8572e46a-33d3-4b5b-9a5a-796eb59ea292,de_cache,13 / 11,24,c276e3ff-3672-4a5e-a6f7-24f36d965864
1-859c78ca-fbd0-4b4d-91f9-9d98f617c8da,de_dust2,13 / 16,29,b6f0f469-2596-45a4-9f90-b739bfbf15f7
1-85bd4af3-cdcf-420e-9857-1eac55308982,de_mirage,13 / 5,18,871e212a-75ea-4a4d-8caa-1724cdb56cb0
1-8621cead-18bb-4d45-a939-268df48bec0c,de_mirage,7 / 13,20,3c5dde62-e94b-425b-bf91-7ab8283066c2
1-864fb2be-efb8-48a7-ac64-782410fba8b5,de_mirage,11 / 13,24,10a2caf7-b82f-4889-bc8a-565249e5cca0
1-865635fc-ba06-441a-ae0e-afee2533a917,de_ancient,10 / 13,23,0a3ccb1b-fd7f-43d6-985a-33b496e406bb
1-8670e3bc-f82a-41ea-90ac-a9c64c4c847b,de_mirage,6 / 13,19,88389e8b-60f7-4702-a76c-e58a87fdfd8c
1-868ffdc6-b123-4aa5-94d6-1137f1492c4a,de_ancient,16 / 14,30,0de12d71-0a13-4706-9471-caa4ca2694a3
1-8698afb0-95d6-4f16-b47a-5cb813032170,de_dust2,13 / 4,17,4776acf4-a3d9-409b-b3f4-6b05aa17e7c0
1-86ae60b5-fb42-4909-98b9-f7c9ce98ce79,de_mirage,13 / 4,17,1b7ce264-cae4-45c5-afb1-526123adaf65
1-86ca555b-214d-4e90-91ce-ba9e4f242cd6,de_ancient,6 / 13,19,b5c3e65c-bb6c-49d1-ad75-3823b52ce576
1-86ee057c-ee01-4417-9a72-2739a1460d5f,de_dust2,13 / 2,15,f04d2e90-ecc5-42b9-9ed7-ce6695a5c2b3
1-86f53c3f-0e6c-4ff6-84ce-e29a921500ff,de_inferno,13 / 9,22,49411d69-e811-4163-8d29-21ab3a0cea7c
1-87092bd2-a099-4018-8df1-a45752d8c784,de_mirage,13 / 11,24,a66cccad-09ee-4222-bb11-b3720e4a7607
1-871f170f-57a8-4a2c-a248-16cf25864c33,de_anubis,13 / 10,23,683665ef-b3a0-41e4-80d4-05ed7ffe707c
1-8774b88a-ce75-4a31-b8c8-70b043642975,de_mirage,5 / 13,18,3c5dde62-e94b-425b-bf91-7ab8283066c2
1-87880dc5-60f7-49a4-91b1-b9101bd328dd,de_mirage,13 / 11,24,43a14ace-24f0-4454-b556-1e4e277cad55
1-8799dba8-3547-42eb-ab51-9bae1b576e37,de_mirage,13 / 7,20,0adb9e6f-3969-4555-86f3-f8604483e611
1-87d7bc52-5bf7-4a4b-92ce-8eed3364add9,de_mirage,13 / 2,15,ab51f279-791f-4d7a-9cdf-1a55b3cae898
1-87df9975-e4f7-4cbf-b0c5-290ba371683c,de_mirage,16 / 13,29,77e15f31-b669-4c6f-a960-cb49870e3867
1-87ffaea1-0081-49ee-b0d0-07516fb3ffb5,de_mirage,11 / 13,24,b46c5e6d-3858-4ca7-9e2b-6dd418608d61
1-887d51c6-c91e-4e30-a16c-c26c02ba7402,de_nuke,11 / 13,24,331bcaea-ac55-4514-a898-68f912b59393
1-888297da-8908-4c7e-91e9-663534eb0242,de_vertigo,13 / 11,24,77e15f31-b669-4c6f-a960-cb49870e3867
1-88a223aa-461a-48e7-8cb9-d423fbb6574b,de_dust2,11 / 13,24,2ee1b3b5-6662-4737-9bf5-e57e759018f5
1-88a4212d-2292-4443-87ba-98955d5518a1,de_mirage,4 / 13,17,6b707363-7f72-416d-8af6-27390611af1c
1-88b41b36-1981-480d-8682-86dce141f682,de_mirage,17 / 19,36,738aee09-fb3c-4162-b64b-cc48350281e8
1-88b43dda-63d3-4148-8408-04bce8d9a10c,de_dust2,7 / 1,8,dd8b2125-7753-464f-8445-1ade23d31f55
1-88d34d8c-73c0-47fc-b933-74e7c9349768,de_mirage,13 / 8,21,9cc0d011-e043-43d4-ac8d-4f1b1bca8638
1-89038829-e563-4317-aa43-1950f8ae4977,de_dust2,19 / 17,36,81448330-c13d-43db-947a-9fbbd0238306
1-89064256-a9e7-4d6a-8428-2911e2fee5cc,de_dust2,13 / 3,16,544b4f6d-02cf-4f71-a38a-3e40ee91f3c9
1-890b777e-ab53-4202-a088-dd2e8d8d5655,de_anubis,13 / 4,17,01b351c2-6fa6-4f13-a8fb-ed7daeb324ee
1-894031f2-879a-4278-9625-e1afb07ac024,de_mirage,13 / 4,17,51265c8e-8a70-4e70-8e95-86e942df4627
1-89a023ba-b4a7-446a-932f-188ec236a3d8,de_ancient,10 / 13,23,6980916b-287c-4d22-8ba2-c38632c8a2bd
1-89a9d7ee-93fd-4736-abc7-a01e3be95678,de_dust2,11 / 13,24,1b3cf7e9-194a-4bff-90cd-2e4c35490dad
1-89c4cf95-07e6-4d64-98a7-2992a3961fbe,de_cache,10 / 13,23,6b707363-7f72-416d-8af6-27390611af1c
1-89e7e232-a0ac-4e44-8943-daf7cff80b87,de_dust2,10 / 13,23,855c7f1a-b8be-49b3-aa2e-9277364ae4a7
1-89f3341c-19d7-42f3-b2e8-a1c2bc265d0f,de_mirage,9 / 13,22,045f9998-20dd-419f-9d23-3af2c5bed357
1-8a00c4a1-78ec-45ea-a924-63506b8c3873,de_ancient,2 / 13,15,1fb315a1-aaf0-4d31-9f24-cdd6afe6e657
1-8a23a1a9-86fb-4da2-bd24-2589a8acbc4a,de_inferno,13 / 11,24,74c86d73-6f9b-4e7a-9d19-35eefe10c522
1-8a3d3d96-d574-498f-815e-fb44caaee5ba,de_ancient,2 / 13,15,b421e7b2-f851-4499-a522-02a199ffc78d
1-8a55baea-f498-4044-9db7-d0aea8028ee3,de_dust2,13 / 7,20,79674b97-260e-46d0-8749-d9e5f57cee48
1-8a5a120f-338b-44af-9821-3d040773e471,de_mirage,13 / 5,18,0090092d-eca9-4047-a8c2-7693c494d356
1-8a8631fc-441a-4ae8-b5a4-e982ee16a448,de_dust2,13 / 11,24,a3cde873-ddbb-40b2-bfc3-9ffa634c0548
1-8adcbb91-35b4-448d-baeb-bba4fccb2419,de_cache,13 / 9,22,1ae572e3-0bbd-45fa-8dfc-5547c3509723
1-8afd231f-868e-4bea-ab9e-b4cc30f2d5d1,de_cache,13 / 3,16,d523201e-b5fa-464c-bb81-26045841b96e
1-8b2b06f4-ca9f-427c-b870-6a10a00b772f,de_mirage,7 / 13,20,ee4d0675-d8db-43ea-8137-390f4a9277d0
1-8b52b9fa-cb87-47cb-b84c-7471bfffa284,de_anubis,13 / 6,19,40bdd623-84c3-4a1d-81c7-e8539ce27148
1-8b5be3a6-63ba-4a5e-b579-0f6c7c2d8233,de_nuke,7 / 13,20,39d9655f-58fb-4550-93ec-6bde8df12211
1-8b6f0901-a09b-41c5-9ef5-dedf1d4d8ddd,de_dust2,5 / 13,18,4ee1fe2d-a080-4dfb-8a1a-f3426412af1a
1-8ba0d6ea-9bec-41e0-9b8f-ac3f801e868b,de_mirage,13 / 4,17,eac4c82a-1d28-4a4a-a9e2-a9932156c34a
1-8ba17bfd-c0de-43bb-a2bd-6a77d1b3fbcb,de_cache,13 / 11,24,ffb24b74-b32b-413b-a44d-64431b90aca9
1-8bceb87a-b23a-4f08-adb7-62d64d85c5a5,de_dust2,13 / 7,20,77e15f31-b669-4c6f-a960-cb49870e3867
1-8c29fd69-0a24-42a4-a110-3c8cc1897829,de_dust2,13 / 7,20,045f9998-20dd-419f-9d23-3af2c5bed357
1-8c2a67e5-58d9-415f-a4f5-4c74a2b4db0a,de_mirage,13 / 5,18,b62a8fc5-f517-42cf-9f56-3958a4402e8e
1-8c65b9fc-bcd3-4313-a9e4-2a2eadf5febd,de_mirage,5 / 13,18,63c462ae-57ff-4052-88c5-ce4bc2d7fafd
1-8ca1c409-19ed-4295-801f-8b82a78ef4f8,de_dust2,13 / 7,20,dff219f4-7928-4b43-b509-93512fb5fc1c
1-8cae37b0-0c4e-4851-8a55-86ce2532689c,de_dust2,3 / 13,16,afe79fcf-6fd0-4abd-95a3-06850c8120c0
1-8cf1d430-1085-4da8-b310-894e994a525b,de_ancient,4 / 10,14,83406320-b332-4d23-b599-0ed9c4472a06
1-8cfd4226-4022-4fe9-ba4a-57c5c4e37f7a,de_dust2,13 / 6,19,9930a665-8d84-4cc4-a518-def7d471d915
1-8d029eac-b9dc-4ec2-a825-ea978d00bd0f,de_mirage,2 / 13,15,e5058104-ed5a-43b5-9f0b-a2f5ccf0c36d
1-8d28b2e1-86b1-4925-a4ed-72ae2130e719,de_anubis,7 / 13,20,93a7266f-d6de-4a55-8e01-fbeb8c31a763
1-8d2c8e42-cadc-4bb2-a824-ce58d2e07b0c,de_dust2,11 / 13,24,bdf21320-d2ee-4d27-9a15-bfba656d1db6
1-8d4a4a55-e2cf-443d-a6a7-4403a6a52cff,de_mirage,13 / 8,21,bfcaafc0-e907-4cde-a56c-6d932444299b
1-8d515267-ef6a-4f12-a45e-f9499a60ef00,de_dust2,0 / 13,13,3b2a3913-4435-486c-a0b1-8a85fdbaa944
1-8d820485-9dfb-4a18-8b93-5fe52fcaa2ad,de_mirage,13 / 6,19,1a4bfb44-0ab1-40f3-9150-688b04cfe158
1-8d83259b-ace5-44da-9075-1cd2970a5d64,de_dust2,13 / 9,22,41ee9152-b90f-4475-bee3-f476477ab56e
1-8dbb518b-ef67-4f78-bc43-c7a1b598f3c0,de_dust2,13 / 3,16,14121fd0-1358-4762-819b-f42ced4eb0a9
1-8dc9a387-3da2-4280-94d1-f33474933fce,de_dust2,13 / 8,21,9f5d946b-5e0a-4c05-9e3e-67382432cdc1
1-8dc9d2ba-943b-463b-afd3-266f98420eb5,de_mirage,13 / 6,19,eac299a9-532f-425e-a4dc-0f3c3314adff
1-8dd7391d-55b4-4713-8236-e6351008b9a9,de_cache,0 / 13,13,fcb1f54e-d266-431c-9656-2e7fd0d97032
1-8de45d28-4d9f-48e1-b99f-7a97642c2f05,de_ancient,16 / 12,28,e1442d0d-6018-4999-8b74-05d573f05158
1-8df41105-e884-4aac-b9ff-2b45c3bf1c98,de_cache,13 / 10,23,5f405904-2dc5-4edb-a50f-67c7ea225c5b
1-8dfcfc6b-68a0-4c4e-a72e-221e773730da,de_dust2,13 / 5,18,525fe330-0fb3-41a9-810e-e24ae65b4961
1-8e04ebf7-bd15-4701-a962-86e43e412dcf,de_mirage,7 / 13,20,e5989607-c5af-4cfc-af7d-272d34b48428
1-8e15aa9f-072f-46fc-816a-2e52f9efc167,de_cache,10 / 13,23,4fa84751-1121-4944-aa09-99d3f5b0f544
1-8e190ca7-7c42-40f6-9319-1b3df89ab8bb,de_dust2,13 / 11,24,43a14ace-24f0-4454-b556-1e4e277cad55
1-8e4c0736-a144-4960-814e-8a51aca2d7a6,de_mirage,11 / 13,24,0fb8fa81-40e8-4605-b7c2-f996efb9a2f5
1-8e51fd3a-885c-4c89-bf3d-3e9ccc929d72,de_mirage,7 / 13,20,d80cd889-23b4-4825-9e0c-c655c6849764
1-8e63f549-f654-4a42-81eb-0e4aeef5b8f9,de_ancient,13 / 10,23,8d9014b1-49d3-4307-b400-62c13583ec75
1-8e6dfa22-7bd7-454f-9c5e-e51426a347d9,de_nuke,8 / 13,21,a66cccad-09ee-4222-bb11-b3720e4a7607
1-8e720d44-1bcb-490e-87a1-5f1520d9e16c,de_nuke,13 / 5,18,af151b53-e2c8-4ad3-8f24-798e1621c0c7
1-8e720d44-1bcb-490e-87a1-5f1520d9e16c,de_dust2,10 / 13,23,60241462-9d09-48e0-a26c-ec366d79fe60
1-8e720d44-1bcb-490e-87a1-5f1520d9e16c,de_dust2,10 / 13,23,60241462-9d09-48e0-a26c-ec366d79fe60
1-8e720d44-1bcb-490e-87a1-5f1520d9e16c,de_inferno,2 / 13,15,60241462-9d09-48e0-a26c-ec366d79fe60
1-8e7c8910-272a-404c-8e34-9474bb217f77,de_dust2,13 / 10,23,5cb2ed8e-1aed-4c98-8f30-cc990d61f4c7
1-8eabd336-975a-4d46-acab-ca35f7621378,de_mirage,13 / 8,21,49411d69-e811-4163-8d29-21ab3a0cea7c
1-8eb42f44-5db8-48aa-ace1-84e3b79ca555,de_dust2,13 / 10,23,1830d4f8-a243-47d8-b8b8-943f7170b163
1-8ec55e72-93bf-47e1-87f3-425fdb54219d,de_ancient,13 / 9,22,1334a013-7368-48b7-a394-632bc93512f0
1-8ecdfe6b-bd29-4ea9-ac4e-a6d8a51e1172,de_mirage,8 / 13,21,05093275-234f-4536-b460-02800c0d8ccb
1-8ed2079e-805d-4245-aa5b-10657480f734,de_nuke,13 / 7,20,a7f4c0d0-519d-4828-a54c-a94bd1324cf7
1-8ee71cee-f846-4551-9769-6e1e10221c80,de_dust2,14 / 16,30,702c9dd5-c84d-42de-942e-58e921fd34d9
1-8f24a6ba-7ec2-4bed-b5e0-dd42d6ca8cd8,de_mirage,13 / 6,19,1a4bfb44-0ab1-40f3-9150-688b04cfe158
1-8f3fe054-dcee-4033-89da-032b5a82fa13,de_ancient,2 / 13,15,e5058104-ed5a-43b5-9f0b-a2f5ccf0c36d
1-8f5d9767-f56a-421c-a410-19081356da96,de_ancient,13 / 7,20,550fff9e-c9cb-4ed7-83c5-1bc338ff421c
1-8f8e8c14-324a-46ba-a818-9c3daa7fbd4d,de_dust2,7 / 13,20,12112aca-a44f-4a89-bd93-5f1155cd9cc0
1-8f8ea304-2f7f-4bad-8fb9-5f2fc0b8d0e4,de_mirage,13 / 7,20,1a4bfb44-0ab1-40f3-9150-688b04cfe158
1-8f9677e0-cea9-4c5e-8c54-6df5becc27ab,de_anubis,13 / 11,24,5f1c579a-1be1-47e8-9a8f-39e84a333700
1-8fa41034-1ad4-43ed-96ae-ab8de4f9b3c0,de_mirage,16 / 12,28,738aee09-fb3c-4162-b64b-cc48350281e8
1-8fa78f2c-95b2-423a-a7cd-ddd97ffba91d,de_mirage,13 / 11,24,88389e8b-60f7-4702-a76c-e58a87fdfd8c
1-8fb11f31-fc2e-497c-9244-b74b04a083d4,de_mirage,13 / 9,22,dd8b2125-7753-464f-8445-1ade23d31f55
1-8fb68b38-a423-4682-b891-a32fdaaa8b25,de_dust2,10 / 13,23,c0fbdd1e-97bf-443e-95d1-c487f4591368
1-8fdb4b34-5503-4add-ab4e-cf37736f6778,de_mirage,13 / 7,20,63c462ae-57ff-4052-88c5-ce4bc2d7fafd
1-8fe3d631-05cb-4ec8-b743-23a5c8c27d50,de_ancient,13 / 7,20,2a219de3-3422-4ba8-b315-75a10ae72510
1-8fef0df7-6558-4fdb-a3cd-1ca7c77fd666,de_cache,13 / 8,21,4d20ae89-240e-4e68-89f9-77cb54eba63f
1-8ffb0e16-ae59-434a-a1eb-7eedb144f724,de_ancient,9 / 13,22,72cf4cad-59a2-4766-8923-b87294a1fa1f
1-900fd19a-dd4f-441c-b1f6-d55db7e5e530,de_nuke,13 / 11,24,d165cfb2-59fa-4f87-9092-e6cf84e12041
1-901b98cb-3aa2-4c16-a6ed-a932a5a1fb8c,de_dust2,11 / 13,24,c602641e-533f-43e3-9c2d-e3e8ff687ca0
1-904ff60d-cb70-4bd9-8ac3-1d42188475e3,de_mirage,16 / 13,29,1b7ce264-cae4-45c5-afb1-526123adaf65
1-90557fe7-6bdf-41a2-9ff7-18c71b16c321,de_mirage,11 / 13,24,045f9998-20dd-419f-9d23-3af2c5bed357
1-907851fd-650d-4014-886b-b5f4b85792c3,de_mirage,11 / 13,24,550fff9e-c9cb-4ed7-83c5-1bc338ff421c
1-90af4a1d-93a7-4f7d-926a-9c7f498351f6,de_cache,13 / 8,21,b7546052-60ff-4d8e-b471-de467941e8c4
1-90eaeec7-8933-461a-a241-6aec7ffbccb1,de_mirage,13 / 7,20,009de0ef-d102-4323-8dac-d78561c43210
1-910331e6-fc10-4770-9fb1-47a8b8964070,de_mirage,15 / 19,34,d3fc6a10-66dc-411c-a53f-46712f2bf8eb
1-913dc29e-3d72-4e6d-a8ec-15fce3e340f6,de_dust2,19 / 16,35,415cc859-c677-4816-88e9-4d91fd10112c
1-91506e81-6abb-481b-afda-6748a8a5c75e,de_mirage,13 / 4,17,71ea9955-8400-4553-87a5-4c325923d21f
1-9154dcf8-e5aa-47e1-8bbb-a0d4496a7d10,de_mirage,9 / 13,22,03ea0582-cf47-4b8c-9b5a-277a0a34431b
1-915d949f-f552-4213-b4ef-35aa7afceec3,de_mirage,7 / 13,20,6b52c8a0-92b3-459f-af09-497b69ce2c90
1-9168cfff-7050-4e68-a34c-1b103c24c3dc,de_anubis,13 / 10,23,702c9dd5-c84d-42de-942e-58e921fd34d9
1-916fac62-4118-4fde-9d5a-2a1a229cbf77,de_mirage,5 / 13,18,db441e23-1acd-4bfc-b3b1-76ec80d9bd02
1-918b63db-2e6f-43a5-a691-426b6d2a2059,de_mirage,11 / 13,24,738aee09-fb3c-4162-b64b-cc48350281e8
1-919a07ad-0ed8-4252-8d5b-4908e58f85af,de_ancient,13 / 10,23,a66cccad-09ee-4222-bb11-b3720e4a7607
1-923ce679-638a-4932-a6f6-e4b39d55b355,de_mirage,13 / 3,16,71ea9955-8400-4553-87a5-4c325923d21f
1-9247d5b0-c1f4-492a-8c60-cbf63660b3ff,de_ancient,13 / 7,20,57cc90c9-adde-4cfc-a29c-3b587c283952
1-9272869b-dcee-4fc6-a7c7-c7ac1f6c0c74,de_anubis,13 / 9,22,204735c0-127f-433c-b2cc-60c43a319fb0
1-927cfab2-40b9-4046-b098-defef06b309c,de_anubis,5 / 13,18,f5a69b34-5642-4130-8cf4-eeb526e82b98
1-9293f7c6-e94b-41bc-bfd2-4eb80ab81c55,de_mirage,8 / 13,21,fcef8e6b-3cdb-48b0-a97e-42a173b98bb0
1-92a498ca-7627-4ee4-a9d7-9f07347c3fe1,de_dust2,13 / 10,23,9d6756d9-31d5-498b-8a63-466174f128fb
1-92ae847f-10c9-4bb3-b5d4-c88fd4210ff9,de_mirage,10 / 13,23,eac4c82a-1d28-4a4a-a9e2-a9932156c34a
1-92ccf9db-efa1-47a2-9c73-15978741f443,de_mirage,3 / 13,16,c602641e-533f-43e3-9c2d-e3e8ff687ca0
1-92ce453b-3692-4688-a719-ca2e48ac77a4,de_dust2,13 / 8,21,b0477302-118a-46ee-99ca-6f4879091c63
1-92d07ca9-c61f-45bd-a374-12ca4e58e707,de_dust2,13 / 6,19,eac299a9-532f-425e-a4dc-0f3c3314adff
1-92d38f70-d1f8-4fcb-8587-da3e019ec02f,de_mirage,8 / 13,21,839786df-2a58-4d93-90b2-7da2b27fad7f
1-93002f5c-3913-4ce6-97f9-9e6889febff3,de_mirage,9 / 13,22,0c715f3d-bd25-4e2a-af9d-2477f0ec3aa4
1-931ad998-b1f2-42ff-9ff0-12ec70820d7b,de_mirage,13 / 10,23,6b707363-7f72-416d-8af6-27390611af1c
1-9329ad69-79d8-42de-bca0-45109c20f16f,de_mirage,11 / 13,24,dd8b2125-7753-464f-8445-1ade23d31f55
1-9329d27f-1377-4805-b3ba-b38a296cf72d,de_dust2,13 / 7,20,fc32f949-1a52-4b17-8d7a-06307838a38c
1-932f982c-eca4-4282-8297-53de0154a344,de_mirage,13 / 5,18,43a14ace-24f0-4454-b556-1e4e277cad55
1-935efdf7-fe71-4502-bf7e-74b1d947ced8,de_mirage,13 / 6,19,dbc62b13-80f6-4baf-9a80-0812ebb82bc3
1-937eef98-1a9e-4c22-a6ba-ba0ed7cac576,de_cache,6 / 13,19,38b22f5c-3654-4834-9355-148324f6279d
1-93d46a35-686d-4025-b3d0-89560877f7af,de_dust2,13 / 3,16,eac4c82a-1d28-4a4a-a9e2-a9932156c34a
1-93e4e57c-c7ec-4ca8-9e9e-b0b791ddf3b5,de_ancient,13 / 5,18,e88a905c-7506-4a78-8462-5c0ba4b5d197
1-940487a5-eb13-4597-af70-fed9eea0c48d,de_cache,14 / 16,30,436574ca-74ec-4577-84b6-ea97c79949d4
1-9412fe7b-c0f0-48cb-a401-029e90769b51,de_mirage,7 / 13,20,c1bb3e6b-be61-4e43-be52-2c13ac3dc612
1-9414675b-775a-4d54-92b1-ee6ded2b5933,de_ancient,13 / 9,22,27c63052-7a3d-4677-9cf6-ba828b27f626
1-94214e29-e76e-4af7-85c2-24fd63f094a3,de_dust2,8 / 13,21,820378e5-c103-40b6-b6de-44c63a4b7d1c
1-948d3012-aa57-4808-bb39-8d2e5a2a675b,de_cache,4 / 13,17,62226040-6048-4f4a-9437-8d7e55db912d
1-949ffae8-c819-4a62-b6ea-21bb0545110b,de_nuke,13 / 3,16,c602641e-533f-43e3-9c2d-e3e8ff687ca0
1-94bd0775-3940-4eed-bdf7-f52ed3204bde,de_anubis,7 / 13,20,0fbc98e3-895e-499e-8d4f-86bcc146e4f7
1-94cab7e7-9a00-4a08-9afe-de0c1d706e6b,de_mirage,9 / 13,22,d80cd889-23b4-4825-9e0c-c655c6849764
1-94ded2d0-0c64-4e88-a6db-06d10e38729b,de_mirage,13 / 10,23,702c9dd5-c84d-42de-942e-58e921fd34d9
1-94e08814-0c03-42b6-87f4-2d3f0c92877f,de_mirage,4 / 13,17,c1bb3e6b-be61-4e43-be52-2c13ac3dc612
1-94fc8b0b-3fa3-48e8-a25e-e8f13a874538,de_mirage,9 / 13,22,a6645d2f-ba4b-41c0-97e9-257b7e79edc6
1-957a48f0-4c96-448f-957e-032c3df3606e,de_anubis,14 / 16,30,8f39b16d-c3c7-487e-8751-0c3d3095d329
1-957a48f0-4c96-448f-957e-032c3df3606e,de_nuke,10 / 13,23,8f39b16d-c3c7-487e-8751-0c3d3095d329
1-9584f3f2-fd99-4744-9d63-b1e8028b843f,de_mirage,8 / 13,21,550fff9e-c9cb-4ed7-83c5-1bc338ff421c
1-9585d2f9-8bfe-43e6-9742-d2ce60b5f631,de_mirage,10 / 13,23,09e34c6e-66b1-4254-ab5e-6f969f7de721
1-958919f5-56fd-451d-8fe6-bd14e778c2d9,de_dust2,8 / 13,21,47ece4c8-37df-460a-807a-b7f8224f2746
1-95b03cfd-676e-46ff-84ff-1f148a8da697,de_ancient,8 / 13,21,6f5dc0d2-e3c3-431b-8ecf-341b3d15d13e
1-95b6099a-d45e-4746-84d8-7e2bbf12531f,de_dust2,10 / 13,23,124af062-06e6-4bb9-834f-8ff15fc73b5a
1-961cf2b8-40f0-4bb4-a0cd-ce18afedd92f,de_mirage,11 / 13,24,52bd1ab6-2e60-4853-9c66-50546d14faff
1-96362ac0-91b7-4153-a55a-5ac3b62fee0e,de_mirage,8 / 13,21,ca0247d2-fa44-4ad3-9a36-d949f814fc7d
1-963e95f2-65c0-4458-9796-523bcd177ea8,de_mirage,13 / 2,15,871e212a-75ea-4a4d-8caa-1724cdb56cb0
1-965bc853-c353-4f27-b86e-57c3da9ef184,de_dust2,13 / 9,22,a7921334-e631-4ee1-8bac-1ab4f9ed7b38
1-96657b86-56fe-419a-bcf2-40f6b24017a2,de_ancient,22 / 19,41,80645de4-2c6b-4e7c-9a8d-5389bbaabb65
1-9682510d-92db-4d77-ae9e-6f74e4a72592,de_ancient,13 / 8,21,4abb772a-6722-40d0-b323-703eb92efc13
1-96907396-8e7d-43cd-8508-6c69dfcb63e5,de_dust2,13 / 7,20,0c715f3d-bd25-4e2a-af9d-2477f0ec3aa4
1-96bd8114-6b60-4e3c-86e0-75ddea0a3ca0,de_mirage,13 / 2,15,0fbc98e3-895e-499e-8d4f-86bcc146e4f7
1-96be51a1-8ee1-42ac-bb15-5cc1b52e746d,de_dust2,10 / 13,23,e18f3db9-1e32-457e-b50e-af3ecfe0a769
1-96c6c3db-90f2-4b92-b060-489f1d3b6857,de_mirage,13 / 9,22,0090092d-eca9-4047-a8c2-7693c494d356
1-96f033dd-0183-47f7-9cb0-c546de83832a,de_anubis,13 / 4,17,746fc7f6-fdea-499a-8adf-8d4b31ecc243
1-97398faf-cfd7-4d39-9cb5-cbddc47b4e19,de_anubis,3 / 13,16,63c462ae-57ff-4052-88c5-ce4bc2d7fafd
1-97417ecb-5d35-4b9d-8e6c-feb4129b5991,de_mirage,3 / 13,16,c91d377b-015f-45ab-b4b8-85e839a54020
1-974515f9-af0a-4fcf-806f-06c49426e2b0,de_mirage,13 / 7,20,08260cd4-8194-41d9-972c-61282b203f9f
1-975a032a-9633-4bbc-9ed8-097ec13c09a3,de_anubis,13 / 8,21,a2e693c3-9e71-4988-84d2-d241f75a9590
1-975a032a-9633-4bbc-9ed8-097ec13c09a3,de_ancient,13 / 8,21,a2e693c3-9e71-4988-84d2-d241f75a9590
1-9762af8c-d6eb-40c3-8883-0c396f854c22,de_mirage,13 / 11,24,0302074c-a2fb-4879-90df-5a5dd47729a1
1-976b9464-f352-4f3c-be05-f99cc39520ce,de_mirage,6 / 13,19,0861737b-014e-43db-b266-7b2886c8a071
1-976c65b9-1560-45ba-b3b0-b70ede59c92c,de_mirage,9 / 13,22,5da3ae4f-7a06-4214-94e4-624a6338b931
1-978e0bc9-240c-4daa-b7d6-349450209cde,de_anubis,10 / 13,23,dbc62b13-80f6-4baf-9a80-0812ebb82bc3
1-978f545d-5fd8-4afb-85de-38911f6256ba,de_cache,13 / 10,23,75e6f624-d36d-4845-b40c-6d30e03c38c0
1-97b3bb73-45c6-43e4-8089-902e5cee7377,de_nuke,13 / 8,21,49285fa7-74d5-4490-89aa-766c38a45fb5
1-97c7bb15-ad01-442a-bfb9-8edebe631e04,de_mirage,4 / 13,17,550fff9e-c9cb-4ed7-83c5-1bc338ff421c
1-97d7a1f6-15d1-48c5-9c65-e64d0a473564,de_dust2,13 / 11,24,aebe241d-ffdc-4b95-aa30-61499cf91a4a
1-97d7a1f6-15d1-48c5-9c65-e64d0a473564,de_inferno,4 / 13,17,d5f87053-ddd2-4a6c-b0ba-9000671abb48
1-97d7a1f6-15d1-48c5-9c65-e64d0a473564,de_mirage,5 / 13,18,d5f87053-ddd2-4a6c-b0ba-9000671abb48
1-97ec9130-a51d-49eb-a48c-215565a1f070,de_mirage,13 / 4,17,1fb315a1-aaf0-4d31-9f24-cdd6afe6e657
1-97f636d5-81be-40f5-8e7b-2841eb47e487,de_nuke,4 / 13,17,7f1ffae4-fb2d-44eb-9360-f39306530cad
1-97f99e84-1de3-4787-9c57-4509e7341d17,de_cache,16 / 14,30,7e901a3b-141d-4820-b111-2e83cf37ee48
1-98672a4a-c331-4c9d-a1dc-d905bc7e44c4,de_mirage,5 / 13,18,871e212a-75ea-4a4d-8caa-1724cdb56cb0
1-9868a214-660f-47d7-86f0-b11d1bdf30df,de_mirage,5 / 13,18,3b6a33a9-9d14-4857-b1c8-98b347d9b2eb
1-989293e2-d1ae-49ef-a651-037d613a0c34,de_nuke,11 / 13,24,4c8f1d39-2dd1-444f-92cb-bb1e3fe6b576
1-98a956ae-b244-43df-8b00-2139d865f6f2,de_dust2,2 / 13,15,bc574ae3-0c5e-40bc-97b5-ce39db0c0322
1-98a9de70-4e2f-4588-b7ed-a0cc2d4ae62c,de_anubis,9 / 13,22,ff4399fd-a2ba-495b-a2d9-98131c60f686
1-98bafee0-41b8-4060-9835-0f78163a6012,de_ancient,8 / 13,21,fcb1f54e-d266-431c-9656-2e7fd0d97032
1-98ce7c62-ef67-482e-9c6f-ccb2bc5f4312,de_mirage,0 / 13,13,de9e757b-b22d-4c88-b8cd-84d1cfd1f06c
1-98d36d38-f9b1-4658-b4bc-32d39c6b728b,de_dust2,8 / 13,21,d01968b9-6b62-4fd8-abd4-69e3ac09926b
1-98e5c7c3-af3b-4188-a671-d5e87faa0b17,de_nuke,17 / 19,36,15861f42-d8d9-4a90-a312-d6fa9589e117
1-9910ce24-7271-49f5-abb6-774ef18f6700,de_dust2,13 / 9,22,dd8b2125-7753-464f-8445-1ade23d31f55
1-9913e2fa-e117-4b52-88e9-8e3d1ea54009,de_dust2,13 / 7,20,83406320-b332-4d23-b599-0ed9c4472a06
1-99397ea9-c1c4-4ddd-8be1-16d581dbe148,de_mirage,13 / 8,21,68375851-97d8-429d-8994-1215fa79082f
1-99414efe-ccc4-4348-a0d6-bdbd9425a063,de_cache,13 / 7,20,c0c456cb-a121-4417-895a-7455ebdd6f9f
1-99414efe-ccc4-4348-a0d6-bdbd9425a063,de_dust2,6 / 13,19,621b97a0-92fe-480b-96cb-aad95cf2515e
1-99414efe-ccc4-4348-a0d6-bdbd9425a063,de_nuke,13 / 4,17,c0c456cb-a121-4417-895a-7455ebdd6f9f
1-99777360-6ee1-45d9-9fbe-09c601acacff,de_cache,5 / 13,18,466c5969-d618-4448-a8b5-d546d19f822c
1-997c1cfd-2e78-4e04-8ac4-a82dddb5fa17,de_mirage,13 / 6,19,c602641e-533f-43e3-9c2d-e3e8ff687ca0
1-99a7066f-f0ee-4ffc-9238-9814f7cfc3ae,de_cache,13 / 10,23,885e17ce-42c2-42dd-a141-2d7c5861331f
1-99d295b7-6468-43e3-b000-fbfc380f2a97,de_dust2,8 / 13,21,c77850d9-1af7-400a-a2f6-a9643e8e238d
1-99f8caef-804a-45bd-a3fa-5a7c301b9c1a,de_dust2,9 / 13,22,715218cc-90fc-4171-a7f1-c816cc5222d9
1-99fded66-dc3c-4897-844c-628971743491,de_mirage,13 / 11,24,db441e23-1acd-4bfc-b3b1-76ec80d9bd02
1-99ff63aa-b6fa-4764-a9cd-1102970b25ec,de_ancient,13 / 9,22,96bb0d37-26b7-4dd8-b8ba-717d3d4b718a
1-9a046b28-70b7-44ad-bd01-a97f11904c6c,de_dust2,13 / 5,18,9fb1fa7d-4738-4cea-9dff-e6c9f48577f7
1-9a42a0e9-36bd-45c4-b9b5-0058392e6e02,de_dust2,5 / 13,18,0c715f3d-bd25-4e2a-af9d-2477f0ec3aa4
1-9a4e0b23-10cc-4b3a-b5b5-0633bd616e10,de_mirage,9 / 13,22,bfcaafc0-e907-4cde-a56c-6d932444299b
1-9a53553e-6765-40f1-b393-faed47ae55a3,de_anubis,13 / 11,24,62370ce8-dc3b-4961-8432-90bb539c1d3e
1-9aa933c0-0735-46ac-893f-eccd61fbef33,de_dust2,13 / 11,24,96ac291b-ee01-47aa-afec-fbba9a1546b7
1-9af8a78a-36cf-45f2-b533-4d2edc594ff1,de_dust2,11 / 13,24,c7ee0e00-2993-438e-99ea-3050bcf65413
1-9b0fc659-7a20-4541-91cc-2ee47ecbe21a,de_nuke,13 / 10,23,93a7266f-d6de-4a55-8e01-fbeb8c31a763
1-9b4b8183-a21f-4c84-9557-c37b4f8ca6f2,de_mirage,11 / 13,24,49411d69-e811-4163-8d29-21ab3a0cea7c
1-9b54c556-ec64-4a8b-bd61-aa1076be7685,de_anubis,8 / 13,21,dd8b2125-7753-464f-8445-1ade23d31f55
1-9b7f9445-ca32-48dd-a63b-d01f1a1982e2,de_mirage,3 / 13,16,18e2560e-4059-4b35-84e4-4acabf7fc727
1-9b901eaa-57e9-41fe-a34c-7911136a3bb8,de_dust2,8 / 13,21,8ca613c9-38a0-463c-94c3-ed5be7ad182c
1-9b9fd710-4e53-46fa-ace1-7bfea47aecb8,de_mirage,8 / 13,21,3c5dde62-e94b-425b-bf91-7ab8283066c2
1-9be7033e-b726-413a-a027-84484f7ce5c8,de_dust2,13 / 2,15,0b0d6309-93e0-48c6-95ef-2fe59f2fd517
1-9bf14693-b5b3-491d-b04b-9246bef22eb0,de_ancient,5 / 13,18,534bbb62-5218-4727-aaad-9ef726c424c6
1-9bf371ea-e128-4a7c-b3d6-7e741dd6aa21,de_ancient,13 / 8,21,f2cd0004-5661-400e-b142-eb7bc74ea00e
1-9bfc8db7-1791-43db-b3c3-ea3e630fdacf,de_ancient,13 / 9,22,aed76226-3a91-4b2d-8c08-607b1528977c
1-9c16510e-413e-4256-bd76-e9d895850341,de_cache,6 / 13,19,9fb1fa7d-4738-4cea-9dff-e6c9f48577f7
1-9c4a4ddc-afa9-4aff-a9bc-5308fa153863,de_mirage,15 / 19,34,09e34c6e-66b1-4254-ab5e-6f969f7de721
1-9c6cbae0-d95f-468e-80cb-f69c35d93bbe,de_mirage,14 / 16,30,871725b7-8782-46da-9858-3925acf17ef9
1-9c8b89d4-0d94-41d3-86a0-0938d9f59b0f,de_mirage,8 / 13,21,544b4f6d-02cf-4f71-a38a-3e40ee91f3c9
1-9cceba68-74c6-4fec-9575-d300bd8d0856,de_mirage,13 / 9,22,cfe1c51c-9859-4050-94e7-ee6653083b8b
1-9cf1b29e-8b39-4e9c-a09b-fcfd21497835,de_mirage,16 / 14,30,1a4bfb44-0ab1-40f3-9150-688b04cfe158
1-9cf7339b-0d13-4690-a982-87eca76a15d0,de_mirage,13 / 9,22,13435ce5-3e04-429f-ad5b-4c282d8fafb7
1-9d064e43-2b14-4057-a0e1-c67abb126b09,de_cache,16 / 19,35,c4388ff8-ee4e-4c6b-8ec2-74ec9d2283e5
1-9d2505a0-7d4b-4e59-9d1d-ec763538ff24,de_mirage,4 / 13,17,1b7ce264-cae4-45c5-afb1-526123adaf65
1-9d311d9a-a60c-49ff-a4e1-9835f33f1bd2,de_mirage,4 / 13,17,871e212a-75ea-4a4d-8caa-1724cdb56cb0
1-9d599096-d69d-4fcd-a01b-f4c4d109176c,de_dust2,13 / 11,24,309cbdb0-4955-4a2a-a0e0-6b4be1194a06
1-9d65aab4-0c78-4ec5-92d0-a848e497f335,de_inferno,5 / 13,18,750a7aa3-eea2-403a-9a70-26a580eaf438
1-9dcf3e73-f680-42a8-a110-f837cb4ce472,de_mirage,13 / 5,18,1a4bfb44-0ab1-40f3-9150-688b04cfe158
1-9de5dec8-41ac-47f4-9284-a569f95f4c66,de_dust2,6 / 13,19,47ece4c8-37df-460a-807a-b7f8224f2746
1-9e14f8e8-3600-465a-a5fd-291cdef0f302,de_mirage,13 / 9,22,93a7266f-d6de-4a55-8e01-fbeb8c31a763
1-9e2d4444-582d-4a6f-ad91-57425fe57975,de_mirage,13 / 11,24,4818aac8-1a69-426b-8a55-a7fcb4e89126
1-9e3c8b4c-0695-4ce6-a9a6-30c29acfd21a,de_dust2,13 / 1,14,57ccabda-5487-4d9e-b93d-74330a68adb9
1-9e3e16d8-f771-4f76-a33c-4da514d18f61,de_dust2,10 / 13,23,e1442d0d-6018-4999-8b74-05d573f05158
1-9e450839-59d0-440a-94d6-a72e4c6f4589,de_dust2,13 / 2,15,eac4c82a-1d28-4a4a-a9e2-a9932156c34a
1-9e4d67ed-352a-41fc-9abf-d2f6b256caf5,de_mirage,13 / 10,23,eac299a9-532f-425e-a4dc-0f3c3314adff
1-9e63cbcc-a654-414b-9d7b-dd268f651645,de_cache,6 / 13,19,1fb315a1-aaf0-4d31-9f24-cdd6afe6e657
1-9e656306-c1db-47c4-ab43-4e395a774a24,de_mirage,13 / 8,21,1d9b171d-7371-4b71-8e98-f8f3ac47e140
1-9e68ff3f-1dd8-40f6-97c8-2a9bdbc1d538,de_inferno,13 / 4,17,b7546052-60ff-4d8e-b471-de467941e8c4
1-9e7d8169-1eea-4549-8834-b79a9e49dbc6,de_inferno,13 / 8,21,be41de3c-6dbd-4532-aaba-20a5a485b620
1-9e835917-a62d-4072-865f-830609f24a53,de_mirage,12 / 16,28,ed977cb8-0020-47f7-bcad-b4025eb7a259
1-9ea67c4b-0776-428f-8ccb-d0c2a770ff1d,de_mirage,13 / 9,22,39d9655f-58fb-4550-93ec-6bde8df12211
1-9ebf9eba-5fb8-4a06-ab47-db5ff16c8bf2,de_anubis,10 / 13,23,8ff10e34-0d30-4985-9d21-d0c0ec2a111c
1-9edc7401-5ed2-43d7-8792-391570bba0e0,de_nuke,13 / 4,17,d4903d34-f384-437c-aa5a-2a4e1f4e7e2b
1-9edd25d7-169d-4246-be90-01d89f5b67d0,de_mirage,5 / 13,18,d01968b9-6b62-4fd8-abd4-69e3ac09926b
1-9ee2f0fc-8e50-405e-bf2b-c99921c2f492,de_dust2,4 / 13,17,fcb1f54e-d266-431c-9656-2e7fd0d97032
1-9f18bc46-d16a-4ad7-986c-e86f265b5564,de_mirage,13 / 8,21,83406320-b332-4d23-b599-0ed9c4472a06
1-9f34268f-aa74-4b6e-9edb-d2ea8a50b09b,de_anubis,11 / 13,24,80b92b9d-ebba-483d-a751-4459257a53e3
1-9f6a35ba-c6e6-4bff-a99b-46a68724a05f,de_mirage,7 / 13,20,83406320-b332-4d23-b599-0ed9c4472a06
1-9f6c7114-7eee-4e09-b846-863442000a93,de_dust2,16 / 12,28,a030fc1e-0591-4ddb-8c56-5fe99c45dc7b
1-9f830622-c418-4c24-9aac-14503bd3f46a,de_mirage,7 / 13,20,c602641e-533f-43e3-9c2d-e3e8ff687ca0
1-9f8c777e-872e-414d-9d78-e32cdc73fc68,de_mirage,13 / 11,24,49411d69-e811-4163-8d29-21ab3a0cea7c
1-9f8f76f1-2172-4ab7-985b-58f33a1c311a,de_mirage,13 / 7,20,7cfbd6d1-0989-4464-b58b-30b951698fae
1-9fad1572-1c45-478a-9536-da19ca0d2a1c,de_anubis,13 / 10,23,31833282-2daa-45fb-9b59-139a8d1849ef
1-9fd863f4-c362-43bc-ae64-3a0974435a8d,de_mirage,13 / 9,22,30f7a34a-6f84-4c89-bb20-49cf69e5976f
1-a011c85a-4ae1-4406-94c7-1a6597207485,de_mirage,13 / 11,24,9cc0d011-e043-43d4-ac8d-4f1b1bca8638
1-a034b925-58e3-4cf2-b1a4-c3a0250d511b,de_dust2,13 / 10,23,1ebdcc8a-e5e6-4902-8de6-fd84acf473b8
1-a0410b26-e126-4f3f-b31f-0f2b3c540372,de_mirage,13 / 10,23,b939ff86-9b08-456e-b131-1cc820e1df2c
1-a04bf15f-cf88-4220-879e-09990028dc62,de_dust2,13 / 8,21,dd8b2125-7753-464f-8445-1ade23d31f55
1-a0a59b96-b0e6-4803-b1fe-e14ae394574d,de_mirage,19 / 16,35,175b1046-459e-4f82-bfa8-262b9527e64d
1-a0d8ead3-4916-4c7a-ae4c-061e83d5f146,de_mirage,8 / 13,21,54069a11-31bb-40b9-a65c-2ce8a7fd9c56
1-a0fe0610-9ee1-4787-bf8d-9f941c8965ab,de_mirage,5 / 13,18,ed977cb8-0020-47f7-bcad-b4025eb7a259
1-a105e4da-f34e-48a8-bc75-53dcc72f62cb,de_mirage,10 / 13,23,dd95f56e-bffc-44af-9fea-e181fce71122
1-a13b1834-79e6-41fa-af9e-19d2d9fa2687,de_dust2,4 / 13,17,871e212a-75ea-4a4d-8caa-1724cdb56cb0
1-a14188c5-c598-4a54-b41d-4d3fbee22b45,de_ancient,11 / 13,24,d3fc6a10-66dc-411c-a53f-46712f2bf8eb
1-a142e6db-54e8-46a9-80b3-6e58c3aa0e0e,de_dust2,5 / 13,18,fef76318-776c-4732-828c-771726c156ee
1-a145922c-4b44-47d5-99d7-306a136dcc4a,de_mirage,6 / 13,19,d0006176-6704-465e-8c7a-524e42c3a477
1-a153f231-ab90-4b1c-9689-9563d6a01b3f,de_ancient,13 / 9,22,146275cb-d1f6-40e3-b811-7aae69d7c86f
1-a1600059-d93b-497c-9109-12203b28783b,de_mirage,4 / 13,17,b0cb47f9-386a-4c57-87fb-b92e51e9dfb6
1-a16bc3d9-365b-477c-bdd9-e5f9756809a2,de_mirage,11 / 13,24,3c5dde62-e94b-425b-bf91-7ab8283066c2
1-a1afa759-f696-4abf-a99f-54edf6132db0,de_dust2,10 / 13,23,b5e93dfd-4681-4cd3-a8a6-d1b8e8dc321c
1-a1bb24be-229a-482f-a154-8e1aa69c1df2,de_mirage,4 / 13,17,358fd901-ea31-4f54-bc9a-52fb297e8fb4
1-a1f35e9b-57bd-466f-8b2c-a168bb5f70c5,de_dust2,4 / 13,17,e46c656f-3658-4a94-b517-c049a18c4a03
1-a1fa4f0c-a38b-47d3-819e-a22e6cebcf9a,de_mirage,9 / 13,22,46dc5827-b175-4ae8-b803-d3a26b5f03ab
1-a202446a-fe6a-4589-98fd-de76e1b5ddfa,de_dust2,8 / 13,21,0090092d-eca9-4047-a8c2-7693c494d356
1-a20dcf61-21f8-47ad-b13f-4dc32182433d,de_dust2,13 / 6,19,6f5dc0d2-e3c3-431b-8ecf-341b3d15d13e
1-a2177c23-46c9-4ebe-be56-aea24daa8a91,de_mirage,13 / 10,23,6b707363-7f72-416d-8af6-27390611af1c
1-a22a5365-031e-4978-9443-0025cb71dd90,de_mirage,9 / 13,22,5cb2ed8e-1aed-4c98-8f30-cc990d61f4c7
1-a238e8b0-41d8-4e4a-b5cd-b41d18092d75,de_cache,11 / 13,24,2a2467e6-079f-49cc-b195-da6e94fc9f13
1-a2732399-8de6-4925-9453-5e594cadacd6,de_mirage,5 / 13,18,4776acf4-a3d9-409b-b3f4-6b05aa17e7c0
1-a2843420-944a-4a31-901a-909b66d06ceb,de_dust2,13 / 6,19,1ec9f547-33cb-4a8f-9761-c904791d133c
1-a2950371-16ab-4cfe-9091-ef34bf650db4,de_ancient,13 / 11,24,54069a11-31bb-40b9-a65c-2ce8a7fd9c56
1-a29a91ff-5cac-416b-b1c6-ce310f3b2cd5,de_dust2,20 / 22,42,ed977cb8-0020-47f7-bcad-b4025eb7a259
1-a2a1318b-0aba-454e-9218-5c700454f725,de_anubis,13 / 4,17,1ddf11bb-4091-457a-81b9-21cea278fdaa
1-a2d0d888-a916-4405-8cda-8325ae8f11f0,de_dust2,17 / 19,36,045f9998-20dd-419f-9d23-3af2c5bed357
1-a338663a-e4f9-4d58-93a9-2c4ffa64a642,de_mirage,8 / 13,21,c818006c-9e8e-479d-819d-589006677782
1-a3598849-445d-4a34-bc65-b325568e7495,de_dust2,11 / 13,24,d80cd889-23b4-4825-9e0c-c655c6849764
1-a37350ac-f22f-4fff-8591-284b03df00f8,de_mirage,13 / 11,24,83406320-b332-4d23-b599-0ed9c4472a06
1-a373568e-447d-49fa-a821-738404c23e3f,de_anubis,4 / 13,17,db1402e8-c068-400c-aa57-4205fa001268
1-a38a27ea-a4b9-4c14-b3ef-ae2a8edcabbe,de_dust2,13 / 8,21,dd8b2125-7753-464f-8445-1ade23d31f55
1-a3e37ba8-3bd9-43d0-9fd1-0bf63748a465,de_nuke,13 / 10,23,8ff10e34-0d30-4985-9d21-d0c0ec2a111c
1-a3e926ef-836c-4dfe-96de-aeaaa74e7f75,de_inferno,22 / 18,40,60241462-9d09-48e0-a26c-ec366d79fe60
1-a3e926ef-836c-4dfe-96de-aeaaa74e7f75,de_mirage,7 / 13,20,8f39b16d-c3c7-487e-8751-0c3d3095d329
1-a3e926ef-836c-4dfe-96de-aeaaa74e7f75,de_cache,13 / 10,23,60241462-9d09-48e0-a26c-ec366d79fe60
1-a3ee4cf1-b90a-41af-9ac5-a75469d11e93,de_nuke,16 / 13,29,a2e693c3-9e71-4988-84d2-d241f75a9590
1-a3ee4cf1-b90a-41af-9ac5-a75469d11e93,de_anubis,10 / 13,23,7258ad00-6327-4edc-bcc7-157dfadf36f7
1-a3ee4cf1-b90a-41af-9ac5-a75469d11e93,de_inferno,8 / 13,21,7258ad00-6327-4edc-bcc7-157dfadf36f7
1-a3f7b8fb-11b1-435f-93cd-e93a9fc3210b,de_ancient,10 / 13,23,72230d28-5a52-4258-a871-6329e06ef433
1-a40beaff-a993-4efa-9c7a-45e2932acc34,de_mirage,7 / 13,20,b50b4743-61dc-4919-bf3b-6bfeee09bec8
1-a42d9eaa-ceaf-4ee4-9dff-c83d09c492e7,de_dust2,13 / 10,23,51512563-f6d9-4c4e-95b1-3172a724730c
1-a454cae3-a663-41be-a8e9-5ac9569b07c4,de_mirage,13 / 1,14,38b22f5c-3654-4834-9355-148324f6279d
1-a4778524-f5d2-4003-8378-8564791b6ced,de_mirage,6 / 13,19,0ccd9166-8f87-4444-bc74-cfdcef33b318
1-a48de956-0a19-4803-9583-34645dc2abe8,de_dust2,7 / 13,20,6e0dc789-2c98-428f-a538-27b359abb26c
1-a4abd813-db1d-4ac4-b59b-4eb54e886673,de_dust2,13 / 6,19,10a2caf7-b82f-4889-bc8a-565249e5cca0
1-a4bd3b9a-6edd-43e1-b130-dee4736e26ad,de_mirage,16 / 14,30,052f5029-b2d0-4a28-9f5f-074c19d244b8
1-a4e364ee-9498-4d0f-a1c2-8cac194e0ba5,de_anubis,13 / 6,19,81a94ffc-a33c-4850-8fcb-0e9314bd672c
1-a54181e5-1b0d-4743-9f6a-b510d11dfb85,de_dust2,12 / 16,28,b7e29fda-ba0f-43c4-9648-a2df05c6249b
1-a55a9053-7a38-4db2-accd-cc542a8963dd,de_mirage,13 / 7,20,dd8b2125-7753-464f-8445-1ade23d31f55
1-a56d2bf8-e10e-450e-b741-22d778661d5a,de_dust2,11 / 13,24,3ecb94b4-0d4b-40ff-8b28-0effeef5fcda
1-a56efba9-eb6d-4b4d-ac49-057e6544a133,de_mirage,7 / 13,20,dcdd41e9-8c0f-4929-8030-b529f8076661
1-a5bcfc03-060a-44a9-8773-949ca3e9d1ad,de_vertigo,14 / 16,30,452050f8-80b2-4851-96b3-12797dddbc4d
1-a622249a-3fb6-4c4e-a68c-41902b27c735,de_dust2,13 / 6,19,db441e23-1acd-4bfc-b3b1-76ec80d9bd02
1-a6280699-cd37-451f-8889-c4e9362aa650,de_dust2,5 / 13,18,49285fa7-74d5-4490-89aa-766c38a45fb5
1-a62a7f17-5954-42a2-a91b-30b875d6e0a6,de_nuke,5 / 13,18,85331548-b4cb-44ef-a9c3-f8bab4746d27
1-a63b1bcb-3be6-43ee-a25f-f649376b0b11,de_mirage,10 / 13,23,3168f539-2eb9-46be-8bed-70740a221715
1-a65a7667-8aba-47a9-a56f-8ddca26dfcb2,de_cache,28 / 26,54,1b21d193-72e6-4033-a392-cb26855fdb04
1-a65b4ac8-b2c8-487d-9e7a-6574f4999dd2,de_mirage,5 / 13,18,d5f87053-ddd2-4a6c-b0ba-9000671abb48
1-a65b4ac8-b2c8-487d-9e7a-6574f4999dd2,de_cache,5 / 13,18,d5f87053-ddd2-4a6c-b0ba-9000671abb48
1-a686972b-6a9f-4a28-bdaf-f0009210e333,de_ancient,6 / 1,7,e88a905c-7506-4a78-8462-5c0ba4b5d197
1-a68844d7-a7f0-4a42-b474-606f23b093af,de_cache,4 / 13,17,a5fa9e4c-0beb-4b4b-94bf-fbda21fe9fe4
1-a6a83c93-2aa4-4e25-84e5-39f299f520e8,de_dust2,13 / 7,20,6df8fcb1-7ba2-4111-8f4f-773d57ef4bc7
1-a6bbc2d9-688a-4166-a145-2659360c6049,de_inferno,13 / 4,17,093d9086-3581-4500-8f69-20a7839f8fe1
1-a6c82c19-2f3a-46a2-ab7e-12a3e4fbe15b,de_dust2,13 / 11,24,023d6972-6d4a-4e76-946d-72188d980226
1-a6e627aa-5952-43c4-966a-cd6cc96aeaa2,de_ancient,11 / 13,24,983707a7-d16f-4fe6-9e03-05c56d5c3168
1-a740adda-87df-4d3a-846b-cba68425171d,de_mirage,5 / 13,18,39d9655f-58fb-4550-93ec-6bde8df12211
1-a77f5667-1b7d-45a6-9a6e-545dfa15d441,de_dust2,13 / 9,22,4f241e94-cd2c-4123-912f-3504435d70af
1-a787ba90-3f17-4701-b61b-177816991934,de_dust2,4 / 13,17,b46c5e6d-3858-4ca7-9e2b-6dd418608d61
1-a79ff826-3fa4-40f6-8239-a88fa9875456,de_mirage,13 / 10,23,1830d4f8-a243-47d8-b8b8-943f7170b163
1-a7ad5740-62dc-4a8f-9d33-cd60480ca33a,de_dust2,9 / 13,22,5889f67b-381d-4ca6-9135-a1fc75c01942
1-a7af939e-7f81-4046-937c-618b0d7a3e18,de_dust2,8 / 13,21,eac299a9-532f-425e-a4dc-0f3c3314adff
1-a7b19aff-a71e-45a0-b786-384485237e17,de_ancient,13 / 4,17,f04d2e90-ecc5-42b9-9ed7-ce6695a5c2b3
1-a7ba680f-7efa-4f12-8bb5-022f0d0da3a3,de_dust2,13 / 16,29,a66cccad-09ee-4222-bb11-b3720e4a7607
1-a7e1039a-1af0-4fce-938a-37a6aebeeca5,de_mirage,9 / 13,22,bdf21320-d2ee-4d27-9a15-bfba656d1db6
1-a7efd123-0193-4dda-8bda-8ac2b9119b82,de_dust2,13 / 5,18,51512563-f6d9-4c4e-95b1-3172a724730c
1-a7fc1448-806d-4673-a35d-1598d7a8632e,de_mirage,11 / 13,24,b3a1f049-ada9-4d52-81a4-d43fd769127d
1-a83312d5-ed3a-4d4f-a0d5-14c03a1b3713,de_mirage,13 / 3,16,eac4c82a-1d28-4a4a-a9e2-a9932156c34a
1-a83696ae-ad7b-4f86-9c76-83bbe9048a4d,de_nuke,9 / 13,22,4358edc1-a2fb-40f8-b24e-98463282d8cb
1-a83b36b9-d675-4b61-b9d8-c9130b285a7a,de_nuke,13 / 11,24,b735d5bd-f8d8-489b-aeaf-59add23b4cb2
1-a83c87bc-1507-4bf5-874d-afc8f6aa91a8,de_mirage,16 / 13,29,c37025dd-4e72-4fc7-b4fe-f2ed0db853d1
1-a87fbae5-8450-4a1a-a818-8d06c4504e64,de_mirage,13 / 8,21,77e15f31-b669-4c6f-a960-cb49870e3867
1-a883c09f-e5c3-4f4e-b795-6ab7739415fe,de_mirage,14 / 16,30,5a87d4a5-33c3-4531-a432-1e2295e1a79f
1-a8a42d70-93d9-40d8-89ce-9ffde6fe3542,de_mirage,2 / 13,15,46f22f3d-4325-4851-8d11-0393928d00fe
1-a8b8b49b-fc44-4ad6-a684-f18c37699465,de_mirage,12 / 16,28,0090092d-eca9-4047-a8c2-7693c494d356
1-a8b8c878-682b-493a-8c45-9ba8a44bc015,de_mirage,17 / 19,36,39d9655f-58fb-4550-93ec-6bde8df12211
1-a8ce09ee-59b2-4ee5-a446-37653c27ced2,de_mirage,13 / 9,22,df89facc-bdea-4938-b99b-e86ea940f3c6
1-a8ce5b05-5ad3-4ede-afbe-edb29c58d37b,de_mirage,10 / 13,23,ade4d8c9-576b-4687-aeae-f5230e410782
1-a8d4258c-0587-4e0c-b121-b43e5e56fa3e,de_dust2,12 / 16,28,86c3887b-322a-4a00-b6e8-4bb639aab809
1-a8d6a1f4-2d5b-4260-aa43-d459577e3ca0,de_dust2,11 / 13,24,4d319109-4c8f-417c-8508-1511b0dee83b
1-a8f40679-c65a-4f73-b59c-85decdc0db07,de_mirage,11 / 13,24,045f9998-20dd-419f-9d23-3af2c5bed357
1-a8faa39b-7cb2-497a-bfa2-19346c20b9f8,de_ancient,16 / 19,35,0df28387-b91c-4a2e-a16a-4972e5d0c345
1-a93a8e78-7f19-4aab-a1a8-37352795cee2,de_nuke,7 / 13,20,ada0073c-3f43-42b2-915a-d30ade4bbdf9
1-a941ed75-7a15-4441-9ffc-87bd7fe8d958,de_dust2,13 / 6,19,dd8b2125-7753-464f-8445-1ade23d31f55
1-a95abd63-3662-4085-9a1d-f09b6c4dcdc3,de_mirage,13 / 11,24,175b1046-459e-4f82-bfa8-262b9527e64d
1-a9b58c41-31c3-4bba-8102-dfc770dad951,de_mirage,10 / 13,23,1a4bfb44-0ab1-40f3-9150-688b04cfe158
1-aa4f5bb0-ebb0-44f1-af8f-683ccf80192c,de_mirage,11 / 13,24,2dbc4146-18b9-4ac3-b539-75eff4f4c83e
1-aa56cf3a-a785-4d64-a848-a47de5311e70,de_dust2,10 / 13,23,7291073b-1c0e-476c-a4b2-1dd9afdbf2df
1-aa89b578-b20e-4024-8d05-1dce5bfb2bd3,de_mirage,13 / 10,23,a66cccad-09ee-4222-bb11-b3720e4a7607
1-aabf8597-6bf9-4e55-97e6-2b94a832b762,de_mirage,11 / 13,24,39d9655f-58fb-4550-93ec-6bde8df12211
1-aae53ccc-d774-45fc-b666-f7dd2de4e76b,de_dust2,13 / 9,22,d0006176-6704-465e-8c7a-524e42c3a477
1-ab08587e-1f34-439c-bfee-666e4e36e3a6,de_cache,13 / 5,18,9930a665-8d84-4cc4-a518-def7d471d915
1-ab8abf3f-f765-4b19-ab34-57ea7871ad2e,de_anubis,6 / 13,19,db1402e8-c068-400c-aa57-4205fa001268
1-ab9672d5-02d0-45b5-860d-ec2f98b6ee5a,de_mirage,13 / 5,18,60c5d5b3-1fbc-49d5-aa68-aaf3a5e4fcf8
1-abb26cae-a6bb-413a-9873-1cd19bc75619,de_nuke,4 / 13,17,045f9998-20dd-419f-9d23-3af2c5bed357
1-abf45e80-2595-49ce-bb79-db6d122d8c25,de_mirage,2 / 13,15,3b2a3913-4435-486c-a0b1-8a85fdbaa944
1-ac139e4a-9a72-4f64-b804-cd011dce92f5,de_mirage,13 / 6,19,815c3042-448c-4e10-b317-37918d94b49b
1-ac1c8f1d-9e98-4e0d-b8c5-585db46f0421,de_inferno,7 / 13,20,34825f3d-12b3-43da-a456-40c85a7ec740
1-ac35c4b6-4613-4915-95f6-c21aa5b28c3c,de_mirage,8 / 13,21,871e212a-75ea-4a4d-8caa-1724cdb56cb0
1-ac4e2a11-9727-482f-a6ce-5a0934d118a0,de_mirage,16 / 13,29,b5c3e65c-bb6c-49d1-ad75-3823b52ce576
1-ac5f485b-95fc-4445-82fb-ff44a95c0425,de_mirage,4 / 13,17,822ca619-256b-4972-8d92-26c7676b9277
1-ac9aa869-d9e5-4902-af65-d91fe7fe3627,de_mirage,3 / 13,16,49411d69-e811-4163-8d29-21ab3a0cea7c
1-acb0ab75-9c79-4350-81b4-880884494f9d,de_ancient,13 / 10,23,b444e5ef-8f17-4ee1-85fd-24d6119b6aa9
1-acb45f87-066a-443e-92e4-e120beca217d,de_mirage,13 / 9,22,9c4ec87c-90d7-468a-bcb7-7cdd5a166247
1-acbdc6f4-ba09-4206-899b-51ac544849ef,de_ancient,19 / 16,35,4a039713-74fc-44bf-b4de-60e5f99d1aac
1-acc19c1d-da5c-434b-9f20-3aff0c042e88,de_dust2,19 / 22,41,d7cfe3be-cb1c-4f42-9d18-029a3ad13d91
1-ad3dd40b-41ec-4fc6-8583-1f770253c509,de_mirage,13 / 9,22,bfcaafc0-e907-4cde-a56c-6d932444299b
1-ad3f8ef0-f9a0-4fb4-91c0-1e255832fa64,de_dust2,13 / 6,19,3ed8471e-5ef9-464c-b137-0402c1297d48
1-adb4f8c8-4867-4718-8d5d-f18cb4eaf0ea,de_mirage,13 / 3,16,86e54edd-e1d1-44c4-9073-bf02700b39a2
1-adcf34aa-c9fc-4a64-9cab-b2b1834b9caa,de_dust2,13 / 9,22,abafaeeb-7464-4d59-80c4-be47cbd8a651
1-adeb595e-f7ef-4fb7-b21d-96dbd0b5f795,de_anubis,9 / 13,22,56e1e62c-39ea-4d5c-a7f2-5defbac1a3eb
1-ae0a72b1-04b8-4dae-af54-1bedc1a159b1,de_anubis,13 / 6,19,38b22f5c-3654-4834-9355-148324f6279d
1-ae19a1c0-acad-42b2-bd5f-78bbf58d564c,de_ancient,6 / 13,19,da04c54b-2ad8-464c-81b0-e100bcea7e92
1-ae22de59-f4d0-49d9-bcbe-0031cefdaf68,de_mirage,13 / 10,23,1b7ce264-cae4-45c5-afb1-526123adaf65
1-ae2711ed-878e-4583-902d-bc9b9e5057e9,de_dust2,10 / 13,23,1fb315a1-aaf0-4d31-9f24-cdd6afe6e657
1-ae3ca201-1c97-40ed-96fd-a8781693746b,de_anubis,13 / 16,29,46dc5827-b175-4ae8-b803-d3a26b5f03ab
1-ae8a21b0-ad19-4729-8b13-d349dbe6543f,de_ancient,9 / 13,22,eaca5c04-f230-429a-852d-d2c1c43b606b
1-aea8ac16-52cf-490d-bc6d-27d3050ecbdd,de_mirage,13 / 6,19,38b22f5c-3654-4834-9355-148324f6279d
1-aeb0f51e-2e58-43ae-b35d-67725f7ded93,de_mirage,13 / 8,21,1ebdcc8a-e5e6-4902-8de6-fd84acf473b8
1-aeb674b4-60a1-4c20-9241-e5e35d9ea940,de_mirage,13 / 10,23,5a87d4a5-33c3-4531-a432-1e2295e1a79f
1-aec20f9a-8de1-4b29-90e9-ee5499324d71,de_mirage,8 / 13,21,045f9998-20dd-419f-9d23-3af2c5bed357
1-aed29fb1-270b-4629-b6a4-82c71ce1ad78,de_ancient,16 / 12,28,dd8b2125-7753-464f-8445-1ade23d31f55
1-aed2d164-c5c6-49fa-94dd-b228b8116a55,de_ancient,2 / 13,15,022e2724-b63e-4bc0-9de4-8bd2664ff4fb
1-aed2d164-c5c6-49fa-94dd-b228b8116a55,de_inferno,13 / 10,23,6ae65baa-8132-46a7-88d1-8d8273e47aa4
1-aed2d164-c5c6-49fa-94dd-b228b8116a55,de_dust2,5 / 13,18,022e2724-b63e-4bc0-9de4-8bd2664ff4fb
1-aee634b7-cec6-410f-b126-33bc8c352e0d,de_ancient,8 / 13,21,c1bb3e6b-be61-4e43-be52-2c13ac3dc612
1-af0c92c3-b5ab-49b0-8be2-84458456134d,de_mirage,13 / 9,22,c6ebc7a4-3b4e-41b3-9787-73f246402486
1-af51db39-4467-4879-9ea4-275c95a9c0c9,de_mirage,13 / 6,19,045f9998-20dd-419f-9d23-3af2c5bed357
1-af538d11-e2b0-4517-ac04-9670f8e413cd,de_dust2,13 / 9,22,4b4acaab-b58a-4974-8b35-0294e3511649
1-af53acc1-da0e-4e3a-ba78-57f870b1fecd,de_mirage,6 / 13,19,38b22f5c-3654-4834-9355-148324f6279d
1-af59056d-8b7c-4c2d-b091-2cb914b6151a,de_mirage,6 / 13,19,2991b9bb-478c-4dbc-8c83-0246605022f7
1-af8219e1-b75b-43d6-b758-45800a34228c,de_dust2,16 / 12,28,8ca613c9-38a0-463c-94c3-ed5be7ad182c
1-af86e412-1929-4962-b2d9-4bd6a2a01b47,de_ancient,10 / 13,23,871e212a-75ea-4a4d-8caa-1724cdb56cb0
1-afa204fe-e350-475d-bad1-1a249f4b9738,de_ancient,16 / 14,30,b3be5d27-81e3-4f7d-b173-fb19e60d162d
1-afa97c70-9ca7-40d3-93da-226e9a54f60b,de_dust2,8 / 13,21,a755bb8d-17d2-4f7a-bd41-74c4f898db9c
1-afdd292b-00bd-4538-a2dd-467fbe15d166,de_dust2,10 / 13,23,3119c6de-c32b-4989-88d6-c9a7d81599d0
1-afdf4f73-4612-4ed4-9a13-0400cc1f5af6,de_dust2,13 / 9,22,c994d039-2f36-43af-9c4b-a9baba4705c3
1-afe15995-c295-4cc7-993d-fac193737737,de_mirage,13 / 2,15,052f5029-b2d0-4a28-9f5f-074c19d244b8
1-afe7ebd9-5b1c-480d-af36-5b38c529a277,de_mirage,13 / 1,14,db441e23-1acd-4bfc-b3b1-76ec80d9bd02
1-b0075488-9a6a-41f4-ac49-1b6c9e273ba8,de_ancient,8 / 13,21,0b9ca294-fe7c-4808-a25c-ee0ffac8f25c
1-b0424e39-ca80-410a-9860-1c353b858e84,de_nuke,8 / 13,21,46f22f3d-4325-4851-8d11-0393928d00fe
1-b05d922e-36da-4f69-908b-abb09814364a,de_mirage,9 / 13,22,5e7172ac-9e07-487f-8ebd-bce905859e74
1-b06632bb-4783-46c6-b608-cededcb68812,de_vertigo,13 / 7,20,d165cfb2-59fa-4f87-9092-e6cf84e12041
1-b090b1ff-cd16-4e00-a8a4-5512fbf59f25,de_anubis,13 / 9,22,009de0ef-d102-4323-8dac-d78561c43210
1-b0a51e49-70e4-4140-be71-4a0851b1d608,de_ancient,13 / 1,14,0c715f3d-bd25-4e2a-af9d-2477f0ec3aa4
1-b0d2e987-0680-4336-ace0-5e3df4d4b2fe,de_dust2,8 / 13,21,1ddf11bb-4091-457a-81b9-21cea278fdaa
1-b0ec2b30-f01e-4eec-982d-441b161c2580,de_ancient,6 / 13,19,54069a11-31bb-40b9-a65c-2ce8a7fd9c56
1-b0fe4be9-6de4-416c-acad-1fd247371f0e,de_anubis,14 / 16,30,96bb0d37-26b7-4dd8-b8ba-717d3d4b718a
1-b12cc8ca-4fc0-4247-9adf-3432b89c790c,de_cache,13 / 2,15,045f9998-20dd-419f-9d23-3af2c5bed357
1-b13d24f3-cd04-4825-a6ad-59291299c2e7,de_mirage,13 / 10,23,544b4f6d-02cf-4f71-a38a-3e40ee91f3c9
1-b17203e6-fe4b-4f43-918f-f2fb80dc7c31,de_mirage,16 / 13,29,16d6d3dd-9dbe-46e5-a80d-4da1654c14b6
1-b176046c-93fa-470d-ad59-dea80fa5dda0,de_ancient,13 / 10,23,a66cccad-09ee-4222-bb11-b3720e4a7607
1-b17f3f33-11e7-4df5-a198-f15cace898f9,de_mirage,13 / 9,22,62226040-6048-4f4a-9437-8d7e55db912d
1-b18fdb26-3b16-4756-ac15-d4815a96e6e7,de_dust2,13 / 6,19,045f9998-20dd-419f-9d23-3af2c5bed357
1-b1ac2315-1cbe-4385-ae9a-5d6237ac6681,de_ancient,10 / 13,23,0a38e0a3-03a1-4aea-8c24-396ad8d802c1
1-b1ce185d-5607-4d45-a133-2d8a53321a51,de_inferno,13 / 8,21,16e4e2f7-04f9-4fd9-81e5-d5fcd7765a5d
1-b2176cf1-dfca-466c-a957-47ebe7850cce,de_dust2,10 / 13,23,0d08a64f-2251-4b92-81af-1aa3c8f337cc
1-b2584b9a-cde3-452d-b6fb-e5d6563adc5c,de_ancient,14 / 16,30,9165967b-996c-4d78-b27a-b5bd99685657
1-b269b261-ba37-4206-82b7-a333b6924e58,de_dust2,1 / 13,14,1a4bfb44-0ab1-40f3-9150-688b04cfe158
1-b2935bc9-5800-4ac7-bbc1-59865d0b8e8b,de_mirage,13 / 8,21,db441e23-1acd-4bfc-b3b1-76ec80d9bd02
1-b2a1088e-6be5-4f24-8165-1bdc7be3eb21,de_dust2,13 / 9,22,38150c4d-40a9-4527-8b47-19d1a553b33a
1-b2adb0c7-a918-405a-b189-b14e29883a97,de_dust2,9 / 13,22,d7cfe3be-cb1c-4f42-9d18-029a3ad13d91
1-b2ba3d2e-8c49-4f82-a80c-b09f2edad666,de_mirage,10 / 13,23,45a216c4-0a48-4475-9e16-4548a1ab8a63
1-b2cf35b6-b699-43ff-bcd6-c57a5e16150b,de_mirage,13 / 6,19,871e212a-75ea-4a4d-8caa-1724cdb56cb0
1-b2efb604-4c4b-4ada-8261-f394cc536872,de_anubis,8 / 13,21,415cc859-c677-4816-88e9-4d91fd10112c
1-b30ad2e4-510a-40e9-9284-cc1c6597738c,de_dust2,13 / 9,22,cd16b07b-e4fc-4850-ac63-28203ab8f20a
1-b367c295-c964-4f6a-a624-ca7eae95255f,de_mirage,13 / 11,24,4ee1fe2d-a080-4dfb-8a1a-f3426412af1a
1-b36fd517-9b17-4400-80f1-e6b817e484cf,de_mirage,13 / 11,24,c818006c-9e8e-479d-819d-589006677782
1-b381d13c-2246-499f-875f-a6e293f907a1,de_mirage,8 / 13,21,df381058-cc9b-43b5-91e4-164bf458b9a5
1-b38c8c38-8ebb-474e-a34d-4d0753612dde,de_dust2,13 / 11,24,83406320-b332-4d23-b599-0ed9c4472a06
1-b3e61e29-8e8e-4530-971e-8ac01ae16a01,de_dust2,10 / 13,23,c1bb3e6b-be61-4e43-be52-2c13ac3dc612
1-b3ecb8b1-e783-4391-8ba4-0ff72d039e28,de_cache,13 / 8,21,578fccfa-9b82-429c-b797-645740763f8b
1-b407fa6b-9135-4719-9b3d-0e2416e3078d,de_cache,19 / 16,35,18e2560e-4059-4b35-84e4-4acabf7fc727
1-b4140c70-ffc6-44df-bd05-45d3df4cc221,de_dust2,13 / 7,20,5b7c50ae-f158-44f4-8378-ec6658fdcb4d
1-b44bfce6-dfe0-4343-a3c5-5fc1a5ddab57,de_mirage,6 / 13,19,b873c3aa-a0c0-4298-b9f4-7d508d1ee304
1-b45430b4-333f-4c25-bb2b-28ac8ae984b5,de_mirage,9 / 13,22,150d2c2f-1a80-4224-bc83-a863d5ed5bd7
1-b4606031-45d1-4c16-9a82-da3b8129f40b,de_nuke,14 / 16,30,175b1046-459e-4f82-bfa8-262b9527e64d
1-b46c1e10-76e4-40d9-8643-eacf9bd28498,de_dust2,13 / 6,19,1358615b-818b-40c2-a4ff-41d536eeb154
1-b47a11bb-39f3-4647-8d26-d999fe1bd6d5,de_dust2,13 / 11,24,9ffb20d8-d103-42f8-b31c-4537e7586fe4
1-b4884825-f2b0-4ec0-a2f6-b05b80abcf6f,de_ancient,13 / 11,24,7aab42eb-0e64-4643-ae67-f246920c8801
1-b48afbac-d98e-42d6-a515-bd563583d6d3,de_nuke,13 / 11,24,ab6a189f-12d4-40d6-9e5f-653285ce937b
1-b48afbac-d98e-42d6-a515-bd563583d6d3,de_dust2,13 / 11,24,ab6a189f-12d4-40d6-9e5f-653285ce937b
1-b4cc20cb-6034-473a-bdae-2e6126b09aed,de_dust2,13 / 16,29,751cb834-6c00-4490-b05e-8b2862566be1
1-b4fa51c9-ac3c-4d0d-a628-f899c48a0911,de_dust2,9 / 13,22,bfcaafc0-e907-4cde-a56c-6d932444299b
1-b515e200-c807-458b-bdfe-d92a99ed99ef,de_dust2,13 / 11,24,1b21d193-72e6-4033-a392-cb26855fdb04
1-b5200791-61ef-4314-946f-e3657ce1bb5c,de_mirage,7 / 13,20,3c6ee8f1-a6cc-4f1c-9c35-991bbb706462
1-b5274fc6-d4ac-4dda-8cc8-13c0af272aa6,de_mirage,13 / 11,24,10da9dfa-5058-41f0-9aff-636f418fc139
1-b5716c48-fae6-4466-bcf2-d560a4715adb,de_dust2,5 / 13,18,d8508cfa-7eaf-4c87-88b4-20a50e6447e1
1-b5834e96-45a7-4c08-9601-49a3a1f636fe,de_anubis,7 / 3,10,84278933-b5bd-4552-bc86-a82751b48774
1-b5a05544-fe09-478b-aee6-1fff46d0201d,de_mirage,10 / 13,23,e20a57d7-5bae-437b-840f-dfdbbc3a286b
1-b5a95cd9-91c2-4204-9a62-d4eab2f7129a,de_mirage,6 / 6,12,62226040-6048-4f4a-9437-8d7e55db912d
1-b5c4a7b2-6503-4db9-8d94-aeede225fe85,de_ancient,13 / 16,29,980d78b6-0caf-4be0-b209-c42fd855f7b3
1-b5d379d9-3167-4f3e-b704-8b4b953c1901,de_mirage,4 / 13,17,7258ad00-6327-4edc-bcc7-157dfadf36f7
1-b5d58a60-a84f-48bb-be0b-f911a11404d1,de_dust2,8 / 13,21,683665ef-b3a0-41e4-80d4-05ed7ffe707c
1-b5da976c-f4da-4612-b9de-c81f832358c0,de_mirage,8 / 13,21,a7f4c0d0-519d-4828-a54c-a94bd1324cf7
1-b5dc1eaa-bbfc-4ba8-a1f6-6d4abbe725f8,de_mirage,13 / 16,29,2c8cd28c-adc2-45b1-8ec6-71b26cd2d214
1-b5e26988-38c1-4552-a95a-c06d415f4e75,de_ancient,3 / 13,16,072ad70a-0d8b-4773-9d35-99a3eba3d1e8
1-b5e26988-38c1-4552-a95a-c06d415f4e75,de_cache,11 / 13,24,072ad70a-0d8b-4773-9d35-99a3eba3d1e8
1-b5ef7c56-6dd5-4585-9ac9-db2be6c56b05,de_dust2,13 / 2,15,547bc140-e6c9-4e18-bd92-8d8b1fec670c
1-b608971d-205c-44e8-8d33-9cb93d9e502a,de_dust2,13 / 3,16,eec09ea3-db1b-40c2-9599-fb28376e652f
1-b61b9fbc-3c21-48e2-9873-b6a8360a2c9b,de_mirage,13 / 8,21,c40aceae-ecb7-47c1-9c6a-fa0efe3d6f36
1-b61b9fbc-3c21-48e2-9873-b6a8360a2c9b,de_inferno,13 / 6,19,c40aceae-ecb7-47c1-9c6a-fa0efe3d6f36
1-b6531224-1141-4c71-ad23-4183312069b6,de_anubis,13 / 7,20,fd982ad7-ab4b-480b-8304-f3e966b33135
1-b6573572-6068-41f8-bd67-4f1cb3a6f209,de_cache,14 / 16,30,746ab391-48ac-4bfe-996a-369d9415bd51
1-b65aab91-d1f9-4b21-9375-57852dc4f5f5,de_nuke,13 / 3,16,b46c5e6d-3858-4ca7-9e2b-6dd418608d61
1-b6613b14-ab31-46f3-8db9-9b8b266b96b7,de_mirage,10 / 13,23,2dbc4146-18b9-4ac3-b539-75eff4f4c83e
1-b683b430-7329-4c03-b8cb-6055dc3d2ce6,de_dust2,13 / 9,22,88389e8b-60f7-4702-a76c-e58a87fdfd8c
1-b6eee712-b02e-4433-8382-dcfabb07713b,de_anubis,13 / 7,20,a7921334-e631-4ee1-8bac-1ab4f9ed7b38
1-b71be65d-c533-46f1-bc3d-fb2813431ac5,de_cache,9 / 13,22,d165cfb2-59fa-4f87-9092-e6cf84e12041
1-b71e7fe3-0e3f-4003-a63f-435797370122,de_anubis,13 / 10,23,dbc62b13-80f6-4baf-9a80-0812ebb82bc3
1-b7535b50-76da-4e80-904b-4542a3a7d795,de_dust2,10 / 13,23,b2eebb3b-868c-4e25-8759-da096407f361
1-b78392c9-5f72-40f8-95d7-dfd440faeb60,de_cache,10 / 13,23,0c715f3d-bd25-4e2a-af9d-2477f0ec3aa4
1-b7c8f363-861e-4b81-a14a-e98126f119f1,de_anubis,5 / 13,18,415cc859-c677-4816-88e9-4d91fd10112c
1-b7cd0676-edb5-45fc-b3bd-1ece9906caec,de_mirage,11 / 13,24,ff316ec7-bd90-4a28-8a7a-1f1f456c3d43
1-b7dd4bd6-fe1d-46df-9ebe-4703ece73197,de_dust2,13 / 7,20,1b215d16-04d2-4636-a082-971d6fd66d00
1-b7ecbc68-c49c-417d-9d87-8c2ee19a34bf,de_inferno,13 / 6,19,ab6a189f-12d4-40d6-9e5f-653285ce937b
1-b7ecbc68-c49c-417d-9d87-8c2ee19a34bf,de_dust2,13 / 7,20,ab6a189f-12d4-40d6-9e5f-653285ce937b
1-b86f7ba9-67e2-4437-9601-0f2a190cbfe0,de_ancient,9 / 13,22,67fde988-238c-4305-8657-3b7d65f0cb0e
1-b8d77fdf-ea38-4cdc-bb94-0ff6e9f32571,de_ancient,8 / 13,21,e1442d0d-6018-4999-8b74-05d573f05158
1-b8e6a1c6-b9ff-424b-9e28-f9a771e744de,de_anubis,13 / 2,15,abafaeeb-7464-4d59-80c4-be47cbd8a651
1-b8fd18dd-179d-4b8e-906e-760e3ebc6811,de_ancient,9 / 13,22,4c8f1d39-2dd1-444f-92cb-bb1e3fe6b576
1-b9031afe-02d6-444f-9033-ab5bac3ec6c2,de_mirage,13 / 2,15,871e212a-75ea-4a4d-8caa-1724cdb56cb0
1-b90ce887-cab3-4888-884b-a2bb4b7b3b15,de_mirage,8 / 13,21,24d47d07-0808-431d-8e91-1c14669d34c9
1-b940f312-1864-41f4-86ed-869eea0d20d5,de_cache,13 / 5,18,9ffb20d8-d103-42f8-b31c-4537e7586fe4
1-b9547996-fc2e-46d0-b6f5-e05aa128e86d,de_dust2,13 / 10,23,4d7c86fb-6aba-4dfb-9415-15e83e85631c
1-b986ee68-e971-4727-8cfb-ab09223c75cc,de_cache,9 / 13,22,57909e9f-9027-45f2-95fa-5fc6665bc9a5
1-b98b7efa-4414-4464-9494-a25eec9cd5da,de_mirage,13 / 4,17,39d9655f-58fb-4550-93ec-6bde8df12211
1-b99255c6-3614-4d47-af15-20c1d5e67647,de_ancient,4 / 13,17,d80cd889-23b4-4825-9e0c-c655c6849764
1-b997ae56-593e-48da-ab95-19d5d538d3fe,de_cache,11 / 13,24,fc675556-f526-493c-939f-e181be41ff7f
1-b9be5c33-8bda-4927-abfd-3d831e890b80,de_dust2,12 / 16,28,1a4bfb44-0ab1-40f3-9150-688b04cfe158
1-b9cb0aa1-2db2-42ab-866b-52ddeb9d190f,de_dust2,13 / 11,24,e50676d1-ea6c-4876-893f-53aac4b6dc6f
1-b9f31f77-1c87-450e-a128-9e79a134ccd8,de_mirage,13 / 3,16,1b7ce264-cae4-45c5-afb1-526123adaf65
1-ba267d04-1a1b-4fed-976c-e0d2d70bc00b,de_mirage,13 / 3,16,23bda9f8-be12-4008-bc2f-fd50dc39066c
1-ba28fcb3-3587-497d-8009-bd696f9075ef,de_dust2,12 / 16,28,26798252-b263-4049-abd6-4fbf14d3d77f
1-ba54cac6-3faa-4ddb-89e6-3d70d65cb56c,de_cache,13 / 11,24,098cf1d0-63a1-4f7a-bf35-b344c1ceafc2
1-ba630b69-ac67-4a65-a480-0780b90ea4b1,de_mirage,10 / 13,23,26798252-b263-4049-abd6-4fbf14d3d77f
1-ba80d8bf-56ad-4dc5-b5ce-9ce94631311c,de_mirage,13 / 7,20,81448330-c13d-43db-947a-9fbbd0238306
1-bab57322-6daa-456e-9411-99030c5d17c6,de_mirage,4 / 13,17,a5772d13-2d1d-4260-91fa-070fc3266ba6
1-bad6b0d4-40ae-48dc-a1fd-3fdb74f29a00,de_nuke,10 / 13,23,d4697e5d-6fb9-41f0-b6a0-54832e3eecc1
1-badba03b-5493-4e98-bc9c-c09657855f09,de_anubis,6 / 13,19,4a545b82-a192-43e6-89e0-798aa14ed1f2
1-bae017ab-a5b8-454d-bd08-47af91804f1d,de_dust2,19 / 15,34,57cc90c9-adde-4cfc-a29c-3b587c283952
1-bb13e334-5d4f-4068-a0a2-9360aeb19549,de_mirage,4 / 13,17,ffb24b74-b32b-413b-a44d-64431b90aca9
1-bb219bef-da4c-4fa1-9999-a7455f9c1bb3,de_dust2,13 / 11,24,4804d07d-ecee-4449-a531-11d7608d9fe8
1-bb34c956-e354-4570-b1ad-41523cede13e,de_dust2,13 / 11,24,4818aac8-1a69-426b-8a55-a7fcb4e89126
1-bb69f904-e12e-42d5-981a-cdb440c5f4ec,de_anubis,11 / 13,24,74195cff-54ea-4d86-ae36-017283407545
1-bb844ce3-93c4-438b-892e-d40963bd2724,de_dust2,8 / 13,21,62226040-6048-4f4a-9437-8d7e55db912d
1-bbe2d066-132e-4a61-9756-c4ce13c9a173,de_cache,14 / 16,30,23acaec7-a892-4ed7-985e-619b570be56f
1-bbe5090e-db23-40b3-86be-2359fb2f2b3c,de_dust2,9 / 13,22,f51fc7fe-5c92-4230-b953-2e3ac0edc65c
1-bbf54b20-42a6-4e38-9f74-c72c225fef43,de_mirage,10 / 13,23,fa2bcac7-9812-46dc-9558-9cdf74c4fbe0
1-bc011ec2-341c-4529-a287-23cdeda50840,de_mirage,13 / 11,24,c1bb3e6b-be61-4e43-be52-2c13ac3dc612
1-bc117e4e-83ae-42fd-8193-6e7396be8480,de_anubis,2 / 13,15,5e7ad61e-a055-4ca3-aaec-28a283658f5e
1-bc25a1f5-de6f-4b8e-98c1-a7e057ca109e,de_ancient,6 / 13,19,f1645a24-5e5c-4584-b674-cefc923ee008
1-bc3f9da7-5c68-4f77-8807-b08582c3fb47,de_mirage,7 / 13,20,0a38e0a3-03a1-4aea-8c24-396ad8d802c1
1-bc473cc0-bf49-4369-8150-8b16edb27c76,de_mirage,6 / 13,19,3d6fe621-838a-43f8-914d-e6b2eb595d07
1-bc4f53e9-da0f-4381-b6cd-b09f36f41b9d,de_anubis,13 / 7,20,a66cccad-09ee-4222-bb11-b3720e4a7607
1-bc55df16-71d8-40ea-b3d7-bd31d3d75a37,de_mirage,6 / 13,19,f5a69b34-5642-4130-8cf4-eeb526e82b98
1-bc68a57f-8519-42f2-93f5-5c8f275ec905,de_inferno,7 / 13,20,f4e361c8-4792-4475-b003-2e7f6ef62d61
1-bcbf03bf-59de-43d8-bcf2-28991c7aa6ba,de_mirage,11 / 13,24,59bb4f86-b162-4aba-8f0a-f7bff70aaf39
1-bccea553-f2f3-4a8e-ba84-bd2c467676aa,de_dust2,15 / 19,34,62226040-6048-4f4a-9437-8d7e55db912d
1-bce7edde-e2e7-44a9-a3a6-ab75da32eff5,de_cache,8 / 13,21,40750341-1a3c-47a6-92cc-b264b818e33e
1-bcf076c7-41db-4c01-a49d-319490883207,de_dust2,3 / 13,16,218e8aec-5d96-4342-9fde-4d22e3a1792e
1-bcfd637c-8130-4d67-90b9-9a641a2bc30e,de_ancient,13 / 9,22,b623cd9d-a26d-4951-8495-4cdfbfce30f3
1-bd094966-70fd-4101-8417-dee426d763f4,de_ancient,11 / 13,24,544b4f6d-02cf-4f71-a38a-3e40ee91f3c9
1-bd550db0-fce3-4b85-a937-d1a5c13007e2,de_nuke,19 / 17,36,175b1046-459e-4f82-bfa8-262b9527e64d
1-bd5c3cc6-f625-4001-ae71-5af6c020b4fb,de_anubis,13 / 9,22,6e0dc789-2c98-428f-a538-27b359abb26c
1-bd6b3a88-a02f-4cb5-8e8f-06020a4afd13,de_nuke,5 / 13,18,ea917595-9367-4ddd-a734-a6195fc2fbf0
1-bd81a1e7-76bb-4358-8271-12da56738f01,de_mirage,31 / 27,58,ad373db4-eae0-448f-af47-082d5d80a65b
1-bd825460-7269-4aeb-b80c-d51f1be2ef7d,de_mirage,13 / 10,23,db441e23-1acd-4bfc-b3b1-76ec80d9bd02
1-bd9070ed-b637-4c2c-bc51-6148755a6dfd,de_anubis,13 / 9,22,8009c941-61b0-4ee8-a872-170c87b4b841
1-bdaa182d-e727-486f-b361-bb238a2f5035,de_anubis,13 / 10,23,185cae34-c7a6-4d4a-9ca5-7b7e196d5450
1-bdcad6b6-639a-47c1-a18b-5709c8e374ca,de_nuke,13 / 7,20,62226040-6048-4f4a-9437-8d7e55db912d
1-bdd5278a-9d4c-41d0-8f29-bdbfe75775dc,de_cache,13 / 11,24,ed8ca2f1-404f-46c5-b7aa-db51f2608563
1-bdd9e104-bb29-4699-8bdb-0305a353da18,de_anubis,13 / 4,17,1ae572e3-0bbd-45fa-8dfc-5547c3509723
1-bddab37a-21b1-44f7-823a-891135e574f5,de_cache,13 / 7,20,d74af712-bdb8-410e-a613-35c022e754f7
1-be26522c-4c44-422d-b822-4026c243d939,de_cache,7 / 13,20,4a73d082-7dbf-447b-86ca-5f8cc6f649b3
1-be2efa73-5202-4055-a3ca-502e3e7ec0c3,de_mirage,9 / 13,22,79d81781-b6a3-4856-90a7-14fde14e4a6d
1-be3833c6-3a91-4ef9-abcc-a83ed3b66642,de_dust2,13 / 2,15,49411d69-e811-4163-8d29-21ab3a0cea7c
1-be3d386c-5169-4d41-aa7a-a9d3fcd7edff,de_mirage,8 / 13,21,5b3a5cd9-250b-4b95-9b73-a8eb7d8db1d5
1-be8c0720-a71b-4fe9-b99a-9a1b546586c7,de_dust2,10 / 13,23,40bdd623-84c3-4a1d-81c7-e8539ce27148
1-be977f73-bd6b-4a3b-94d5-127d8f5e9d76,de_inferno,13 / 16,29,71ea9955-8400-4553-87a5-4c325923d21f
1-be992be6-eaad-44a3-b111-cb3ebbc31493,de_mirage,11 / 13,24,541305df-7061-4592-b67f-7b361030605c
1-bea9c154-e8d2-40d4-8c5e-2775e11ecd58,de_ancient,7 / 13,20,eac4c82a-1d28-4a4a-a9e2-a9932156c34a
1-bee33d5d-9f39-4109-92e9-604905fe682d,de_cache,13 / 11,24,8f611df5-eb41-4ac1-955e-5026ac17b2a2
1-beea6015-1d1c-4deb-8449-d26f5e44824d,de_nuke,10 / 13,23,49285fa7-74d5-4490-89aa-766c38a45fb5
1-beeb3c00-fa5c-43a7-8384-9cb0e13219f1,de_ancient,13 / 5,18,af73c8e9-88b8-4a25-b139-a1484d55aba7
1-beed1e4c-59eb-49d7-af81-f8d1eddbf0b8,de_mirage,18 / 22,40,d8ae3f93-461b-47df-a2c2-da6e519776a6
1-bef21201-c568-4afd-a167-71f8a2ae5ed9,de_mirage,4 / 13,17,16dce659-0df5-4831-a349-5d29ecd018a9
1-bef5104a-cfd7-47b9-9057-8314b1bb4508,de_ancient,11 / 13,24,6f5dc0d2-e3c3-431b-8ecf-341b3d15d13e
1-bf2340c6-d386-41e0-829e-42049a28d1f5,de_mirage,8 / 13,21,ddff72cb-71a0-4a11-a465-898e2fef6971
1-bf605d63-337b-480e-bd92-6ca94ae0b46a,de_nuke,13 / 10,23,36fa610b-2675-4a12-9886-69b3df90ed87
1-bf605d63-337b-480e-bd92-6ca94ae0b46a,de_inferno,13 / 8,21,36fa610b-2675-4a12-9886-69b3df90ed87
1-bf718280-31d5-440a-a29d-c61155375a76,de_ancient,11 / 13,24,c602641e-533f-43e3-9c2d-e3e8ff687ca0
1-bf9c1234-155c-4345-ab4a-769043f5c15c,de_mirage,10 / 13,23,abafaeeb-7464-4d59-80c4-be47cbd8a651
1-bfae4897-299a-43fe-990e-7824a9d01e58,de_mirage,11 / 13,24,2efa56f7-4695-4a19-82f7-6f870742780e
1-c0111c59-f7a1-4955-8b9b-1e109404feb0,de_mirage,13 / 10,23,a66cccad-09ee-4222-bb11-b3720e4a7607
1-c07787c7-5026-4ed7-9d63-b89dcabcdfeb,de_mirage,13 / 11,24,578fccfa-9b82-429c-b797-645740763f8b
1-c0b2b839-b717-4482-b07a-63c6c0edb9b9,de_cache,13 / 5,18,525fe330-0fb3-41a9-810e-e24ae65b4961
1-c10acc7e-889b-4ea6-abc9-5c8f9cf4e16f,de_dust2,13 / 5,18,0ccd9166-8f87-4444-bc74-cfdcef33b318
1-c116de4e-cdaa-4f86-9338-25fd8fafaaaa,de_mirage,13 / 7,20,13f5176b-ab97-41f4-829a-caa002aaf460
1-c1546150-c79b-455d-bdf0-5b35a8e05b86,de_dust2,9 / 13,22,b46c5e6d-3858-4ca7-9e2b-6dd418608d61
1-c1577811-a22c-4646-bbb4-9f4a31057308,de_dust2,13 / 11,24,83406320-b332-4d23-b599-0ed9c4472a06
1-c15a492a-c138-4e6d-8fd0-eafb255cb731,de_mirage,13 / 7,20,71ea9955-8400-4553-87a5-4c325923d21f
1-c160c5bf-a7d9-480b-85a6-e5063ce2999e,de_dust2,9 / 13,22,613e918a-5a67-479d-b678-408a3b4113ac
1-c16435b0-d9e3-4d04-8067-431c7734e0b4,de_mirage,16 / 12,28,4707c69f-6b53-474d-abec-5ddcc4474223
1-c16ae053-8919-4725-a886-7abbfd5ea29c,de_mirage,11 / 13,24,0a6dd0ab-51fb-4a9f-b598-c6371cca914e
1-c178c393-79cd-4cb0-811c-72e7b1e2d10e,de_dust2,13 / 7,20,b7546052-60ff-4d8e-b471-de467941e8c4
1-c17a38f1-ef99-4695-b74a-320eb21b076d,de_nuke,7 / 13,20,358fd901-ea31-4f54-bc9a-52fb297e8fb4
1-c1ab2400-d4ce-462b-bc7b-01bf619147a1,de_inferno,13 / 6,19,34825f3d-12b3-43da-a456-40c85a7ec740
1-c1cc3652-1523-4a16-ad8c-9164e515bb3f,de_dust2,16 / 19,35,c818006c-9e8e-479d-819d-589006677782
1-c1cd5e40-f323-43dd-990b-47caf21e8782,de_cache,16 / 19,35,d01968b9-6b62-4fd8-abd4-69e3ac09926b
1-c1f051d9-6c6f-4c9c-89af-1aab08f05b9a,de_ancient,13 / 11,24,072ad70a-0d8b-4773-9d35-99a3eba3d1e8
1-c1f9ac64-ac75-4f7c-b35a-875f306ee63c,de_cache,13 / 11,24,4804d07d-ecee-4449-a531-11d7608d9fe8
1-c2486140-aa57-4337-89b0-1f789a4f54fc,de_mirage,8 / 13,21,1ebdcc8a-e5e6-4902-8de6-fd84acf473b8
1-c25251d0-0921-4147-82dc-05027eee1fbf,de_mirage,13 / 11,24,b6fe456d-e793-4af8-9229-5eacca75c3ac
1-c26f639d-a75d-470a-85de-096ee7443ed3,de_dust2,14 / 16,30,c0fbdd1e-97bf-443e-95d1-c487f4591368
1-c277cd1f-cd0e-4a7b-b2db-1b7632da378c,de_dust2,6 / 13,19,43a14ace-24f0-4454-b556-1e4e277cad55
1-c27f2b56-460b-4294-9619-c6e2b8e7a8bb,de_ancient,11 / 13,24,a5fa9e4c-0beb-4b4b-94bf-fbda21fe9fe4
1-c2c94ada-79bd-4a88-89ee-ac04ad2619f7,de_dust2,13 / 9,22,5e7172ac-9e07-487f-8ebd-bce905859e74
1-c2e312c3-08a1-4fbf-90c8-58a8ee6fd4f1,de_anubis,8 / 13,21,5a5c4c96-b4b1-44db-afc5-3a9bf4c85a6b
1-c2fc2199-f085-4f92-91a5-519b029d9dd7,de_mirage,13 / 2,15,2efa56f7-4695-4a19-82f7-6f870742780e
1-c315192c-54df-47f3-8de4-166e4edd6bb6,de_anubis,13 / 9,22,6fc394d0-d255-4636-8ade-6bd9a240873b
1-c32f0048-ab02-4c35-81ed-58a9cad2cfdc,de_dust2,16 / 19,35,1a4bfb44-0ab1-40f3-9150-688b04cfe158
1-c34e19d4-7141-40b8-a259-a57a14f31aa7,de_mirage,13 / 10,23,10a2caf7-b82f-4889-bc8a-565249e5cca0
1-c3a1cdff-3b26-42a1-a009-97a98259af67,de_dust2,7 / 13,20,ee2d370d-7853-49bf-b5c7-b4350c491085
1-c3b4d65d-7bb4-4c77-bb89-97aae0a04a22,de_mirage,13 / 3,16,bfcaafc0-e907-4cde-a56c-6d932444299b
1-c3e829f7-d9f6-4ec9-bdcb-c4598adb2e6f,de_mirage,11 / 13,24,a1246bcc-df76-4825-b155-37d084c650fb
1-c400db21-0787-4357-be8f-3b9f82611419,de_nuke,17 / 19,36,3168f539-2eb9-46be-8bed-70740a221715
1-c41e8403-d719-4cad-8101-2aee855f5c6d,de_ancient,8 / 13,21,683665ef-b3a0-41e4-80d4-05ed7ffe707c
1-c447b272-aaa0-4e2c-8358-e588255f8087,de_anubis,13 / 16,29,41ee9152-b90f-4475-bee3-f476477ab56e
1-c45f0f9f-0a0d-473b-8ed4-3832ea52fff3,de_ancient,13 / 8,21,5daa0c02-f931-42d2-bb20-5dd603a263c0
1-c4846041-b9a0-4259-81f9-d5300e76c988,de_dust2,10 / 13,23,e305c6c4-38b5-450d-b8e9-ecedc771a1c6
1-c4a4e9c1-1a02-4c59-8438-fb504b561cd0,de_mirage,5 / 13,18,157dfd0a-e241-47ab-8f79-35b941a94e58
1-c4ca716a-cc45-47e5-b082-5529633f614e,de_dust2,13 / 9,22,157dfd0a-e241-47ab-8f79-35b941a94e58
1-c4d6eae7-f96e-40f5-babf-3a427a708e13,de_dust2,5 / 13,18,1a4bfb44-0ab1-40f3-9150-688b04cfe158
1-c4e5f7ec-1131-4e97-bd3c-b5c89441040a,de_dust2,3 / 13,16,592243cf-214a-4bcd-b26f-b634a0887016
1-c4fccb22-4b79-441c-8cd2-ce42be23cf8a,de_ancient,11 / 13,24,6e0dc789-2c98-428f-a538-27b359abb26c
1-c501e6f2-2eb1-46cc-8234-cedf1e623993,de_dust2,10 / 13,23,43a14ace-24f0-4454-b556-1e4e277cad55
1-c5173cbe-6481-4ab2-abdf-6ed27cd81e75,de_mirage,13 / 4,17,09869807-7afb-4786-9d98-e2f4a4f37bda
1-c51e4989-6ae7-474c-bcf0-e3adf650aae1,de_ancient,6 / 13,19,c994d039-2f36-43af-9c4b-a9baba4705c3
1-c5a843aa-f952-45a3-b5a6-30e07b342e6f,de_ancient,13 / 10,23,8ff10e34-0d30-4985-9d21-d0c0ec2a111c
1-c5a8a032-1073-4e2c-aa37-e004f6556f73,de_mirage,13 / 8,21,8f39b16d-c3c7-487e-8751-0c3d3095d329
1-c5a8a032-1073-4e2c-aa37-e004f6556f73,de_inferno,2 / 13,15,65cf6efa-91e0-429b-8a2e-b250f2b55847
1-c5a8a032-1073-4e2c-aa37-e004f6556f73,de_cache,13 / 11,24,8f39b16d-c3c7-487e-8751-0c3d3095d329
1-c5c0b684-e84a-43cb-a446-389f3833ef95,de_anubis,13 / 11,24,a7921334-e631-4ee1-8bac-1ab4f9ed7b38
1-c5ef99a2-61e5-4c65-b8f3-a40b990ccc3b,de_mirage,13 / 3,16,370ee462-d08b-4eb7-adce-fe869bee3b41
1-c5f72922-9e1d-400d-a717-2233b122edcf,de_cache,17 / 19,36,ed8ca2f1-404f-46c5-b7aa-db51f2608563
1-c5fa6e63-cdac-4a07-a6d3-072c579cfe4b,de_nuke,13 / 6,19,be41de3c-6dbd-4532-aaba-20a5a485b620
1-c5fee3f8-15a0-4ba7-ade4-e68fc1f5e439,de_dust2,22 / 19,41,181fc04a-311b-4f8b-991a-b2ae9d3a8c6a
1-c601936a-30e9-49a5-8bc5-e9e713425752,de_mirage,7 / 13,20,e5989607-c5af-4cfc-af7d-272d34b48428
1-c611c2bd-4236-4ce8-af9c-a56c8ae1ca22,de_ancient,8 / 13,21,5282d2e2-f201-44f6-8dce-2ba21b0ea7f5
1-c6147821-6a34-440c-b647-3d168cbfb920,de_mirage,8 / 13,21,71ea9955-8400-4553-87a5-4c325923d21f
1-c6147f5c-313b-4f1c-aec5-15333170b447,de_mirage,13 / 7,20,46f49c94-50c8-4dc1-9bb0-c394a946b418
1-c61c9abf-1106-43e6-8b73-ae0fe3748561,de_dust2,13 / 4,17,1ddf11bb-4091-457a-81b9-21cea278fdaa
1-c63fe3e5-67e6-4bb2-8512-baa5eb893d5b,de_mirage,6 / 13,19,765d2b9b-ea6e-4b67-bfb5-3d76d74ab95b
1-c69c8c52-3e47-440a-aca4-7ab4e797ab67,de_dust2,13 / 10,23,a2e693c3-9e71-4988-84d2-d241f75a9590
1-c69c8c52-3e47-440a-aca4-7ab4e797ab67,de_ancient,13 / 8,21,a2e693c3-9e71-4988-84d2-d241f75a9590
1-c6ac2028-897f-4e65-8551-d638ea0242d2,de_mirage,13 / 7,20,ad373db4-eae0-448f-af47-082d5d80a65b
1-c6b8cb5c-3b5e-48c6-9d4d-d2770797908d,de_dust2,16 / 12,28,871e212a-75ea-4a4d-8caa-1724cdb56cb0
1-c7091934-4f1e-4305-98ab-e7c7933bbcc6,de_mirage,13 / 8,21,dd8b2125-7753-464f-8445-1ade23d31f55
1-c70b1ef6-644d-4172-a7e8-10ea386d46c8,de_dust2,11 / 13,24,a8694128-9332-4793-a3fc-9eab5d02d347
1-c7212de5-a029-455a-8eec-6d975dfad61b,de_dust2,13 / 8,21,ca9cd999-59a6-4fa3-b47f-97cae8ca5711
1-c76113ce-914a-4886-9b6a-261addbe8843,de_mirage,13 / 10,23,3f92f5b3-e12f-4e47-a42a-a388d33b2e3b
1-c76dab82-f6dd-4892-bf32-efa74b9811b5,de_inferno,13 / 7,20,865dfda1-93f6-4d0d-95c8-9b0d5d34649e
1-c772e706-6f68-41f9-8a59-a6b8ff10243e,de_mirage,13 / 5,18,851b87b9-7bfb-4fa8-b6fe-6c463e7bc70b
1-c794beb6-ff8d-4853-918f-59904f7114e4,de_dust2,5 / 13,18,ed977cb8-0020-47f7-bcad-b4025eb7a259
1-c7a6e86f-f406-4d0c-a870-54ea95aa74b6,de_ancient,6 / 13,19,415cc859-c677-4816-88e9-4d91fd10112c
1-c7b74ff9-51fe-4002-afb2-8a75f9df6df9,de_ancient,13 / 8,21,476ff9c5-5d92-4b52-8c2e-211ee9c681ce
1-c7d517bc-dd0f-4142-837d-137447219249,de_mirage,9 / 13,22,31833282-2daa-45fb-9b59-139a8d1849ef
1-c7d952b4-547c-4653-a208-0b9bfb11a17e,de_mirage,13 / 10,23,11e15725-6ae9-4abf-9b76-cc0aa74a43b2
1-c7f52f85-03b3-46dd-88b0-c3d2d6c4fd35,de_mirage,5 / 13,18,4818aac8-1a69-426b-8a55-a7fcb4e89126
1-c809c330-ee1c-421a-9d8f-dc34acd6a9a9,de_dust2,9 / 13,22,e49ff28b-ca1f-4168-a103-fd169967b35e
1-c81fc444-3368-455e-b2e9-792fadcc6e95,de_dust2,10 / 13,23,7dd6674d-185a-49d3-b173-97bd06f13126
1-c8264aaf-a084-4d88-9f7a-9daddf993c27,de_mirage,9 / 13,22,397314e4-a409-46e6-a95f-e5edf3e5f771
1-c83d5e3c-fa33-4037-8a16-b065c010b41b,de_mirage,13 / 5,18,57909e9f-9027-45f2-95fa-5fc6665bc9a5
1-c842b007-08c6-4e54-ac0b-2913125c27dc,de_ancient,13 / 7,20,7291073b-1c0e-476c-a4b2-1dd9afdbf2df
1-c84b207c-b381-4899-96ba-ae068bdc298c,de_mirage,8 / 13,21,b0477302-118a-46ee-99ca-6f4879091c63
1-c85f3ead-348b-4d88-bb90-258562d2fc4e,de_anubis,15 / 19,34,978ad784-b641-4b2b-b991-5843ad95e62e
1-c87081c1-27d3-4482-91f2-dd8d9d749916,de_mirage,11 / 13,24,eac299a9-532f-425e-a4dc-0f3c3314adff
1-c880c070-ffd5-441c-ad10-4cc646f20247,de_anubis,2 / 13,15,54069a11-31bb-40b9-a65c-2ce8a7fd9c56
1-c886ac62-f5d2-47aa-be80-8e99640dae73,de_mirage,19 / 16,35,525fe330-0fb3-41a9-810e-e24ae65b4961
1-c888212e-d686-4d67-b881-437bbd3a5ada,de_dust2,13 / 2,15,ecab8304-b6fd-448f-ba7b-729398bc4a94
1-c8933882-d11f-4954-8416-69f304bb7f7f,de_mirage,8 / 13,21,30f7a34a-6f84-4c89-bb20-49cf69e5976f
1-c8949e7f-e436-4376-9f84-c5c22f579517,de_mirage,9 / 13,22,bfcaafc0-e907-4cde-a56c-6d932444299b
1-c89745af-87c1-4b1c-b9ba-dffc74d3c502,de_dust2,9 / 13,22,0948f5ae-5eb1-4fa2-a6eb-112c1f2666b9
1-c89745af-87c1-4b1c-b9ba-dffc74d3c502,de_mirage,13 / 7,20,cb427cf8-677b-4893-9300-e07427548be2
1-c89745af-87c1-4b1c-b9ba-dffc74d3c502,de_inferno,13 / 11,24,cb427cf8-677b-4893-9300-e07427548be2
1-c8bf45be-6d9f-4eb6-8e7f-b7d0cd062d18,de_mirage,13 / 7,20,db441e23-1acd-4bfc-b3b1-76ec80d9bd02
1-c8cbbe98-9327-4cc1-b31f-17b80317716f,de_mirage,8 / 13,21,0861737b-014e-43db-b266-7b2886c8a071
1-c8db0e9b-3398-414c-9882-5f0b5755c176,de_mirage,12 / 16,28,9313b3f8-9bc3-47da-8ab2-b0ba323e1b49
1-c8e10176-6a35-49c4-a6c4-58cf60def30b,de_mirage,16 / 12,28,8cc8fc9b-c72d-476e-8e2d-55a00d185590
1-c8e2e88f-d07b-410d-8f6e-50d5cb83e9f0,de_mirage,16 / 13,29,ad373db4-eae0-448f-af47-082d5d80a65b
1-c8e9cb69-1481-4382-898e-30b2f6982004,de_mirage,10 / 13,23,871725b7-8782-46da-9858-3925acf17ef9
1-c8ec7786-9d64-43b4-b52e-40f472f22152,de_dust2,5 / 13,18,415cc859-c677-4816-88e9-4d91fd10112c
1-c90e819c-9a9b-47b1-b12a-4250960b3d3c,de_mirage,2 / 13,15,1a4bfb44-0ab1-40f3-9150-688b04cfe158
1-c93322aa-d4c4-4495-96fb-eb16fba71bee,de_mirage,10 / 13,23,6f20b119-458e-43b1-9557-e8853cfec819
1-c9b8aa2e-c59e-4f2c-88b8-ab2daf7d432c,de_mirage,11 / 13,24,5f1c579a-1be1-47e8-9a8f-39e84a333700
1-c9c29b2a-cd9e-483f-8642-7af209a29cc0,de_mirage,13 / 16,29,abafaeeb-7464-4d59-80c4-be47cbd8a651
1-c9c447ea-223f-4ad8-9482-44552be808a9,de_nuke,16 / 12,28,9131f3ab-346a-4d44-abc9-670e5df2b066
1-c9e448de-541d-46f9-99a9-d88dc6be9a81,de_mirage,13 / 9,22,0c715f3d-bd25-4e2a-af9d-2477f0ec3aa4
1-ca06128c-4bfb-4b2e-9724-22be966c4063,de_ancient,11 / 13,24,d7cfe3be-cb1c-4f42-9d18-029a3ad13d91
1-ca21004b-d511-4649-bc5d-248237b7c738,de_ancient,3 / 13,16,d7cfe3be-cb1c-4f42-9d18-029a3ad13d91
1-ca3bc4bf-3d38-48e1-9ec8-1ed3360fe125,de_inferno,8 / 13,21,476ff9c5-5d92-4b52-8c2e-211ee9c681ce
1-ca6abc7b-ec8f-424b-a50f-f37fb2e0efd5,de_anubis,8 / 13,21,9313b3f8-9bc3-47da-8ab2-b0ba323e1b49
1-ca90d26d-40d4-43f6-9588-262ab804deb0,de_anubis,10 / 13,23,e066a59f-e64b-4b96-ab92-79beb2767ff9
1-caad1d91-6609-4793-b9a2-153cfcc09faf,de_nuke,13 / 8,21,bb11aade-ab7b-4b39-95b9-586bddfb0e12
1-cac7b753-e744-4055-833c-f8af6dc4b86d,de_ancient,13 / 5,18,46f22f3d-4325-4851-8d11-0393928d00fe
1-cafa867d-a789-48ff-9b8d-7e3514b2c5fc,de_dust2,13 / 11,24,be41de3c-6dbd-4532-aaba-20a5a485b620
1-cb2c724f-e271-4501-b7cf-0126c13b3fd9,de_anubis,13 / 4,17,facd8f94-17a5-4ec9-a3d9-cfb5e5253d61
1-cb300d34-ed4e-45b0-bae2-36f1d23e3fca,de_mirage,19 / 16,35,38150c4d-40a9-4527-8b47-19d1a553b33a
1-cb31fca8-a4fb-44d6-82c1-1932f70ddfff,de_dust2,13 / 6,19,83406320-b332-4d23-b599-0ed9c4472a06
1-cb3b36b3-c391-458d-88f6-0a72fcd05a1a,de_mirage,17 / 19,36,1fb315a1-aaf0-4d31-9f24-cdd6afe6e657
1-cb741149-eb6b-4cb9-9997-afe05426e90b,de_anubis,13 / 10,23,0adb9e6f-3969-4555-86f3-f8604483e611
1-cba000d8-0917-4d53-9336-226899a54fcd,de_mirage,7 / 13,20,4ee1fe2d-a080-4dfb-8a1a-f3426412af1a
1-cba81f06-c20f-4b4c-8379-0bf2a85c810b,de_dust2,13 / 8,21,81448330-c13d-43db-947a-9fbbd0238306
1-cbad5529-cf7e-4038-82b8-f8287281d860,de_dust2,13 / 16,29,db441e23-1acd-4bfc-b3b1-76ec80d9bd02
1-cbcc4bcc-1874-478d-9641-7ba4d5af9f09,de_mirage,13 / 8,21,abafaeeb-7464-4d59-80c4-be47cbd8a651
1-cbe54c3c-0120-4bf4-aa95-caa2ee37d127,de_mirage,5 / 13,18,1a4bfb44-0ab1-40f3-9150-688b04cfe158
1-cbea2af9-93bd-42fa-9da0-f9f4d54b1587,de_mirage,10 / 13,23,ea55a5fb-a009-409f-8dbd-1f4a3a7397a8
1-cc092b05-68a2-48bc-b2e2-ce67f7259f86,de_dust2,13 / 3,16,bfcaafc0-e907-4cde-a56c-6d932444299b
1-cc0ab755-1a40-40e7-8eab-3b025569bc42,de_nuke,13 / 11,24,2a2e3aff-0f98-4f3c-b0ab-ba78bb8dc211
1-cc2bcf14-e4db-4162-af51-27de4d6c9985,de_ancient,6 / 13,19,544b4f6d-02cf-4f71-a38a-3e40ee91f3c9
1-cc39e1c2-e06a-4dc0-bb75-f06c7f6a211f,de_dust2,13 / 11,24,b2eebb3b-868c-4e25-8759-da096407f361
1-cc45ada8-f0f7-40dc-945c-42b115b36b62,de_ancient,13 / 7,20,f04d2e90-ecc5-42b9-9ed7-ce6695a5c2b3
1-cc58e51f-2600-44f6-8232-4b542a09c146,de_dust2,10 / 13,23,c0d9e777-e663-4bd0-8929-ab72b182f504
1-cc7ce791-83f7-4381-be33-50bba0f4be1e,de_dust2,13 / 11,24,fc32f949-1a52-4b17-8d7a-06307838a38c
1-ccb36e59-1a02-4efc-86e5-faf53fa1ccb3,de_dust2,13 / 11,24,0d08a64f-2251-4b92-81af-1aa3c8f337cc
1-ccbbf781-f4fd-4dc3-8cb2-e843eb9182e0,de_mirage,14 / 16,30,eac299a9-532f-425e-a4dc-0f3c3314adff
1-ccbeb92f-5d09-4379-ab7f-73d93d37b838,de_mirage,8 / 13,21,d165cfb2-59fa-4f87-9092-e6cf84e12041
1-ccd33f94-7c1e-4f5f-8f11-ba64ad58b1f3,de_dust2,11 / 13,24,dcdd41e9-8c0f-4929-8030-b529f8076661
1-cce2310e-b854-472f-9a81-6ef3b9afbb63,de_ancient,8 / 13,21,5da3ae4f-7a06-4214-94e4-624a6338b931
1-cce25c1c-a73a-4855-a616-3582aee4f66d,de_anubis,16 / 13,29,a66cccad-09ee-4222-bb11-b3720e4a7607
1-ccf20964-3900-443f-87dc-5db7bd55d3a6,de_mirage,10 / 13,23,5406ff3a-e179-475b-859e-6cf4748677cc
1-cd647869-badc-4d67-9018-75b5a08a1094,de_anubis,16 / 14,30,a7921334-e631-4ee1-8bac-1ab4f9ed7b38
1-cd8dbc34-ce2a-4f3d-9050-cc4615aea49a,de_cache,10 / 13,23,0a3ccb1b-fd7f-43d6-985a-33b496e406bb
1-cd949f63-e1c6-4e73-bf12-12de0aadc3e4,de_mirage,7 / 13,20,541305df-7061-4592-b67f-7b361030605c
1-cda30e15-7b82-4888-af1f-c03b00216983,de_mirage,13 / 11,24,c3f7ffdf-216a-4473-9b2f-9710c3adc16b
1-cdeada34-8967-4c53-bf60-41e6a705da0b,de_mirage,13 / 16,29,8f611df5-eb41-4ac1-955e-5026ac17b2a2
1-ce04b5fd-349d-4dab-95cf-144fff978a33,de_dust2,16 / 19,35,3168f539-2eb9-46be-8bed-70740a221715
1-ce0c869f-cd61-42b8-aa22-f94040adfb57,de_dust2,13 / 8,21,855c7f1a-b8be-49b3-aa2e-9277364ae4a7
1-ce0d5774-8217-46b3-a69c-3d4272c16b06,de_anubis,15 / 19,34,8587f156-4842-411b-bde1-4fdb59fe2b64
1-ce0df1b7-8b40-4565-99aa-60fd054849be,de_mirage,8 / 13,21,8587f156-4842-411b-bde1-4fdb59fe2b64
1-ce5b496e-e629-4056-a59f-6764baa8cc15,de_dust2,13 / 11,24,8558a542-421c-4b1b-8e95-6c02579ed7a9
1-ce5bf70b-dc79-4b96-ad8f-290cf5a19b90,de_dust2,11 / 13,24,1fb315a1-aaf0-4d31-9f24-cdd6afe6e657
1-ce6119a2-0366-41c7-a64e-d25d017cd088,de_nuke,13 / 9,22,738aee09-fb3c-4162-b64b-cc48350281e8
1-ce87de73-3be7-4177-af95-5ae201ebbc66,de_mirage,13 / 9,22,d165cfb2-59fa-4f87-9092-e6cf84e12041
1-ce8e8dce-9a89-4615-90a7-8a3a3c17c915,de_ancient,7 / 13,20,871e212a-75ea-4a4d-8caa-1724cdb56cb0
1-ce9b728c-cdf0-44ad-bd8b-64d501b01705,de_mirage,13 / 5,18,1b21d193-72e6-4033-a392-cb26855fdb04
1-cedcee7b-a218-4c40-b33c-24b32f035107,de_cache,13 / 10,23,c1bb3e6b-be61-4e43-be52-2c13ac3dc612
1-ceffd4e2-5699-43f1-aef3-328893633a2c,de_ancient,9 / 13,22,faf7d668-2d9e-4ff0-a47e-5b91c57f37c4
1-cf030b39-7fcf-4b39-a2da-aaa4defae80f,de_cache,10 / 13,23,350780d0-4901-429d-bd37-b37ee832ab4b
1-cf033dfb-1c13-4995-87eb-1f7956e626de,de_mirage,13 / 7,20,18ea8295-4d09-4c2d-945b-5e717c3f2e46
1-cf1000f2-18d4-4b17-8688-bfe832526140,de_dust2,13 / 2,15,204735c0-127f-433c-b2cc-60c43a319fb0
1-cf71ec13-5344-4fad-b57f-734362a96f1c,de_dust2,13 / 1,14,8ca613c9-38a0-463c-94c3-ed5be7ad182c
1-cf732af0-774e-432b-a54d-b40224c2ba3e,de_mirage,13 / 8,21,f2cd0004-5661-400e-b142-eb7bc74ea00e
1-cf837c78-cd3a-482b-97b8-95b6449f39d3,de_mirage,7 / 13,20,c29023b2-1189-405d-ba3d-72d1233de195
1-cf83cffc-2fae-45ea-aba0-098eab86cb42,de_nuke,13 / 6,19,8d2c862c-d59c-45e4-8b80-9714644fff5e
1-cf8b8d6d-3867-4a7d-a934-2905ee9874f1,de_nuke,4 / 13,17,a66cccad-09ee-4222-bb11-b3720e4a7607
1-cfb57d73-82ee-436b-ab30-a78469ce0bf1,de_inferno,11 / 13,24,093d9086-3581-4500-8f69-20a7839f8fe1
1-cfb752b9-bbeb-49e4-9565-9fda2c217839,de_dust2,7 / 13,20,a7f4c0d0-519d-4828-a54c-a94bd1324cf7
1-cfc7e0b7-2b7e-4c79-996c-3ad206a13b49,de_nuke,5 / 13,18,1ddf11bb-4091-457a-81b9-21cea278fdaa
1-cfe908c1-0f66-40ad-95e5-34596df3eb5d,de_mirage,16 / 12,28,1b21d193-72e6-4033-a392-cb26855fdb04
1-cff0d612-b67e-4625-84e6-2ac8013c89f1,de_ancient,13 / 8,21,d91723b7-f8a3-4ec0-b6c2-a4a19478a1ca
1-d0016688-b33b-4495-9b9c-336cda4d2f1d,de_ancient,10 / 13,23,eebb01fe-4442-45a4-9bf3-7514999ede7a
1-d0119159-e73f-4113-8d0b-cfe4103ff0a0,de_dust2,5 / 13,18,dcdd41e9-8c0f-4929-8030-b529f8076661
1-d0351ab8-0959-49ac-8644-e0c5f3367bd5,de_dust2,5 / 13,18,df89facc-bdea-4938-b99b-e86ea940f3c6
1-d036b08f-e6b3-46e7-a4e6-c98c79f18e8a,de_ancient,13 / 8,21,49411d69-e811-4163-8d29-21ab3a0cea7c
1-d036d8c6-11b9-492b-a3d9-67070d87dda6,de_dust2,6 / 13,19,b5c3e65c-bb6c-49d1-ad75-3823b52ce576
1-d041f436-277b-48b7-a266-a15635504be1,de_anubis,13 / 10,23,63c462ae-57ff-4052-88c5-ce4bc2d7fafd
1-d0467ed6-b2e2-4a20-bfa4-05c4784d88ea,de_dust2,10 / 13,23,9f5d946b-5e0a-4c05-9e3e-67382432cdc1
1-d0521559-36f6-4caf-be11-322b1b1aba23,de_dust2,13 / 3,16,eac4c82a-1d28-4a4a-a9e2-a9932156c34a
1-d08b0dfe-d55c-4547-a543-a97c4ca4d409,de_mirage,13 / 2,15,045f9998-20dd-419f-9d23-3af2c5bed357
1-d0a6cc5a-4d00-4a7e-bec6-28f5f4c58576,de_inferno,13 / 1,14,3168f539-2eb9-46be-8bed-70740a221715
1-d127139e-f854-45e3-b40d-7fa8016ebf14,de_cache,13 / 8,21,38150c4d-40a9-4527-8b47-19d1a553b33a
1-d1491f4a-50ff-4d7d-8bac-28632a3b52fe,de_anubis,11 / 13,24,a66cccad-09ee-4222-bb11-b3720e4a7607
1-d1585537-a7ca-4c4b-8e60-beae6ca22979,de_mirage,13 / 5,18,f04d2e90-ecc5-42b9-9ed7-ce6695a5c2b3
1-d19635e2-35f8-46dc-a401-e6f905220248,de_dust2,11 / 13,24,ad0f1682-98a0-457c-bc37-4748b05a14c7
1-d19cb992-2196-4aca-b3cf-c9511244a37f,de_mirage,13 / 10,23,544b4f6d-02cf-4f71-a38a-3e40ee91f3c9
1-d1c35ce6-7e08-4240-89b5-96b9f13a3dd3,de_dust2,8 / 13,21,d2ac39b0-9b8b-402d-9ccd-fcd68960fa94
1-d1d7fbc6-b39a-4486-af72-39b57df661d1,de_ancient,13 / 6,19,fcb1f54e-d266-431c-9656-2e7fd0d97032
1-d1ecca94-9e7f-4abd-87d8-c64d69d259b4,de_anubis,7 / 13,20,98dda523-460d-4046-a142-fad06a354668
1-d203a3e8-88e8-4ae3-90ee-d2a022c06d4c,de_nuke,10 / 13,23,657a3e7f-419d-4499-b104-35bcbc92b33c
1-d2062774-0dab-482d-ba5a-ab3ea99608f3,de_ancient,9 / 13,22,9d710aa5-07a0-4197-82e5-8fdccc177720
1-d20bd4e4-3774-479c-a062-019867ec3406,de_mirage,13 / 7,20,0df28387-b91c-4a2e-a16a-4972e5d0c345
1-d20d79b6-2914-4e2e-b33b-e1f25663db4d,de_ancient,14 / 16,30,b421e7b2-f851-4499-a522-02a199ffc78d
1-d20d79b6-2914-4e2e-b33b-e1f25663db4d,de_dust2,10 / 13,23,b421e7b2-f851-4499-a522-02a199ffc78d
1-d2123cef-6a71-4c93-899e-84fd54430010,de_nuke,13 / 1,14,780ff937-76e4-4608-9406-c2fdae354a69
1-d22c34e1-fd90-4f62-b9d1-ead5b9a26035,de_mirage,13 / 1,14,4358edc1-a2fb-40f8-b24e-98463282d8cb
1-d236091c-4064-45ea-b2cf-84f22486402d,de_dust2,0 / 13,13,f04d2e90-ecc5-42b9-9ed7-ce6695a5c2b3
1-d24e50dd-bd46-4b0c-b67d-136a5ac507bc,de_nuke,2 / 13,15,62226040-6048-4f4a-9437-8d7e55db912d
1-d277f6c8-81fc-4cb2-a3c6-1a6c10eb77e0,de_ancient,2 / 13,15,db441e23-1acd-4bfc-b3b1-76ec80d9bd02
1-d2799554-2c43-4e8e-b20e-54f25656799e,de_mirage,8 / 13,21,ad373db4-eae0-448f-af47-082d5d80a65b
1-d2914e23-ee2b-441a-bc12-418831804416,de_dust2,10 / 13,23,86e54edd-e1d1-44c4-9073-bf02700b39a2
1-d2c1cc30-b1b9-4647-95cb-f6fb40ff0a21,de_mirage,13 / 9,22,2efa56f7-4695-4a19-82f7-6f870742780e
1-d2d2a271-83cb-407a-a6ab-0fff08dc1655,de_dust2,11 / 13,24,079782fe-2330-4015-9210-67a54b65dc5e
1-d324d8e6-80e8-4fcf-8ecb-2ec30e5f17d8,de_cache,9 / 13,22,d165cfb2-59fa-4f87-9092-e6cf84e12041
1-d34cf743-93e8-46db-be10-cb83decb49c8,de_mirage,8 / 13,21,db441e23-1acd-4bfc-b3b1-76ec80d9bd02
1-d34fcb0a-6006-4625-b827-0fa6cec24a94,de_mirage,6 / 13,19,8f611df5-eb41-4ac1-955e-5026ac17b2a2
1-d36f8020-bc43-416e-a347-d73c71c1675c,de_mirage,11 / 13,24,71ea9955-8400-4553-87a5-4c325923d21f
1-d3930c77-7b82-488f-aa6d-d8323871b97a,de_mirage,4 / 13,17,5ef80547-b457-45b0-ab79-e3f614e4fb7d
1-d39b2b96-ddb0-4ee2-945d-34f1030c09ee,de_dust2,10 / 13,23,4945aac8-7dab-4045-994e-6410462a486f
1-d39fd1a2-d507-4bcc-9eac-9e536302b02e,de_dust2,6 / 13,19,dd95f56e-bffc-44af-9fea-e181fce71122
1-d3f829af-404f-46c8-9d2b-fc88e1f70227,de_mirage,13 / 4,17,83406320-b332-4d23-b599-0ed9c4472a06
1-d4338fbe-27a2-49ba-92d8-e71219c14c2c,de_dust2,13 / 9,22,045f9998-20dd-419f-9d23-3af2c5bed357
1-d44bdf0f-9555-43da-814e-46edbd71abec,de_dust2,10 / 13,23,a755bb8d-17d2-4f7a-bd41-74c4f898db9c
1-d4a795f6-33e9-4e92-93ba-51877e9286f4,de_dust2,13 / 1,14,38150c4d-40a9-4527-8b47-19d1a553b33a
1-d4b5b02d-da22-4892-a277-ae2cefc98a7f,de_ancient,13 / 9,22,de9e757b-b22d-4c88-b8cd-84d1cfd1f06c
1-d4b68812-7a3d-4279-a42c-de2a32a3273d,de_mirage,13 / 7,20,a66cccad-09ee-4222-bb11-b3720e4a7607
1-d4cf0a44-51cc-49a9-acad-da79a9eb5ab8,de_dust2,6 / 13,19,7559c733-22de-4006-8ba4-aab2d49a9d4a
1-d539ae40-cca4-43f7-970c-db41f6c76703,de_mirage,9 / 13,22,11e15725-6ae9-4abf-9b76-cc0aa74a43b2
1-d553b891-1392-45de-a1b6-79e0275100a8,de_dust2,13 / 2,15,871e212a-75ea-4a4d-8caa-1724cdb56cb0
1-d56d97ba-12ad-4cce-9753-abff053ab99f,de_mirage,13 / 4,17,d4903d34-f384-437c-aa5a-2a4e1f4e7e2b
1-d59cfc53-0554-4f9e-b440-3ce1b1acf99c,de_ancient,13 / 3,16,16107cdf-be94-45f6-8e71-75e4d184f670
1-d59cfc53-0554-4f9e-b440-3ce1b1acf99c,de_dust2,13 / 3,16,16107cdf-be94-45f6-8e71-75e4d184f670
1-d5d4a063-ef4a-4de8-8a5a-d9ad3e8afca2,de_mirage,13 / 3,16,89d0fc8b-fa08-4fbe-acc8-b34a205995e7
1-d5df1098-bae4-4b05-aab2-80bf025b540f,de_mirage,9 / 13,22,f3992de8-e9df-4582-b485-e9161c440430
1-d5e25f2a-f98f-46c2-8824-8d227923dbf5,de_dust2,25 / 22,47,71ea9955-8400-4553-87a5-4c325923d21f
1-d5eb1fc9-8a1b-4eee-ba62-d81ccdde232b,de_mirage,13 / 5,18,1fb315a1-aaf0-4d31-9f24-cdd6afe6e657
1-d5f8d94e-50a5-471b-b5b9-6f995464fb1d,de_cache,14 / 16,30,489ecbcf-086f-4939-8f48-625be46643e0
1-d604eb93-7d78-4cec-8722-df1f1b1b3d07,de_mirage,11 / 13,24,a66cccad-09ee-4222-bb11-b3720e4a7607
1-d6293355-cb20-4bdf-9f03-dbb81bc1abe7,de_dust2,10 / 13,23,a7921334-e631-4ee1-8bac-1ab4f9ed7b38
1-d63197f2-e69f-49ae-a240-2a595e9b5be6,de_mirage,16 / 14,30,e7e8207b-9764-4909-91a9-e74d4a54eeac
1-d6324735-f1ae-41e8-9a22-1e4ef9e413e8,de_ancient,13 / 4,17,dd8b2125-7753-464f-8445-1ade23d31f55
1-d655b0fa-8f94-4676-b841-045dc957b95a,de_cache,13 / 1,14,8f611df5-eb41-4ac1-955e-5026ac17b2a2
1-d684109a-e6bd-4385-a5b7-e4f3ec6a85de,de_anubis,3 / 13,16,6862cfa7-8189-4d78-ad89-6d5533dabdf7
1-d68dbfe9-6272-4d65-92c3-64512b0452b7,de_anubis,13 / 2,15,f1d1e776-ed5a-4948-847a-07700b35bfae
1-d68f606a-b25e-46d0-8ec6-4c03729cbe2c,de_dust2,13 / 5,18,d3d49895-11a9-4c54-a3d3-daee0d65cc50
1-d68f6826-ba7b-473f-88db-dace8fd74288,de_dust2,11 / 13,24,3c5dde62-e94b-425b-bf91-7ab8283066c2
1-d6af9d6e-5a79-4e53-8fe1-58edf85fdef8,de_mirage,19 / 17,36,77e15f31-b669-4c6f-a960-cb49870e3867
1-d6bd5d7d-a5bd-4828-a2c3-1549d3519b3e,de_vertigo,7 / 13,20,84278933-b5bd-4552-bc86-a82751b48774
1-d6d17cae-965f-44c1-a884-eed8f02d243e,de_dust2,12 / 16,28,1fb315a1-aaf0-4d31-9f24-cdd6afe6e657
1-d76b691f-5337-4b69-9ae3-d338b4ce4e72,de_mirage,11 / 13,24,84278933-b5bd-4552-bc86-a82751b48774
1-d7746981-5799-46a9-b611-ba53b9cf70f3,de_mirage,13 / 4,17,5e7172ac-9e07-487f-8ebd-bce905859e74
1-d78aa817-65f5-4ce1-9d46-0b140aa8f6ba,de_inferno,13 / 10,23,dd771e7e-b2d7-4dcd-81e5-79a6699bf30c
1-d78aa817-65f5-4ce1-9d46-0b140aa8f6ba,de_anubis,13 / 10,23,dd771e7e-b2d7-4dcd-81e5-79a6699bf30c
1-d7b0b233-0ca0-4c64-a449-1b1ef6bc8c88,de_ancient,6 / 13,19,d0006176-6704-465e-8c7a-524e42c3a477
1-d7ca1d6c-bfe1-4ec3-8f13-f1ee857131e0,de_mirage,11 / 13,24,ed4bb7dd-7da1-4c24-b8b2-f136c80f599e
1-d805b590-b004-4452-95ff-365de3ce89f9,de_mirage,9 / 13,22,6b707363-7f72-416d-8af6-27390611af1c
1-d8121568-3bdf-454e-bf7b-bb2f434914a1,de_mirage,6 / 13,19,0090092d-eca9-4047-a8c2-7693c494d356
1-d81442b9-4170-4b8b-9cf8-f89843056d09,de_cache,10 / 13,23,5934fc13-4e5c-4c0d-bed8-a0d0d9037ee3
1-d81b1583-e90f-4f59-a6b0-0b79cb004357,de_mirage,16 / 13,29,a302138c-f156-4c7e-a9b8-3b982d091f2d
1-d84e0045-fc19-4c6a-9dab-ae3f3904f1b2,de_mirage,10 / 13,23,81448330-c13d-43db-947a-9fbbd0238306
1-d860de6f-22eb-454b-9b4d-125d631236d9,de_mirage,8 / 13,21,466c5969-d618-4448-a8b5-d546d19f822c
1-d877ee66-be8f-475d-8046-de3ad368549d,de_mirage,2 / 13,15,09869807-7afb-4786-9d98-e2f4a4f37bda
1-d89c94ac-5d12-4114-867f-8280364bc63a,de_mirage,6 / 13,19,e5490fb8-4502-4a00-8ea8-b7c69ad7cb98
1-d8f64dde-9924-44f1-a8c1-f4fdea7a1eb5,de_dust2,13 / 9,22,40bdd623-84c3-4a1d-81c7-e8539ce27148
1-d907bf8b-a976-4627-a793-3a83851ff5ae,de_dust2,14 / 16,30,045f9998-20dd-419f-9d23-3af2c5bed357
1-d91a9068-37d7-4a64-bca1-9e1d7b232d67,de_mirage,13 / 7,20,2c3e74fc-683a-461b-9449-df6f7ad9f5e0
1-d932e95b-258d-4990-a54b-f6257a2e5fea,de_mirage,13 / 7,20,d5475cb6-7625-48b5-b2a7-c347ed136d11
1-d94270cf-118f-4898-a4dc-2d8814c739b3,de_mirage,9 / 13,22,62226040-6048-4f4a-9437-8d7e55db912d
1-d962b716-036d-4e5f-a482-7468fda38950,de_cache,1 / 12,13,d3416658-17a5-47ec-bbfd-8b930be8c76c
1-d967c563-f8e8-44e2-875a-bf1fcb04ef85,de_mirage,13 / 5,18,6f5dc0d2-e3c3-431b-8ecf-341b3d15d13e
1-d9af420f-e2be-4f73-8a53-121ab5378f52,de_dust2,5 / 13,18,3f92f5b3-e12f-4e47-a42a-a388d33b2e3b
1-d9f27e32-8b47-4711-b24c-63aae037f5f4,de_dust2,4 / 13,17,045f9998-20dd-419f-9d23-3af2c5bed357
1-da0a52d7-9e2f-402a-9d6a-8fcde71265a6,de_mirage,10 / 13,23,ad373db4-eae0-448f-af47-082d5d80a65b
1-da847f2d-a27a-4c58-ae33-40aa827d0364,de_anubis,13 / 11,24,047acfb7-9bab-46b9-a108-a2bb1d13a0fd
1-dac82847-09d5-4a07-b89c-f6fedb1cfbdf,de_mirage,13 / 10,23,03a718be-7d09-4bc9-a842-417b16a0cba2
1-daee46af-988f-4931-a9ee-d4c24d637dac,de_mirage,13 / 3,16,8f611df5-eb41-4ac1-955e-5026ac17b2a2
1-db052bcd-4912-47f3-892a-134730cade50,de_ancient,13 / 7,20,71ea9955-8400-4553-87a5-4c325923d21f
1-db1178d6-3338-4924-b398-f02f09a384e6,de_nuke,11 / 13,24,db441e23-1acd-4bfc-b3b1-76ec80d9bd02
1-db37c0c3-61b1-4806-bf07-b29676176e31,de_mirage,6 / 13,19,bf342334-d2fa-4822-b622-f37101d23611
1-db83220d-045d-4b55-9885-820f351cac68,de_mirage,10 / 13,23,175b1046-459e-4f82-bfa8-262b9527e64d
1-db8af247-052f-42ec-b7f9-94473f1825d9,de_dust2,13 / 7,20,0a38e0a3-03a1-4aea-8c24-396ad8d802c1
1-db8c441d-1070-45dd-a87e-8dffd86e1908,de_dust2,14 / 16,30,5b5d853a-d59d-477d-8f86-4f9c7c3760ef
1-db8fd4b2-697c-42cb-9d2f-be5626c9da7f,de_dust2,5 / 13,18,1a4bfb44-0ab1-40f3-9150-688b04cfe158
1-db9d28b9-643a-41e3-afa6-91dcc44d4d04,de_mirage,8 / 13,21,dbc62b13-80f6-4baf-9a80-0812ebb82bc3
1-db9fcbc2-1d01-468b-ae5f-c2d423b7ef6e,de_nuke,11 / 13,24,331bcaea-ac55-4514-a898-68f912b59393
1-dbaf4d0e-b335-448d-bb17-c1cacbfece60,de_mirage,13 / 3,16,ef63b684-aed6-4c76-9a80-d911cd372d91
1-dbcd6225-2059-43a3-a9a0-b86f3569e9b5,de_ancient,13 / 10,23,a9ca7038-24c9-482c-89ef-3690e246b481
1-dbdabc8d-7835-44da-8676-3ac52db854d9,de_ancient,13 / 7,20,1d9b171d-7371-4b71-8e98-f8f3ac47e140
1-dc514b54-bd98-48ed-9304-bac7eef80b81,de_mirage,6 / 13,19,045f9998-20dd-419f-9d23-3af2c5bed357
1-dc521ebf-e23c-499a-a189-cdea32b183d5,de_mirage,16 / 14,30,093d9086-3581-4500-8f69-20a7839f8fe1
1-dc56bfa1-dd82-4e56-8b5d-119766494628,de_mirage,13 / 16,29,aa760b20-9541-44d9-9b78-4916027eb535
1-dc58ebc7-beb8-44b6-ae09-ea6a6f5e4625,de_ancient,13 / 10,23,ef492907-fcf3-40eb-a721-909be0b6846e
1-dc6756ae-ab02-4e93-93b1-299bb192ac0c,de_mirage,13 / 16,29,547bc140-e6c9-4e18-bd92-8d8b1fec670c
1-dc67de6d-0c1d-43cf-b60a-f55809669648,de_mirage,13 / 16,29,0ccd9166-8f87-4444-bc74-cfdcef33b318
1-dc9c7aac-9a8d-4fee-a25d-112a14d5b97f,de_mirage,13 / 5,18,c29023b2-1189-405d-ba3d-72d1233de195
1-dccdca2c-d637-412a-a1a1-c5ac303433bd,de_mirage,13 / 7,20,266cd1f4-e11e-4e08-887e-129c2895dfc6
1-dcd34ca1-d9f6-4abd-ad20-25d2e74e0716,de_mirage,11 / 13,24,3059bdd3-aa1d-4acf-ab31-0f2de0de86be
1-dce0a774-1ac9-422d-b8d9-3f83374b441b,de_dust2,6 / 13,19,415cc859-c677-4816-88e9-4d91fd10112c
1-dce49116-1023-45ae-a745-739dbb36fc20,de_mirage,13 / 9,22,5fe49019-0f2d-48ea-bb07-b239c55f2d24
1-dd32de62-2041-417b-9087-1e50bb576ac4,de_mirage,8 / 13,21,c1bb3e6b-be61-4e43-be52-2c13ac3dc612
1-dd489de0-dc65-43d6-bae3-2c5c2f1927fe,de_mirage,4 / 13,17,702c9dd5-c84d-42de-942e-58e921fd34d9
1-dd5850a0-0ea8-4a15-95c0-ec5925729a0c,de_nuke,1 / 13,14,536211d8-a112-4614-879e-8613ea5c3582
1-dd5ca71d-d37f-4f49-bd3c-576ea159b008,de_inferno,13 / 3,16,1e434c74-f547-4fbf-8808-7ab0dfc16dd9
1-dd7d7ffb-50c6-427c-9c19-2229d310b658,de_mirage,13 / 5,18,7559c733-22de-4006-8ba4-aab2d49a9d4a
1-ddb32a9b-0702-4538-a6e9-4036f3935ac8,de_mirage,10 / 13,23,e868edf4-1123-4fb9-8983-339665cf1b9a
1-ddbce903-1b1e-48ea-a8df-e16570b5f4ff,de_mirage,7 / 13,20,bfcaafc0-e907-4cde-a56c-6d932444299b
1-de078eaa-48f5-4e93-a562-94db2749a791,de_anubis,9 / 13,22,cf395a7d-bba0-4abc-9db5-04e201cea255
1-de114a33-7b55-4f23-b600-17ab9acf6041,de_mirage,7 / 13,20,3b2a3913-4435-486c-a0b1-8a85fdbaa944
1-de31846b-454c-44c2-bd37-3b254e900dc7,de_mirage,13 / 6,19,578fccfa-9b82-429c-b797-645740763f8b
1-de457a9f-915a-4990-a588-2e49d3611e35,de_dust2,8 / 13,21,be41de3c-6dbd-4532-aaba-20a5a485b620
1-de744faf-a23c-4356-9cd9-780ccbe50549,de_anubis,13 / 6,19,547bc140-e6c9-4e18-bd92-8d8b1fec670c
1-de76ae49-9d89-4fef-a3b5-b1088b4b54dd,de_dust2,13 / 2,15,eac4c82a-1d28-4a4a-a9e2-a9932156c34a
1-de8efb3d-cd8e-43af-97f1-2f45bdf5fdbd,de_mirage,7 / 13,20,dd95f56e-bffc-44af-9fea-e181fce71122
1-deade8dc-9f08-4567-ab9e-876500981cb0,de_cache,13 / 9,22,576b27bd-caab-4c06-996d-900a9930614d
1-dec7abf5-95f5-4e58-ae9d-75d3e65657c3,de_mirage,13 / 9,22,46f22f3d-4325-4851-8d11-0393928d00fe
1-dec84a17-253d-441d-a0fa-9bdaf05547e0,de_mirage,13 / 11,24,a95a053d-648d-4d6b-b5d3-a05f94d0c86a
1-def85183-37bd-45f0-a66e-6287d31be93d,de_cache,11 / 13,24,792875fa-b657-46ef-9f26-0d3a601fac38
1-df11aa5b-d038-4f8c-b405-8dab94843eb0,de_dust2,13 / 4,17,d1f8eae2-3a06-4a04-8b20-9f6d76f92a76
1-df11aa5b-d038-4f8c-b405-8dab94843eb0,de_cache,13 / 5,18,d1f8eae2-3a06-4a04-8b20-9f6d76f92a76
1-df2aeb25-d24e-44fe-9d09-8f6f71ab5a83,de_mirage,13 / 8,21,dbc62b13-80f6-4baf-9a80-0812ebb82bc3
1-df2fcb19-d92f-4314-9db5-410178d7071a,de_mirage,13 / 7,20,e50676d1-ea6c-4876-893f-53aac4b6dc6f
1-df6529a5-1285-4fb2-8caf-acb540382a3b,de_dust2,14 / 16,30,1a4bfb44-0ab1-40f3-9150-688b04cfe158
1-df92c448-a84c-453d-b91d-3d84c8939119,de_cache,9 / 13,22,62226040-6048-4f4a-9437-8d7e55db912d
1-df9b643c-ff09-4047-b7b8-b0ce72359a25,de_dust2,13 / 8,21,ed977cb8-0020-47f7-bcad-b4025eb7a259
1-dfc7e5a5-0300-42b6-861f-11ee6adde670,de_mirage,13 / 11,24,702c9dd5-c84d-42de-942e-58e921fd34d9
1-e02b4740-6912-4f16-955f-f8f8e83f50f0,de_cache,22 / 20,42,98dda523-460d-4046-a142-fad06a354668
1-e03b1a4c-421b-4869-89e7-11e0789c5350,de_dust2,6 / 13,19,4abb772a-6722-40d0-b323-703eb92efc13
1-e061050b-26ed-4b62-9812-ab0c3e4b9d2f,de_mirage,8 / 13,21,aa760b20-9541-44d9-9b78-4916027eb535
1-e0653a30-93f9-44f2-88af-40aadb393d81,de_mirage,9 / 13,22,7e47d4fc-edbe-4716-8fed-eb39f3885758
1-e073f815-5984-4b49-8915-9b4411d600d6,de_mirage,13 / 6,19,ffb24b74-b32b-413b-a44d-64431b90aca9
1-e0897d4e-d30f-4049-af19-3afbfd890fed,de_mirage,13 / 7,20,0de12d71-0a13-4706-9471-caa4ca2694a3
1-e0899ad2-fa1e-4e25-9fed-949c6be7a056,de_dust2,11 / 13,24,dfa8ef45-7dd6-4dea-b3af-3bc0025e9a94
1-e09d3331-cdaf-4de2-ba39-c6e3e5fae4b3,de_dust2,13 / 8,21,ab6a189f-12d4-40d6-9e5f-653285ce937b
1-e09d3331-cdaf-4de2-ba39-c6e3e5fae4b3,de_mirage,13 / 5,18,ab6a189f-12d4-40d6-9e5f-653285ce937b
1-e0aa8403-6803-4f72-b005-890b6a43214b,de_mirage,13 / 5,18,ce5c98d1-87e6-4242-a682-e79ad14fcbe4
1-e0c64c92-454b-4c7b-97c6-55c3f832f1ae,de_anubis,13 / 16,29,51e11b0c-9d76-4600-b0f5-b9f81e6b412f
1-e0f8e50f-7029-4227-8e8e-7f4064bf9b97,de_dust2,13 / 11,24,b46c5e6d-3858-4ca7-9e2b-6dd418608d61
1-e104aa5c-8d34-47a5-9487-47487d458967,de_anubis,13 / 11,24,c994d039-2f36-43af-9c4b-a9baba4705c3
1-e10be18c-7ad7-43dc-b07d-e4bf46e1e53a,de_mirage,13 / 10,23,5e554d38-224a-40cf-a528-9e80662657c0
1-e10ce681-eb3b-46f7-a495-f83c1b3847f2,de_ancient,5 / 13,18,35628708-8f82-4bbf-b113-48c4e8326a83
1-e122a38e-1f08-42c1-949b-77d1dcdc41e7,de_dust2,4 / 13,17,3b2a3913-4435-486c-a0b1-8a85fdbaa944
1-e1639419-3c72-48e9-a049-529725cdc794,de_ancient,9 / 13,22,206e86f6-afd1-44b1-8113-5b6135db5a36
1-e1649729-25c5-454c-bc26-653d7883ae10,de_dust2,5 / 13,18,39e449eb-2627-4b5e-8527-fbcaa9e98801
1-e1997e3e-55eb-4eb6-9389-e377ad36d62a,de_ancient,13 / 4,17,e868edf4-1123-4fb9-8983-339665cf1b9a
1-e1b57c03-0e71-48e1-9125-d2c1493906c9,de_dust2,13 / 10,23,09869807-7afb-4786-9d98-e2f4a4f37bda
1-e1c5c771-403f-4e5b-ba78-a6385d42b531,de_cache,8 / 13,21,74195cff-54ea-4d86-ae36-017283407545
1-e1d5e2fd-89c5-487b-a857-21b26fb31976,de_dust2,11 / 13,24,b46c5e6d-3858-4ca7-9e2b-6dd418608d61
1-e1fee767-c52b-46b1-9c93-33c02b864e0b,de_mirage,7 / 13,20,547bc140-e6c9-4e18-bd92-8d8b1fec670c
1-e252bd57-edf0-4a68-88da-75b76bf63f63,de_mirage,13 / 7,20,5e7172ac-9e07-487f-8ebd-bce905859e74
1-e25676ef-f3e2-426d-8b9c-9d46db51b34f,de_ancient,13 / 8,21,702c9dd5-c84d-42de-942e-58e921fd34d9
1-e267af5e-1f85-4232-88d5-f036335fe0b5,de_mirage,10 / 13,23,358fd901-ea31-4f54-bc9a-52fb297e8fb4
1-e27e1ad4-db72-4c94-a6e1-2396a4b86a79,de_dust2,13 / 7,20,9cc0d011-e043-43d4-ac8d-4f1b1bca8638
1-e287d3ae-8894-4e38-8200-4809243a3818,de_cache,10 / 13,23,dd8b2125-7753-464f-8445-1ade23d31f55
1-e2d30d06-a7a2-4a8f-9e60-dc8c119c17c5,de_anubis,13 / 1,14,a66cccad-09ee-4222-bb11-b3720e4a7607
1-e2e4bebe-4237-4ac2-9a08-a6c845eb3b27,de_mirage,10 / 13,23,4ee1fe2d-a080-4dfb-8a1a-f3426412af1a
1-e33dbca2-3d2b-49e7-b3d3-716ae45393d7,de_mirage,7 / 13,20,7aa82650-2111-4e0b-bb4f-53bdb4d5dfdd
1-e3490955-2c96-485e-8a19-930d4a27f0b0,de_inferno,11 / 13,24,13746271-c962-4ce0-b6f8-374462f0c646
1-e356f9df-42f8-4e1e-a610-17634a9f0c68,de_mirage,10 / 13,23,83406320-b332-4d23-b599-0ed9c4472a06
1-e3762644-6472-499c-bbe5-86348d5a8906,de_ancient,13 / 8,21,02b6d7ad-3837-4792-9876-49091d5a2dbd
1-e3ce3000-dbb6-4269-8580-ced935a5752e,de_mirage,13 / 8,21,dcdd41e9-8c0f-4929-8030-b529f8076661
1-e3d31099-8ae0-4b31-b330-a75f328f73c2,de_mirage,9 / 13,22,09869807-7afb-4786-9d98-e2f4a4f37bda
1-e40b88d2-cee4-49e4-8328-1605a6146255,de_mirage,13 / 6,19,1a4bfb44-0ab1-40f3-9150-688b04cfe158
1-e40cc9e3-2076-47c0-983e-75c52f4972d3,de_mirage,13 / 7,20,7559c733-22de-4006-8ba4-aab2d49a9d4a
1-e40cd5f0-38bd-4c1c-ad10-4c3d53768379,de_mirage,13 / 1,14,c0c456cb-a121-4417-895a-7455ebdd6f9f
1-e40cd5f0-38bd-4c1c-ad10-4c3d53768379,de_nuke,13 / 1,14,c0c456cb-a121-4417-895a-7455ebdd6f9f
1-e41252c5-7843-4ac3-ae82-365756ff4a54,de_inferno,4 / 13,17,cbeb48aa-5886-424d-bf84-21a6a91c4bc9
1-e4344c63-3669-4cb3-bccd-177e79bd9d9d,de_dust2,11 / 13,24,c91d377b-015f-45ab-b4b8-85e839a54020
1-e4354ced-07fa-477a-ab90-fa9dbd1bd134,de_mirage,13 / 8,21,9d2e09fb-fa89-4564-8b4c-4759608a6d0c
1-e45b4e13-d93d-4434-b881-7d81ab723a4d,de_dust2,13 / 10,23,1e434c74-f547-4fbf-8808-7ab0dfc16dd9
1-e465ac76-f3cc-431b-b553-dcc760ebb16c,de_mirage,13 / 9,22,e6db23cb-082d-42b7-bd14-c810304758e5
1-e47051b1-52dd-4cab-a2a1-78d18bc0f630,de_mirage,10 / 13,23,c7ee0e00-2993-438e-99ea-3050bcf65413
1-e4d2fc78-ab53-49b1-9673-ce29a967391e,de_dust2,19 / 17,36,4c8f1d39-2dd1-444f-92cb-bb1e3fe6b576
1-e4f91f2c-8f4b-4b50-90dc-d8b060555bfa,de_mirage,11 / 13,24,bfcaafc0-e907-4cde-a56c-6d932444299b
1-e4fafc9a-4134-4ac4-b3db-395b987a0981,de_dust2,9 / 13,22,43a14ace-24f0-4454-b556-1e4e277cad55
1-e4ff2a00-3bd5-4330-97e2-1edfb690bbfc,de_mirage,11 / 13,24,10da9dfa-5058-41f0-9aff-636f418fc139
1-e50ae8e9-65de-45d6-9c56-bed32f2ac168,de_mirage,16 / 14,30,045f9998-20dd-419f-9d23-3af2c5bed357
1-e55da338-5ccf-4f58-8f7a-ed6c2a7d4060,de_mirage,13 / 16,29,5e7172ac-9e07-487f-8ebd-bce905859e74
1-e55ff71b-707d-47e0-ab96-397f12820c0c,de_dust2,13 / 11,24,feb9a43f-cbe4-4d8a-91cd-a8a0a303c5d0
1-e5888487-26f0-40a4-b2d2-a23ed15ab775,de_ancient,13 / 10,23,57cc90c9-adde-4cfc-a29c-3b587c283952
1-e5bc3c60-d26d-4b2c-8666-86be3b4baebb,de_dust2,1 / 13,14,6b707363-7f72-416d-8af6-27390611af1c
1-e5dcd366-12f5-4b0e-a6d4-52d4891aad69,de_nuke,13 / 9,22,10da9dfa-5058-41f0-9aff-636f418fc139
1-e5e73dc9-8c72-4484-87fa-312b62f49206,de_dust2,4 / 13,17,35167964-e9fb-48d1-b7b2-57e00dc48222
1-e5e7aa13-4335-4901-9249-a582feb31e19,de_mirage,5 / 13,18,702c9dd5-c84d-42de-942e-58e921fd34d9
1-e5fe1d00-40e0-4354-9d2a-3c43275e4b59,de_cache,13 / 9,22,a3cde873-ddbb-40b2-bfc3-9ffa634c0548
1-e604be5b-2a48-4b9d-a58f-4c871cba2983,de_mirage,13 / 11,24,69ddc231-3605-45e9-8b1d-d3327cda6a22
1-e614b571-25f6-4e65-820a-ce3e32f28d65,de_mirage,14 / 16,30,1830d4f8-a243-47d8-b8b8-943f7170b163
1-e636a8a2-26e4-4c7e-94e2-0ee3f998e0f0,de_mirage,16 / 14,30,38b22f5c-3654-4834-9355-148324f6279d
1-e654d744-3bfd-4cc7-b872-9250f23db12b,de_cache,13 / 6,19,51512563-f6d9-4c4e-95b1-3172a724730c
1-e6744c77-0e31-4006-a200-b33d79ae5004,de_inferno,13 / 5,18,0948f5ae-5eb1-4fa2-a6eb-112c1f2666b9
1-e6744c77-0e31-4006-a200-b33d79ae5004,de_dust2,13 / 10,23,0948f5ae-5eb1-4fa2-a6eb-112c1f2666b9
1-e69d611c-fae7-48a4-9331-709169a4d6b9,de_nuke,13 / 6,19,798a2505-8b8f-45c0-a5b3-1d3e0952112a
1-e7183565-d080-44b0-9c27-57211a8f262e,de_mirage,13 / 8,21,871725b7-8782-46da-9858-3925acf17ef9
1-e72e67a1-8c53-4d9c-8e2f-17864156dd61,de_mirage,13 / 8,21,ecab8304-b6fd-448f-ba7b-729398bc4a94
1-e733f2f2-4ec5-42c6-a5ab-b5258ef241c4,de_ancient,13 / 9,22,1fb315a1-aaf0-4d31-9f24-cdd6afe6e657
1-e7563eaf-039b-4d42-8151-bf26ecf66234,de_nuke,11 / 13,24,1b21d193-72e6-4033-a392-cb26855fdb04
1-e75c0551-1d80-4883-a6a2-8ff51152038f,de_anubis,11 / 13,24,64858d84-258f-4e68-961d-e0ee42b83ce9
1-e76a11d5-77e7-40bb-8b25-6b28806b5189,de_ancient,13 / 11,24,12b99523-d022-4659-9138-7e5709950b8d
1-e7774222-3553-459d-8b98-7592b763b763,de_mirage,13 / 5,18,abafaeeb-7464-4d59-80c4-be47cbd8a651
1-e7897d7d-495c-4f8c-a9ab-4b104bb895d2,de_mirage,13 / 7,20,22c0773e-5f76-423a-bcf7-8c0074218017
1-e78b2414-abfb-4d05-83be-68a4ca9e972d,de_anubis,7 / 13,20,98dda523-460d-4046-a142-fad06a354668
1-e7a2aef4-2cdf-42d9-a5bf-079eb1dd43f9,de_ancient,2 / 13,15,181fc04a-311b-4f8b-991a-b2ae9d3a8c6a
1-e7c7ecb0-aca3-4afc-b1e1-ebb8a2ffabf8,de_mirage,13 / 8,21,fb4a2659-57ac-41f5-a831-cf2e3992a077
1-e7f489d5-caa6-45f5-978f-ae301f97f852,de_dust2,16 / 12,28,02b6d7ad-3837-4792-9876-49091d5a2dbd
1-e7f949a4-65bf-48b0-94d1-22d10305134e,de_mirage,8 / 13,21,eda98977-1d54-4cd1-b2d4-e66447f60375
1-e888bf32-2403-478f-8703-9704ae05da56,de_mirage,3 / 13,16,ed977cb8-0020-47f7-bcad-b4025eb7a259
1-e88a36ec-d8e2-4f36-88a5-2f09f51d55dc,de_ancient,11 / 13,24,0a38e0a3-03a1-4aea-8c24-396ad8d802c1
1-e88e3a63-7777-41c8-b6a2-265e413e2e92,de_mirage,13 / 7,20,88389e8b-60f7-4702-a76c-e58a87fdfd8c
1-e8a2613f-d588-4b80-9e81-140896a9dbe0,de_mirage,2 / 13,15,abafaeeb-7464-4d59-80c4-be47cbd8a651
1-e8ace77b-519b-4a50-932b-4b47072e8e8c,de_dust2,19 / 17,36,b69675e1-d310-423e-8538-b1f111321578
1-e8b6d52d-4528-4f39-9a80-4e5458caeb85,de_cache,10 / 13,23,62226040-6048-4f4a-9437-8d7e55db912d
1-e8dbea54-a8d8-4c2c-9d04-5aec9a70d16e,de_dust2,13 / 8,21,77591e1f-8b92-4217-8432-b3a11eee5495
1-e8e03501-f57c-46d1-8391-69d1adb85c96,de_mirage,13 / 10,23,452050f8-80b2-4851-96b3-12797dddbc4d
1-e8e4fb8a-8498-4497-ab4f-9d2ebfc90487,de_mirage,11 / 13,24,851b87b9-7bfb-4fa8-b6fe-6c463e7bc70b
1-e8fc0a0b-f7d9-4cf9-b017-9803ded6886f,de_dust2,13 / 5,18,e0865821-8f85-4879-aa60-866b3db5cc97
1-e918e343-ba78-4a0e-8d89-8effa1265ffa,de_cache,13 / 9,22,a7921334-e631-4ee1-8bac-1ab4f9ed7b38
1-e946486c-c430-4926-bcad-85653fdfed40,de_anubis,9 / 13,22,09e34c6e-66b1-4254-ab5e-6f969f7de721
1-e95ca70a-2c97-4984-9919-7b8194c1a9a4,de_mirage,13 / 8,21,2989249b-5f81-4340-b2a1-e4db4c9aac5b
1-e96111aa-3ca3-4745-9cd3-ddfc89f9a9b4,de_ancient,13 / 10,23,a66cccad-09ee-4222-bb11-b3720e4a7607
1-e990fa37-7240-4cfa-bd7c-26006567d159,de_mirage,13 / 7,20,ed977cb8-0020-47f7-bcad-b4025eb7a259
1-e99e215d-3978-47a1-9582-957682607e57,de_ancient,13 / 5,18,b444e5ef-8f17-4ee1-85fd-24d6119b6aa9
1-e9a0c9f5-af99-4933-a273-d7c66ff4082d,de_mirage,3 / 13,16,ed977cb8-0020-47f7-bcad-b4025eb7a259
1-ea0d83d0-072a-4335-ad59-95d8150ba0ea,de_dust2,13 / 6,19,1b21d193-72e6-4033-a392-cb26855fdb04
1-ea258c82-a258-42b9-8866-cff40e6ba225,de_mirage,13 / 5,18,e5058104-ed5a-43b5-9f0b-a2f5ccf0c36d
1-ea45b614-cc48-4a6c-9230-e001e43f7e79,de_dust2,6 / 13,19,093d9086-3581-4500-8f69-20a7839f8fe1
1-ea5aa080-fb62-4bf9-99a6-492bfc6dd6d6,de_dust2,13 / 11,24,9793fc23-8509-4fc2-bb5e-f72e6b9694c3
1-ea5d9c29-ed9d-4ae5-944a-3c348e578e91,de_mirage,11 / 13,24,9b9bd730-053a-4952-a3e8-49b6eb8af064
1-ea66a917-af6d-47db-84ec-1c36b5897f65,de_mirage,9 / 13,22,e5490fb8-4502-4a00-8ea8-b7c69ad7cb98
1-ea85ee36-f375-4959-bf98-a9d6e58eb816,de_ancient,11 / 13,24,89ef752a-f94f-4185-9af5-30640560f39a
1-ea9e64ed-472a-4c2f-a0ea-a4ce8eb624fa,de_mirage,7 / 13,20,5e7172ac-9e07-487f-8ebd-bce905859e74
1-eae8ef96-788b-422d-88c5-9ec3d511f713,de_mirage,3 / 13,16,0c715f3d-bd25-4e2a-af9d-2477f0ec3aa4
1-eaeabb95-141e-4181-abdb-cba6d7f43933,de_dust2,13 / 9,22,ed977cb8-0020-47f7-bcad-b4025eb7a259
1-eafdc185-0154-4a47-9cea-8bf288aaa11e,de_dust2,8 / 13,21,eac299a9-532f-425e-a4dc-0f3c3314adff
1-eb0feec5-c9cd-4cfd-a3ee-f2b75026bb1f,de_cache,13 / 11,24,436574ca-74ec-4577-84b6-ea97c79949d4
1-eb134662-b529-4abb-a6ee-c5daa956208e,de_mirage,13 / 7,20,b873c3aa-a0c0-4298-b9f4-7d508d1ee304
1-eb1c8c05-c14b-410e-81e6-d0c8457ccd9f,de_mirage,5 / 13,18,ff4399fd-a2ba-495b-a2d9-98131c60f686
1-eb4a7e86-e875-4b55-a151-7e77907f53ac,de_nuke,13 / 9,22,370ee462-d08b-4eb7-adce-fe869bee3b41
1-eb7a0888-759d-492d-951b-d8d41a8e06d7,de_dust2,13 / 11,24,fe1450d5-d400-4a12-9c31-87a86255ce68
1-eb93a665-ecc3-4728-8ce9-2fb0d48f1f87,de_cache,9 / 13,22,1a31f1c2-858f-42f7-b64f-b59617c2d73b
1-eb9c9534-b3a2-48fa-b081-d2aed5393ba5,de_dust2,16 / 19,35,a7f4c0d0-519d-4828-a54c-a94bd1324cf7
1-ebc0a5b6-638c-4540-8fe1-53a42e608920,de_dust2,8 / 13,21,1a4bfb44-0ab1-40f3-9150-688b04cfe158
1-ebe3835d-e60c-4c61-b367-9539a7c4ad66,de_mirage,13 / 11,24,46f22f3d-4325-4851-8d11-0393928d00fe
1-ec08e273-b9fc-41f0-9512-e18eb21accfc,de_mirage,7 / 13,20,a66cccad-09ee-4222-bb11-b3720e4a7607
1-ec090ccd-8990-45f7-b7c4-6481c1a4513c,de_mirage,6 / 13,19,1a4bfb44-0ab1-40f3-9150-688b04cfe158
1-ec2048d6-efb4-448d-bd25-0de7a00e8d5d,de_mirage,13 / 7,20,a66cccad-09ee-4222-bb11-b3720e4a7607
1-ec703933-d11f-4a3c-ae2c-bd8a35db777b,de_dust2,7 / 13,20,fa5e31ba-ff1d-450e-aa90-3b1250d9903e
1-ec78fb2e-bdd0-423f-b06e-0df1aa9465f7,de_anubis,13 / 1,14,1e434c74-f547-4fbf-8808-7ab0dfc16dd9
1-ec78fb2e-bdd0-423f-b06e-0df1aa9465f7,de_dust2,13 / 7,20,1e434c74-f547-4fbf-8808-7ab0dfc16dd9
1-ec9ff10c-e7ce-4096-9e8b-f94a0004e20b,de_mirage,11 / 13,24,6b52c8a0-92b3-459f-af09-497b69ce2c90
1-eca8ba31-f564-46ff-a1cd-6ea35a9841de,de_cache,7 / 13,20,6b707363-7f72-416d-8af6-27390611af1c
1-ed205ffa-76dd-496f-a7a4-2c705d32884e,de_cache,10 / 13,23,496a675a-4bf6-4ded-9122-17e0420974ba
1-ed8f9ee1-e650-4013-9788-e1b758e01c13,de_nuke,13 / 7,20,dcdd41e9-8c0f-4929-8030-b529f8076661
1-ed99f347-58f0-4333-81a1-7226f80dd89a,de_ancient,19 / 17,36,69ddc231-3605-45e9-8b1d-d3327cda6a22
1-ed9ba48a-0f2c-4b8a-9199-0d1906499168,de_mirage,6 / 13,19,91bf004a-324d-4eba-a916-74663abd42a0
1-ee11cfd7-b077-4d5c-b403-9fed0c46eeab,de_mirage,13 / 11,24,7096323a-90f1-4455-b967-d9e0a50774b1
1-ee7ecff9-d798-4975-9529-ccd4f82fa57f,de_dust2,13 / 11,24,547bc140-e6c9-4e18-bd92-8d8b1fec670c
1-ee9f123d-ef51-4174-b2e1-3c4e9dae3b6d,de_dust2,8 / 13,21,49285fa7-74d5-4490-89aa-766c38a45fb5
1-eeb814ef-73d3-4642-b343-d2617771d536,de_vertigo,5 / 13,18,e5490fb8-4502-4a00-8ea8-b7c69ad7cb98
1-eeb89dbf-1e61-4a73-972b-42f37405efb7,de_mirage,10 / 13,23,abafaeeb-7464-4d59-80c4-be47cbd8a651
1-eed07f99-b1f3-4829-86c5-90d9dffc1c6b,de_mirage,12 / 16,28,bfcaafc0-e907-4cde-a56c-6d932444299b
1-eed8b8f7-aac9-4993-9111-c597946a3cfd,de_ancient,13 / 11,24,175b1046-459e-4f82-bfa8-262b9527e64d
1-eeeff8bd-3428-47e6-9b26-c3a31c560b0b,de_dust2,7 / 13,20,045f9998-20dd-419f-9d23-3af2c5bed357
1-ef309141-a7b7-4dd9-a5f6-ea36b0298283,de_dust2,8 / 13,21,356e9a0d-bf82-4292-8c5f-8727248bb4fb
1-ef395e35-3033-44bf-955f-c46cbbbe5ab2,de_cache,17 / 19,36,1fb315a1-aaf0-4d31-9f24-cdd6afe6e657
1-ef44addf-d66f-4164-bc44-fd32356875a8,de_inferno,13 / 9,22,7f125d61-3b7b-4e2f-a781-10932a676970
1-ef483ce1-b652-4b5d-a672-a89b15875f1b,de_dust2,16 / 13,29,541305df-7061-4592-b67f-7b361030605c
1-ef5d543b-05bb-4752-b174-d695b0ab05e1,de_dust2,3 / 13,16,072ad70a-0d8b-4773-9d35-99a3eba3d1e8
1-ef5f7be9-d6b9-4534-b564-2c1827dce9ca,de_dust2,13 / 5,18,88389e8b-60f7-4702-a76c-e58a87fdfd8c
1-ef9a9a31-acd6-4d0a-9efd-7810558dd1c1,de_dust2,3 / 13,16,49411d69-e811-4163-8d29-21ab3a0cea7c
1-efb22c26-dcda-4e40-9a71-0987a578ce59,de_mirage,13 / 7,20,09e34c6e-66b1-4254-ab5e-6f969f7de721
1-efe25bfc-32a8-4c7a-ae52-66d57347ef0d,de_ancient,13 / 3,16,309cbdb0-4955-4a2a-a0e0-6b4be1194a06
1-f002a0fc-184a-45f7-a659-ccd7f7e98837,de_ancient,13 / 10,23,eaca5c04-f230-429a-852d-d2c1c43b606b
1-f00e387c-084f-4910-9ae9-9c7efc1a0902,de_nuke,13 / 7,20,358fd901-ea31-4f54-bc9a-52fb297e8fb4
1-f02c9a82-02a8-4fe7-8788-be5bb06c7e58,de_nuke,13 / 11,24,4f241e94-cd2c-4123-912f-3504435d70af
1-f0624713-6bcb-4630-9e27-f4e71dff8ede,de_ancient,3 / 13,16,1fb315a1-aaf0-4d31-9f24-cdd6afe6e657
1-f0a2249f-4634-4c41-875a-8bd5d2b45baa,de_mirage,4 / 13,17,a66cccad-09ee-4222-bb11-b3720e4a7607
1-f0d26f20-6fda-45cc-a26f-33e6e03aa027,de_cache,13 / 11,24,3f92f5b3-e12f-4e47-a42a-a388d33b2e3b
1-f0f67b2d-51b2-4814-81fb-10fe32ace2d8,de_ancient,13 / 8,21,7d88f1c4-ba45-4972-94e2-b995f679bec4
1-f10eb915-6e82-4ed2-8eea-698ab37ddfbf,de_dust2,13 / 8,21,1f30c0d7-aa1c-4a6b-a275-d44fbea93682
1-f14df539-ab12-4f5e-9d5c-af44c212700e,de_dust2,13 / 11,24,541305df-7061-4592-b67f-7b361030605c
1-f150e429-7c43-4243-8e8b-e1e7b78b91db,de_ancient,13 / 3,16,db1402e8-c068-400c-aa57-4205fa001268
1-f1576315-22e6-475e-9e44-6aa4fad7c6e4,de_mirage,13 / 10,23,ae305ca9-8182-4392-bd8f-09258f49afc7
1-f181f69a-b34c-41d9-9639-36f0e9b68d26,de_dust2,11 / 13,24,43a14ace-24f0-4454-b556-1e4e277cad55
1-f18c484e-1d68-4e2d-ad2a-470d7a0bb95c,de_cache,10 / 13,23,7ba594ee-e2f7-4bdf-afbc-3a14aa30a559
1-f1ab5f2c-626b-46ce-af38-67f98a05d659,de_mirage,13 / 9,22,ed977cb8-0020-47f7-bcad-b4025eb7a259
1-f1c409f5-c5a0-4a92-992e-0681f41c6d1c,de_nuke,13 / 5,18,b7a07c6b-85f4-452d-83b7-4f43826b022d
1-f1d35e30-bb5d-4e15-a487-679639026834,de_mirage,11 / 13,24,29507d42-56a8-4e16-a945-0624d33913b9
1-f1e18f77-c811-4027-bba6-e2fbd9faab11,de_mirage,2 / 13,15,4ee1fe2d-a080-4dfb-8a1a-f3426412af1a
1-f1e81317-6749-490f-9f9c-7c4de9019edf,de_mirage,13 / 4,17,dd8b2125-7753-464f-8445-1ade23d31f55
1-f1f1fd1d-6e97-4453-a140-8be7c08ed73a,de_dust2,13 / 11,24,39d9655f-58fb-4550-93ec-6bde8df12211
1-f1f4f6fd-4368-49a4-b634-4905031beac6,de_mirage,6 / 13,19,206e86f6-afd1-44b1-8113-5b6135db5a36
1-f1fe2c77-9929-4b5b-830a-6d1b45bf61b6,de_ancient,2 / 13,15,da04c54b-2ad8-464c-81b0-e100bcea7e92
1-f20133fd-ca92-4fb3-bbe9-1327ef6ca37d,de_mirage,13 / 11,24,4abb772a-6722-40d0-b323-703eb92efc13
1-f2032b69-365c-461c-bdaf-e44391046bc2,de_anubis,9 / 13,22,dc4d9b4b-b48f-413d-9645-9b8848486b8b
1-f2053344-1eac-4d18-a1c5-b2e2c00431e0,de_mirage,13 / 8,21,dbc62b13-80f6-4baf-9a80-0812ebb82bc3
1-f205825c-82eb-4709-868e-d82ddf5c4a25,de_mirage,13 / 4,17,71870e83-b37a-44b0-8539-2f6e29fad48b
1-f205c543-8377-4f95-bc50-6181d35b4ece,de_ancient,5 / 13,18,746fc7f6-fdea-499a-8adf-8d4b31ecc243
1-f20c738d-b15c-4a74-8934-ed46573e5cac,de_anubis,13 / 6,19,6dbbb9ca-9a20-473d-8541-d93c7af3b883
1-f20c738d-b15c-4a74-8934-ed46573e5cac,de_mirage,3 / 13,16,8f39b16d-c3c7-487e-8751-0c3d3095d329
1-f20c738d-b15c-4a74-8934-ed46573e5cac,de_nuke,13 / 4,17,6dbbb9ca-9a20-473d-8541-d93c7af3b883
1-f2236667-4c37-4dec-ae7a-b6313e7a4406,de_mirage,17 / 19,36,7f02db51-8219-46c7-a04e-462023c21cdc
1-f224555a-ddc7-47dc-81aa-77f1be0d2a73,de_dust2,5 / 13,18,86c3887b-322a-4a00-b6e8-4bb639aab809
1-f2393f1b-951f-4573-ac35-843f27cb8455,de_inferno,13 / 3,16,8df2459d-14a6-44b9-84dc-bdf0254b2269
1-f264baef-2e13-4218-a328-832e2a13a4a0,de_mirage,13 / 11,24,c602641e-533f-43e3-9c2d-e3e8ff687ca0
1-f26a81f6-e707-4dd4-816e-baf5eccee052,de_cache,2 / 13,15,09869807-7afb-4786-9d98-e2f4a4f37bda
1-f27baf4d-6fcb-4a49-9626-fd4028ac1561,de_dust2,8 / 13,21,f1d1e776-ed5a-4948-847a-07700b35bfae
1-f28d82ff-d74e-46fa-b663-f77106d55233,de_nuke,6 / 13,19,74f9240e-fe24-4aac-aa37-53b2b5e804d8
1-f29f0b3e-8810-4de1-994b-43e9f1b395b0,de_dust2,13 / 4,17,855c7f1a-b8be-49b3-aa2e-9277364ae4a7
1-f30c492d-fdb0-4ad3-84ea-d8f9d53a12e1,de_mirage,13 / 11,24,ad373db4-eae0-448f-af47-082d5d80a65b
1-f3294023-5953-42a6-b185-cd907ccabec4,de_ancient,13 / 10,23,358fd901-ea31-4f54-bc9a-52fb297e8fb4
1-f32cbe34-bd18-4e7c-8e95-e1e6f5aa03c8,de_dust2,8 / 13,21,181fc04a-311b-4f8b-991a-b2ae9d3a8c6a
1-f3618935-04fa-49b2-8b6a-c128dce2cbb2,de_dust2,13 / 11,24,d7cfe3be-cb1c-4f42-9d18-029a3ad13d91
1-f3627231-8ffd-482e-a873-0b3810dd7d7d,de_mirage,0 / 11,11,ad0f1682-98a0-457c-bc37-4748b05a14c7
1-f368f1c9-695f-4ed6-a81d-87d1a352c903,de_nuke,11 / 13,24,2fe6b9e6-7def-499a-8ca0-e263f7da0b24
1-f376988d-dcde-4c32-a7ca-3985942d6f39,de_mirage,10 / 13,23,71870e83-b37a-44b0-8539-2f6e29fad48b
1-f388a98c-ee20-4ac3-bc95-0afd1247e1d8,de_dust2,5 / 13,18,e1442d0d-6018-4999-8b74-05d573f05158
1-f39e28f2-7ee5-4b48-846a-c621f2aa6257,de_mirage,5 / 13,18,b6622144-707c-41ac-9aef-61257a9594b0
1-f3b7cafe-8741-41d1-a493-81a13d24d2d4,de_ancient,5 / 13,18,a8694128-9332-4793-a3fc-9eab5d02d347
1-f3bfd99e-f1e0-4790-80ac-b42178f78ce7,de_dust2,5 / 13,18,eab1e5f3-bd9e-4e87-a160-bc09fb5ccbc0
1-f3d90320-692a-47e8-933e-88ef02d2f6fd,de_dust2,16 / 13,29,415cc859-c677-4816-88e9-4d91fd10112c
1-f3daf76c-7846-4c8e-ba42-dd918f34efef,de_dust2,14 / 16,30,6bf2ae36-c7aa-4290-8260-7aec0c6e9274
1-f3fc5b15-8047-42d9-9f8b-d5f220ed5873,de_dust2,3 / 13,16,62226040-6048-4f4a-9437-8d7e55db912d
1-f40e110f-acff-4f6c-9b06-79b518e2ed57,de_nuke,11 / 13,24,81329c7e-247c-4d87-85cf-cbe1caad52c6
1-f492cc42-9749-45d1-8964-db59303f01eb,de_ancient,8 / 13,21,83406320-b332-4d23-b599-0ed9c4472a06
1-f4aad3f0-4144-40fa-a162-46b87d0d9902,de_cache,13 / 5,18,2612e8d3-c978-45b1-b475-2b0aaabbb08d
1-f4b4ba9a-8be0-45a0-8835-dc75b4e5e4c6,de_mirage,10 / 13,23,838563f2-5a3c-4047-bc79-a03a7b3b4579
1-f4deaf07-2257-47d2-918a-e65fbb1f373a,de_dust2,11 / 13,24,5efee690-0303-4bd4-b209-cce3c874696b
1-f4e3e907-627b-4557-9d31-fa446f024bb3,de_mirage,13 / 16,29,cf3c1bf3-4e0f-4190-913a-1693df7bfdce
1-f4f24495-2083-43a4-bc17-01648fe4ae50,de_mirage,13 / 6,19,99c4035e-8443-456d-a2da-8cf3b8cd4859
1-f4f30190-d30b-4d64-81c0-9d37160c1092,de_mirage,10 / 13,23,a66cccad-09ee-4222-bb11-b3720e4a7607
1-f4fd1839-08db-4a2a-bb8a-5c11436d1178,de_dust2,17 / 19,36,5a87d4a5-33c3-4531-a432-1e2295e1a79f
1-f50dc94d-ba5a-4956-a390-01614e0f3cfc,de_mirage,11 / 13,24,871725b7-8782-46da-9858-3925acf17ef9
1-f52492e3-6daa-46d3-84f9-71ba556ae250,de_mirage,16 / 19,35,84f9060c-3823-425f-86ce-17cbb6a0ed38
1-f55c1b3c-5801-410b-9aff-f7cb03009bc7,de_ancient,8 / 13,21,9313b3f8-9bc3-47da-8ab2-b0ba323e1b49
1-f571772f-194e-445d-9b29-991a8d804c53,de_dust2,16 / 13,29,6eb11cf6-5eff-4ceb-adf5-aa8f4f524e1b
1-f5c1305f-be67-4702-b210-a52738d6c0f2,de_mirage,13 / 8,21,f78eaa54-a11b-4d0f-bc66-31e6b6ce11cb
1-f5e795c6-d2c0-4b92-a138-d168062106ae,de_ancient,19 / 16,35,01e4674a-ad41-4274-8eab-6ddf47864309
1-f626e127-0eda-45db-aac7-a9450adfa21a,de_mirage,13 / 8,21,592243cf-214a-4bcd-b26f-b634a0887016
1-f651cb2f-c8bc-4adf-b42c-604409667940,de_dust2,10 / 13,23,dde522e3-547e-444e-9b59-a2226b20b257
1-f65db93f-8874-49f9-b6e2-57c8c76199c8,de_dust2,13 / 7,20,71ea9955-8400-4553-87a5-4c325923d21f
1-f69f1f0d-4ca9-4987-be0f-fb5e990fc3d4,de_ancient,13 / 5,18,4c8f1d39-2dd1-444f-92cb-bb1e3fe6b576
1-f6f0c08c-9350-4906-84a9-648507d9e257,de_cache,9 / 2,11,f4ff59a8-66ea-4c23-8343-22f8b54c277f
1-f6f2dc48-4b92-417f-9e8b-34785ad9b2c5,de_dust2,10 / 13,23,c6ec117d-ec5f-42ad-843b-09ca2e82656b
1-f702d5ca-c6e9-4cd6-9b1a-1cb157426d44,de_dust2,9 / 13,22,41ee9152-b90f-4475-bee3-f476477ab56e
1-f71c9277-4506-48e4-832f-1fc46c6a6dfb,de_mirage,16 / 14,30,7e901a3b-141d-4820-b111-2e83cf37ee48
1-f7326761-3eed-49a2-90e5-1cf2e31f07d3,de_inferno,13 / 10,23,c0c456cb-a121-4417-895a-7455ebdd6f9f
1-f7326761-3eed-49a2-90e5-1cf2e31f07d3,de_nuke,13 / 2,15,c0c456cb-a121-4417-895a-7455ebdd6f9f
1-f732aec4-4fdf-464b-b8c2-c436b004a959,de_ancient,13 / 16,29,bb11aade-ab7b-4b39-95b9-586bddfb0e12
1-f7520438-e00a-4049-9cfe-0ed842bedce7,de_dust2,13 / 4,17,7d3d1c1e-0fc2-45ac-8150-558a527e57d7
1-f77f13c7-3e92-46b4-80b2-bdcfb290a32a,de_cache,16 / 14,30,0861737b-014e-43db-b266-7b2886c8a071
1-f79be30c-431d-4797-a6c9-73f222c9226a,de_dust2,14 / 16,30,7cfbd6d1-0989-4464-b58b-30b951698fae
1-f7ab42d6-28a2-47e4-b1f8-692dac65094e,de_dust2,13 / 2,15,b46c5e6d-3858-4ca7-9e2b-6dd418608d61
1-f7c5e149-2544-4dee-8986-8b125d23948e,de_mirage,8 / 13,21,5a87d4a5-33c3-4531-a432-1e2295e1a79f
1-f7c76e29-2c16-4ef9-b11f-6e16efaac8bc,de_dust2,13 / 2,15,31833282-2daa-45fb-9b59-139a8d1849ef
1-f7f8ade4-c39a-42f7-839c-2c3eac8b93ca,de_mirage,13 / 4,17,73371315-25d1-4217-89ab-fb79846ed3fc
1-f80b18fd-0b9a-47fe-8cd2-3a72438abcce,de_anubis,9 / 13,22,d66a88e4-180e-4fb6-a828-b6cce696a498
1-f8111f88-87f0-4d2b-8fe7-601f639d02c5,de_ancient,6 / 13,19,5e7172ac-9e07-487f-8ebd-bce905859e74
1-f85201e5-d539-47a4-a035-228de30227d9,de_dust2,8 / 13,21,49411d69-e811-4163-8d29-21ab3a0cea7c
1-f858dc00-b999-46ec-bb03-87f86ffc0054,de_ancient,7 / 13,20,1d9b171d-7371-4b71-8e98-f8f3ac47e140
1-f87b2358-0a2e-4b84-8748-3b3c60c9f78c,de_mirage,13 / 8,21,e868edf4-1123-4fb9-8983-339665cf1b9a
1-f8a76138-4f72-48d7-a813-579ba93797be,de_dust2,13 / 6,19,1ddf11bb-4091-457a-81b9-21cea278fdaa
1-f8b17800-370c-4ce7-bffb-355516fa482a,de_dust2,9 / 13,22,668d62d9-9657-473b-a1cb-e5b3e8d4cb21
1-f8b3aba5-0483-4d1f-abe5-6a6a88f69421,de_ancient,13 / 6,19,4d20ae89-240e-4e68-89f9-77cb54eba63f
1-f8d2db5d-6a61-4f7c-97fc-06f29790c062,de_inferno,13 / 3,16,afe79fcf-6fd0-4abd-95a3-06850c8120c0
1-f8ecccb7-be42-41ce-8c2c-052763d0e776,de_dust2,3 / 13,16,fe976c18-6735-4eea-be4b-464c4fa250a5
1-f9221e37-1960-433d-9e81-f717565fd6b3,de_mirage,11 / 13,24,64858d84-258f-4e68-961d-e0ee42b83ce9
1-f93c2a54-aa40-4613-88fc-9824c47fd83e,de_mirage,17 / 19,36,a755bb8d-17d2-4f7a-bd41-74c4f898db9c
1-f93cee60-aaac-4bf2-8dfc-481291906ee1,de_dust2,13 / 2,15,1a4bfb44-0ab1-40f3-9150-688b04cfe158
1-f950db1c-d93f-459c-af26-c60d69eea63e,de_mirage,5 / 13,18,71ea9955-8400-4553-87a5-4c325923d21f
1-f9541bfc-95c2-4f38-863e-6fa9f9f25403,de_mirage,16 / 14,30,b46c5e6d-3858-4ca7-9e2b-6dd418608d61
1-f9554f1f-43a3-42da-b100-15db0208b27d,de_dust2,9 / 13,22,9cc0d011-e043-43d4-ac8d-4f1b1bca8638
1-f96a5941-93ae-4ca0-87d7-4bdff0b64845,de_nuke,11 / 13,24,ed977cb8-0020-47f7-bcad-b4025eb7a259
1-f97b5dd3-6784-4af1-8c3c-685f73ebb590,de_mirage,8 / 13,21,9aa0a8de-42e7-4aaf-8608-16cf7f70f8ce
1-f97bb1b0-c117-4b8d-943b-15a2cae42280,de_dust2,13 / 6,19,c6154c13-83dd-4d8d-997c-e8bbb8ae5199
1-f9804b61-2b03-4e3f-afc5-3270c8f2d4b8,de_anubis,11 / 13,24,a66cccad-09ee-4222-bb11-b3720e4a7607
1-f9c9c311-42a4-40b6-add9-54dca1046704,de_mirage,13 / 7,20,547bc140-e6c9-4e18-bd92-8d8b1fec670c
1-f9d1bed4-36be-4b38-9ae2-d7d0e44a80e5,de_mirage,9 / 13,22,68762470-67e0-49f0-9af0-2b9f31853bb1
1-f9d29bee-7355-4bbf-a5fb-10e27f3b1d77,de_mirage,5 / 13,18,a66cccad-09ee-4222-bb11-b3720e4a7607
1-f9e7212c-af32-4dba-be45-c7b94f75c95a,de_dust2,13 / 9,22,0090092d-eca9-4047-a8c2-7693c494d356
1-f9e7fe68-596b-44af-a749-1f2068e55c4d,de_mirage,19 / 16,35,d4697e5d-6fb9-41f0-b6a0-54832e3eecc1
1-f9f70b57-b234-42b9-bbd7-0c538361f9b6,de_ancient,5 / 13,18,e26e5897-2f22-49c6-b753-27e3637ef027
1-fa06a6e5-e9ca-416d-8ecc-d954c9ef0626,de_dust2,13 / 1,14,f25ae572-5c3f-4e23-84ec-924a7b34d606
1-fa1064fe-df17-40a9-ada3-950b55547685,de_dust2,6 / 13,19,d66a88e4-180e-4fb6-a828-b6cce696a498
1-fa49e3d7-1574-455b-8e52-49bdf2fcf737,de_mirage,4 / 13,17,a8513b3a-c641-4cdf-904b-4db924d42e0f
1-fa6ed046-37b2-45a2-be89-d9948018d847,de_cache,13 / 8,21,09869807-7afb-4786-9d98-e2f4a4f37bda
1-fa75f598-4933-4c98-8f66-5412670d257d,de_mirage,13 / 7,20,09869807-7afb-4786-9d98-e2f4a4f37bda
1-fa9c3b00-32d9-4a1f-8cc1-9e57a4d14670,de_dust2,13 / 11,24,dcdd41e9-8c0f-4929-8030-b529f8076661
1-fada9975-32cc-46f2-9d6f-98a8ca9fd640,de_mirage,13 / 9,22,31833282-2daa-45fb-9b59-139a8d1849ef
1-fadd6f53-79f9-4920-b904-d40bd242b3ab,de_ancient,13 / 5,18,1c254c1c-dd19-4ea0-8446-e95ebf6f97b0
1-fb174609-92f4-441c-967f-1d3e77ec33cb,de_ancient,13 / 2,15,5b31f139-61b2-49e7-9e96-ff7fa7b3a1d0
1-fb2b5667-5d46-4dee-9c65-1a383739cf07,de_mirage,12 / 16,28,10a2caf7-b82f-4889-bc8a-565249e5cca0
1-fb3e3d07-9e70-4a1b-95db-124038b650b0,de_mirage,13 / 9,22,72230d28-5a52-4258-a871-6329e06ef433
1-fb410aff-136a-46f8-8c8a-f5c2f9901e08,de_mirage,13 / 6,19,eab0d7e3-7cc9-4df9-a029-981ae8df599b
1-fb410aff-136a-46f8-8c8a-f5c2f9901e08,de_dust2,13 / 6,19,eab0d7e3-7cc9-4df9-a029-981ae8df599b
1-fb74090b-a80c-4af9-a0d8-44597113a53c,de_mirage,9 / 13,22,009de0ef-d102-4323-8dac-d78561c43210
1-fb7eb14d-f843-4b92-8794-6c31733a22d9,de_mirage,13 / 16,29,702c9dd5-c84d-42de-942e-58e921fd34d9
1-fb870804-41c5-455d-9999-a5b1eadbb8c4,de_cache,13 / 9,22,ed8ca2f1-404f-46c5-b7aa-db51f2608563
1-fbcd5e74-658a-4aa0-a10c-875eda979b92,de_cache,10 / 13,23,c952c57d-0848-4f1e-88c9-9ff943da4223
1-fc091b38-3c1a-44bd-89ae-d14a770010ea,de_dust2,12 / 16,28,0d08a64f-2251-4b92-81af-1aa3c8f337cc
1-fc16cb8b-f4c9-4ee4-9acd-63efceb9f10a,de_cache,11 / 13,24,9aa0a8de-42e7-4aaf-8608-16cf7f70f8ce
1-fc21443f-157c-4d68-a806-27b264878d85,de_mirage,13 / 11,24,ba83b86e-c246-4caa-97e8-5ede2e9b58a7
1-fc4db106-0eca-4d1f-8f94-a2d342107173,de_mirage,13 / 11,24,39d9655f-58fb-4550-93ec-6bde8df12211
1-fc622794-5395-468f-b4be-e3f002908b41,de_ancient,0 / 7,7,175b1046-459e-4f82-bfa8-262b9527e64d
1-fc710d9e-dc35-4f2e-9b84-8ac20e4214fc,de_nuke,13 / 10,23,ad82a342-d8a9-4ff7-a735-a502edc027df
1-fc83e1b1-f740-4995-b64a-03e45c9e79d8,de_mirage,13 / 11,24,cd230f53-f9a4-46da-9268-6e8508fa53f6
1-fca94772-78fa-425d-86f7-40481168d0de,de_cache,7 / 13,20,56e1e62c-39ea-4d5c-a7f2-5defbac1a3eb
1-fcaed7c6-8642-4e95-8970-0751a09fbbae,de_mirage,5 / 13,18,2fe6b9e6-7def-499a-8ca0-e263f7da0b24
1-fcc6bdbd-7763-4a90-9c92-1cfa76fa7a5a,de_mirage,3 / 13,16,dd8b2125-7753-464f-8445-1ade23d31f55
1-fce434ef-3b2a-47d1-a681-0df08bbfdd85,de_ancient,9 / 13,22,6df8fcb1-7ba2-4111-8f4f-773d57ef4bc7
1-fd0c4d9e-2627-42fe-921a-d9778872614c,de_dust2,11 / 13,24,e868edf4-1123-4fb9-8983-339665cf1b9a
1-fd353ac0-98f0-4e3a-a221-9093d3258e97,de_mirage,13 / 6,19,415cc859-c677-4816-88e9-4d91fd10112c
1-fd5dd0a1-184a-4f70-85fd-5aceb46604a2,de_mirage,12 / 16,28,eac299a9-532f-425e-a4dc-0f3c3314adff
1-fd69d366-3929-45d8-a4e0-cc923e773e87,de_dust2,10 / 13,23,871e212a-75ea-4a4d-8caa-1724cdb56cb0
1-fd79f7a6-413a-448e-be41-4a3e1474cb66,de_nuke,13 / 11,24,0fbc98e3-895e-499e-8d4f-86bcc146e4f7
1-fd87b63c-9a87-421e-b278-e9f06fa00a99,de_mirage,13 / 4,17,26798252-b263-4049-abd6-4fbf14d3d77f
1-fdb8aed6-6390-4d6f-ab92-0f85c06f8cb9,de_anubis,13 / 4,17,bfcaafc0-e907-4cde-a56c-6d932444299b
1-fdc92e9d-30d5-46eb-8fc2-1f3c399d6ab8,de_mirage,8 / 13,21,c29023b2-1189-405d-ba3d-72d1233de195
1-fdd1d9a8-b0c7-4fd4-abf7-0af239d7fc58,de_nuke,13 / 7,20,a66cccad-09ee-4222-bb11-b3720e4a7607
1-fdd66d21-db2a-4b11-8b16-7e6fee41bdc7,de_anubis,13 / 6,19,15861f42-d8d9-4a90-a312-d6fa9589e117
1-fe0948ba-d43f-4e9f-8771-498484735cdb,de_mirage,13 / 6,19,a755bb8d-17d2-4f7a-bd41-74c4f898db9c
1-fe1a09af-e4e0-43af-bf1a-f34897cfc3ac,de_mirage,13 / 11,24,6df8fcb1-7ba2-4111-8f4f-773d57ef4bc7
1-fe282d36-53ab-4b7c-895c-d516fc47c8c6,de_mirage,9 / 13,22,0861737b-014e-43db-b266-7b2886c8a071
1-fe37580e-2e57-454d-8f3b-a596c9218e10,de_nuke,5 / 13,18,3f92f5b3-e12f-4e47-a42a-a388d33b2e3b
1-fe4cb74b-daf0-4c97-b66c-59f1c371cd44,de_dust2,7 / 13,20,d3d49895-11a9-4c54-a3d3-daee0d65cc50
1-fe6ccb70-060a-4a5e-8681-19ba2361dfb5,de_dust2,13 / 10,23,3f92f5b3-e12f-4e47-a42a-a388d33b2e3b
1-fe889d56-65d5-4de8-ba37-fc2eaf03fb94,de_mirage,13 / 10,23,0090092d-eca9-4047-a8c2-7693c494d356
1-feaf3a2d-2740-467f-8ed7-d4a870f0cfb4,de_mirage,13 / 9,22,045f9998-20dd-419f-9d23-3af2c5bed357
1-fed5954e-8a0f-4f53-82a2-591c69f65134,de_cache,13 / 9,22,08260cd4-8194-41d9-972c-61282b203f9f
1-ff17fba9-ff87-4130-8855-4d6b5caadcf3,de_mirage,13 / 8,21,0fb8fa81-40e8-4605-b7c2-f996efb9a2f5
1-ff3ca44f-0ef2-4b16-915a-a72bb10182c8,de_dust2,13 / 7,20,49285fa7-74d5-4490-89aa-766c38a45fb5
1-ff41f8ce-7b39-4c64-b1b7-27c0bc426c3e,de_inferno,16 / 14,30,c1bb3e6b-be61-4e43-be52-2c13ac3dc612
1-ff852183-eadd-4160-a386-3bcffaf16805,de_anubis,20 / 22,42,009de0ef-d102-4323-8dac-d78561c43210
1-ff94f2c2-8c75-4e54-9895-22652e45b9a9,de_vertigo,6 / 13,19,dd6f70e7-0d2c-4663-a8c9-ec7d2c7c2300
1-ffaf6fa2-16e4-4ede-817c-f2eeccf1e55c,de_vertigo,13 / 4,17,d165cfb2-59fa-4f87-9092-e6cf84e12041
1-ffbe2be6-5968-4378-bf3a-e97e6d9564d8,de_dust2,11 / 13,24,09869807-7afb-4786-9d98-e2f4a4f37bda
1-ffc17dcf-c855-43ee-b699-c8f82268c3d0,de_mirage,11 / 13,24,9ffb20d8-d103-42f8-b31c-4537e7586fe4
1-ffd5896d-90da-476b-970d-a81956181874,de_ancient,9 / 13,22,eed28b5e-ebb0-4cc9-9a73-ddd66759fa1b
1-00058b01-338c-410e-bb3e-e73f14b77e73,de_mirage,12 / 16,28,ad373db4-eae0-448f-af47-082d5d80a65b
1-0006a376-8c76-4b6d-97ef-cd0fd21d60d7,de_mirage,10 / 13,23,aebf67f1-f391-40a0-9824-c2bb5897bb6a
1-000ac597-b6ae-4f6a-87b8-76819bdcdf01,de_ancient,13 / 4,17,7f1ffae4-fb2d-44eb-9360-f39306530cad
1-000e9c6f-d65d-45eb-afc1-b364c4de1a86,de_mirage,11 / 13,24,d7cfe3be-cb1c-4f42-9d18-029a3ad13d91
1-00296751-9575-4ef1-9b7e-7dcb86289ef6,de_mirage,13 / 4,17,dbc62b13-80f6-4baf-9a80-0812ebb82bc3
1-002a507b-3fac-458a-baf9-ec6816830972,de_ancient,19 / 16,35,dbc62b13-80f6-4baf-9a80-0812ebb82bc3
1-002e167c-1bf4-4db4-93ac-da87be20dc1f,de_anubis,6 / 13,19,83ac1c10-da1d-4725-bb7d-4393dc1ed2be
1-00316cbc-25e9-445d-8cf9-43a86b60f6e5,de_mirage,13 / 11,24,acabc360-b1dd-40ec-b17b-0e7b4214c7f7
1-00360a80-f772-4dd6-a329-b44992dab834,de_ancient,13 / 8,21,e2c1e4fe-4ebf-402b-8d5e-798ad9a9220b
1-003bb39c-1c7c-4d34-9f39-6f35352294b7,de_nuke,13 / 6,19,fab3b3a8-5593-4fc5-a7ba-b3adcc47edf7
1-00417031-05f0-401d-9708-3c2d98be56c5,de_anubis,17 / 19,36,c6967ecb-d11e-4f37-85d3-3e4f397d0afe
1-00609bde-296e-4a1f-9b93-d24f9a314765,de_mirage,13 / 11,24,bb9abffb-dd54-4370-9187-86574212527d
1-00758f9f-90c9-4d2c-b5cc-84bee7c46edc,de_mirage,13 / 8,21,8bef54a1-81fa-42bb-92c5-118938967846
1-00764fc4-8936-4167-aa5a-4442f38fcf19,de_dust2,7 / 13,20,45faaf39-10b6-4cb5-8f3c-8ec02bba1133
1-007cbc82-c647-4318-868f-199b5612a18a,de_mirage,3 / 13,16,eac299a9-532f-425e-a4dc-0f3c3314adff
1-00802559-cd90-4cf1-baa9-2478ddb7d435,de_nuke,13 / 11,24,8d54014a-dbd6-4a3d-94f8-ea75ea1afa4c
1-00967bcd-53fc-46cd-a684-9cdafcf892fb,de_ancient,13 / 8,21,e20a57d7-5bae-437b-840f-dfdbbc3a286b
1-009e742e-d779-420c-9871-1cd9afb5a44b,de_mirage,1 / 7,8,4613e6a8-e551-4e48-bb6c-f7d6569ce45d
1-00a12991-0e5d-4044-b7a3-45194530dc78,de_mirage,13 / 11,24,dbc62b13-80f6-4baf-9a80-0812ebb82bc3
1-00ad7f61-cf54-4da7-acf5-41c2c9d1c0ed,de_mirage,13 / 5,18,ad373db4-eae0-448f-af47-082d5d80a65b
1-00b7a9c5-0a33-4cd3-afa6-2dfe156e39b0,de_mirage,22 / 25,47,80b92b9d-ebba-483d-a751-4459257a53e3
1-00b8888e-ca16-4508-beb7-88f9d3b2eb85,de_cache,13 / 11,24,860958cb-a1f7-4f95-8d60-7f4f458a5e4b
1-00ca0605-a850-43d1-92c0-031d78c021f0,de_dust2,8 / 13,21,3168f539-2eb9-46be-8bed-70740a221715
1-00cb6aff-4128-4d4a-9298-35bb941ff4b6,de_dust2,13 / 10,23,836419e6-a53a-4a52-875f-26f6928075da
1-00dbe80d-1660-4848-8c14-8e851afee574,de_cache,13 / 6,19,992afbf0-4582-4cbc-818d-9b79511727f7
1-00eb69c9-4c6b-4538-a0c6-c2fcff494920,de_inferno,13 / 10,23,6ee6f2e3-5928-4369-86f3-c008e8fbc97a
1-00ec8e3f-1b9f-4108-9ea1-3aa17ae4df51,de_mirage,5 / 13,18,045f9998-20dd-419f-9d23-3af2c5bed357
1-00ecab3a-4580-494b-aa26-659f513a38b4,de_mirage,4 / 13,17,2bd2289a-8af7-4a97-bc28-747262afaaa9
1-00ecc825-840a-4fd6-b7ec-a461e82bf802,de_cache,13 / 10,23,c8a23d21-024f-415a-add1-53941ec3b1f9
1-00ed3d5c-8bcd-4678-8576-d526ee7e17b7,de_ancient,9 / 13,22,093d9086-3581-4500-8f69-20a7839f8fe1
1-00fd7247-3d9f-4bed-9ea5-cc296d88ecf0,de_nuke,12 / 16,28,f15c7189-56a5-4d7f-bdc5-6623e0189353
1-010c6d32-b204-429c-a8d8-465078d0a777,de_ancient,5 / 13,18,9d8162be-28f6-41fd-bd2b-1582b12984b5
1-010e810a-118a-4403-8559-e77d2becfa71,de_mirage,19 / 16,35,6e0dc789-2c98-428f-a538-27b359abb26c
1-010f7d62-f66c-4869-ae82-3463480cb330,de_inferno,8 / 13,21,c0d19e35-a1ce-4bf3-a8e3-d9a0c502165b
1-0112ef1a-f19c-4c95-8f08-b6a629285328,de_ancient,9 / 13,22,7d616062-f1d1-468e-96c1-681cd5fecf67
1-011b1797-e6d7-4334-88ba-e6ebccc1f373,de_mirage,13 / 3,16,76031907-83af-49eb-a22f-f62e3c4c955b
1-012067f8-8074-485c-88c3-3c57d9eddba4,de_dust2,13 / 8,21,dd8b2125-7753-464f-8445-1ade23d31f55
1-01263ca9-15cb-4c0a-98a2-ecc1bb91a5df,de_mirage,9 / 13,22,39a2ea2e-76f6-49ff-a2a1-42212c5f5eba
1-0127df89-f5d4-4e02-b3f8-8f8c34cb21d4,de_mirage,13 / 11,24,9ffbcdda-2a4a-421f-b8f5-2341b48e7930
1-01386260-642d-48ec-a9d0-a0a655fd25f4,de_anubis,7 / 13,20,ef62a23c-d28f-47ad-9e2d-cb5b9a56a011
1-0138b37e-92da-415f-9a7c-55480c6eab6a,de_ancient,13 / 9,22,2ded6994-556c-4650-83ed-f6866eab0640
1-01435832-3171-474c-b66e-e713e5a3005d,de_ancient,7 / 13,20,ed977cb8-0020-47f7-bcad-b4025eb7a259
1-0144f5a7-c4b0-4110-ac98-52b6c45618ce,de_mirage,16 / 13,29,4776acf4-a3d9-409b-b3f4-6b05aa17e7c0
1-0146d2a5-508d-43fd-9e45-915532bf15e8,de_mirage,6 / 13,19,9c989a6f-9681-4fdc-a1ab-b95da089a9cd
1-01547e27-f3ab-4c6e-b19a-120eec3937bc,de_nuke,13 / 6,19,7b4dc3c7-7aff-4018-bc24-82a95317b2b7
1-015897d0-135c-4d9b-9675-76690743bc89,de_dust2,17 / 19,36,61713997-9934-4bd0-b575-00a479533adc
1-0160aacb-2caa-4624-8804-4f57367c84bd,de_dust2,6 / 13,19,725b5503-c98f-4d38-b90e-2c0c9707169a
1-016789c6-e19d-4b89-a20f-8bf32bcdfd2a,de_mirage,13 / 9,22,2ce77b8e-e84a-40d3-b070-c35d5de70703
1-016e66ea-ea4d-4a88-83c8-1719e0b0c53c,de_anubis,3 / 13,16,5f1c579a-1be1-47e8-9a8f-39e84a333700
1-01803353-e451-4d34-acbe-bd98b040de31,de_mirage,8 / 13,21,e868edf4-1123-4fb9-8983-339665cf1b9a
1-018255af-4b31-4865-909a-e1cfe01c7a4d,de_dust2,13 / 3,16,77e15f31-b669-4c6f-a960-cb49870e3867
1-0195c4a5-c4e4-461b-88c7-6c30075444e4,de_dust2,13 / 16,29,250e8d72-011a-4967-b54f-2c7e17cedf03
1-019828b4-4f07-4f3e-ad2f-9973aac39081,de_anubis,13 / 10,23,b4c833b4-fe56-4f99-8ddf-c05568f7e9ac
1-0198dd47-3705-4615-bdce-a59aa5be1d51,de_dust2,13 / 10,23,bbb6f1ef-c4b0-4b94-8be8-5d789d2085e7
1-019e5753-0557-429a-b65a-966599719f9e,de_mirage,13 / 7,20,1830d4f8-a243-47d8-b8b8-943f7170b163
1-01a1c8a3-f839-42d1-90e1-65e7bfdc8bb5,de_nuke,0 / 11,11,ed977cb8-0020-47f7-bcad-b4025eb7a259
1-01ac95be-7975-4076-bad3-eeaa5055b048,de_dust2,6 / 13,19,738aee09-fb3c-4162-b64b-cc48350281e8
1-01b663ef-3d46-441c-a5c1-93ee019ca1c5,de_anubis,13 / 3,16,1d9969d6-7d37-42e6-b018-07340686d3f2
1-01b7a93b-f3f4-454b-aef7-1a7358477ca4,de_cache,12 / 16,28,3ca68704-b48f-4f70-8c83-62446ce41ef8
1-01bc5639-0b7c-4f71-8acb-82262472c7b0,de_nuke,13 / 7,20,8fe55e53-55d4-4119-a2dc-aad60af9aca9
1-01c17419-014f-4836-b8f3-812fc8ec61b7,de_dust2,3 / 4,7,81f3c51e-172b-4351-9541-ff90a40fef06
1-01ca0cc3-d293-4c7a-b1a5-5377dd093087,de_dust2,10 / 13,23,f4e5c15f-2238-4d27-8fa7-1753326900ad
1-01d82d55-5827-48be-b6c7-e2799812e894,de_nuke,5 / 13,18,e81896fe-5f79-4347-85c8-f558dd0cc1a1
1-01ddef75-0ad4-4d31-ad07-0c13d9e36167,de_mirage,8 / 13,21,0fbc98e3-895e-499e-8d4f-86bcc146e4f7
1-01e2ff60-162f-45e8-9170-3dec1ab345ad,de_ancient,1 / 13,14,eac299a9-532f-425e-a4dc-0f3c3314adff
1-01e35eef-8601-48ed-8b7c-aa7cbef5f9be,de_ancient,13 / 4,17,12b128e6-de25-4005-8e9e-78ec25658bcb
1-01f227b0-b0e7-42b9-9b7f-a055388a630d,de_dust2,13 / 4,17,56190064-5732-43bb-b698-ab67c4f41419
1-01f8a251-8eae-4d8a-8125-6cf96d164b60,de_dust2,10 / 13,23,dbc62b13-80f6-4baf-9a80-0812ebb82bc3
1-01fc245f-ea47-4420-80d0-6b086091b6da,de_dust2,13 / 1,14,5fe49019-0f2d-48ea-bb07-b239c55f2d24
1-01fd5597-692a-4a85-ae09-8c9ea0b5363a,de_mirage,13 / 8,21,578fccfa-9b82-429c-b797-645740763f8b
1-020bebc1-6565-4349-bb82-d4091206df0a,de_dust2,22 / 19,41,f27ac2cf-d6e5-40a5-ad5b-d1eb92b4ae87
1-020cb23a-8218-4058-a486-34aa7152098b,de_mirage,8 / 13,21,2ded6994-556c-4650-83ed-f6866eab0640
1-020f5c5a-8dfb-42d3-8742-9ce0c14beff8,de_mirage,13 / 7,20,547bc140-e6c9-4e18-bd92-8d8b1fec670c
1-0211b1c5-5ac1-40d9-9c0f-34d84b0e0f62,de_inferno,13 / 3,16,ab7cc317-1fc4-43be-a7e6-62c6e3428836
1-0211b1c5-5ac1-40d9-9c0f-34d84b0e0f62,de_dust2,13 / 5,18,ab7cc317-1fc4-43be-a7e6-62c6e3428836
1-02129b2d-5e26-4ff1-8885-02a8801c0100,de_mirage,13 / 11,24,a327e212-5c82-480e-8f95-9519783da69c
1-0213dd0b-0521-4ce9-a8af-87cf73dcd4aa,de_dust2,13 / 8,21,63c462ae-57ff-4052-88c5-ce4bc2d7fafd
1-0220f8e8-c2e8-4a34-a6c9-8a0008762354,de_dust2,13 / 11,24,c03581f5-41eb-4cb8-bdee-d2c6d7c8d68c
1-022268f3-5032-49b0-bc8f-faca6759f242,de_dust2,6 / 13,19,5677845e-821c-409e-9ac0-0d9ade2dce18
1-0230e7d3-cac0-42e1-9e66-b0c541282a89,de_cache,13 / 8,21,968d0173-6bae-4233-a5f8-5ffe457f29fd
1-023d3ab9-1fb5-4b03-bf5c-0418bf11ccf6,de_anubis,13 / 8,21,541305df-7061-4592-b67f-7b361030605c
1-023fcf39-ffc4-4920-b28d-59576279352a,de_ancient,13 / 16,29,d7cfe3be-cb1c-4f42-9d18-029a3ad13d91
1-0241648e-6371-4013-88fc-7ac472aabe58,de_anubis,13 / 8,21,bfcaafc0-e907-4cde-a56c-6d932444299b
1-0243b166-0a50-4b29-af5a-38f34695e2b9,de_dust2,11 / 13,24,558dea17-5439-4b74-9edb-bfca64458dad
1-02485546-b090-43f0-82a1-6fb19c560a9d,de_mirage,13 / 5,18,b5c3e65c-bb6c-49d1-ad75-3823b52ce576
1-025312fa-342f-42b9-9de0-5dddc195c1be,de_dust2,4 / 13,17,a5fa9e4c-0beb-4b4b-94bf-fbda21fe9fe4
1-0253380b-ceed-4d45-adfd-73288df48968,de_anubis,13 / 11,24,b873c3aa-a0c0-4298-b9f4-7d508d1ee304
1-026f4576-58f2-44e9-89dd-c2b8f05e2c1b,de_mirage,8 / 13,21,89d0fc8b-fa08-4fbe-acc8-b34a205995e7
1-02758063-dbd7-433a-aafe-cef1f420d5ac,de_mirage,4 / 13,17,87687942-6bf1-4166-be01-ef66a253b615
1-02796cdb-18c7-48a2-ae15-4bad49d733a1,de_mirage,4 / 13,17,19bbb7e6-1735-4a7c-83d1-5725a55cd965
1-0286ae8a-1100-4f48-b6cc-a67dd020d57a,de_anubis,6 / 13,19,32b9b1d7-f6da-4eae-a286-733a8a3ab4dc
1-028e013b-04f3-4f9e-8056-9aa65afdd743,de_mirage,2 / 13,15,c0a979a3-7128-4a06-ba7a-8d6f7e8fbd2f
1-029a3f85-2383-452d-9208-b10f4f511ac9,de_mirage,8 / 13,21,10a2caf7-b82f-4889-bc8a-565249e5cca0
1-02ac823a-ba9f-4cd9-bab2-28d8e8ac5d42,de_anubis,10 / 13,23,ae7719cb-250a-41f4-bf88-c4ad78db25d1
1-02adb8ba-4951-496c-b528-c51afeeff151,de_dust2,13 / 2,15,62fded9f-ef96-4980-a586-66e6bfb8f572
1-02c4e15b-5c3b-4b89-bcec-31d0862c287a,de_mirage,13 / 9,22,4818aac8-1a69-426b-8a55-a7fcb4e89126
1-02cd06ec-a815-4518-87ae-7986570b968c,de_mirage,13 / 10,23,f1107c8c-e44d-477b-91fd-f97adb3c62d1
1-02cf9514-f679-4849-a002-e231135bd7fb,de_dust2,16 / 12,28,53a5e379-4791-4fcb-873d-7f36b5358f93
1-02e64c7d-9ba5-4e76-9c51-d763e3e1e03b,de_dust2,13 / 6,19,70eef28d-640f-4d89-875f-4e7c514851b0
1-02e7e862-1113-4f75-88aa-b4a73b89d11e,de_mirage,13 / 5,18,c0fbdd1e-97bf-443e-95d1-c487f4591368
1-02e86e21-ecae-4cd8-b321-c613ada3003b,de_dust2,13 / 4,17,8cd3d151-30d0-4d2a-8df1-d95a210faf7e
1-02e875ec-f0e2-410d-9293-4dda38aabc35,de_dust2,2 / 13,15,1b21d193-72e6-4033-a392-cb26855fdb04
1-02ec9d0b-062a-49ef-b1b1-fad1ce7a45ad,de_dust2,13 / 8,21,3168f539-2eb9-46be-8bed-70740a221715
1-02f58cda-bbfd-4c3e-a684-365c22c9a34d,de_dust2,16 / 14,30,5c5068e0-e958-454a-9c64-e1cbe7007433
1-02f88983-b625-4023-9e8a-2b4b8d710f1a,de_mirage,13 / 9,22,578fccfa-9b82-429c-b797-645740763f8b
1-02f98343-145e-4af3-89c7-4d8afcb3c696,de_mirage,12 / 16,28,0c64195f-b1ee-4fdc-9c0b-376dc2f57d77
1-030c6126-9ed4-423f-900c-3444c8afa996,de_dust2,8 / 13,21,32087837-672e-4347-8d68-644a3e2801f1
1-030d9145-9281-4dec-bb0a-d16cfabecc1f,de_mirage,7 / 13,20,ed4bb7dd-7da1-4c24-b8b2-f136c80f599e
1-030f6f89-f0b9-47b8-965a-e1b4bf46db5b,de_mirage,7 / 13,20,252ac4e9-69da-4367-ac7b-67d4d7e7d74c
1-03135ad3-965c-4adf-b284-52d92be3714d,de_dust2,5 / 13,18,093d9086-3581-4500-8f69-20a7839f8fe1
1-03166a0d-5cd5-4351-bb6e-61d501cfea49,de_inferno,13 / 4,17,fe284eed-ae6d-4388-8dac-f4fed0762d77
1-031a002f-1950-4edb-8bcc-2913be33f0b7,de_mirage,13 / 16,29,fef76318-776c-4732-828c-771726c156ee
1-032073a4-1ca5-4ae1-acfd-2c4cdff13712,de_dust2,11 / 13,24,43a14ace-24f0-4454-b556-1e4e277cad55
1-032626d2-e8bd-4a6c-bcc5-840de073d584,de_ancient,13 / 9,22,4358edc1-a2fb-40f8-b24e-98463282d8cb
1-03266b5c-cfb2-4cf2-b024-6f90669af0cc,de_ancient,13 / 8,21,de080a55-7766-44f2-aa6f-4727a417c78e
1-032671df-41fe-4644-b12a-ba3cb22f01c7,de_inferno,13 / 6,19,06dbff32-5aa7-4610-8e8f-2a8bce75f514
1-03396801-a57d-4496-945b-a3e9a9c58190,de_dust2,11 / 13,24,56be3f16-ede7-4ca8-9dcc-bb0abf375539
1-033d2d86-d98d-40b2-8ebc-1bbc0663776b,de_ancient,13 / 1,14,f7be3cfa-382b-4d38-976c-409d9e13d60e
1-036b0a2f-b2ff-4019-8e66-ee0eb059545e,de_ancient,13 / 3,16,746fc7f6-fdea-499a-8adf-8d4b31ecc243
1-037385d3-edfc-4420-b30d-847a8c4db45c,de_mirage,8 / 13,21,b46c5e6d-3858-4ca7-9e2b-6dd418608d61
1-03751f29-5147-45bf-8ace-f6f7490cf006,de_mirage,13 / 8,21,fab3b3a8-5593-4fc5-a7ba-b3adcc47edf7
1-0391f882-26fe-4f2f-a82c-c4ef24399995,de_dust2,14 / 16,30,715304ab-6f08-44a2-b04b-b27e309bb031
1-0399679b-db90-4fb6-b574-53c84a708063,de_mirage,8 / 13,21,a7f4c0d0-519d-4828-a54c-a94bd1324cf7
1-039b424d-ee43-4dbe-8432-7c838ef26ae1,de_mirage,13 / 6,19,045f9998-20dd-419f-9d23-3af2c5bed357
1-039f7760-1443-40a3-9e16-3eb363cbdb8d,de_dust2,13 / 10,23,f82bb2f9-c7e2-4781-8012-c3e4726744db
1-03a89d5b-d644-4199-a4fa-d1f4ef9bb28b,de_anubis,4 / 13,17,50df136b-c2ca-42f3-b18f-f6fecbcfb501
1-03ba69b3-199d-4af9-ae46-b13d52e24d45,de_anubis,9 / 13,22,131049cb-2e93-4781-806b-b884ea559046
1-03bacece-3ac1-4b4b-81d1-8b9d5200531f,de_dust2,16 / 13,29,b9110be0-1b56-4fe9-914c-6ea967ef890e
1-03bb80a7-25fa-49fb-a750-c3c36b20d20d,de_nuke,13 / 10,23,707fa193-d682-48e8-8290-b3ca4777bc0d
1-03bd3b41-f8b4-49dc-a7fc-f6844a3cf923,de_mirage,9 / 13,22,51caf410-650f-4756-b96b-758dac64f553
1-03cade47-97a5-41b0-8159-c1ac0e162ecb,de_ancient,11 / 13,24,e26e5897-2f22-49c6-b753-27e3637ef027
1-03de81b7-6182-43bf-a473-0c225c77a5c4,de_dust2,11 / 13,24,1bbcf03f-f8ba-4fc4-9988-c6ec7184ff5f
1-03dee181-dc8d-4c8b-aec4-6dfde224bee8,de_mirage,8 / 13,21,be41de3c-6dbd-4532-aaba-20a5a485b620
1-03f25906-7ece-48fe-9178-92f394654a2a,de_ancient,16 / 14,30,4dec8790-f0a5-4bf8-a6b0-9be9ed782aa2
1-03f3e5f3-f639-4548-bafc-70d62a6eecb4,de_mirage,10 / 13,23,be41de3c-6dbd-4532-aaba-20a5a485b620
1-0419167b-84f3-4851-ba54-9bc2cbea4b36,de_mirage,22 / 20,42,45a216c4-0a48-4475-9e16-4548a1ab8a63
1-0419cacb-b7eb-431c-aa70-16cfe6dc42ff,de_anubis,7 / 13,20,62226040-6048-4f4a-9437-8d7e55db912d
1-041b5c1b-98a9-491b-9f82-62ffcef1cfc5,de_inferno,7 / 13,20,fab3b3a8-5593-4fc5-a7ba-b3adcc47edf7
1-0427cf04-cd94-4d6b-a57d-06385a873158,de_cache,13 / 9,22,205bf056-b6ff-4278-a175-5342f5e0a423
1-04298573-9fa2-4705-8789-79affff16232,de_nuke,13 / 8,21,20e9f61c-8072-4f50-b257-b6b4219669d2
1-042f821f-4640-4d27-ac02-f264ad33097a,de_mirage,13 / 11,24,ef62a23c-d28f-47ad-9e2d-cb5b9a56a011
1-0431bd11-a4ac-4a0e-9ac8-21c07254cdad,de_mirage,20 / 22,42,86e54edd-e1d1-44c4-9073-bf02700b39a2
1-0436c67b-89e3-4812-aae6-8605d64f9313,de_mirage,13 / 5,18,1830d4f8-a243-47d8-b8b8-943f7170b163
1-043d5321-cf8c-4cda-81cc-9e0e1a3df334,de_mirage,13 / 5,18,06dfae65-da6b-4acf-9ddd-10781a5a88ef
1-043fac36-866b-4538-a69a-bc1cdc68e9a9,de_ancient,7 / 13,20,8e24f569-837e-44e6-bafc-61761ae9f64b
1-04536501-1720-4798-8401-35bdea3634d5,de_dust2,10 / 13,23,c254c732-1413-4045-9f6d-f31fd3c3aa64
1-04571e9b-4b38-48be-b1f0-17f66cac8614,de_dust2,11 / 13,24,ad028048-c212-4fbf-9c62-e92745865c6f
1-045870de-48f5-4287-995a-13d7815d2a47,de_mirage,11 / 13,24,e2621bde-5b43-4109-97ee-0f5b4a45d1fb
1-045939bc-ee36-4312-a74d-9817e60f6003,de_ancient,8 / 13,21,358fd901-ea31-4f54-bc9a-52fb297e8fb4
1-045cc5d1-b8c2-4018-bccb-a800801576be,de_mirage,10 / 13,23,c8d9616d-85af-4077-96ef-1031f14da793
1-045d887c-9969-46c9-835b-375991630772,de_mirage,13 / 10,23,0861737b-014e-43db-b266-7b2886c8a071
1-046ab3ca-93a2-42a8-9fff-fc0232e96a0d,de_dust2,16 / 14,30,e0b1e899-e2a2-45a4-ac08-3e9638ab06c7
1-046f0acd-8c75-4745-9792-28ee3a643045,de_dust2,13 / 9,22,1a4bfb44-0ab1-40f3-9150-688b04cfe158
1-046ff9f5-558b-4158-9817-8fe6be2551d4,de_nuke,8 / 13,21,bd8d8a71-0813-4f07-8add-0b1013ef633b
1-04705948-9279-49f5-9a78-351f496505cc,de_nuke,13 / 7,20,0c64195f-b1ee-4fdc-9c0b-376dc2f57d77
1-0470e7a7-a9df-4d31-a303-160d5d2aa7cf,de_dust2,13 / 8,21,b7546052-60ff-4d8e-b471-de467941e8c4
1-047149b1-bfe6-43d5-8c91-128bb3f9018c,de_inferno,5 / 13,18,17c34c49-18d5-48a4-87a5-2bbbe558c5e1
1-04743c1a-b778-42b1-9273-338509367cc6,de_dust2,13 / 7,20,86c3887b-322a-4a00-b6e8-4bb639aab809
1-047d0fa8-763c-4aca-a78f-b933119d2623,de_anubis,8 / 13,21,42548ecc-d506-440b-893a-747825d3239f
1-04840512-2c4e-44e8-ab6f-433be0b365fe,de_mirage,13 / 8,21,da08f169-5267-45e5-a3ab-62cc3b5f57d6
1-0485f8dd-2604-43ea-88f4-42564f9474b1,de_cache,11 / 13,24,42548ecc-d506-440b-893a-747825d3239f
1-04871fb5-d1c5-41db-b67b-fb5069c490c1,de_anubis,13 / 8,21,1f75448e-0798-4bd9-a140-ecca04565ecc
1-048a9669-8680-4b42-a305-85278c132bd7,de_mirage,13 / 8,21,871725b7-8782-46da-9858-3925acf17ef9
1-048cb492-0356-49b7-a0ea-ff2e7bf3c125,de_cache,11 / 13,24,81329c7e-247c-4d87-85cf-cbe1caad52c6
1-048d5584-849e-4b31-b9df-422744c40bfe,de_mirage,13 / 8,21,7293f1b3-b326-4f1a-a08c-a7781ce94f33
1-048ee007-e2da-4d2c-a319-94bd51721115,de_dust2,13 / 5,18,ad82a342-d8a9-4ff7-a735-a502edc027df
1-04986f09-31ad-4b13-9691-abb557c50c02,de_nuke,8 / 13,21,49411d69-e811-4163-8d29-21ab3a0cea7c
1-04a6cf9a-62cf-4bbb-aa8a-bb070ef47000,de_mirage,4 / 13,17,39d9655f-58fb-4550-93ec-6bde8df12211
1-04a8d973-8c6d-4148-9b96-af3d5bc135f5,de_mirage,13 / 6,19,978ad784-b641-4b2b-b991-5843ad95e62e
1-04a95768-74ad-4141-96cf-3e3506db928d,de_mirage,13 / 7,20,0090092d-eca9-4047-a8c2-7693c494d356
1-04ab7da9-9d97-44cd-ac23-e80a9fdc627b,de_nuke,13 / 7,20,5bcbbef2-40cd-4abf-96e5-b569916b072c
1-04b1531f-34df-4ac2-a476-2ca5cab3ac3e,de_mirage,8 / 13,21,11e80649-54cd-4b5d-accc-d7038968df4b
1-04b22f83-5ade-44c3-9398-7cf019e179c3,de_mirage,13 / 8,21,a66cccad-09ee-4222-bb11-b3720e4a7607
1-04b53ed5-6787-4d48-8352-5e170534b310,de_mirage,16 / 19,35,42773734-2444-429d-b0dc-4d84269e5828
1-04bd9579-0d82-48b2-b49e-3302fc297464,de_cache,6 / 13,19,bda6a900-8660-418c-b649-0319f28d98f5
1-04cc071c-5275-41ab-a9e4-d32b6f2822fc,de_dust2,16 / 13,29,8b4beacb-91c6-42c1-a360-2fd27118b368
1-04cca43e-5edd-42a2-bff8-3e565f643f9a,de_inferno,13 / 11,24,ace52f43-401e-4137-8016-2221fbf11e09
1-04ce5193-f808-479f-81fd-590872583476,de_inferno,13 / 11,24,206e86f6-afd1-44b1-8113-5b6135db5a36
1-04d91fcd-e458-4763-b58d-b3b47e117362,de_mirage,13 / 9,22,11e15725-6ae9-4abf-9b76-cc0aa74a43b2
1-04e40053-7e86-4333-9bb8-6b67d7e1b139,de_dust2,13 / 8,21,b46c5e6d-3858-4ca7-9e2b-6dd418608d61
1-04f44f3e-f340-4da4-bc0e-41310f3affdc,de_inferno,11 / 13,24,c0eb9a9d-98f8-4e44-90f4-f9b171094546
1-05174e82-dfe3-41e1-a322-2eaff09bbc28,de_dust2,13 / 8,21,63c462ae-57ff-4052-88c5-ce4bc2d7fafd
1-051ed343-5122-4d7f-b403-08f2d3478eb8,de_mirage,9 / 13,22,146275cb-d1f6-40e3-b811-7aae69d7c86f
1-05232df5-67ea-4cf2-84cd-24481935bd0c,de_dust2,9 / 13,22,c15d44f9-cb98-416e-b511-20a7021a1d9c
1-052d4889-57d4-4f67-a053-7970a8d9f418,de_nuke,13 / 10,23,47e59edf-db7b-4b72-9038-d0250a11ba4c
1-0532ece4-bbd1-4a2d-98e2-5fad0f4816ec,de_mirage,13 / 9,22,746fc7f6-fdea-499a-8adf-8d4b31ecc243
1-05407b78-b96a-4c34-a8aa-6f7bc19c4ff9,de_cache,2 / 13,15,8fac9fa6-1b8a-41f3-ba4c-eccbfeb0391e
1-0544b276-be03-47d5-8c7e-24b4690fa2ae,de_anubis,7 / 13,20,792dbc3f-ad17-46ca-b511-2bb4ac87bcb8
1-054e5234-e9dc-432d-8c84-7238d5f00dc3,de_mirage,13 / 9,22,5a87d4a5-33c3-4531-a432-1e2295e1a79f
1-056746f4-3d99-4cde-b5d5-ba7baa476df9,de_mirage,13 / 5,18,e20a57d7-5bae-437b-840f-dfdbbc3a286b
1-056f3fb2-8c22-469d-97be-8b8257d725d1,de_mirage,9 / 13,22,5f0d685c-f9c3-4255-8597-1d3d4c55f0bf
1-0570ca80-276d-412a-9bab-12031cd2959b,de_mirage,16 / 13,29,c7fc1d92-0a41-41c4-9908-914ddfa89de9
1-0575b1cc-a102-4637-b076-ba6e892669f7,de_mirage,13 / 7,20,978ad784-b641-4b2b-b991-5843ad95e62e
1-0575e6e2-9ccf-4711-936d-cd35efe34c61,de_mirage,13 / 8,21,09869807-7afb-4786-9d98-e2f4a4f37bda
1-057858f1-1ed0-4478-9144-41f0ef1ba645,de_nuke,13 / 5,18,abec491e-a474-4371-8af2-886c09c5779b
1-05829af1-a1d6-4399-a7ad-c39a8bcc0660,de_cache,7 / 13,20,541178c8-a43c-4b95-97e5-569c30df7d5a
1-0582b054-be89-4e54-a28d-33255952d6ed,de_mirage,13 / 10,23,38b22f5c-3654-4834-9355-148324f6279d
1-0587d47e-5b6d-426f-8083-65542f972276,de_mirage,8 / 13,21,91339bec-9ba2-461d-b68c-ca51b01b422e
1-0589f41b-4500-4ad3-b1f4-cee2bbe15f4c,de_ancient,13 / 16,29,eaca5c04-f230-429a-852d-d2c1c43b606b
1-05a096cb-bf72-4abf-8a03-aa7f2d234461,de_ancient,4 / 13,17,e99558e5-1605-45e1-8810-504b01ab3322
1-05a137dd-ff52-4400-bd29-50b23b7cfcc4,de_mirage,5 / 13,18,a5fa9e4c-0beb-4b4b-94bf-fbda21fe9fe4
1-05a9c4c1-55b6-42e0-a080-4b477d05c1b8,de_anubis,6 / 13,19,337eeeaf-de4d-41d7-87f3-bcca627b0da9
1-05ab2b45-d6de-45d3-8ccd-886c38c336cc,de_mirage,9 / 13,22,e92b1337-e386-4023-b0b5-3bb49c76d800
1-05b88628-af05-46b4-bb21-b8de2aaf69b0,de_mirage,8 / 13,21,f3992de8-e9df-4582-b485-e9161c440430
1-05b90811-d16a-4355-a83a-7d9fd6a4bd5f,de_nuke,13 / 2,15,e2b0aa59-18ae-42ed-888f-8610454015b8
1-05c30f70-cd49-4f45-a52c-36210e426611,de_dust2,13 / 6,19,e868edf4-1123-4fb9-8983-339665cf1b9a
1-05cae3bc-0e85-4b18-91f6-2fc4ca13455f,de_inferno,14 / 16,30,42773734-2444-429d-b0dc-4d84269e5828
1-05ce189b-4c90-4144-b6f1-eb4599ca2b32,de_dust2,13 / 1,14,1f30c0d7-aa1c-4a6b-a275-d44fbea93682
1-05d0ab32-2420-4da9-9222-c80425a9be96,de_ancient,13 / 7,20,08d3ff5d-ede4-4474-9498-6614f82d2eb4
1-05e3f9b2-5369-420a-b763-41d8d2f55ea9,de_dust2,12 / 16,28,f0905d8d-9c45-4fbb-9393-5aee66a46b1c
1-05e7d43f-41d9-4a64-ac5b-ba554f5cb7f7,de_nuke,6 / 13,19,ae7719cb-250a-41f4-bf88-c4ad78db25d1
1-05efd075-94f8-49cb-b50f-69bf2530239e,de_dust2,8 / 13,21,c602641e-533f-43e3-9c2d-e3e8ff687ca0
1-05f54c22-030c-40f1-b595-e52518249157,de_nuke,13 / 10,23,d7cfe3be-cb1c-4f42-9d18-029a3ad13d91
1-05f7c31e-8a6f-43f5-a659-7c60c229205d,de_mirage,13 / 3,16,746fc7f6-fdea-499a-8adf-8d4b31ecc243
1-05fb15f2-b4ec-4d72-8313-c0e7fad3dcc7,de_mirage,9 / 13,22,dd8b2125-7753-464f-8445-1ade23d31f55
1-0609b54e-bc86-41ba-95f1-77caa48b752c,de_mirage,4 / 13,17,1910450d-0ffa-468a-b978-3389f5472e19
1-06113b64-63e2-4954-880c-5e446b1f5e24,de_anubis,11 / 13,24,49f8f0ae-343f-4f7a-932f-65e3dd75d8ed
1-06119d5b-a57e-427e-bede-4d7a346c1f56,de_mirage,11 / 13,24,08b354e6-c7f5-4e64-9feb-cba6baea4ebc
1-061759b9-3f6b-4ceb-a918-a6bbd9f2dd09,de_mirage,13 / 2,15,c0a979a3-7128-4a06-ba7a-8d6f7e8fbd2f
1-061f8f35-2464-49f7-89b2-24e12beb2ed6,de_mirage,5 / 13,18,86c3887b-322a-4a00-b6e8-4bb639aab809
1-06271289-ae47-4a10-a60f-dbba7f0b437a,de_ancient,13 / 8,21,ae2372a6-510c-46bc-8a7d-fa51d5386308
1-0627dd50-df89-43dc-a590-b8b6fc6888ba,de_mirage,13 / 16,29,a118fff7-1c56-4fea-af69-af572610ed15
1-0634232a-aca7-416a-9418-2f137b9245b4,de_mirage,13 / 3,16,e7382285-1f74-426d-972d-d3627f29db89
1-06611cc7-3d00-4e9c-8714-0de4bc0234f5,de_dust2,13 / 16,29,1a8cd896-8c83-4070-a75b-a5a4e0c4e480
1-066176d6-0c7b-4554-86e9-d70f985ff12b,de_dust2,13 / 8,21,1fb315a1-aaf0-4d31-9f24-cdd6afe6e657
1-0661f1c0-cea2-405d-9469-db9565c6d5fe,de_mirage,13 / 8,21,93a7266f-d6de-4a55-8e01-fbeb8c31a763
1-06622124-7712-44e4-a4b9-69c66affa366,de_dust2,11 / 13,24,358fd901-ea31-4f54-bc9a-52fb297e8fb4
1-066259d8-415a-40d7-aa4c-938c1fb8ef25,de_ancient,7 / 13,20,df395ebb-54b2-44e1-91a7-85a46fbf5654
1-0676c11b-f6b1-406f-9c8f-a9b367a13df8,de_mirage,1 / 13,14,38054c7f-eca6-4f9e-a212-1795994377b6
1-067c9b69-6403-41fb-a2ee-7a9a72da9bc4,de_dust2,0 / 13,13,ea917595-9367-4ddd-a734-a6195fc2fbf0
1-0683bc9a-8af3-485e-8e13-ea86c64ed683,de_mirage,8 / 13,21,9e90daa5-432f-413f-bd49-30dbc36c13b8
1-0690dd04-7e7a-47e7-9693-c2f0ca130e99,de_mirage,13 / 9,22,65ea5e60-4841-47f6-b528-e6ea36fc04a9
1-0698a4ba-5abe-468c-a3e6-1d4b1c582040,de_mirage,13 / 4,17,ce24d18f-4adf-4952-990e-98678a160325
1-06a9af21-f6f1-42e3-80f1-40c8d0672093,de_dust2,13 / 7,20,1d0c8c75-c9b4-4a96-bd2a-e8eda1d6a775
1-06ad4dcb-dc99-4a15-8af9-fdc20e333779,de_cache,19 / 17,36,38eee931-834d-4709-b5fd-280991e56176
1-06ae4bcf-477b-453e-8a82-856820b4dbfa,de_nuke,13 / 9,22,45cd23f1-9213-4d93-87b9-26b4bf8720c4
1-06b25f8e-77f6-40b9-b45d-82f8d729fca1,de_ancient,10 / 13,23,1f42d837-3902-480a-b874-a1987590b2b1
1-06ba657b-25cc-44c1-b694-2274fe4d0e5b,de_ancient,13 / 6,19,0e6f6aba-41f2-492e-a81a-2f315368f5f7
1-06d01f31-3efe-4f95-8c80-7800429d4477,de_mirage,16 / 14,30,84fe6062-21c2-4e3e-9d10-b720db213b96
1-06d5bc29-c0fa-4c4e-a2ac-e7c5cc783710,de_ancient,11 / 13,24,f3e87607-2b96-41f6-80d9-3ecfb41b99e1
1-06d80c09-28bd-4c3a-8c4e-a9ceaa5047f9,de_ancient,9 / 13,22,7ab0d7af-3f43-461a-8681-46007eb20d8e
1-06de6ab7-2bf3-409b-aeaf-bb86cca5304f,de_mirage,11 / 13,24,9f5d946b-5e0a-4c05-9e3e-67382432cdc1
1-06e16ea1-45e9-436e-b5d9-1351ff8777b9,de_dust2,13 / 11,24,3f47c21b-67a8-4cc3-8ec8-0699badefa31
1-06e4ce10-bd9a-410c-9d66-bb57ceecfc81,de_mirage,13 / 16,29,4960fa72-7574-43ff-88dc-e6a44a8b636c
1-06f2c741-3886-487f-8cb4-78016700151b,de_mirage,6 / 13,19,1a4bfb44-0ab1-40f3-9150-688b04cfe158
1-06f8e3b0-fcc0-4922-a859-351c2ed64ae5,de_dust2,11 / 13,24,bce7402c-22b7-4830-8b22-14044986583f
1-06fb56d1-a610-4e02-88e0-4f93a45b39d9,de_dust2,13 / 3,16,ef63b684-aed6-4c76-9a80-d911cd372d91
1-07117c2f-07cc-4a2a-abc9-7719cfa5f327,de_anubis,13 / 8,21,dde522e3-547e-444e-9b59-a2226b20b257
1-0714c63c-32b5-41e7-94a6-9df96cceb661,de_mirage,13 / 10,23,596d501b-2bb6-4ba8-93e7-217c7591bf71
1-071d6eb5-6ba6-46c7-9daf-89f4bb47dac6,de_anubis,13 / 9,22,906a7916-ac84-4c74-8fb4-7a0e94138735
1-071e6927-ebaf-43e8-b612-6dfd6abc4fc9,de_dust2,13 / 16,29,df32adbd-1a8b-423f-aaab-da65af389782
1-072504e1-64eb-426c-81ef-d0ec28e4e044,de_mirage,13 / 9,22,a7f4c0d0-519d-4828-a54c-a94bd1324cf7
1-0735eec1-c372-4ee0-9517-80d2272041c0,de_mirage,13 / 9,22,64858d84-258f-4e68-961d-e0ee42b83ce9
1-073da1cf-9f88-47b3-8ca9-6c87d4626fa7,de_mirage,10 / 13,23,d7cfe3be-cb1c-4f42-9d18-029a3ad13d91
1-0741b0b8-70eb-4913-8ad4-7d8ae1d7fe06,de_mirage,7 / 13,20,d470c646-0d6c-43fb-aff6-e74d0c8172cd
1-074e0110-eb70-4ce2-abf2-7fc428f5fda6,de_mirage,4 / 13,17,907cdf17-4fde-40b8-b7da-716e641b8f99
1-074e770a-649d-4a90-9a44-ec04d7e768c4,de_mirage,14 / 16,30,6f5dc0d2-e3c3-431b-8ecf-341b3d15d13e
1-0761165b-b2a7-46d2-bb36-23997decbc00,de_ancient,9 / 13,22,1fb315a1-aaf0-4d31-9f24-cdd6afe6e657
1-076151d5-15c3-4843-b037-2adc17a73dee,de_nuke,13 / 8,21,0adb9e6f-3969-4555-86f3-f8604483e611
1-076164a4-5883-49a8-90b1-ed1b5ac415b1,de_ancient,13 / 8,21,eaca5c04-f230-429a-852d-d2c1c43b606b
1-0762d5ee-9739-4766-a5f6-b25605d3a95a,de_ancient,3 / 13,16,7f1ffae4-fb2d-44eb-9360-f39306530cad
1-0765bf44-9506-49c6-a1e1-28ea9e2864f2,de_dust2,5 / 13,18,774b09d7-1420-41f5-818a-4b75f6a69ab6
1-0765f46d-038b-4ddf-bfd8-f3aab8ad0e3c,de_mirage,13 / 3,16,370ee462-d08b-4eb7-adce-fe869bee3b41
1-076d2e82-2e39-4ab5-a731-eb31909936e5,de_mirage,16 / 14,30,358fd901-ea31-4f54-bc9a-52fb297e8fb4
1-0770649c-6745-4b9f-b78b-4fe3fb94519b,de_dust2,9 / 13,22,f5d2c0dd-4938-4f88-b51d-73a479c13b31
1-077ea75d-14da-492d-9eb1-c2b33b565d3c,de_dust2,6 / 13,19,252ac4e9-69da-4367-ac7b-67d4d7e7d74c
1-07810f35-06ff-4469-9692-65faf70e44c2,de_ancient,13 / 5,18,4960fa72-7574-43ff-88dc-e6a44a8b636c
1-0789b88a-1a6c-4c53-9703-a0944a2c1d53,de_nuke,13 / 11,24,5c990704-bbc7-4be0-8bda-28f30dfcf86e
1-078eff5a-9d04-4c0c-882a-fbf09841e78e,de_nuke,13 / 7,20,62226040-6048-4f4a-9437-8d7e55db912d
1-0795a38a-dad3-4cc9-b0b3-3d57815fe37f,de_dust2,7 / 13,20,35086d74-6e47-4367-8d56-422f03f037e0
1-079abc57-15cc-44d9-b292-ef952a3941df,de_cache,16 / 14,30,ae5ee118-bbbd-4a42-b1d2-f7793e3d16af
1-07a396c0-556f-4941-806e-b113af7faace,de_cache,6 / 13,19,115deb1e-b3b5-42b3-b52f-2d6e4ca438e9
1-07b2b782-0a28-4b37-99b4-d4c3601934d5,de_ancient,7 / 13,20,29c659ab-6487-44d0-9747-9c038e8021f1
1-07b5d64b-a03f-4ab7-a907-cb44036fc02b,de_mirage,11 / 13,24,eec09ea3-db1b-40c2-9599-fb28376e652f
1-07bc94c2-8fb2-402e-8716-79ce7bdd8e02,de_dust2,9 / 13,22,ccb54d1f-858a-4bfa-9815-7480c88fecc3
1-07bdf2d9-acf7-4349-b5a3-ea6ca6979624,de_dust2,16 / 13,29,06896b99-1e13-4caf-bb7b-e4add74d6469
1-07c351f2-11f9-41f8-9067-a91bf187c58f,de_mirage,16 / 13,29,c03581f5-41eb-4cb8-bdee-d2c6d7c8d68c
1-07c71844-739b-4062-8984-3f4fa78d4aa6,de_dust2,13 / 6,19,9b03f3e9-6932-487c-b444-5fd5d3a50e58
1-07c895e0-b5e9-48cf-97e6-f4e87a4734b0,de_mirage,16 / 12,28,009de0ef-d102-4323-8dac-d78561c43210
1-07ca7f97-e4d2-4666-b317-2b75de882b15,de_mirage,6 / 13,19,db441e23-1acd-4bfc-b3b1-76ec80d9bd02
1-07cca639-8ce3-44e4-bfbd-847da2b416e3,de_dust2,13 / 2,15,f0cfbe03-0e89-4c38-a3af-e3b73af38923
1-07d0225e-b81d-4a1f-a153-1d67ca2de69a,de_mirage,13 / 3,16,db1402e8-c068-400c-aa57-4205fa001268
1-07e2a6a7-2a08-4451-b65f-93867425153e,de_dust2,16 / 14,30,88389e8b-60f7-4702-a76c-e58a87fdfd8c
1-07e57a56-3742-41d3-8694-77bd1ed506b3,de_cache,9 / 5,14,fa700785-514a-42eb-bba8-12881d63eb54
1-07e5fbfb-df25-4f08-8932-b47465c92ed5,de_mirage,12 / 5,17,ebfb7771-377e-458b-82df-a03490acc33d
1-07f0f65a-188e-474b-a200-a5b22f19056b,de_mirage,16 / 13,29,d4e77b17-a747-43de-b068-0148b818d358
1-07fdd0df-4cc0-4d8f-96d2-5431d322af3f,de_anubis,12 / 16,28,d01968b9-6b62-4fd8-abd4-69e3ac09926b
1-07fe12fb-83b2-445d-99c8-4f2f06456f7a,de_ancient,9 / 13,22,13435ce5-3e04-429f-ad5b-4c282d8fafb7
1-0806569b-035a-4e9a-b796-5aaf531262d9,de_dust2,6 / 13,19,09e5aeed-0d77-4c6e-a5de-3b58861d7473
1-080af3fc-c6e6-4365-8460-a6e03b571786,de_mirage,13 / 11,24,91bf004a-324d-4eba-a916-74663abd42a0
1-080c2bdd-4abd-4ecd-8227-9c60a9dad778,de_mirage,13 / 6,19,de99e567-cbef-48db-bf3a-0f936e12ed0d
1-080ce1d6-89b6-4943-be4b-7ebcc13686f6,de_mirage,22 / 20,42,c7ee0e00-2993-438e-99ea-3050bcf65413
1-080ce4fc-a04c-47b1-9a13-e9aad6ded078,de_mirage,3 / 13,16,bfcaafc0-e907-4cde-a56c-6d932444299b
1-080d114b-f688-470b-918b-3d1b678dd2da,de_dust2,6 / 13,19,79ae2b4f-e175-426b-97db-f788d3c4ee90
1-080dd362-6475-499c-9e1c-5bd5e4f8637d,de_ancient,13 / 11,24,46f22f3d-4325-4851-8d11-0393928d00fe
1-0814e72f-4581-4ab8-a86e-3fb45914b6a4,de_ancient,13 / 8,21,f2cd0004-5661-400e-b142-eb7bc74ea00e
1-0819a5c8-74fc-412b-b117-cbda21d1486a,de_mirage,11 / 13,24,93a7266f-d6de-4a55-8e01-fbeb8c31a763
1-081ad8f3-f230-489f-9b0c-9e67c0e27cf1,de_cache,13 / 7,20,4eed03f8-f80b-4247-bfd1-2a113a82f6e2
1-0824b7cc-fec7-4df6-9f63-a1facace6142,de_mirage,4 / 13,17,011c6e0b-5705-4148-8841-f38ab1c76c00
1-08254154-fec0-49e2-bf7b-e015a805dcf5,de_dust2,13 / 8,21,88389e8b-60f7-4702-a76c-e58a87fdfd8c
1-082ec281-4e11-4403-82fd-c05b8f08add3,de_dust2,13 / 9,22,82b9ff47-a75f-4e70-9e50-896e0f343bba
1-08393b37-8d78-43c1-9838-0700b73f350d,de_dust2,13 / 10,23,61713997-9934-4bd0-b575-00a479533adc
1-083b8f93-8c05-483c-a917-1dfca8643f4e,de_mirage,13 / 9,22,da08f169-5267-45e5-a3ab-62cc3b5f57d6
1-083e1495-c82f-4102-84bc-cec131607532,de_nuke,11 / 13,24,9bac1ff0-b870-412a-8fd0-cf85db44057c
1-08416228-ac09-4cdf-a6f6-c154ac425c0f,de_dust2,13 / 6,19,0b52e923-e5a3-457d-9292-3df918de9f19
1-08467d1a-d22e-4baf-9179-8239ccb93eb8,de_mirage,13 / 9,22,9b03f3e9-6932-487c-b444-5fd5d3a50e58
1-085c3c5c-7a68-4bcb-95a5-44511a71d24d,de_dust2,5 / 13,18,50a7ef85-b4e2-45da-82bb-bf283264d185
1-0875896e-81ac-4377-b2b5-3c08817b2e77,de_mirage,13 / 11,24,eedb181b-d0a1-4e61-a321-4d7df049fd3b
1-087e3833-3f22-41c8-a9ac-4fc0043fda6a,de_dust2,13 / 8,21,ce5c98d1-87e6-4242-a682-e79ad14fcbe4
1-08803dbb-07bc-4550-a08f-89c34f5384b4,de_ancient,13 / 6,19,63c462ae-57ff-4052-88c5-ce4bc2d7fafd
1-08835469-768f-4294-b2ea-a83d32865b23,de_anubis,13 / 3,16,ac559e9d-1931-4e5b-9e8c-c179b94d0205
1-08862b2d-8995-403d-9a50-33a3b4067b57,de_dust2,6 / 13,19,c473677d-e904-4c22-8ad1-35bbe13b454e
1-08a17a17-f2e8-410f-a4a4-1702e010a51b,de_mirage,14 / 16,30,871725b7-8782-46da-9858-3925acf17ef9
1-08abc6f4-749c-4333-b78e-018948ffc332,de_overpass,8 / 13,21,1b39631e-9952-438a-b697-e6f3d698de46
1-08b22ee6-e50c-459a-a82d-1dd3e806d41d,de_mirage,13 / 7,20,1b21d193-72e6-4033-a392-cb26855fdb04
1-08b4493b-d3c3-4cf2-87ea-4320ed5101f2,de_dust2,4 / 13,17,093d9086-3581-4500-8f69-20a7839f8fe1
1-08b6a306-c43a-4fab-a2cc-a54bb6304608,de_nuke,3 / 13,16,5c5a9150-6dfc-4040-ba50-d2e18a29875e
1-08c0c14f-3dc2-4993-b04d-e6cc400e5eba,de_dust2,13 / 9,22,24d8595b-2814-4153-a0a6-1d3f89865df3
1-08c927fb-c88d-4949-8aae-29698c7d838b,de_anubis,4 / 13,17,9b305079-24d4-4c36-9323-816588da71a7
1-08d4b36b-51c7-4aaa-98ba-2114cbc78d85,de_mirage,8 / 13,21,e26e5897-2f22-49c6-b753-27e3637ef027
1-08d65817-2dd6-4e92-a54b-3b9bc75984ea,de_mirage,13 / 4,17,93eeb84b-8bb7-4bbb-b7ac-782006e89498
1-08dafbee-6685-4690-9201-cb7d2a73e5cc,de_dust2,13 / 10,23,1de6a2e5-7859-4d4e-b88c-34eda3919739
1-08e958fa-869d-4de4-a6e7-b9479fa7922f,de_dust2,10 / 13,23,fb4d7d9d-405b-4f05-b084-c79fe26c0df8
1-08eff078-c53d-4692-92e3-df00c37b0479,de_mirage,11 / 13,24,ad373db4-eae0-448f-af47-082d5d80a65b
1-08eff490-3563-4cab-8913-a74805761f57,de_mirage,10 / 13,23,ed977cb8-0020-47f7-bcad-b4025eb7a259
1-08f4b94c-daa8-4516-8059-45be3c9bc57e,de_anubis,13 / 11,24,b7d71297-6c1b-4a44-a39a-49a71150b833
1-08f62633-942d-41ce-aee6-048da8eb13c2,de_ancient,13 / 7,20,5eb41a53-46b4-459a-9e46-2aa87e713883
1-08feb669-f21c-462f-bf68-894893aa94c7,de_ancient,13 / 5,18,16e70a6a-a41a-4b5f-b9a2-537759303272
1-09097d12-c4b6-4d9f-8aca-6ef05359f23b,de_mirage,10 / 13,23,f89182f5-3071-4491-bdee-88a60d9bee4b
1-09117f78-a8f9-4517-b6cc-2c0c4bdde245,de_cache,12 / 16,28,7a79c7d2-93de-42dc-bd22-3dcd68ebece8
1-09132515-c5f0-4995-b01e-e7dee4308d19,de_dust2,11 / 13,24,d01968b9-6b62-4fd8-abd4-69e3ac09926b
1-0915672d-c8fb-4225-bfe2-622a99143384,de_dust2,13 / 10,23,871725b7-8782-46da-9858-3925acf17ef9
1-091cda2d-9d66-4cbe-81e3-2662bf8eea85,de_ancient,9 / 13,22,1ab6b42b-accc-437e-9691-5a326e1a79e6
1-09235e69-701c-46c1-a132-c380f6bca678,de_overpass,8 / 13,21,ddd63d34-6892-44f6-b777-8650b840efc8
1-0924bb85-971e-47cb-be31-b0fe376736f6,de_nuke,10 / 13,23,50e835a1-a9a2-4d5b-bf49-b7fd7199b15e
1-092c7c05-1ada-440c-abc5-b16d79b49025,de_dust2,8 / 13,21,db441e23-1acd-4bfc-b3b1-76ec80d9bd02
1-093ed19c-c70d-4d66-b09a-7f8c410c9507,de_mirage,13 / 3,16,be583cef-aa2f-48ef-8e6b-a3d800eaeda1
1-09481863-840c-40cc-bccb-dae81f6bf627,de_mirage,13 / 8,21,a70ea04d-818e-43b1-8141-ddab2acebb83
1-094c9239-981f-48cc-a98a-d1ce0d867a67,de_mirage,13 / 7,20,f30bcb19-a7a2-4f63-9db5-83214c95ddc3
1-095020d1-3d82-417f-bbea-f27cb8bb1e39,de_anubis,13 / 6,19,dbc62b13-80f6-4baf-9a80-0812ebb82bc3
1-09530fda-4672-448f-8908-adacff19d4ce,de_mirage,13 / 11,24,db1402e8-c068-400c-aa57-4205fa001268
1-095c907c-5db0-4fba-b9e5-026acf4e5361,de_mirage,13 / 11,24,098cf1d0-63a1-4f7a-bf35-b344c1ceafc2
1-0961a3f3-af5c-45b2-af34-7300b0248d4b,de_mirage,13 / 7,20,1afef88c-2929-4303-94be-03996f2fdcd3
1-0961ec42-8be6-4fc5-9c09-0afc54ae0645,de_mirage,10 / 13,23,63c462ae-57ff-4052-88c5-ce4bc2d7fafd
1-09698054-7a41-405e-a4a3-1736544e6e7c,de_mirage,4 / 13,17,a5fa9e4c-0beb-4b4b-94bf-fbda21fe9fe4
1-096bb800-c4bd-4623-8d35-d5cdcd469d4b,de_ancient,13 / 7,20,be41de3c-6dbd-4532-aaba-20a5a485b620
1-0973d350-550d-434c-aede-056dff23a74f,de_mirage,10 / 13,23,1f4cfce6-adb5-410b-b51d-dcb9054fe6dc
1-097852a7-1c97-4f1f-ac2b-09612ca93bdc,de_mirage,13 / 11,24,df89facc-bdea-4938-b99b-e86ea940f3c6
1-09798868-6f17-47ce-a5aa-dbac060c741f,de_mirage,13 / 8,21,f2cd0004-5661-400e-b142-eb7bc74ea00e
1-0980ab32-267e-4691-9836-ebf96d293a48,de_ancient,13 / 10,23,f14a3696-82af-4327-9c67-96e1329fe374
1-09830758-f27e-454f-8512-31ed382b09aa,de_dust2,8 / 13,21,eac299a9-532f-425e-a4dc-0f3c3314adff
1-098326a3-a9ca-4b6e-b240-b9d2e8d9d052,de_cache,13 / 8,21,10da9dfa-5058-41f0-9aff-636f418fc139
1-099b5397-262a-48b6-b70c-0582f0a3044a,de_nuke,13 / 6,19,a57c83fa-f236-4310-8615-1786bbc98099
1-09a324f2-c31b-437e-9009-eb8f18f2f300,de_mirage,13 / 10,23,c7d4f74f-b490-4631-b036-7a27a0438e7b
1-09a4e4e8-f68f-4f8e-a0da-b3714ed7e19b,de_dust2,6 / 13,19,62226040-6048-4f4a-9437-8d7e55db912d
1-09a657aa-030e-4e7d-a340-008f243ddeee,de_dust2,13 / 6,19,f2cd0004-5661-400e-b142-eb7bc74ea00e
1-09b3899c-1f58-4298-95fd-c6ed24ebd6e6,de_mirage,1 / 13,14,150bec37-a872-4aa9-ad0b-be2930247422
1-09bebd32-379b-42f9-abf2-d54929081735,de_mirage,13 / 9,22,38b22f5c-3654-4834-9355-148324f6279d
1-09d67d29-68da-4b6a-8dcf-7ba49ea55d36,de_anubis,5 / 13,18,317c9a8b-e5e6-4bcf-9a64-c8fec7cccef4
1-09da7e0d-9e4e-47db-8eea-25e5b08ffda5,de_mirage,11 / 13,24,86c3887b-322a-4a00-b6e8-4bb639aab809
1-09f3290f-858c-4212-a579-66d5fbf75212,de_inferno,6 / 13,19,51f43d50-53a0-4801-8cc2-c128abf24e2f
1-09f3290f-858c-4212-a579-66d5fbf75212,de_ancient,5 / 13,18,51f43d50-53a0-4801-8cc2-c128abf24e2f
1-09f537b9-39fd-4a50-a4f9-cd06699adc7c,de_ancient,6 / 13,19,5a1ff6f5-2b59-4afc-b912-486992df2910
1-09f64564-ab4c-414c-b405-11d561b41921,de_nuke,13 / 10,23,2efa56f7-4695-4a19-82f7-6f870742780e
1-09fe14d8-ed26-4db5-a97f-c97ae93c2324,de_ancient,13 / 3,16,4a73d082-7dbf-447b-86ca-5f8cc6f649b3
1-09fef297-94ad-4ce7-b6b8-f7940277c9b3,de_mirage,7 / 13,20,95a6d753-2862-461f-a18e-feafd3b054c3
1-0a193d4c-0dd7-4e6e-baa1-970194e85be7,de_dust2,13 / 5,18,24c47504-9071-47b2-9471-1e7a22005e55
1-0a21a609-9507-48e1-b665-5c389f3d48b8,de_dust2,13 / 10,23,63c462ae-57ff-4052-88c5-ce4bc2d7fafd
1-0a28646f-6a5e-44a1-820c-411a65853e38,de_dust2,12 / 16,28,266cd1f4-e11e-4e08-887e-129c2895dfc6
1-0a33aec5-fa9e-4425-94f1-942d89aea4e2,de_mirage,14 / 16,30,11763b8a-10a2-40ae-a4ac-af1c6554f7a5
1-0a33aec5-fa9e-4425-94f1-942d89aea4e2,de_inferno,10 / 13,23,11763b8a-10a2-40ae-a4ac-af1c6554f7a5
1-0a379deb-3fcf-4d62-9ebd-d0530ebe7248,de_ancient,7 / 13,20,0c64195f-b1ee-4fdc-9c0b-376dc2f57d77
1-0a4ab12e-3a94-40e7-a235-b4c85c6e14a6,de_nuke,11 / 13,24,38150c4d-40a9-4527-8b47-19d1a553b33a
1-0a5ad534-c0ef-4f2b-a707-832dc39e7c01,de_cache,13 / 4,17,a8b18055-625b-4981-a336-1f5582cc8fdd
1-0a60e456-7d38-44f9-9f58-b38e4ea96adf,de_dust2,5 / 13,18,62226040-6048-4f4a-9437-8d7e55db912d
1-0a675ec1-9d66-4b81-b6d8-0bbd032e1e70,de_ancient,10 / 13,23,1c179609-dd91-4456-9613-0c668fa9c385
1-0a6ab6c0-56e1-4c6b-89ce-e1c3757e7571,de_ancient,14 / 16,30,da04c54b-2ad8-464c-81b0-e100bcea7e92
1-0a6f9433-79d2-440d-a4bd-096c9c036ee8,de_anubis,11 / 13,24,748b1ce2-29f7-4951-bdbc-2b086e6cc18f
1-0a70c4ae-94de-4cad-84ba-3a2f45dc06ec,de_inferno,6 / 13,19,ac559e9d-1931-4e5b-9e8c-c179b94d0205
1-0a70cbb2-d7cd-49c8-a06b-4f4ffc5c6c5e,de_mirage,13 / 5,18,0adb9e6f-3969-4555-86f3-f8604483e611
1-0a796180-cb55-47e3-a01f-b66718b270f1,de_ancient,8 / 13,21,309cbdb0-4955-4a2a-a0e0-6b4be1194a06
1-0a79ecc2-41dd-4e7f-97f6-20a21c586bdf,de_dust2,13 / 3,16,ce24d18f-4adf-4952-990e-98678a160325
1-0a88b129-3c4f-41e7-89da-46a77c27dce3,de_mirage,13 / 8,21,99955f99-a862-4453-af5f-a93cf677f32b
1-0a92348e-fc16-46ba-a34a-2f9553c720f5,de_nuke,3 / 13,16,54d480fb-631f-4f1f-845c-65115c800989
1-0a96d7fd-6e05-4fe5-b2b9-80a183ec10ed,de_dust2,16 / 13,29,62226040-6048-4f4a-9437-8d7e55db912d
1-0a997592-d4e7-43ff-a41f-a8fc83c214a4,de_mirage,13 / 9,22,1b21d193-72e6-4033-a392-cb26855fdb04
1-0a9a3174-6b58-43a1-b791-7fc156f21bdf,de_inferno,11 / 13,24,5b7c50ae-f158-44f4-8378-ec6658fdcb4d
1-0aa7801d-ca6c-43a4-9a23-f1bfcc4eab1b,de_mirage,13 / 9,22,a8694128-9332-4793-a3fc-9eab5d02d347
1-0aa9fcc5-66fc-42ad-a280-f85723a38799,de_mirage,10 / 13,23,3e5e570f-71a2-4dbe-ac5b-9776773543eb
1-0aaca9eb-b711-47b3-a936-2908f6364f1c,de_ancient,3 / 13,16,358fd901-ea31-4f54-bc9a-52fb297e8fb4
1-0ab23e92-7b84-4b58-9f3b-b9016f98b084,de_dust2,3 / 13,16,d8ae3f93-461b-47df-a2c2-da6e519776a6
1-0ab2daf0-503e-4d06-919f-99471e359435,de_mirage,13 / 9,22,26b06232-c802-4dbf-8f32-8419d8d6888d
1-0ac727a6-423c-48ae-b56b-a166e9e57dbe,de_anubis,13 / 10,23,3014cfd2-6247-4ac7-bafb-612773aa2209
1-0acf4cc5-6a92-4624-89c9-2359aadbdfc6,de_mirage,11 / 13,24,738aee09-fb3c-4162-b64b-cc48350281e8
1-0ad900df-9f9e-48ad-a5fd-9f8ff6332cdf,de_mirage,19 / 22,41,e7e8207b-9764-4909-91a9-e74d4a54eeac
1-0ad98acc-cb91-442c-a9c5-b5b91a67ef65,de_inferno,7 / 13,20,bdb3a3bd-38d3-4e84-8f2b-c11899916010
1-0adb0685-ab6d-48a5-b426-c110204780bf,de_nuke,13 / 11,24,dbc62b13-80f6-4baf-9a80-0812ebb82bc3
1-0adb46e6-70af-4869-b4f0-0911b2181f7d,de_cache,13 / 3,16,b78a2f9f-5486-4d81-b200-3a8984aa323a
1-0adc98b0-513a-4dee-9c02-1599f67861a1,de_mirage,13 / 9,22,dd95f56e-bffc-44af-9fea-e181fce71122
1-0adcbb62-4298-4a60-93c3-26e6d0161515,de_mirage,4 / 13,17,746fc7f6-fdea-499a-8adf-8d4b31ecc243
1-0adead14-1dbd-4269-8577-b9707584809f,de_mirage,13 / 10,23,7afd84cb-8fcc-4655-b045-ae81cca03ab7
1-0ae0e7d1-13d3-463c-a584-d0fc6c71af74,de_dust2,13 / 7,20,0adb9e6f-3969-4555-86f3-f8604483e611
1-0ae38bb4-05ad-4570-9228-04ccec1bbb8b,de_nuke,11 / 13,24,352d04b0-b50e-41f6-8f92-9c8270f0383f
1-0ae873d1-aee3-40db-8e86-298a3fed1c73,de_dust2,20 / 22,42,d13f1d1c-c62d-4da3-881c-72f1025d0902
1-0aeb6353-7cc7-45cb-8770-2fa348f42661,de_anubis,8 / 13,21,4f931b59-8d07-4ee2-af0f-e941ac74d190
1-0b02fba3-d0e9-4765-8c4c-ee48baa9e629,de_anubis,7 / 13,20,8eb12b8f-fbc5-416b-8fa6-c8cac4078d8a
1-0b03a026-e0c8-429b-8785-1d628546b185,de_mirage,6 / 13,19,5e939271-656e-4ab9-990d-4e0778b23906
1-0b050f6c-125f-4847-aeb1-7e7476ab0e8d,de_mirage,10 / 13,23,f33fbc3c-5544-4dd9-b9a0-83e3a9ac7a9c
1-0b0895ac-f804-483a-ac90-254fefb8f7f9,de_ancient,16 / 13,29,35086d74-6e47-4367-8d56-422f03f037e0
1-0b15562b-e742-4fa6-9031-c6f4145f66b0,de_nuke,10 / 13,23,e5058104-ed5a-43b5-9f0b-a2f5ccf0c36d
1-0b15562b-e742-4fa6-9031-c6f4145f66b0,de_dust2,13 / 9,22,c9cd547c-d57d-4879-9641-a8639532ac71
1-0b15562b-e742-4fa6-9031-c6f4145f66b0,de_ancient,7 / 13,20,e5058104-ed5a-43b5-9f0b-a2f5ccf0c36d
1-0b207bd4-302c-4bf1-b37d-55ab62528ce7,de_dust2,16 / 13,29,1a7e2f8c-ecd0-4fa2-aba9-ef387cc23cda
1-0b22f0f2-6935-4733-98df-84d3d74232e4,de_mirage,13 / 5,18,746fc7f6-fdea-499a-8adf-8d4b31ecc243
1-0b27b29a-ca6b-4be2-941d-257f597b781f,de_mirage,13 / 7,20,ce49bacb-4ce2-426e-b81b-190862a58891
1-0b331c4b-8553-449b-bca4-e262c17eb36c,de_mirage,11 / 13,24,18ea8295-4d09-4c2d-945b-5e717c3f2e46
1-0b3a9466-7ea6-4ba4-8d79-eefe9593c801,de_mirage,6 / 13,19,84278933-b5bd-4552-bc86-a82751b48774
1-0b43414e-1297-4700-80c7-b3a4f1cd6e92,de_mirage,13 / 10,23,fb4a2659-57ac-41f5-a831-cf2e3992a077
1-0b443d06-87c6-4444-acc0-1120f5a1c1de,de_dust2,13 / 6,19,f04d2e90-ecc5-42b9-9ed7-ce6695a5c2b3
1-0b45b076-bc1e-4726-ab1a-fcd6b1b2a896,de_mirage,4 / 13,17,ea55a5fb-a009-409f-8dbd-1f4a3a7397a8
1-0b4e707e-daf7-4d15-9870-6f7d4ca6d145,de_dust2,9 / 13,22,4818aac8-1a69-426b-8a55-a7fcb4e89126
1-0b4f6cc9-c1f6-4cd2-b9c9-382886c970e7,de_mirage,4 / 13,17,c1bb3e6b-be61-4e43-be52-2c13ac3dc612
1-0b5290b0-1bdb-44ed-9b3e-317ec83b8295,de_mirage,11 / 13,24,decd4ca4-082c-466a-8c59-c1aa13dee39c
1-0b5c0c32-1ec4-4a0a-8e00-4369a29aa5d0,de_mirage,4 / 13,17,0090092d-eca9-4047-a8c2-7693c494d356
1-0b659c4f-7295-41a3-a9b3-f9ee68ef5ddd,de_mirage,13 / 9,22,43e2b919-ad6d-4183-b73c-7d9a41a7c05f
1-0b680292-a07a-4ba6-8c4c-db316d5e3560,de_mirage,5 / 13,18,1f30c0d7-aa1c-4a6b-a275-d44fbea93682
1-0b699c66-c58a-4dc1-8d27-2e725573e801,de_mirage,13 / 5,18,358fd901-ea31-4f54-bc9a-52fb297e8fb4
1-0b71a593-efdd-4623-8b6e-928aa940c959,de_anubis,11 / 13,24,ff316ec7-bd90-4a28-8a7a-1f1f456c3d43
1-0b720f57-00fb-42fe-b69d-4115fac9f2a3,de_dust2,8 / 13,21,e3d16d43-926a-4cbc-b242-58689444e03c
1-0b7c3f0b-49c2-41fb-9116-68c3d79100fa,de_anubis,13 / 6,19,8009c941-61b0-4ee8-a872-170c87b4b841
1-0b7ef5d8-77e5-477b-840f-fdbd7404d294,de_mirage,13 / 10,23,63c462ae-57ff-4052-88c5-ce4bc2d7fafd
1-0b848e4a-ded9-4d88-af1e-c935d4efadc9,de_dust2,3 / 13,16,88389e8b-60f7-4702-a76c-e58a87fdfd8c
1-0b92bade-fd92-4a92-b24a-09c193507516,de_dust2,7 / 13,20,236ef2dc-98c1-4425-8909-5d9e96153ae4
1-0b975293-1692-439f-8358-a3105a333587,de_mirage,4 / 13,17,45b7f8ac-ef1d-44b5-81ab-d05a9f68de32
1-0b9cb32f-4889-4530-9dff-1c2c642981d5,de_mirage,13 / 11,24,dcdd41e9-8c0f-4929-8030-b529f8076661
1-0bb02622-05b6-40b8-91a5-2ebc48f7292c,de_dust2,3 / 13,16,149139c6-7f80-48c0-b012-09802bcebe81
1-0bb64ea7-7fc2-4c0c-a31c-690e4cdbd369,de_mirage,10 / 13,23,9ce5268d-b986-48c2-bff2-6011b451e98b
1-0bb6d581-0a80-441d-9fa3-1f15c03233ac,de_inferno,13 / 10,23,c6694f7e-683f-4b33-a6af-b2adf1a6253c
1-0bc17354-2c8d-4479-8cf3-8fbd744958c9,de_inferno,5 / 13,18,ba36f0d2-6450-42a8-bc6a-49f56af6bb59
1-0bc19849-d7f2-4708-923b-5e7d1ebbedf7,de_mirage,4 / 13,17,38b22f5c-3654-4834-9355-148324f6279d
1-0bc1b3b8-5652-44f5-aae4-bc4e68ae7d86,de_mirage,8 / 13,21,f4d25322-b7fb-49b5-b828-177ff533c558
1-0bdda72d-65ad-4015-bba4-cd5f25b351df,de_anubis,13 / 4,17,09e34c6e-66b1-4254-ab5e-6f969f7de721
1-0be00f87-6372-4642-99a1-a4f228e5c116,de_mirage,13 / 6,19,dfa8ef45-7dd6-4dea-b3af-3bc0025e9a94
1-0bea83f5-29eb-4bfb-8dce-3a9f609dd9ce,de_mirage,6 / 13,19,10a2caf7-b82f-4889-bc8a-565249e5cca0
1-0bf177c2-22ff-4b0b-b956-5e80fb4ee03e,de_dust2,11 / 13,24,3cdfdcb3-c8b6-41a5-97f0-f39a0575d830
1-0bf177c2-22ff-4b0b-b956-5e80fb4ee03e,de_ancient,5 / 13,18,3cdfdcb3-c8b6-41a5-97f0-f39a0575d830
1-0bf57a1a-2fef-45de-bf52-cb864e999972,de_anubis,13 / 4,17,388ba2e0-50b3-4868-8807-fbffa7499bad
1-0bfcf701-a202-4437-8c15-7e930efe454a,de_dust2,13 / 11,24,acabc360-b1dd-40ec-b17b-0e7b4214c7f7
1-0c031e41-d68b-415e-9f35-b77777c1b969,de_ancient,5 / 13,18,fb776b8e-f3bc-4d6f-bd45-897a5b2f74d9
1-0c07b838-2431-4a9f-895a-9fa7d8a1a8e3,de_dust2,9 / 13,22,60b720de-fcdf-4e34-8002-4eb2db008a9b
1-0c107eb1-3e16-4368-8387-e442f7bfd03b,de_anubis,13 / 11,24,88b09945-e355-40ad-b35b-64bfb1215d38
1-0c203cb6-4c5f-4f0f-ba4f-f5281249c2cf,de_mirage,7 / 13,20,0090092d-eca9-4047-a8c2-7693c494d356
1-0c24c2be-c2c9-4a1e-804a-0df1d12f63ed,de_mirage,13 / 4,17,066842a0-8d17-4667-8993-63817500aac6
1-0c2b239c-b05f-46e2-9e92-83b905422dd9,de_mirage,5 / 13,18,09869807-7afb-4786-9d98-e2f4a4f37bda
1-0c2c11bb-2d21-42e7-8965-6f5ad54ce0af,de_dust2,8 / 13,21,309cbdb0-4955-4a2a-a0e0-6b4be1194a06
1-0c324778-eefd-45ab-b64e-c1ff9898bce9,de_ancient,11 / 13,24,b5c3e65c-bb6c-49d1-ad75-3823b52ce576
1-0c3b9b8a-419e-4b79-bd8d-1370ef648fae,de_mirage,10 / 13,23,c7ee0e00-2993-438e-99ea-3050bcf65413
1-0c3c06d0-0fe1-416c-83f5-98a7e4f98df0,de_mirage,17 / 19,36,6af6333f-69b3-40a0-8d55-8c4f7c1a244b
1-0c3c49cf-b45c-4ccc-b8b8-e2c71e8af368,de_mirage,11 / 13,24,d68c4dc0-e0e7-4395-a1f2-244be73d4531
1-0c458654-82a5-4acb-adda-9dc16abb49de,de_ancient,2 / 13,15,541178c8-a43c-4b95-97e5-569c30df7d5a
1-0c473ac1-70ac-42b1-b11a-78f56f91f32c,de_dust2,13 / 6,19,1ddf11bb-4091-457a-81b9-21cea278fdaa
1-0c49416a-0460-4aef-88ab-9e4c3d76da8e,de_dust2,11 / 13,24,a76302ec-c1cb-4975-b645-488733614c34
1-0c4a0abb-0fc5-4897-a936-3bab02486dea,de_ancient,8 / 13,21,1eea1d7a-446f-44ce-909d-0b60fa64aab0
1-0c50d2bb-d43a-438a-9114-659c7442937b,de_ancient,11 / 13,24,093d9086-3581-4500-8f69-20a7839f8fe1
1-0c5158b8-00cd-4713-8cb6-80db815f0913,de_nuke,13 / 6,19,1a4bfb44-0ab1-40f3-9150-688b04cfe158
1-0c54b2d2-1ba0-42c4-89b4-3a2883222dd0,de_mirage,22 / 19,41,86c3887b-322a-4a00-b6e8-4bb639aab809
1-0c5e44fe-1141-4263-9130-aab040e436f1,de_mirage,10 / 13,23,6b52c8a0-92b3-459f-af09-497b69ce2c90
1-0c6618ec-171e-4336-b571-352613135720,de_mirage,13 / 8,21,81f3c51e-172b-4351-9541-ff90a40fef06
1-0c6bb4d8-91fe-41a9-a432-34f9f9b0b29c,de_inferno,9 / 13,22,2ce96280-562b-4e03-be61-99bd95d2085a
1-0c77f65b-08bd-4bdb-8252-55f18b691e5a,de_mirage,11 / 13,24,de2a9e51-98df-4b5f-bf0a-bedef4494eaa
1-0c85cb1d-f89d-4e78-8c39-471879419530,de_mirage,9 / 13,22,ea16a9c4-6d67-4352-b527-5512d0ef72ff
1-0c8dcf2d-4db3-4b26-a6cd-a786781a5b3d,de_mirage,13 / 16,29,a1246bcc-df76-4825-b155-37d084c650fb
1-0c9ac922-899d-4991-933b-e7673d6d864e,de_mirage,13 / 11,24,be41de3c-6dbd-4532-aaba-20a5a485b620
1-0cb862cc-56de-4620-9cff-7092f43aa8a6,de_ancient,13 / 3,16,5a87d4a5-33c3-4531-a432-1e2295e1a79f
1-0cc3d9d7-3030-4279-8ab3-b2083904169d,de_mirage,13 / 11,24,dd8b2125-7753-464f-8445-1ade23d31f55
1-0cdd5666-378d-4ced-8b66-474c4b76eff3,de_mirage,3 / 13,16,51a02b90-6e47-412d-9497-ed6af7cc0d75
1-0cdfaa3e-1c2a-41a5-817a-18d5799ab30f,de_cache,13 / 10,23,ff316ec7-bd90-4a28-8a7a-1f1f456c3d43
1-0ce73afd-5e4e-4710-ab04-315cb3b28f36,de_mirage,13 / 10,23,683665ef-b3a0-41e4-80d4-05ed7ffe707c
1-0cf83882-33e5-46af-954c-6e4858bedd1c,de_nuke,13 / 10,23,fab3b3a8-5593-4fc5-a7ba-b3adcc47edf7
1-0d0c67c7-557f-4592-a5c8-ae4d0b79565a,de_mirage,5 / 13,18,a5fa9e4c-0beb-4b4b-94bf-fbda21fe9fe4
1-0d17d3de-ab70-4ad7-a8b5-6ded81639468,de_anubis,9 / 13,22,150bec37-a872-4aa9-ad0b-be2930247422
1-0d195be6-0d3c-43e0-92f7-84a0eb993679,de_mirage,3 / 13,16,7e901a3b-141d-4820-b111-2e83cf37ee48
1-0d1d8978-54e3-474f-8d9f-c9e0abca225e,de_mirage,8 / 13,21,746fc7f6-fdea-499a-8adf-8d4b31ecc243
1-0d20bae7-6a0c-41a6-8342-a914cd796434,de_mirage,8 / 13,21,1f30c0d7-aa1c-4a6b-a275-d44fbea93682
1-0d227ad2-82c5-43e7-b5f6-382f03171492,de_cache,16 / 19,35,417e120a-6240-4db3-ae54-914f2e47ecdd
1-0d28b782-37e3-4aa7-845d-e6c9b1ba903d,de_nuke,13 / 4,17,e2b0aa59-18ae-42ed-888f-8610454015b8
1-0d2c42df-56a1-4dc6-8667-292e1dcdb93f,de_mirage,4 / 13,17,c43e50b9-b490-4b42-92cc-c0ab7f64e28b
1-0d314e1d-e7b3-4f38-b36a-e8511f7e2d58,de_inferno,13 / 4,17,6ae65baa-8132-46a7-88d1-8d8273e47aa4
1-0d314e1d-e7b3-4f38-b36a-e8511f7e2d58,de_dust2,13 / 3,16,6ae65baa-8132-46a7-88d1-8d8273e47aa4
1-0d3cc61c-7389-4fdf-bdf9-0cf4d880991d,de_anubis,13 / 9,22,175b1046-459e-4f82-bfa8-262b9527e64d
1-0d42fd4f-8914-4253-8fd3-e5d177f10138,de_nuke,5 / 13,18,a72283bd-5df7-46da-bd16-a1c1681965b6
1-0d476c2d-4939-42fd-9e78-4bd1b9e32a46,de_dust2,13 / 4,17,54346c5e-c70d-4493-95ce-7bfc0e33cfcf
1-0d5a38f0-3f0f-4a11-ace4-fa011b11234f,de_nuke,13 / 5,18,3168f539-2eb9-46be-8bed-70740a221715
1-0d6a6287-7f79-44be-a140-3c8636e6053b,de_anubis,3 / 13,16,090284d3-4e80-4cc4-bee6-adf2febd8ccb
1-0d6ac197-3af4-4e21-8058-39b6ae8bef2d,de_dust2,3 / 13,16,8789e627-30a4-4487-bbe0-7279f445a308
1-0d7614b9-f1c7-44c3-915d-3b98a16bc767,de_anubis,13 / 10,23,2f5bb972-c480-407c-918d-d6e6604820b1
1-0d7e6b0f-0b8a-478f-86a5-79515498666a,de_mirage,13 / 6,19,702c9dd5-c84d-42de-942e-58e921fd34d9
1-0d81ba41-c82a-4853-a9a0-39d871e9ea99,de_anubis,6 / 13,19,8b4beacb-91c6-42c1-a360-2fd27118b368
1-0d8beb15-58b5-45f7-8664-951d3a38c818,de_ancient,7 / 13,20,1fb315a1-aaf0-4d31-9f24-cdd6afe6e657
1-0d928752-92be-4395-953e-d629347115ed,de_mirage,14 / 16,30,e12d7441-4105-44c6-ac3e-be4d57b60250
1-0d979a39-67c0-4032-84b2-82644adcd244,de_ancient,7 / 13,20,0a38e0a3-03a1-4aea-8c24-396ad8d802c1
1-0d9abb71-b090-4d4c-b1b4-7ed0470f4521,de_dust2,9 / 13,22,7d88f1c4-ba45-4972-94e2-b995f679bec4
1-0d9ac81f-a2a8-48fd-9eba-c91a5e03e0d2,de_mirage,13 / 16,29,dd95f56e-bffc-44af-9fea-e181fce71122
1-0d9c942b-3534-4ddb-aa42-f24d359edf55,de_dust2,9 / 13,22,50dfb30b-2b17-4cd9-ae29-44adc28b1cfa
1-0d9fbd0f-6c5b-4b6b-92cb-4316c026975a,de_inferno,6 / 13,19,84c69bfe-3507-489c-894c-7cae58a06911
1-0da0f08a-6bbc-4113-a6d5-4759afdaba87,de_mirage,11 / 13,24,e5315f0c-a84b-4d5d-b525-cfa4d553fcd3
1-0da40496-911e-4c99-afe2-cf9a2452766a,de_dust2,13 / 5,18,aa4af7a0-45d3-470f-8f2e-bdb624c74852
1-0da40fa8-d987-4e22-b1c9-2a7e06c7107c,de_mirage,10 / 13,23,7293f1b3-b326-4f1a-a08c-a7781ce94f33
1-0daaa1ee-ef81-4120-aa43-c61b2700a125,de_ancient,13 / 9,22,1de6a2e5-7859-4d4e-b88c-34eda3919739
1-0dad09d2-3a35-48e2-b6a9-41be47b3c7eb,de_mirage,7 / 13,20,d72790f0-469e-4825-9f6f-d2c36f1255d3
1-0db45634-1605-4071-bf82-2be091c93212,de_dust2,13 / 7,20,88389e8b-60f7-4702-a76c-e58a87fdfd8c
1-0dd88410-47b7-45fe-863f-9ca88cd74ae3,de_dust2,13 / 9,22,7d3d1c1e-0fc2-45ac-8150-558a527e57d7
1-0ddb3be3-3f02-477b-ac88-ecea2af43549,de_dust2,14 / 16,30,a755bb8d-17d2-4f7a-bd41-74c4f898db9c
1-0de17408-be71-4d26-9945-404d46a3a712,de_mirage,13 / 4,17,abafaeeb-7464-4d59-80c4-be47cbd8a651
1-0dec925c-31e3-474a-924d-6474061fa4d9,de_ancient,13 / 8,21,46f22f3d-4325-4851-8d11-0393928d00fe
1-0df21426-590b-4bdc-856a-4d003fa5f258,de_ancient,13 / 4,17,dd8b2125-7753-464f-8445-1ade23d31f55
1-0e09ba5c-8f82-4c66-80fe-9ee781c3c4f5,de_mirage,13 / 11,24,84278933-b5bd-4552-bc86-a82751b48774
1-0e0ad5c2-465f-4076-a1a3-4928f907b7b2,de_mirage,13 / 5,18,978ad784-b641-4b2b-b991-5843ad95e62e
1-0e0d6a29-2de9-48f6-99b7-cc9df00d6375,de_nuke,13 / 11,24,eaf0e50d-0216-40a0-8a68-b2a444bb7fae
1-0e1327f9-8c0c-4b6c-a5b1-bbc1bb2657de,de_mirage,9 / 13,22,c602641e-533f-43e3-9c2d-e3e8ff687ca0
1-0e150596-5ef8-4b2a-8339-3272383eaa06,de_dust2,13 / 6,19,43a14ace-24f0-4454-b556-1e4e277cad55
1-0e153a0c-a2b0-4011-bdbf-cdb4564a637a,de_mirage,13 / 7,20,dd8b2125-7753-464f-8445-1ade23d31f55
1-0e160d0c-0d77-49b1-859b-03ccade9fa96,de_dust2,2 / 13,15,43a14ace-24f0-4454-b556-1e4e277cad55
1-0e17b0f4-b9ab-43b8-b3b8-3c3be5936ae9,de_cache,9 / 13,22,b081fe48-ef8c-4587-a19f-fec05687b039
1-0e210c2f-ce42-41d8-9667-58be38eb5be9,de_mirage,16 / 12,28,415cc859-c677-4816-88e9-4d91fd10112c
1-0e31a3a0-0aa6-444a-8207-156c641006d3,de_overpass,4 / 13,17,e79bc899-93b1-4713-9eb2-0461c12f6434
1-0e37898d-611a-473b-89fc-4f42663d315e,de_ancient,5 / 13,18,621b97a0-92fe-480b-96cb-aad95cf2515e
1-0e3ef2c5-e31b-402f-aa7a-e9dc92d6eb79,de_mirage,4 / 13,17,26c8280d-1c4d-4177-af97-9e4e2fbc1a2e
1-0e4248f0-85ae-4b30-9ca5-2bbcf0b142d7,de_dust2,13 / 8,21,fae3bccd-82f6-4d7e-80e2-7cc059fc23d4
1-0e45cc33-8d93-48f4-aa13-3660e27553d3,de_anubis,13 / 11,24,474c268d-78ec-4d46-b343-361a3e5b61bc
1-0e49f89c-9692-40a0-9664-61115fa2a44a,de_ancient,2 / 13,15,d62714a9-543c-4746-90fb-40563cc8cdd4
1-0e4d9e7a-9eb8-4190-bc9d-68291cea49f2,de_dust2,7 / 13,20,889825e6-08dc-45fc-89bd-94fe3d8159c9
1-0e4dae16-9e45-417d-a2e9-5e71e4b3a0c0,de_mirage,13 / 9,22,3f64401d-6f91-4fb9-a844-fedae5f081b5
1-0e4ef34b-b890-407d-8ee3-cf51708af3bb,de_cache,8 / 13,21,e81b5fe4-2d9e-41f7-9dc5-fd9ed1446e06
1-0e510696-4650-4a37-aa49-af41045fe426,de_dust2,13 / 7,20,fb4a2659-57ac-41f5-a831-cf2e3992a077
1-0e51c51b-2ba0-4086-b161-2c01f710eeb9,de_dust2,10 / 13,23,5efee690-0303-4bd4-b209-cce3c874696b
1-0e53327b-1961-4ced-b1eb-d63674de1c9a,de_mirage,13 / 6,19,0f69988b-a645-4cd3-a52e-85d5619f6596
1-0e53ca7f-e982-474d-a0d1-4bd44477902e,de_mirage,13 / 6,19,337eeeaf-de4d-41d7-87f3-bcca627b0da9
1-0e5d2d5e-7352-4e5e-bfa8-52018c239769,de_mirage,13 / 8,21,6b52c8a0-92b3-459f-af09-497b69ce2c90
1-0e5e9830-3708-4c17-b013-4a7591e0d0f8,de_mirage,6 / 13,19,db441e23-1acd-4bfc-b3b1-76ec80d9bd02
1-0e64a528-4604-4c14-9fa1-e62cfff713b5,de_cache,6 / 13,19,281433ef-65d1-4f34-a415-fb7dcb510664
1-0e64c0e1-1728-4160-9f7e-d6e3d2561545,de_cache,13 / 7,20,aaa3eb0e-679f-4149-957b-203d1cb20530
1-0e75c6fa-527c-4669-aa7c-4d230bef25b3,de_dust2,13 / 16,29,e90b349d-d3ea-4ea1-b5ad-51adb61b131f
1-0e7826e6-8d2a-4eeb-bedc-747078ef8b46,de_mirage,13 / 7,20,b7742c21-56fa-4e11-9297-a8632063de31
1-0e7e328c-1f31-4480-879f-01aa572663a1,de_dust2,13 / 11,24,70eef28d-640f-4d89-875f-4e7c514851b0
1-0e7fe66c-1fe3-4009-a78c-2b13f073e86b,de_mirage,13 / 11,24,df89facc-bdea-4938-b99b-e86ea940f3c6
1-0e92494e-7ef8-480e-a627-e8742cf93e32,de_mirage,13 / 2,15,5c5a9150-6dfc-4040-ba50-d2e18a29875e
1-0e953f13-e6b0-4ab8-8fcb-0dc986393ce4,de_cache,13 / 5,18,063574b6-0417-403e-b12d-0451e0fab4dc
1-0e97e9fd-8619-4484-b50e-712c509e5f1e,de_dust2,19 / 15,34,b0dfca2c-f31f-480f-a8a3-7fdba0bf2744
1-0ea271ba-b537-4bf8-83a3-a085dca7ed77,de_dust2,11 / 13,24,f7fed9eb-f609-476a-8824-7b2f0c9ae9e4
1-0ea27d8d-8796-46b8-a058-79f9e7d5d115,de_cache,13 / 8,21,445370c1-e099-46d2-9a4d-09fe071cb4b2
1-0ea8b6e3-fb67-4d54-a863-cae171723046,de_dust2,13 / 8,21,629e9d7c-461d-44ab-967a-05f7871d4bd7
1-0eb83e48-4b2a-4c1d-8ecc-560b68538e9d,de_mirage,13 / 5,18,db441e23-1acd-4bfc-b3b1-76ec80d9bd02
1-0ec382da-3763-4480-aaf6-245065b12ad7,de_mirage,10 / 13,23,eac299a9-532f-425e-a4dc-0f3c3314adff
1-0edb37f3-d195-4b3e-90d5-1ba9b8d09a41,de_dust2,11 / 13,24,a359df98-869d-4b07-aacc-01069b15b0ed
1-0edf257c-724e-4d68-8d3b-d2fc4d38925b,de_cache,5 / 13,18,e5941a92-e53a-45c9-8c92-50dd994b225f
1-0ee52c2b-839a-421e-bd1d-13d1a517fd7f,de_anubis,5 / 13,18,eaca5c04-f230-429a-852d-d2c1c43b606b
1-0ee6716e-9a06-46af-a745-ad6837e49394,de_mirage,7 / 13,20,867d499f-f80f-4e27-831e-8403e539ea61
1-0ee8d5b5-95cb-4afb-bde3-787cc767d25d,de_mirage,19 / 17,36,dbc62b13-80f6-4baf-9a80-0812ebb82bc3
1-0eecd073-2458-46f6-9291-6e6debec32d0,de_ancient,13 / 11,24,9313b3f8-9bc3-47da-8ab2-b0ba323e1b49
1-0eee18a4-9963-483e-a871-adf8c87e1664,de_dust2,9 / 13,22,855c7f1a-b8be-49b3-aa2e-9277364ae4a7
1-0eef06ca-7350-4a60-95a8-d819d2b378fe,de_dust2,13 / 5,18,d090fd03-f6c9-454a-baa0-043778f24cbb
1-0ef09a8f-c4a9-4760-a99e-301eb0b224e2,de_dust2,13 / 9,22,1f42d837-3902-480a-b874-a1987590b2b1
1-0ef96b4e-21ea-4eac-8892-8b036d98061c,de_mirage,10 / 13,23,2358296a-6f31-4385-b181-6ee4e7b3cfbf
1-0efa11fc-bfa1-4fca-9704-e0396cf87464,de_dust2,13 / 9,22,f9a55830-fd0f-4cb0-b8e5-167046738ae4
1-0efbc97a-0209-409e-966a-948dcdfeac1e,de_mirage,13 / 11,24,d2557cd1-5cef-42aa-86d1-f32fef5802cc
1-0efec668-2f95-441a-8b9d-3a0a528e1a9e,de_nuke,13 / 11,24,234a39fa-46bf-4c09-a092-53d19fd837ad
1-0f020d2b-3e7e-4691-959c-39a18508048f,de_anubis,10 / 13,23,84c69bfe-3507-489c-894c-7cae58a06911
1-0f0cd0a5-5e00-4966-9072-e7470f311414,de_anubis,13 / 10,23,4d4b40c6-e53e-40b9-8958-46f5d3edae08
1-0f0f42a5-84d1-40c3-87e2-d368aa448eeb,de_anubis,6 / 13,19,8120a38c-cf24-47a6-940b-920edde162dc
1-0f0f581e-01d1-4ca5-9eec-12594fce8ba3,de_cache,11 / 13,24,75f5ec22-0fae-4010-b070-5f93488a35fa
1-0f13811c-b6a7-42b0-a8ab-db420bb4d6ec,de_mirage,13 / 10,23,edb13f53-9e7c-4223-9977-dff8027fa4e2
1-0f1ea253-b269-4b5b-ae6b-300b84b88df8,de_mirage,19 / 15,34,a72283bd-5df7-46da-bd16-a1c1681965b6
1-0f354bd6-a92c-4fd6-bac1-08bee3fed56d,de_mirage,16 / 12,28,a7f4c0d0-519d-4828-a54c-a94bd1324cf7
1-0f40860f-0c4e-42b5-9543-5c9d2c3faba9,de_inferno,13 / 8,21,c9cd547c-d57d-4879-9641-a8639532ac71
1-0f40860f-0c4e-42b5-9543-5c9d2c3faba9,de_anubis,9 / 13,22,8590f2b4-d340-4cdc-a493-d94772359dde
1-0f40860f-0c4e-42b5-9543-5c9d2c3faba9,de_dust2,7 / 13,20,8590f2b4-d340-4cdc-a493-d94772359dde
1-0f429ad3-adb4-4762-a780-cd1a00b62024,de_ancient,13 / 8,21,4b3833df-314a-440c-8197-9a146a4c0034
1-0f44b0c7-79c4-47f0-890f-81724b17abc3,de_mirage,6 / 13,19,206e86f6-afd1-44b1-8113-5b6135db5a36
1-0f55b3b1-1bef-4f23-b9cb-c4dca16a2323,de_anubis,8 / 13,21,8f611df5-eb41-4ac1-955e-5026ac17b2a2
1-0f577f75-33d2-4279-af4d-442c63365cdd,de_cache,3 / 13,16,60128dcd-90ec-4719-a269-fa5b7a8861d8
1-0f5b419e-47d5-42e6-899e-5330e2d38647,de_dust2,7 / 13,20,e50676d1-ea6c-4876-893f-53aac4b6dc6f
1-0f605fff-2b64-40b3-a9df-108d71bb528c,de_anubis,13 / 6,19,dd8b2125-7753-464f-8445-1ade23d31f55
1-0f650260-3ee4-4758-8554-4bf0778738c8,de_mirage,2 / 13,15,68f7fb1e-e567-48f5-a530-be0849301489
1-0f675fd6-701e-4f9c-9af8-6fcd4fdcbb3e,de_dust2,13 / 7,20,43a14ace-24f0-4454-b556-1e4e277cad55
1-0f708dd9-6718-4c1c-876a-242b8f102505,de_nuke,13 / 8,21,f8ecf4d7-0eef-4ffc-9b78-999835870cf4
1-0f723b60-3dd8-4e54-bcc5-ce57ab28e229,de_mirage,13 / 3,16,81a94ffc-a33c-4850-8fcb-0e9314bd672c
1-0f732250-d5c8-48ba-b1f3-9c6660d8fab8,de_dust2,8 / 13,21,f3912300-8f2f-47ed-92ea-a52fbbeaf441
1-0f759841-a58d-4cfd-b2c8-bdf9934d0af7,de_nuke,8 / 13,21,08b354e6-c7f5-4e64-9feb-cba6baea4ebc
1-0f79d605-8d49-4447-99f3-065ca7077374,de_cache,6 / 13,19,6e3378c9-8b7f-43b5-a874-3a2c5ce71140
1-0f7fc1ec-cfd0-409c-8e62-87615eb08d32,de_dust2,16 / 19,35,1b21d193-72e6-4033-a392-cb26855fdb04
1-0f8e5a6d-e11e-4d6a-a115-84cda70ec429,de_ancient,13 / 2,15,9d1a5fbd-83cf-4792-b8e1-a1a81aa4e927
1-0f95f6eb-218c-44f3-be2d-0f5486502db1,de_mirage,19 / 16,35,dd8b2125-7753-464f-8445-1ade23d31f55
1-0f9b0ba1-2d27-43d9-904a-c6af62adf3f4,de_dust2,10 / 13,23,09d1789d-1be3-4fa7-8049-bce414ba5f71
1-0f9f03d2-f394-4472-adc0-315884a35fe2,de_anubis,13 / 6,19,86bcdec2-21bf-4119-9914-2eb2cd0d257d
1-0fa2b10e-875c-4c19-aa3c-649e0e38047a,de_inferno,13 / 8,21,eac299a9-532f-425e-a4dc-0f3c3314adff
1-0fa776cf-8c13-4948-b630-79ca0b1b61fd,de_anubis,16 / 12,28,417e120a-6240-4db3-ae54-914f2e47ecdd
1-0fabcb2e-b62e-4ebf-8ebd-8fe8f08b1a9e,de_mirage,11 / 13,24,175b1046-459e-4f82-bfa8-262b9527e64d
1-0fabf5a1-10ce-4803-b52a-c32b92155e3c,de_mirage,13 / 1,14,48910e46-fff4-4eba-b03f-4f146a826d2a
1-0fae9200-10a4-419f-8ba9-30dcad64050f,de_mirage,13 / 9,22,dcda3d6c-2739-4324-b192-231ea3e055d6
1-0fb0467d-0bd3-491d-b077-5a09702b1780,de_ancient,13 / 9,22,06dfae65-da6b-4acf-9ddd-10781a5a88ef
1-0fb1e02e-938f-44dd-806e-3b2e427282c1,de_mirage,13 / 5,18,06da93bb-5461-4263-ab11-3b01daf7745f
1-0fb2f524-2b50-4e91-9d11-42edc6b79398,de_mirage,9 / 13,22,65ea5e60-4841-47f6-b528-e6ea36fc04a9
1-0fb4b866-418f-468c-bfa4-95531b058b37,de_dust2,13 / 9,22,abec491e-a474-4371-8af2-886c09c5779b
1-0fb812e7-3629-4d85-a06b-37b660e931e1,de_ancient,13 / 11,24,fef76318-776c-4732-828c-771726c156ee
1-0fc30339-3cf5-4e41-9df2-443f58605f60,de_ancient,16 / 13,29,1f1e746e-a379-410c-ab90-d753d59d0173
1-0fc30cca-4680-4181-a5c9-87b414c434ca,de_mirage,13 / 11,24,9b4d9a44-b043-47d5-86b8-74f2c317db9a
1-0fcc49db-f637-4a3a-a11d-bc6d448043db,de_dust2,9 / 13,22,47325ae9-88c2-403c-a288-6185feaf7556
1-0fd377c9-cb16-457e-b125-a236b490ddec,de_mirage,13 / 10,23,0861737b-014e-43db-b266-7b2886c8a071
1-0fd3a2e4-d47b-4c49-b9d1-9076ccbe82ce,de_dust2,5 / 13,18,e561225e-79dc-451b-9d7d-868c1de5e54e
1-0fd9f058-b882-47a1-9245-61baf8d69f45,de_mirage,13 / 6,19,83406320-b332-4d23-b599-0ed9c4472a06
1-0fdbe5e1-36da-49d9-b5db-4761312e0ce8,de_inferno,17 / 19,36,1eea1d7a-446f-44ce-909d-0b60fa64aab0
1-0fe9d101-72f1-4542-a1a4-a75b64f1c36b,de_mirage,13 / 9,22,ade7f3f4-c116-480c-b529-f1dc1a9e42b2
1-0feccfa6-7699-494e-bf11-22810408602b,de_ancient,7 / 13,20,92ac2ead-ce10-4bb1-a7ec-bb63fecc2d54
1-0feefb34-9de0-41f0-83bf-1954dfd9af3f,de_dust2,14 / 16,30,fe32547f-6a9f-485f-aaad-04f46f6dd5aa
1-0fefd17b-b9b4-4169-8c01-0a3febda3966,de_inferno,9 / 13,22,0e94236b-889a-4fc2-9ca0-173a11603534
1-0ff06178-0948-4063-965f-cf60e1bc1ca8,de_cache,13 / 9,22,84278933-b5bd-4552-bc86-a82751b48774
1-0ffce658-8882-49e5-a317-ed35689c81f7,de_dust2,12 / 16,28,af0d745c-fe0b-496c-b20a-a0b1b8b65ad4
1-10204163-58e0-4446-aa03-b5fac3c07d38,de_mirage,13 / 8,21,702c9dd5-c84d-42de-942e-58e921fd34d9
1-1028a093-e384-4fe6-91ec-ae09a94ce7b3,de_nuke,10 / 13,23,70eef28d-640f-4d89-875f-4e7c514851b0
1-103c1192-d5d0-42e5-92ad-8867a2748d2a,de_mirage,26 / 28,54,4613e6a8-e551-4e48-bb6c-f7d6569ce45d
1-103cf4ee-5151-432d-86ab-db5762318270,de_mirage,13 / 10,23,e7e8207b-9764-4909-91a9-e74d4a54eeac
1-1040627d-be3c-4814-a84c-6a43e92b894b,de_ancient,9 / 13,22,31b16da0-0178-4a8d-a88f-48f9e69e2551
1-104812d5-8ed5-4eac-adf3-c981d84c78d8,de_anubis,7 / 13,20,4d4b40c6-e53e-40b9-8958-46f5d3edae08
1-104bfe4c-8296-48da-9a3f-d30fedb4514a,de_mirage,13 / 10,23,045f9998-20dd-419f-9d23-3af2c5bed357
1-1053a59c-fbd2-4dfa-bd79-42d3269fceb9,de_dust2,13 / 11,24,f4e5c15f-2238-4d27-8fa7-1753326900ad
1-106bf29a-a2c8-4157-aaf8-15d78af608e8,de_dust2,13 / 7,20,e6891e5d-6f9d-414a-b2ec-0ce264868b1f
1-106fe791-3bca-4008-b391-d9af2ccb521e,de_mirage,4 / 13,17,e52171c0-25b5-4432-a8f0-78a83251237b
1-10816c52-4279-4dbf-8c04-b82b170dfe17,de_ancient,6 / 13,19,3205b4b6-6b51-4bb9-ab82-c0c2777e081a
1-1082c001-0fc4-411a-b5d3-7108b04d990c,de_nuke,13 / 7,20,dab4fa93-7cd4-43ca-b9c9-6dae8f41f06f
1-108451a6-704d-4bf7-b900-2dad0a6b6dcf,de_mirage,4 / 13,17,1b21d193-72e6-4033-a392-cb26855fdb04
1-108466d2-8fac-48de-987d-e14e48bbd22c,de_dust2,13 / 3,16,1fb315a1-aaf0-4d31-9f24-cdd6afe6e657
1-1085c228-20a4-4eb9-8e45-c28750f09967,de_nuke,4 / 13,17,7f59581e-5ffe-4352-8288-c81cdf0664ba
1-108a811a-74cf-49ed-8872-8b9f5cf828fe,de_mirage,13 / 10,23,84278933-b5bd-4552-bc86-a82751b48774
1-108d8e78-9507-4fde-b766-23712ac10eeb,de_dust2,13 / 3,16,c602641e-533f-43e3-9c2d-e3e8ff687ca0
1-1094c4dd-31de-4710-8cd2-986b34fdf7b7,de_mirage,10 / 13,23,a41177ae-e8f2-4598-ae46-463c5f242ffd
1-1097b28b-b837-49ed-89f8-cff59316836c,de_ancient,10 / 13,23,88389e8b-60f7-4702-a76c-e58a87fdfd8c
1-10a1ed1f-046e-46b5-89a5-cd3dcddd8162,de_mirage,4 / 13,17,c41b9bde-ba1a-441b-b57c-6c3f054db7e1
1-10a69499-3208-4e19-a7f0-5319f48d6a26,de_mirage,5 / 13,18,13435ce5-3e04-429f-ad5b-4c282d8fafb7
1-10a7e0dc-a462-4372-9859-bc4ea8220aaa,de_mirage,11 / 13,24,b5c3e65c-bb6c-49d1-ad75-3823b52ce576
1-10ac8e01-0dbd-474a-be3f-9095154253f9,de_mirage,10 / 13,23,ade7f3f4-c116-480c-b529-f1dc1a9e42b2
1-10b2e628-21c0-41ce-ab41-86f367c545da,de_mirage,10 / 13,23,08b354e6-c7f5-4e64-9feb-cba6baea4ebc
1-10bd35be-dbbf-4d7d-a861-491bdb5b359f,de_mirage,13 / 7,20,df89facc-bdea-4938-b99b-e86ea940f3c6
1-10c6ac53-58d9-4a2b-8a82-85d8fd56245c,de_nuke,14 / 16,30,a2ed0dc1-482e-4df6-9741-8aeb1c66b7c6
1-10c7cdc4-7432-4836-a627-b54fed9d84bd,de_anubis,11 / 13,24,952cbe4a-c6f4-4451-9c84-43a56c55ccfe
1-10cf8f0f-87d3-449c-b0fa-135dfe6a3c6e,de_mirage,13 / 5,18,0122855a-37db-4bc1-a250-b5067a4e6dd6
1-10e1d042-1419-4005-acac-00f74808edaa,de_mirage,3 / 13,16,346f56c6-dde1-4398-90f5-e408375289ba
1-10e33f76-3588-4dd1-87b0-4054ead93aa2,de_dust2,13 / 10,23,c818006c-9e8e-479d-819d-589006677782
1-10ff2846-c135-4611-ba4b-d95d98e68a44,de_dust2,13 / 11,24,9f7b8ca8-cc7e-483a-90e4-c4e831d6f592
1-11083907-8cf2-4ad1-9997-af0bfdbc9631,de_ancient,13 / 7,20,1f75448e-0798-4bd9-a140-ecca04565ecc
1-110ac9a1-e54c-4602-af5a-8c27a8ffcadf,de_dust2,13 / 3,16,2c67e690-0a7d-4845-984b-b2c02e9940ce
1-110f63d0-9a95-49e9-8b70-d227afcbf5b3,de_ancient,13 / 8,21,42773734-2444-429d-b0dc-4d84269e5828
1-11124c50-c2e4-4f22-bc5c-c07e3ecb8b61,de_inferno,13 / 8,21,e90b349d-d3ea-4ea1-b5ad-51adb61b131f
1-1116bce7-ec7e-47b3-9a57-b6072ab56ea3,de_mirage,16 / 12,28,602b8136-64df-4785-86f4-95fa13cb545c
1-111eef50-7f28-4a30-bec4-9fe7cbb4253a,de_dust2,10 / 13,23,63c462ae-57ff-4052-88c5-ce4bc2d7fafd
1-112c42c5-e433-41c8-abe9-5bf8f92031b4,de_cache,13 / 4,17,1facbfa1-decb-4402-87ba-e8dd60d57d9e
1-1131bc72-d6d9-446b-85dc-a996cb447260,de_mirage,7 / 13,20,a66cccad-09ee-4222-bb11-b3720e4a7607
1-113abe75-a0bd-4d11-8384-c7b1930bcd04,de_mirage,4 / 13,17,f0b6eefe-610a-4fbe-8d8e-0443abc7cf7c
1-113c1bc2-6ff7-42fe-988e-9503c53b538b,de_dust2,2 / 13,15,0d08a64f-2251-4b92-81af-1aa3c8f337cc
1-114603c4-2f26-4f7a-8d66-d192da172d9e,de_mirage,5 / 13,18,a7a275bc-f1da-44dc-8710-7c22cabcaff0
1-114c8d00-122a-4cf7-b47f-75f6cd8413a7,de_ancient,13 / 8,21,dd67ea18-17c9-447f-b742-68f00908ea06
1-11520abb-bb13-47a0-b186-37f26dfa4960,de_mirage,7 / 13,20,e74a21b4-f284-42b6-a45b-bb77b2791740
1-115d5da9-8833-4a4c-b70b-d2799968b39e,de_dust2,13 / 6,19,0090092d-eca9-4047-a8c2-7693c494d356
1-11650026-db95-4988-ab17-24bcab0a84cf,de_dust2,13 / 6,19,3f92f5b3-e12f-4e47-a42a-a388d33b2e3b
1-116b0894-db1a-4e01-9eaf-6611e06a53e2,de_ancient,9 / 13,22,12b99523-d022-4659-9138-7e5709950b8d
1-116da009-b325-44dc-9d6e-887b906cf6be,de_mirage,13 / 10,23,ad2ee4ce-0b23-4d8d-93a6-465cc4e23f07
1-1172e8cd-580e-4f3b-a70d-59939e7a6231,de_dust2,16 / 13,29,d613ba91-f4ad-45f0-9b8f-5dd11a52f085
1-11853387-0bf1-42ee-8a24-6e8b6c2b4a17,de_mirage,4 / 13,17,d02ca865-d8ae-4b12-a1b5-1e473a0cbd78
1-1186c829-7b54-43f5-9207-fd31b9c65c08,de_mirage,13 / 0,13,2223e95c-63c9-4b78-b9ff-8d8a56fdc9e7
1-118a897c-b605-4216-aa31-dd8dd3abf9eb,de_mirage,13 / 9,22,d0006176-6704-465e-8c7a-524e42c3a477
1-1196ad87-d24b-4f05-9232-da4669ea7904,de_nuke,10 / 13,23,f84f133b-ed03-42ea-ad8d-e68e18c66318
1-11a7ad60-d670-4319-8697-e7dc07635bed,de_mirage,13 / 10,23,a1dbeee3-5e08-47f7-99fd-11d19a6c2349
1-11a86684-1739-454e-b81d-22f5dda5d7ca,de_dust2,22 / 19,41,794369cf-4aad-4721-abc2-8c60ad7a7fb8
1-11b0647b-e641-4301-9ccf-0a4cb2578513,de_mirage,7 / 13,20,bc58febb-011a-41f7-88a9-848b41260916
1-11b4fd20-1d7a-4ff6-98db-e80d5e4b264a,de_mirage,11 / 13,24,6b52c8a0-92b3-459f-af09-497b69ce2c90
1-11b8dd9c-2279-4368-84bf-b8876f6c9780,de_nuke,5 / 13,18,df32adbd-1a8b-423f-aaab-da65af389782
1-11b9edc8-87b1-42ff-baa5-ab03e7f7cfff,de_dust2,13 / 4,17,35628708-8f82-4bbf-b113-48c4e8326a83
1-11bb42f5-2d58-4a57-ac81-c4d07d7552fd,de_mirage,9 / 13,22,da08f169-5267-45e5-a3ab-62cc3b5f57d6
1-11bf5c86-4181-4616-b15e-1b19cfe70bbd,de_mirage,13 / 11,24,09247ce3-389b-4b75-86f4-2f124aa014dd
1-11c2d370-55e6-4868-82bd-95287585d86b,de_anubis,4 / 13,17,fc6baadf-0af0-4400-8a40-841938c995e6
1-11c64383-5059-4c17-aab9-f699d2f38bba,de_dust2,4 / 13,17,8ad4c3a7-cf03-4c7a-a462-ddb8132ff2c2
1-11dcd234-1a5b-4f4a-8e35-c26d62379867,de_ancient,10 / 13,23,39d87598-8a78-4be1-a750-cf84bf333837
1-11dfaf4f-9b3a-4517-a87f-b7e6724000f4,de_mirage,13 / 10,23,31833282-2daa-45fb-9b59-139a8d1849ef
1-11ee5793-9354-4ed5-9f49-19b123078147,de_mirage,13 / 10,23,516799b7-ce08-4aca-b8fe-c1c077865203
1-11ee827d-b225-49da-b634-6ccc93c4abaa,de_mirage,13 / 4,17,5e939271-656e-4ab9-990d-4e0778b23906
1-11f40bdb-cdf8-44f7-88df-5c872d2964ea,de_nuke,13 / 8,21,1b8b89e1-42c3-4259-89df-59c567073d3d
1-11f70425-702d-4842-98cb-39a885bdf886,de_mirage,8 / 13,21,d0006176-6704-465e-8c7a-524e42c3a477
1-11fbf97f-bd08-4b73-a80f-90d22431d217,de_mirage,2 / 12,14,19a920b6-5e98-47b7-aeda-00f273e40525
1-11ff03ae-69bc-433c-a694-87a03e88f393,de_mirage,9 / 13,22,bb2ec3bb-2f93-4208-8058-eee4c0e5ae11
1-1200f0e4-01e4-4c66-812d-55f4f87c212b,de_nuke,13 / 8,21,1830d4f8-a243-47d8-b8b8-943f7170b163
1-1203c7cd-f85d-4400-a32d-0611354ee1bc,de_nuke,13 / 8,21,50dfb30b-2b17-4cd9-ae29-44adc28b1cfa
1-120d9e6f-bbb6-4d4e-a8a2-ec1cdfbd82eb,de_dust2,11 / 13,24,35628708-8f82-4bbf-b113-48c4e8326a83
1-120ff33d-20a2-4d37-9a16-20613e64b3be,de_mirage,14 / 16,30,5501f72e-db24-4fa2-b20e-272c3d6e0fec
1-1214eb73-c2ba-4dd6-a67b-d8741c30f389,de_dust2,16 / 12,28,d77be5ad-29d9-4688-848c-e10d5946182d
1-1222b6a6-e49f-4072-b5d1-d9f2a1b1f162,de_mirage,13 / 9,22,871725b7-8782-46da-9858-3925acf17ef9
1-122ea0aa-7409-4b13-893a-6dae5a268f53,de_mirage,9 / 13,22,7cfbd6d1-0989-4464-b58b-30b951698fae
1-123d46da-e5ee-44c7-ac0f-0b3d6e61ae02,de_nuke,9 / 13,22,c77850d9-1af7-400a-a2f6-a9643e8e238d
1-12411361-52bf-4b81-847e-11e61b571c52,de_dust2,13 / 8,21,be945614-1a0b-4e4e-92f6-e981111d4e92
1-124b598e-9b5f-433d-b71f-d98e244968f7,de_dust2,13 / 7,20,42548ecc-d506-440b-893a-747825d3239f
1-124ca70c-97d9-473c-9007-acc2374fae70,de_dust2,13 / 10,23,b1fd05a4-6c62-4c29-8ba2-d61234660b21
1-124ce3a5-5eb0-4004-b9c0-b627f45fcfac,de_dust2,3 / 13,16,b741d849-607e-4606-a4b3-6993a2f378eb
1-126055f0-b501-4888-bc4d-a1f3f1fa7440,de_anubis,13 / 7,20,7e050bb5-14cb-4f2b-b435-551eb8f5bdb6
1-12702e30-53dd-431f-a0a1-d3e8925d9dcf,de_dust2,11 / 13,24,8606f2d2-16cd-45a7-9e6a-76c5bde10847
1-12729f70-d001-4429-a839-fb47dae4178c,de_mirage,13 / 6,19,a163c4a6-ad18-4d3a-bacd-1ce4e1e6b6da
1-1274a6d5-9504-4a64-b013-b977182fb61e,de_mirage,11 / 13,24,e2608ffa-47c1-4596-8057-092ddd5545ef
1-1274be3e-dd36-4f10-847b-b5e1192a469b,de_dust2,9 / 13,22,dd8b2125-7753-464f-8445-1ade23d31f55
1-12784783-1d7b-4e8a-9fc9-2b5ae5191bf8,de_dust2,13 / 10,23,7293f1b3-b326-4f1a-a08c-a7781ce94f33
1-127ed1e8-2cba-426c-a457-5b0715e846b0,de_mirage,11 / 13,24,dd8b2125-7753-464f-8445-1ade23d31f55
1-12870999-90d8-477f-8444-1d4ef57705d2,de_cache,13 / 7,20,d97a13bd-eb34-457d-ac15-9c772773fb31
1-128c8e1d-564f-4ea4-89e7-bc599d3c262b,de_mirage,13 / 9,22,71297272-5943-4453-9f40-457c7e73c684
1-1291d148-3b4d-451f-8f34-8e6d6205dfde,de_mirage,9 / 13,22,093f0878-4652-4139-8f22-d93d02887e9f
1-1291d148-3b4d-451f-8f34-8e6d6205dfde,de_cache,13 / 11,24,7a4fa329-b2ba-4bca-bae8-d86fe973a184
1-1291d148-3b4d-451f-8f34-8e6d6205dfde,de_dust2,8 / 13,21,093f0878-4652-4139-8f22-d93d02887e9f
1-1292ee2f-1971-4d7e-a77e-f5a7eec7d537,de_nuke,4 / 13,17,a755bb8d-17d2-4f7a-bd41-74c4f898db9c
1-12a1ecd9-552f-4173-b87a-71406491693d,de_mirage,13 / 7,20,0b0febdf-884a-44d5-a976-d1226b5b268a
1-12a309a8-b8e2-4634-b2d0-68a5583dbb91,de_anubis,5 / 13,18,ee4e884f-47e7-4cfb-9621-00487620439b
1-12a6493b-9c91-48d4-80ef-f6382d78a82d,de_mirage,19 / 16,35,e7e8207b-9764-4909-91a9-e74d4a54eeac
1-12a8c6d7-f3c7-43f9-9ad4-61df2780b3db,de_mirage,13 / 11,24,93da3256-5c78-4854-a64f-db6ec933cf93
1-12d106d4-d24c-44b6-8f76-dac61b666256,de_mirage,6 / 13,19,6f5dc0d2-e3c3-431b-8ecf-341b3d15d13e
1-12d466f4-3a7d-4753-956b-1f79ab7bb7a1,de_dust2,8 / 13,21,3f2b623f-4d0e-4000-85d4-e44be0cd5946
1-12e592f0-0fe3-4cc2-a35f-a204b76b796b,de_dust2,16 / 14,30,ae07c139-c53e-410d-b54b-b851efca9446
1-12e8d21b-d6e7-486c-baf6-7ce8e967b8ee,de_dust2,14 / 16,30,11e15725-6ae9-4abf-9b76-cc0aa74a43b2
1-12f90bb1-3882-494c-bd0a-eb973dfbab7b,de_ancient,13 / 8,21,f4dd37e1-61b1-4d88-a907-223ae8d0289c
1-1303c425-a6a1-4e11-9089-8c2c9e8a8489,de_dust2,13 / 8,21,d91eebc6-cf79-4e59-8b37-2c38c189c485
1-13065661-4697-4e2e-b55c-968ab998dbf6,de_mirage,12 / 16,28,e4937273-6567-4573-a386-062f5eedca80
1-1311372c-89cf-4c27-b3c4-0800d6a89920,de_mirage,13 / 10,23,f4e5c15f-2238-4d27-8fa7-1753326900ad
1-1315ebbd-f723-45de-b166-06c19c3976ca,de_mirage,0 / 13,13,11e15725-6ae9-4abf-9b76-cc0aa74a43b2
1-1319d757-c9ff-4a78-8c2c-450e6ba6fea4,de_mirage,8 / 13,21,493837d8-e54e-49c5-ae7f-797f9560730a
1-131bd10b-5907-4a1a-a7bc-49473411beb3,de_anubis,10 / 13,23,415cc859-c677-4816-88e9-4d91fd10112c
1-1321103c-7824-4d7b-a45f-4240bccaea5b,de_inferno,13 / 9,22,0d8baaa7-e4e1-4fd4-9dd8-9f8793ad1c25
1-1327857e-2976-45eb-a297-2ba0e4ce7eb5,de_mirage,13 / 6,19,81329c7e-247c-4d87-85cf-cbe1caad52c6
1-132a63a0-5324-4a03-ad22-490e8078fe10,de_dust2,13 / 9,22,e95ba761-f06f-445b-a2ed-4d197a94774c
1-13330d20-06d5-40ab-a070-115cd3e6eaef,de_mirage,13 / 7,20,0090092d-eca9-4047-a8c2-7693c494d356
1-1334d5ab-14b9-478c-8bf6-25e6cd61ee68,de_mirage,6 / 13,19,1b21d193-72e6-4033-a392-cb26855fdb04
1-13366b6c-8ef3-4899-a996-991cf3f83727,de_mirage,13 / 10,23,38054c7f-eca6-4f9e-a212-1795994377b6
1-13370ae9-9ceb-4e87-a738-583815720561,de_mirage,13 / 10,23,86e54edd-e1d1-44c4-9073-bf02700b39a2
1-1337c707-d417-4fd1-97b2-603e553873f9,de_inferno,10 / 13,23,a3e49fa3-a2a0-47a5-a1fb-a64d3ab8f7fe
1-133aecc2-17d0-44d8-a3b0-dbbde3d7d6a7,de_ancient,13 / 11,24,4960fa72-7574-43ff-88dc-e6a44a8b636c
1-133ce332-6813-47ef-84fd-afe683cbc294,de_dust2,11 / 13,24,c12f9493-9159-4d4c-b83c-06d08ee81ca2
1-133e5bcc-16ef-44ec-ae04-96a936e12d44,de_anubis,7 / 13,20,d5b5feb0-c90e-4bfd-b0ea-57aac3deb89b
1-134da639-6e47-4054-b49e-ab29b1e11652,de_mirage,9 / 13,22,702c9dd5-c84d-42de-942e-58e921fd34d9
1-1373aded-5053-4436-9533-94c9ea2008c8,de_mirage,4 / 13,17,18ea8295-4d09-4c2d-945b-5e717c3f2e46
1-137e7c85-0dbc-41c6-ae13-9ac450bcc149,de_dust2,5 / 13,18,e6084958-b6c0-4bcd-bc56-3a86632f6f9b
1-137fe1eb-d879-4db1-85b1-0972ea00c557,de_mirage,6 / 13,19,8b5bb558-c8da-4536-8421-99422477b090
1-13855901-767f-4103-b283-fc67c9b7ef5e,de_mirage,13 / 2,15,621b97a0-92fe-480b-96cb-aad95cf2515e
1-13855901-767f-4103-b283-fc67c9b7ef5e,de_anubis,9 / 13,22,022e2724-b63e-4bc0-9de4-8bd2664ff4fb
1-13855901-767f-4103-b283-fc67c9b7ef5e,de_ancient,13 / 7,20,621b97a0-92fe-480b-96cb-aad95cf2515e
1-13868bc2-6f45-465b-8527-f007622e4167,de_dust2,11 / 13,24,e561225e-79dc-451b-9d7d-868c1de5e54e
1-1393b73a-821b-432c-aed9-90213966332d,de_nuke,14 / 16,30,e25d8f31-b1d0-4df2-a5a6-d023b592969e
1-1396b3eb-67e5-4ea6-8141-5464b312ce5a,de_dust2,11 / 13,24,30f7a34a-6f84-4c89-bb20-49cf69e5976f
1-13aab8a3-a5a3-4f16-b12c-c197a4493d92,de_anubis,13 / 10,23,dd8b2125-7753-464f-8445-1ade23d31f55
1-13afc3cd-0727-4683-ae4b-f71a589208f7,de_mirage,13 / 3,16,49cdfeb8-99b4-4859-8009-172ff672710e
1-13afc3cd-0727-4683-ae4b-f71a589208f7,de_anubis,13 / 1,14,49cdfeb8-99b4-4859-8009-172ff672710e
1-13b460a2-dddc-4724-ae8a-4cd43e7b413f,de_dust2,13 / 4,17,abafaeeb-7464-4d59-80c4-be47cbd8a651
1-13b590b3-66db-4db6-bd17-fb21e153ca04,de_mirage,0 / 9,9,4818aac8-1a69-426b-8a55-a7fcb4e89126
1-13b5ca6b-4bfa-4142-9866-f2f43cdf5ada,de_cache,1 / 13,14,855c7f1a-b8be-49b3-aa2e-9277364ae4a7
1-13b9893a-ff39-466b-be14-0a39319905d8,de_dust2,13 / 2,15,f0c60dbd-92b0-4020-a694-6902a8320017
1-13bbb4af-549b-4c55-9ff8-9f9fdd769489,de_dust2,13 / 7,20,e88a905c-7506-4a78-8462-5c0ba4b5d197
1-13cef05a-d0e9-42a8-9852-504e66d7dc59,de_mirage,1 / 13,14,62fded9f-ef96-4980-a586-66e6bfb8f572
1-13da7d71-c0c9-453f-8d27-d286fb29b500,de_dust2,8 / 13,21,2950a715-f393-4a08-977e-89a2a5f9a95b
1-13dbefb0-9154-4487-a326-ba947ece48f8,de_nuke,7 / 13,20,5e2f6190-6636-4a89-951a-0948b7c345ed
1-13deb958-19b3-4f89-bd75-26398d463e49,de_mirage,13 / 4,17,0a38e0a3-03a1-4aea-8c24-396ad8d802c1
1-13e0c1e6-a71e-497f-8978-e4b5fa94bd25,de_mirage,13 / 10,23,9c8e5a56-8bdd-4543-8e42-43b59b9128c3
1-13e0edaa-25eb-42d2-a17f-0ab196fbe0aa,de_nuke,16 / 14,30,f0c60dbd-92b0-4020-a694-6902a8320017
1-13e232b1-d109-4f1c-a0a3-61a471ef6ca5,de_ancient,2 / 13,15,2fdc557d-8a41-428c-8776-11232e1ba730
1-13ee6c02-6202-4256-970e-7641fa6ac7de,de_dust2,9 / 13,22,86c3887b-322a-4a00-b6e8-4bb639aab809
1-13f694f9-10bb-4fe7-b551-615e92797587,de_anubis,13 / 16,29,86e54edd-e1d1-44c4-9073-bf02700b39a2
1-13f6a45b-fb68-4e15-82ce-8532b7f75314,de_dust2,13 / 4,17,d0006176-6704-465e-8c7a-524e42c3a477
1-13f7d711-a34c-4195-9d13-38cf8b45c9ba,de_dust2,11 / 13,24,10d374c2-d634-49b9-969d-e9d7258a1c48
1-13f9a0df-e740-412a-8960-99f2219f68c5,de_mirage,8 / 13,21,e1acf6b8-4349-493c-9f09-b6c694dac0b3
1-13fadd41-88bf-437b-9470-248283732f66,de_dust2,13 / 16,29,578fccfa-9b82-429c-b797-645740763f8b
1-13fb4189-98dc-4aad-956b-d85722907937,de_mirage,11 / 13,24,175b1046-459e-4f82-bfa8-262b9527e64d
1-1402ce99-f938-42ea-a68b-a8c4575626de,de_ancient,9 / 13,22,c6f2ed50-e9cc-4beb-aa1e-4311c65d3623
1-140eafbe-b394-4845-9acc-107f125ac8c9,de_mirage,14 / 16,30,63c462ae-57ff-4052-88c5-ce4bc2d7fafd
1-1415578b-da16-4822-8b9d-e27c82ec3f16,de_mirage,1 / 13,14,35a3708b-bbde-482a-b76f-9d1c0894134e
1-1416d768-915d-4421-9bbb-55efab2e4fa1,de_dust2,5 / 13,18,c996c7b8-0857-4e8a-afa9-d199f12f2931
1-1419335c-9202-4500-b2b3-bf2d87613393,de_mirage,0 / 13,13,a5fa9e4c-0beb-4b4b-94bf-fbda21fe9fe4
1-141a31f4-d9ec-4e6e-9d76-23e888fd7570,de_mirage,13 / 8,21,43a14ace-24f0-4454-b556-1e4e277cad55
1-141c2cb3-7513-4454-bdeb-95c9b0fefcb2,de_mirage,13 / 10,23,175b1046-459e-4f82-bfa8-262b9527e64d
1-14206bea-80f3-48c8-947c-95587e855911,de_cache,13 / 8,21,d1758aba-af5b-4f3e-8044-1437c1aa7aeb
1-14248712-f106-401d-8025-39bee32ba5ca,de_dust2,8 / 13,21,7075449e-c87c-451c-a9bd-2ea89147f2fb
1-14371473-e912-41bc-adf4-cb2a89cfb35e,de_dust2,13 / 10,23,d4b40b67-5ff4-49b9-8f02-17a2790bd4ee
1-1440438d-7bbd-477f-9f49-18ca70a9ee6d,de_mirage,6 / 13,19,3c6ee8f1-a6cc-4f1c-9c35-991bbb706462
1-1446f4a9-bec4-4e5f-84f9-71c26ef931fd,de_inferno,13 / 10,23,1eea1d7a-446f-44ce-909d-0b60fa64aab0
1-1447f0ba-adf8-4a3b-9c8d-aef8103ba325,de_dust2,13 / 7,20,c1bb3e6b-be61-4e43-be52-2c13ac3dc612
1-144e4fa4-984d-4552-941c-29ed00f72e06,de_anubis,11 / 13,24,db441e23-1acd-4bfc-b3b1-76ec80d9bd02
1-1465c3fc-3f0c-4b91-b6f1-4859a4ac4f3f,de_mirage,6 / 13,19,0090092d-eca9-4047-a8c2-7693c494d356
1-1469abd7-c3d3-4e37-b613-854ee2957607,de_ancient,4 / 13,17,ca6e4ae7-4d31-4a1e-b710-200dc9b6b8ce
1-146ff7a9-f455-4d72-965d-96397a89e12a,de_dust2,13 / 9,22,0ccd9166-8f87-4444-bc74-cfdcef33b318
1-1481fb00-06c9-41c9-b8a0-2ecb7c531b81,de_dust2,13 / 8,21,e8cfa7c1-541a-45c8-afbe-da81396cafa4
1-1481fb00-06c9-41c9-b8a0-2ecb7c531b81,de_nuke,13 / 6,19,e8cfa7c1-541a-45c8-afbe-da81396cafa4
1-1483bbd2-e230-4e1e-a676-45366ba5fe1d,de_ancient,13 / 8,21,6592149a-9f87-4bba-ac86-b3e8897fa5af
1-1483bbd2-e230-4e1e-a676-45366ba5fe1d,de_mirage,16 / 13,29,6592149a-9f87-4bba-ac86-b3e8897fa5af
1-1487e27d-e00c-4a7e-958d-3908e421deee,de_mirage,11 / 13,24,197c982d-31b5-451f-9c57-8e12f2eaeac5
1-149bc27f-f9bc-4771-a795-b910dd7f82d7,de_mirage,10 / 13,23,42548ecc-d506-440b-893a-747825d3239f
1-149f1b37-bc8b-4f72-b5d0-4a9083553c9d,de_dust2,6 / 13,19,5a87d4a5-33c3-4531-a432-1e2295e1a79f
1-14ae4b68-1aab-4e17-9b54-04e8fd340a65,de_ancient,13 / 2,15,bcb65959-3005-49b5-a9a8-f1bb6d521464
1-14b128c5-7d97-483b-8a1c-9fdcfdd75ffb,de_mirage,31 / 28,59,d7cfe3be-cb1c-4f42-9d18-029a3ad13d91
1-14b19074-e43b-4803-9729-8f7656864016,de_ancient,13 / 6,19,da08f169-5267-45e5-a3ab-62cc3b5f57d6
1-14bbb377-3470-411f-a1c4-da0480659371,de_mirage,13 / 16,29,ddeccd81-9b5c-48b6-9757-5cb9673d9a97
1-14be0055-9233-47f0-9174-26b4d4c22e42,de_mirage,9 / 13,22,e7e8207b-9764-4909-91a9-e74d4a54eeac
1-14c01e38-2dea-4890-8ae6-851cd2ab15f9,de_mirage,8 / 13,21,a66cccad-09ee-4222-bb11-b3720e4a7607
1-14c14231-e2aa-4ba2-a7e3-f9092fd3da45,de_mirage,6 / 13,19,19d794eb-6084-4ec3-b3cb-6f85d6d09532
1-14c455b8-c168-48dc-a652-420d479b8f44,de_mirage,13 / 10,23,8f611df5-eb41-4ac1-955e-5026ac17b2a2
1-14c858f9-f2b7-4bb4-a111-6ee8d7bb69f6,de_mirage,13 / 2,15,f629b169-d2e3-4c63-bda0-1e58cfdb27c0
1-14ce0db7-c645-4409-99dd-a9a8d8ddc53e,de_nuke,13 / 10,23,df89facc-bdea-4938-b99b-e86ea940f3c6
1-14d8745a-89a8-4b95-8a6e-ef8f7733758f,de_cache,9 / 13,22,02b6d7ad-3837-4792-9876-49091d5a2dbd
1-14e03166-e992-4884-beb7-2bbf59913b7f,de_mirage,7 / 13,20,ed977cb8-0020-47f7-bcad-b4025eb7a259
1-14e5d850-0294-427c-90bc-8a24efc163a6,de_dust2,13 / 5,18,4818aac8-1a69-426b-8a55-a7fcb4e89126
1-14fdc6e3-5537-4060-b59d-21be0ee48d48,de_dust2,13 / 11,24,f0c390b5-4ac9-4f01-a1ed-367f6c37ab05
1-150668e6-d50f-42f7-ab7b-23e3204c70c4,de_mirage,10 / 13,23,6b52c8a0-92b3-459f-af09-497b69ce2c90
1-151a876b-a67e-4aaa-bfea-c2e4b4cec32b,de_dust2,13 / 9,22,b0dfca2c-f31f-480f-a8a3-7fdba0bf2744
1-151d5a1e-e6ea-4c3d-8cae-3f180fc2e0b5,de_anubis,3 / 13,16,fef76318-776c-4732-828c-771726c156ee
1-15237afe-d029-4d1b-88e8-4401434bdfea,de_dust2,7 / 13,20,3b5b6666-0fe7-4128-b231-36f4ff799ebe
1-152e8f25-f721-46af-b79d-b80d0ea99d1c,de_mirage,13 / 6,19,56be3f16-ede7-4ca8-9dcc-bb0abf375539
1-153b0e2a-8fa2-4f90-8bb2-da96026b72d5,de_mirage,13 / 4,17,0d2b9bd5-e67a-4f62-ad41-73efe7549855
1-153e5865-f3fe-4760-9d16-cc4f23b8b41f,de_ancient,9 / 13,22,34199492-3d5b-4008-92f3-4e05baeeb9f9
1-154c69c9-f26f-4743-9025-8300a1791cf8,de_mirage,13 / 4,17,dd8b2125-7753-464f-8445-1ade23d31f55
1-15516d74-f29b-44bf-9fd1-ed89f42ceaa8,de_mirage,5 / 13,18,09869807-7afb-4786-9d98-e2f4a4f37bda
1-15620a72-5f6d-4da3-bb82-2c12753bd8b8,de_ancient,16 / 14,30,52631bcd-8d15-4f20-b1cb-0f379ef1828b
1-15667b78-6ea1-4c9b-866e-7da764d88594,de_dust2,5 / 13,18,77e15f31-b669-4c6f-a960-cb49870e3867
1-15751f50-9247-47e0-912f-021ed8b37fe4,de_mirage,13 / 11,24,3bc139e1-1ed3-478a-ba15-7ee70a789e9e
1-157e1edf-8abd-4a54-89f8-d80827de31f0,de_mirage,13 / 10,23,1c179609-dd91-4456-9613-0c668fa9c385
1-15820e8b-570f-4df4-9961-9492c61ece26,de_cache,13 / 10,23,2ae7290a-231a-4053-a45d-0f314b3b7758
1-15879909-a137-4694-9e82-68c9783fadd1,de_ancient,20 / 22,42,12b99523-d022-4659-9138-7e5709950b8d
1-15936d54-d781-43e0-a5b8-07c01c140477,de_ancient,16 / 14,30,746fc7f6-fdea-499a-8adf-8d4b31ecc243
1-15aa45bd-65ff-4c32-9746-63b43d837d5e,de_mirage,3 / 13,16,a2b1f76a-46ae-443b-9fb8-ea80d26a2f0f
1-15b008a9-cd3d-4103-842a-7e726ece41c1,de_dust2,11 / 13,24,92478c8b-8627-4ef2-8b40-9454566eed3b
1-15b49980-795d-4176-81e4-e9e0a454fb5d,de_mirage,13 / 6,19,7d88f1c4-ba45-4972-94e2-b995f679bec4
1-15b4d54d-0eea-47f8-ba0d-ae33890cb04e,de_dust2,2 / 13,15,b98f2be0-409d-416a-a9ff-b55f3c2bd72e
1-15bcbcf7-e32e-4d41-b4e7-df56c0130afc,de_inferno,11 / 13,24,a578f064-ba34-4e64-ab31-735ddcdb69ea
1-15cb683b-e3f2-401b-ae9d-0eea59ea0da0,de_mirage,13 / 10,23,5a87d4a5-33c3-4531-a432-1e2295e1a79f
1-15cc658c-c693-45ec-b384-118ea90ab43a,de_mirage,16 / 14,30,b873c3aa-a0c0-4298-b9f4-7d508d1ee304
1-15dfda32-be04-4fe2-b13a-199a17d8ba68,de_mirage,13 / 10,23,403657b5-2969-4b4c-8865-2ab9f57371ef
1-15e51c59-402a-47cb-9f2e-02474217ba83,de_mirage,9 / 13,22,0a38e0a3-03a1-4aea-8c24-396ad8d802c1
1-15f01e92-23a2-4323-9c4d-c0a441fdf6ec,de_nuke,13 / 4,17,1156ef24-4ab0-4a30-a283-0580e6ab5a5d
1-15f88454-84a4-4d1b-a0a3-e0c4cfb5f436,de_ancient,15 / 19,34,f11a909d-0577-41bf-add0-af13fdac2248
1-15f8e193-25e2-401e-aa0a-df496a3a1a1d,de_dust2,2 / 13,15,045f9998-20dd-419f-9d23-3af2c5bed357
1-15ff5ad0-3838-4d30-8806-72363a8fa800,de_dust2,16 / 14,30,8b4beacb-91c6-42c1-a360-2fd27118b368
1-160383ae-41bb-45e4-9984-b26051e68b26,de_ancient,7 / 13,20,09320bf5-32af-44a5-8814-f1948ee45710
1-1604a029-301b-462d-b519-1910582f5763,de_inferno,13 / 10,23,2dc1af0a-b525-4a47-9f83-fcb32c72cb52
1-1611f970-7246-4b03-8c96-0fdb10185521,de_dust2,8 / 13,21,86c3887b-322a-4a00-b6e8-4bb639aab809
1-16151bd3-cf94-4f7f-8f89-077d865d642e,de_mirage,11 / 13,24,552a8a4a-7d79-4a4b-a559-ed418cd9a2e5
1-1622bb74-9d25-4c6d-85f3-4646722ecb81,de_dust2,13 / 11,24,746fc7f6-fdea-499a-8adf-8d4b31ecc243
1-162cdea8-7833-4621-91a7-01a4e7e404a1,de_mirage,7 / 13,20,4c8a70d7-db86-40f8-a5d6-4753806bfde6
1-162fa0e5-8ef5-45fa-91a3-b22bcfc6314e,de_mirage,10 / 13,23,8009c941-61b0-4ee8-a872-170c87b4b841
1-16346f75-19ec-4a87-8a96-85b230cd903f,de_mirage,13 / 11,24,86c3887b-322a-4a00-b6e8-4bb639aab809
1-1635aebb-f904-4d2e-a1d6-47b1aeb1726d,de_dust2,8 / 13,21,093d9086-3581-4500-8f69-20a7839f8fe1
1-1640b318-6059-439d-9dc3-1ede46ed3a34,de_mirage,6 / 13,19,e7e8207b-9764-4909-91a9-e74d4a54eeac
1-1643359c-4682-4049-b934-956e9a3a0562,de_mirage,11 / 13,24,157dfd0a-e241-47ab-8f79-35b941a94e58
1-16486b56-6eb6-43f4-b522-15241bd2f991,de_dust2,13 / 11,24,c27aaceb-b38a-4375-92a1-64e49079f1b3
1-164c6970-0b4f-42c4-aa55-831650a35ae2,de_nuke,13 / 11,24,87687942-6bf1-4166-be01-ef66a253b615
1-164dc463-326f-42e3-8516-0778b528f987,de_anubis,11 / 13,24,5958f8e0-04c2-4499-bc94-b79d0f0effb4
1-16511b6e-0dca-4dae-be47-329ebfa27040,de_mirage,9 / 13,22,695a8791-2404-4d91-ac01-67fdcc01a63e
1-16586130-db49-4132-a49e-2bd05313e27e,de_ancient,13 / 6,19,43b264d6-7980-4001-bc47-76e8e887b817
1-16679ac1-9bbf-4f87-8dc0-9092dc5900c2,de_mirage,11 / 13,24,abafaeeb-7464-4d59-80c4-be47cbd8a651
1-166d45ef-90f6-4559-bcc5-d3bd7dfc42c8,de_mirage,16 / 12,28,34199492-3d5b-4008-92f3-4e05baeeb9f9
1-166da2fa-a09a-40dc-99d4-c70f5e57164e,de_mirage,13 / 11,24,61dd68d5-6530-4017-b9f9-2ab0b00a1fb2
1-166e6b67-3e43-41d9-85e4-0d3d35e647f2,de_mirage,11 / 13,24,709890f5-f2bf-41d0-a143-bf832921268c
1-1672d376-26bf-4bb6-ba67-2d003ef6bbe9,de_mirage,13 / 6,19,f9a55830-fd0f-4cb0-b8e5-167046738ae4
1-1674b9f1-7d68-43d9-9e65-b5757c39d9d9,de_ancient,9 / 13,22,1334a013-7368-48b7-a394-632bc93512f0
1-1674b9f1-7d68-43d9-9e65-b5757c39d9d9,de_dust2,13 / 6,19,0948f5ae-5eb1-4fa2-a6eb-112c1f2666b9
1-1674b9f1-7d68-43d9-9e65-b5757c39d9d9,de_inferno,16 / 13,29,0948f5ae-5eb1-4fa2-a6eb-112c1f2666b9
1-16759784-1bd8-488a-a1d6-f6a6fa7b2413,de_mirage,6 / 13,19,ee1ec661-b748-48c5-bc72-92fd765ebb01
1-167c3d5f-b03f-4f7e-94cf-37669a72dff7,de_ancient,16 / 12,28,1a4bfb44-0ab1-40f3-9150-688b04cfe158
1-167d78fc-5855-4f08-9c45-0ac3d38c3211,de_cache,13 / 16,29,ad0f1682-98a0-457c-bc37-4748b05a14c7
1-1684dd2d-9084-412c-a7b8-201e787b8e01,de_mirage,8 / 13,21,10da9dfa-5058-41f0-9aff-636f418fc139
1-168f681e-ca6e-4940-8556-cc43e965951c,de_nuke,13 / 6,19,6592149a-9f87-4bba-ac86-b3e8897fa5af
1-168f681e-ca6e-4940-8556-cc43e965951c,de_overpass,13 / 7,20,6592149a-9f87-4bba-ac86-b3e8897fa5af
1-1694cf8f-d05a-4de7-813d-1aeae5c283d2,de_nuke,13 / 7,20,de6c872e-956a-46df-a0e0-67bcc6df4002
1-169a20d9-f9e1-4fd6-8c5d-01274387d9dd,de_mirage,13 / 9,22,31833282-2daa-45fb-9b59-139a8d1849ef
1-169c7ee5-a6a3-4587-912e-f2e31e764e07,de_mirage,13 / 10,23,1b7ce264-cae4-45c5-afb1-526123adaf65
1-169de71d-478e-4286-955f-896e3674dc28,de_inferno,8 / 13,21,6df8f4c1-9bd0-4f79-833e-5b296cca8271
1-16ab531f-7c99-4251-baeb-ae4220f65c3d,de_dust2,13 / 10,23,44b564ac-b1d9-423b-9feb-d1159702310c
1-16aba732-8bb8-410b-bf68-fc3c018b6646,de_mirage,10 / 13,23,0fbc98e3-895e-499e-8d4f-86bcc146e4f7
1-16b79123-36ba-4358-95a4-832a516f6bf9,de_inferno,11 / 13,24,f0f3ba1d-2237-4b3a-9c33-dd343a3e50f8
1-16b9ab29-b588-4ba3-8b12-840d438244f3,de_inferno,5 / 13,18,b6a200ab-b40d-46cb-920a-ed58f1e174bf
1-16c0b0c3-8f3f-4c43-b178-1e1cb78ac591,de_mirage,17 / 19,36,dd95f56e-bffc-44af-9fea-e181fce71122
1-16d307eb-51c2-4651-9c91-1214aebc68b3,de_mirage,13 / 11,24,9f7b3e8b-945c-41eb-a3a3-c4ca2b3e1194
1-16dcf0ae-6036-4957-b424-cb2cd7f33fd0,de_mirage,13 / 1,14,70eef28d-640f-4d89-875f-4e7c514851b0
1-16ded33e-2100-4376-b6bb-3bc11a9feabe,de_dust2,13 / 11,24,f4e5c15f-2238-4d27-8fa7-1753326900ad
1-16e7de4b-f52f-4e44-9994-49e8942ce4bd,de_mirage,2 / 13,15,0a38e0a3-03a1-4aea-8c24-396ad8d802c1
1-16ecd081-03cd-4ae3-bae6-4d22232be5bb,de_dust2,3 / 13,16,c994d039-2f36-43af-9c4b-a9baba4705c3
1-16ef4841-e2d3-4e7c-ba2f-b50e6e822a81,de_cache,28 / 31,59,84c69bfe-3507-489c-894c-7cae58a06911
1-16f5bdeb-14ed-4a06-b754-e410859d2601,de_mirage,16 / 13,29,4b4acaab-b58a-4974-8b35-0294e3511649
1-1700d8bb-c1c0-4ee3-8e5e-71cfbcaa304c,de_dust2,13 / 3,16,a3cde873-ddbb-40b2-bfc3-9ffa634c0548
1-17030835-5945-47ee-9a43-c9f0f991d151,de_anubis,14 / 16,30,6b52c8a0-92b3-459f-af09-497b69ce2c90
1-17107c16-bdcb-44f3-85de-9802a6c52db3,de_mirage,13 / 11,24,edcda468-b5e3-4e12-8e47-a01244c04650
1-17136bed-bfc7-4cea-92bb-ea54152e6675,de_mirage,13 / 9,22,ddeccd81-9b5c-48b6-9757-5cb9673d9a97
1-171b0908-ac0a-4135-bda1-2bd974c54591,de_ancient,8 / 13,21,7cfbd6d1-0989-4464-b58b-30b951698fae
1-171c8196-fac6-45f6-b36e-91f3bfef0331,de_mirage,13 / 8,21,6af6333f-69b3-40a0-8d55-8c4f7c1a244b
1-172cd019-959a-426c-b846-dfcc96ccdc43,de_ancient,5 / 13,18,c91d377b-015f-45ab-b4b8-85e839a54020
1-17312c70-a50a-4cb8-a6ef-72f29f2dbb49,de_mirage,13 / 3,16,683665ef-b3a0-41e4-80d4-05ed7ffe707c
1-173985d7-28e9-4ffa-a4f4-85a045c8cfb6,de_dust2,13 / 11,24,346f4397-6111-4186-97b8-41bd5353d954
1-173cd58a-fe30-4c1a-9356-4c27a09cda96,de_inferno,12 / 16,28,5ac812ac-984c-43e0-a670-2ca41e0071a3
1-1740593b-2b76-4d9b-b5a6-7f72c2812841,de_mirage,13 / 11,24,86e54edd-e1d1-44c4-9073-bf02700b39a2
1-1745b558-da13-4b48-9fc5-95a57e617368,de_ancient,14 / 16,30,5386a3de-b940-4c4a-860c-8a3288033cfd
1-174e716e-4410-47e0-9f1b-7ffbb1afb9c8,de_dust2,13 / 16,29,1fb315a1-aaf0-4d31-9f24-cdd6afe6e657
1-17528e80-b3a1-4c12-9da6-7d8991090c2e,de_anubis,9 / 1,10,db441e23-1acd-4bfc-b3b1-76ec80d9bd02
1-1757b4e4-bcd3-4973-bb33-04ba3684d731,de_mirage,13 / 8,21,1b21d193-72e6-4033-a392-cb26855fdb04
1-17650f4c-a83e-4132-a235-09c56999819e,de_mirage,8 / 13,21,b7a49149-cbc8-403c-a1ef-5eab907fd9c6
1-1774e71e-faae-425c-9b13-b525b92bb7cc,de_mirage,9 / 13,22,d8847e4d-50a6-4d06-bd25-a44a01a179a2
1-178d5fff-5619-4946-94d6-ab3ffc678909,de_mirage,13 / 6,19,1f30c0d7-aa1c-4a6b-a275-d44fbea93682
1-179cd067-0b31-4237-85b4-d7d02f2dc84b,de_anubis,13 / 1,14,82fbfb2e-8afa-4793-bf6c-31dca6df7be4
1-17a65128-6fec-4819-84ba-32c9886d9c89,de_anubis,16 / 12,28,d8ae3f93-461b-47df-a2c2-da6e519776a6
1-17a8f4fb-2f22-48ab-ade1-d2ab823d49fc,de_dust2,4 / 13,17,8ca613c9-38a0-463c-94c3-ed5be7ad182c
1-17a97796-1de7-4007-a6a8-08fd612db9c8,de_dust2,10 / 13,23,045f9998-20dd-419f-9d23-3af2c5bed357
1-17acb7a1-033e-4165-bfed-7506551677a9,de_mirage,13 / 7,20,1a4bfb44-0ab1-40f3-9150-688b04cfe158
1-17b6eb55-abf4-4a8d-b467-a4563ca4269d,de_ancient,10 / 13,23,1f75448e-0798-4bd9-a140-ecca04565ecc
1-17bf3b2b-5dec-486c-b33b-3b059ff22f3f,de_dust2,13 / 11,24,4f931b59-8d07-4ee2-af0f-e941ac74d190
1-17c1d719-9ba3-41e0-a2f0-d8d622105b9c,de_mirage,16 / 12,28,a41177ae-e8f2-4598-ae46-463c5f242ffd
1-17c4b21f-b647-488b-a43b-dbc0d53214bc,de_mirage,13 / 11,24,045f9998-20dd-419f-9d23-3af2c5bed357
1-17d7bcdd-437b-4271-997b-90f41776a4d6,de_anubis,2 / 13,15,a5fa9e4c-0beb-4b4b-94bf-fbda21fe9fe4
1-17d84126-152f-4e28-aa53-c3e2b9634873,de_mirage,13 / 5,18,1a4bfb44-0ab1-40f3-9150-688b04cfe158
1-17db1753-1440-46d7-ad95-146708371090,de_mirage,11 / 13,24,e88a905c-7506-4a78-8462-5c0ba4b5d197
1-17e717cf-64e3-4164-a990-f43ab571f4f6,de_mirage,7 / 13,20,9e90daa5-432f-413f-bd49-30dbc36c13b8
1-17f2efc0-b135-4300-bd06-d955342172d8,de_inferno,7 / 13,20,f964447b-f3f4-455c-a003-1e6cc4eafdb2
1-17f7c2df-c0f1-495b-a5bb-81607a72de3a,de_dust2,11 / 13,24,acabc360-b1dd-40ec-b17b-0e7b4214c7f7
1-18091c67-88ca-468e-b371-0b57988fa6a5,de_cache,13 / 16,29,7065914c-326b-4fdd-a119-826675140183
1-1810626e-08fe-4e6b-87d5-bcc865af6722,de_nuke,13 / 4,17,36804456-9c53-4ed2-b4e1-3c613c00c4a4
1-182d30f7-22e6-4a40-8820-6480f213724b,de_mirage,13 / 10,23,1a4bfb44-0ab1-40f3-9150-688b04cfe158
1-182dd2fd-37a5-4ae3-8ca7-94dd16d3ad00,de_dust2,8 / 13,21,7f1ffae4-fb2d-44eb-9360-f39306530cad
1-183be4c6-c55b-400f-89f0-b6ea5232ad32,de_mirage,13 / 11,24,0168fff3-be1b-486f-a35f-ddb8236e1c3f
1-1843b6df-610e-4f22-8a48-eeb767f5d94c,de_mirage,15 / 19,34,c473677d-e904-4c22-8ad1-35bbe13b454e
1-184a105d-fbb6-41ec-8785-80725c9e2014,de_dust2,14 / 16,30,c3f7ffdf-216a-4473-9b2f-9710c3adc16b
1-18517127-9037-41c1-ac72-dcb683a74d25,de_dust2,13 / 5,18,6b707363-7f72-416d-8af6-27390611af1c
1-18524564-fe48-4cc9-83f5-f49514eca14e,de_dust2,13 / 8,21,c0caaa27-8c16-4894-8c68-617e9e2ec38d
1-185a7c78-7491-4fe4-b8b9-d1db23898d29,de_dust2,13 / 5,18,09d2ee0d-0321-4e9e-87dd-099411ddd8f6
1-1863c3e3-4629-48e9-b062-b7a1c625afa8,de_mirage,8 / 13,21,e695ead4-aeec-43ef-a467-306eb0d3686f
1-186e110c-7194-42f6-a500-fbb0bd78d60f,de_mirage,7 / 13,20,f82bb2f9-c7e2-4781-8012-c3e4726744db
1-186f09b0-16a4-4b14-93bd-6c4d5fff57ff,de_mirage,3 / 13,16,52631bcd-8d15-4f20-b1cb-0f379ef1828b
1-1871e86c-4bf2-4f09-88bb-977c0f5bb254,de_dust2,11 / 13,24,5dc5f7ca-9d7a-4342-9d29-4edd14edce0e
1-187421af-ff03-47a7-ac5f-090f6cf14fe6,de_dust2,8 / 13,21,7f1ffae4-fb2d-44eb-9360-f39306530cad
1-1893a7ef-0407-4972-a9f4-d291f43612a1,de_mirage,3 / 13,16,39d9655f-58fb-4550-93ec-6bde8df12211
1-1895fbaf-8fe2-4a0b-9470-abdc6151f8b6,de_mirage,13 / 7,20,02738204-aa41-414c-a9ae-04ba0b62dcd6
1-189d3b15-ab71-4722-951e-6d6abacb4796,de_anubis,16 / 12,28,e37989ad-e909-4536-b2ef-9646085bcac8
1-18a5cea6-cf03-4e8d-b8f2-36b59934242e,de_mirage,5 / 13,18,746fc7f6-fdea-499a-8adf-8d4b31ecc243
1-18b3098e-f6b9-427b-9c2c-7a3b210c73d3,de_mirage,19 / 22,41,2c7aacb3-ea95-40fa-8360-4c3842e5a4e7
1-18b3b3eb-bb70-436a-874c-0ec868d516ff,de_mirage,13 / 8,21,d523201e-b5fa-464c-bb81-26045841b96e
1-18ba156c-ca89-450e-9be1-f16f31c6408d,de_mirage,11 / 13,24,7e901a3b-141d-4820-b111-2e83cf37ee48
1-18bb6556-60fa-4461-af2d-c79a0a21fa07,de_mirage,9 / 13,22,0ccd9166-8f87-4444-bc74-cfdcef33b318
1-18c1e5f2-7899-4d9e-a671-16db144787cb,de_dust2,4 / 13,17,de9e757b-b22d-4c88-b8cd-84d1cfd1f06c
1-18c1e5f2-7899-4d9e-a671-16db144787cb,de_overpass,3 / 13,16,de9e757b-b22d-4c88-b8cd-84d1cfd1f06c
1-18c3c505-12e9-43eb-92ef-819ece4d5fd5,de_mirage,13 / 10,23,8ec3dcde-3977-45ed-a1cc-f1ceb0ca77e6
1-18dfb4c5-8e0f-4987-b628-f64d72e6830e,de_dust2,5 / 13,18,82515cce-6362-4d53-a8ad-41be32ad8c60
1-18f5271b-d9ec-4ca7-932c-b67626a0859d,de_ancient,11 / 13,24,5c5a9150-6dfc-4040-ba50-d2e18a29875e
1-18f60516-0d22-4e95-99de-05e8f3afb91d,de_mirage,13 / 10,23,52631bcd-8d15-4f20-b1cb-0f379ef1828b
1-1901d093-9261-4992-9354-b6fbec5cf0c9,de_dust2,18 / 22,40,7176fca3-b805-49ff-8c7b-1ae70e1bab49
1-19035cc6-7c9f-4455-9898-4f5467bc7acb,de_dust2,13 / 6,19,a98b5348-4edc-4f1f-906b-d3345cfb85e6
1-190d016e-9d22-4dd7-b702-d6adf46cacee,de_mirage,10 / 13,23,6c4fdecf-439a-4f2f-9920-ab30f937a847
1-190ddd76-d1d1-483a-a2d7-6aa85fac5643,de_anubis,13 / 4,17,b1928719-2509-4929-b45b-4ea460286f59
1-1922d425-b09e-489b-bb55-dd281e2c5e70,de_anubis,13 / 9,22,dcf07da4-e249-48da-8831-aa163e9c4b49
1-19277bb9-d7cb-4b5c-826b-3afe68e0f890,de_dust2,10 / 13,23,e413ab60-83ef-4366-8143-a612a521a87f
1-1932e3d6-2aa1-432a-922e-27f5c886d1b9,de_inferno,11 / 13,24,1f42d837-3902-480a-b874-a1987590b2b1
1-193504cb-268b-4774-8e60-5ad52ba2edfb,de_mirage,13 / 9,22,6b707363-7f72-416d-8af6-27390611af1c
1-1946eb4f-7421-4e80-8d78-352a143e752d,de_mirage,13 / 11,24,da08f169-5267-45e5-a3ab-62cc3b5f57d6
1-19482266-3026-42b5-aa64-3a189339045a,de_dust2,13 / 5,18,fb4d7d9d-405b-4f05-b084-c79fe26c0df8
1-1949203d-489d-4788-9cc0-4a9899373af5,de_mirage,11 / 13,24,19d794eb-6084-4ec3-b3cb-6f85d6d09532
1-194c4a61-f901-4a68-b5de-3fbb51d6cafd,de_mirage,8 / 13,21,46705723-ff0e-40d8-8b57-1fd60e5ae7da
1-19547e9c-63da-4a92-ac98-b869a6ce449a,de_mirage,0 / 11,11,1b21d193-72e6-4033-a392-cb26855fdb04
1-19569ee4-25db-4f5a-b1e9-b59d13fdb96c,de_anubis,12 / 16,28,a40b6212-fdfd-48cf-bf9d-2bd352144ab1
1-19597103-4d2c-45c3-b677-4776a9bb4d96,de_mirage,9 / 13,22,534bbb62-5218-4727-aaad-9ef726c424c6
1-195c3bb5-c927-402f-a3f4-46c1839f9da6,de_dust2,9 / 13,22,4776acf4-a3d9-409b-b3f4-6b05aa17e7c0
1-195e137b-6809-40f2-9d66-19cb526b3457,de_mirage,13 / 4,17,96bb0d37-26b7-4dd8-b8ba-717d3d4b718a
1-19634418-3829-40b4-8cb7-07b9a9b1dc35,de_dust2,8 / 13,21,48595ba1-25a1-4a64-a257-84b9ab92be62
1-196694ce-bb97-4312-9d10-8435f7ff2020,de_mirage,13 / 4,17,206e86f6-afd1-44b1-8113-5b6135db5a36
1-1966c7cd-32de-4720-bd80-e6ec4852e296,de_nuke,13 / 11,24,fd982ad7-ab4b-480b-8304-f3e966b33135
1-19674a66-ab2a-40f8-8154-2abf6be63342,de_mirage,10 / 13,23,84278933-b5bd-4552-bc86-a82751b48774
1-196a4ed8-3e25-4659-a815-0b5482fdc955,de_mirage,16 / 12,28,6aee71bd-3a84-40c1-ac2f-f0e50d4abe60
1-196b38f6-6fb2-44d2-b9e6-d45f9f0d8725,de_ancient,13 / 10,23,946807ff-be60-46be-8ec8-76f34fd6e163
1-196f8128-7263-4b9b-b47c-2c1a79ac28bb,de_mirage,13 / 10,23,46ff1ae1-a0ee-4848-b55b-ff55f08ee623
1-1974a39d-4827-4bff-8e03-df98b329595c,de_ancient,9 / 13,22,1fb315a1-aaf0-4d31-9f24-cdd6afe6e657
1-1977f80b-27f2-4ca4-abea-9635ee241ea5,de_anubis,13 / 10,23,a2b1f76a-46ae-443b-9fb8-ea80d26a2f0f
1-197857ab-a815-45ef-8a5f-0cb7fb313473,de_mirage,13 / 8,21,4613e6a8-e551-4e48-bb6c-f7d6569ce45d
1-197bd69a-dfe0-45af-a41a-e507aa719af6,de_ancient,16 / 14,30,4613e6a8-e551-4e48-bb6c-f7d6569ce45d
1-19994485-bcbb-47ad-bd76-1325b53ccab9,de_anubis,9 / 13,22,b4727174-0e88-479c-a990-4fc86c6923c6
1-199c5445-85fc-42d0-b315-acae176e8c29,de_dust2,16 / 14,30,dd6f6d77-81b5-4b86-aa15-cde5f0f62967
1-19a23acf-9a01-49ef-a53e-aa6f62da9106,de_ancient,16 / 14,30,7cfbd6d1-0989-4464-b58b-30b951698fae
1-19a5152e-f029-4398-bb8f-672594fe27ba,de_mirage,10 / 13,23,175b1046-459e-4f82-bfa8-262b9527e64d
1-19ad63ef-bd84-417d-bed5-fdd7e2ac6026,de_nuke,9 / 13,22,8766b122-346a-4327-ad31-e6fa927bc89a
1-19b1813e-ce4c-4ff9-9996-4ae18b8a76bf,de_mirage,17 / 19,36,8b5bb558-c8da-4536-8421-99422477b090
1-19b4c1d4-f288-4339-b8be-9c7aef77fe66,de_mirage,9 / 13,22,1f30c0d7-aa1c-4a6b-a275-d44fbea93682
1-19b5122b-20fd-4e1d-9942-a88e0b6ccf9c,de_ancient,16 / 19,35,08b354e6-c7f5-4e64-9feb-cba6baea4ebc
1-19bb876c-4abb-45ae-9f5c-5463972df6df,de_dust2,13 / 9,22,991fffa0-167f-4aec-a579-ac3216447ac3
1-19cea655-f5a7-4e30-bcc7-f2cae04382b1,de_overpass,13 / 5,18,d1f594e2-0848-4c05-9164-146b875a476e
1-19cf714a-d480-4da3-a31e-54a5f23da5b5,de_ancient,5 / 13,18,4613e6a8-e551-4e48-bb6c-f7d6569ce45d
1-19d34e5c-43dc-44c2-bbba-01b5c1a405e0,de_dust2,4 / 13,17,8eb37e8f-da03-4e17-8c29-b381510860c2
1-19dbfe7a-6b1d-414a-bc46-02eb6cedf334,de_mirage,13 / 5,18,c501ca5e-4b0c-4b05-b8d9-81c448352712
1-19e94c14-40e1-41bd-9e5f-08439f8c7597,de_cache,13 / 6,19,eb66fa31-9f2a-4033-928b-e35d769aa22a
1-19e98a39-1cac-4bec-8f65-fd2805251517,de_mirage,9 / 13,22,484d0c16-6919-4151-83f7-e76ac176b117
1-1a0197eb-4a2a-4a3c-81b3-e80c465c92f0,de_ancient,11 / 13,24,343f7cc7-a8fa-4e0a-a722-cd45ec6d604d
1-1a0443c3-6cac-4b17-b229-6ddd4fa2520d,de_mirage,13 / 11,24,157dfd0a-e241-47ab-8f79-35b941a94e58
1-1a09f906-dd83-4f42-9473-caba1efcb4e6,de_mirage,10 / 13,23,0861737b-014e-43db-b266-7b2886c8a071
1-1a0aa70d-f85a-411c-b9ab-ba9f496f5c90,de_cache,13 / 7,20,ff316ec7-bd90-4a28-8a7a-1f1f456c3d43
1-1a0d2286-6454-4225-afa9-1efe5539466d,de_mirage,13 / 11,24,4358edc1-a2fb-40f8-b24e-98463282d8cb
1-1a2aa45f-0ef0-4ee5-9e15-05dc6a728664,de_mirage,7 / 13,20,a66cccad-09ee-4222-bb11-b3720e4a7607
1-1a2b7804-b228-4706-be94-3deb7a52abe7,de_mirage,13 / 9,22,773a4eeb-4e54-46f2-b5bb-4ef998bdf849
1-1a369318-5f03-4c6c-aea6-0ab4c8d7d46e,de_ancient,13 / 10,23,db1402e8-c068-400c-aa57-4205fa001268
1-1a37ffa3-0a21-4c7d-a12d-9da8860c2a0e,de_mirage,7 / 1,8,88389e8b-60f7-4702-a76c-e58a87fdfd8c
1-1a3c06f7-a6c1-4a74-9adf-b65805af6f5c,de_mirage,6 / 13,19,2478ffff-2e99-409c-afe7-cc3aab3e6786
1-1a40fc1f-05c9-43a7-bcc2-0c5c418755d1,de_dust2,13 / 10,23,0595e62e-a861-4821-b0ec-f5b16652cef0
1-1a4667a9-4729-4e0d-ac2c-16a6bf147637,de_dust2,13 / 11,24,83e05ad3-b088-423b-99b1-dedb502fae72
1-1a4baf3c-c207-44fc-a83a-f530fd1869ae,de_mirage,7 / 13,20,c91d377b-015f-45ab-b4b8-85e839a54020
1-1a5652ca-efc7-44a1-8d14-d09fe44c94c6,de_dust2,13 / 10,23,9c9c3aee-3a45-40a6-8caf-7e5bd63325a6
1-1a5cd43c-b908-40ec-a6f7-298f6f025407,de_inferno,13 / 10,23,328aab6f-e566-4f55-8e31-d26c17fdd722
1-1a6aac9e-5b55-4e9d-b2a6-5237472edd31,de_mirage,9 / 13,22,b5c3e65c-bb6c-49d1-ad75-3823b52ce576
1-1a793129-6a2c-410e-bce6-b20ec89eb146,de_mirage,13 / 8,21,dc8cd8e6-7836-401c-b79e-51bae8f10d3e
1-1a82c40a-b087-4f15-aa9a-a74a58d99826,de_dust2,13 / 4,17,4077f1a4-b324-4a0f-995b-8a21779bb99f
1-1a8aaccd-610b-4ea0-b5e6-6f074cd4fa56,de_dust2,14 / 16,30,4804d07d-ecee-4449-a531-11d7608d9fe8
1-1a94aedf-9e6c-4670-8885-a803b80c07e8,de_ancient,13 / 9,22,d7cfe3be-cb1c-4f42-9d18-029a3ad13d91
1-1a95dba9-3495-4967-8100-2e7349999208,de_mirage,13 / 9,22,0de12d71-0a13-4706-9471-caa4ca2694a3
1-1a9d56ea-2c29-49b0-8c5d-aaaaf01b8273,de_anubis,13 / 11,24,9bf39219-8101-42f5-94b6-32fec8de4978
1-1aab3d40-6edc-4412-9c91-c3daf1a187cd,de_mirage,13 / 8,21,a604bd5c-ee4a-49ae-841f-9511f5a0fd24
1-1aacd6b8-bdf7-472c-92fa-b1d9feb2d3ee,de_nuke,3 / 13,16,f3d16607-1f8b-4054-b8f1-f039fe516057
1-1ab1766c-6879-4e63-9d02-20469dbf7912,de_dust2,14 / 16,30,39d9655f-58fb-4550-93ec-6bde8df12211
1-1ab44f2d-f5d8-46b7-8b0a-2a6bec798262,de_mirage,16 / 19,35,e90b349d-d3ea-4ea1-b5ad-51adb61b131f
1-1ab4e005-e373-4b34-9a0b-21feae58ad6e,de_mirage,1 / 13,14,ce24d18f-4adf-4952-990e-98678a160325
1-1ac689e0-bd14-44eb-8878-1a189cc91717,de_dust2,8 / 13,21,2ceaaf9e-f690-4559-828d-d45c67050e03
1-1ad1ffa6-7379-463d-91db-b7de22cb50ec,de_ancient,13 / 9,22,e6891e5d-6f9d-414a-b2ec-0ce264868b1f
1-1ad6ce7d-8658-490d-b10f-6752abd1927c,de_dust2,14 / 16,30,d01b5a67-6e52-4df2-aea7-a86b0292e0be
1-1adeb50b-5b3e-481e-be97-6903fbcb1605,de_ancient,4 / 13,17,0a6dd0ab-51fb-4a9f-b598-c6371cca914e
1-1adfb54e-f474-4d03-a714-abe380bc18d8,de_mirage,13 / 3,16,98d9fdc3-9434-4ca0-9f7c-c2ba058dbea6
1-1ae317cc-0229-4664-82c4-660ebd9c7f75,de_dust2,13 / 6,19,a2e693c3-9e71-4988-84d2-d241f75a9590
1-1ae317cc-0229-4664-82c4-660ebd9c7f75,de_ancient,13 / 3,16,a2e693c3-9e71-4988-84d2-d241f75a9590
1-1ae85de2-1c3a-4abc-bc6b-c25e404184d0,de_ancient,13 / 16,29,524f7abd-41b7-4c97-9b24-08fcd100f031
1-1ae882ec-987d-45fd-bb3c-f08818d37cbf,de_anubis,9 / 13,22,ef35ad6f-1250-4fe1-9212-4a4dddbc6ead
1-1aeea576-ff47-4f9f-90c4-9015387a03e8,de_mirage,14 / 16,30,e230d301-7796-4471-bffe-885a78723c72
1-1b01df57-79e7-4b1a-bb9e-40fb55cb4108,de_cache,7 / 13,20,77591e1f-8b92-4217-8432-b3a11eee5495
1-1b122a6f-ce3b-4dbb-ab7f-34fb25709a86,de_dust2,11 / 13,24,f2957e41-03d7-41fe-b2e1-cab1746cc179
1-1b13ed19-e4d4-45da-a763-e5d25e333dfb,de_dust2,13 / 0,13,3e492653-cfc3-4632-ab6e-23aa59d7dd5b
1-1b18616d-26d3-48de-97d0-d82feeaf181e,de_mirage,16 / 14,30,9fe57655-a0ad-4642-b187-946109dd58f4
1-1b259f4b-29e9-4fd1-b061-aff2a33234f3,de_inferno,13 / 7,20,39239c35-3eb9-4ea2-92d6-c46e503af35e
1-1b2c987d-c72c-41a1-be04-038fc41b2fdd,de_inferno,13 / 10,23,6fa473b0-f92d-4e84-9520-426988caa0dc
1-1b356f1f-0438-4b58-9a79-2efcd1290a05,de_ancient,5 / 13,18,2beea4bf-b4cd-4531-a1f9-2f993e3161c2
1-1b3724b1-1f31-4a28-bf1b-2e4014fd2aa2,de_mirage,13 / 11,24,67981f93-c766-4b4f-8657-54c68f966d79
1-1b492c02-ece6-4d71-be1e-636580bf2e6f,de_mirage,13 / 5,18,2989249b-5f81-4340-b2a1-e4db4c9aac5b
1-1b60dc28-a5e5-45cf-94de-c8f39091896d,de_mirage,14 / 16,30,1fb315a1-aaf0-4d31-9f24-cdd6afe6e657
1-1b66933a-f37f-4158-b84f-5bd1cfed06f8,de_mirage,8 / 13,21,c77850d9-1af7-400a-a2f6-a9643e8e238d
1-1b68f8c7-dc63-430b-a489-cb6968e8ad7c,de_cache,13 / 10,23,4f241e94-cd2c-4123-912f-3504435d70af
1-1b6b05fd-04e8-4d4b-946d-467e3e46af03,de_mirage,13 / 3,16,5efee690-0303-4bd4-b209-cce3c874696b
1-1b702da3-62ba-4692-87da-f7a7b288bd9d,de_mirage,13 / 8,21,17164ff7-5529-4cf8-be48-e76194a16ce5
1-1b77d0a0-e282-4df8-95b5-a8997b687e24,de_dust2,13 / 4,17,28028ea7-e0cb-4f32-a9ae-1604823e4833
1-1b7adf81-d2ee-409f-af05-33f1ce3435fe,de_dust2,10 / 13,23,01dc1076-34da-4ebf-b0fb-dcebc9c2a983
1-1b97c8b5-3fa8-44bc-8441-ea48ea477ab5,de_dust2,13 / 7,20,9b31c481-bbab-4bde-ad97-2dc5b705c1de
1-1b9dbd0e-5006-4aba-b462-f343092d9694,de_ancient,19 / 17,36,f2cd0004-5661-400e-b142-eb7bc74ea00e
1-1b9e3087-369c-4628-9c01-49a446eefaf8,de_mirage,25 / 28,53,5e939271-656e-4ab9-990d-4e0778b23906
1-1baa45c5-47c0-4e4b-ab2c-8afbaebf1e6e,de_anubis,13 / 2,15,8009c941-61b0-4ee8-a872-170c87b4b841
1-1baa7dde-4884-4c1e-b027-fb12f9394f21,de_dust2,3 / 13,16,337eeeaf-de4d-41d7-87f3-bcca627b0da9
1-1bac12d4-47b1-45c2-ac09-406b38e4381c,de_mirage,17 / 19,36,db441e23-1acd-4bfc-b3b1-76ec80d9bd02
1-1baf8834-11f9-4991-8155-7979720a9efe,de_mirage,11 / 13,24,2f5bb972-c480-407c-918d-d6e6604820b1
1-1bb9057b-b8e2-4076-bd56-026d8bcde7da,de_mirage,13 / 6,19,a755bb8d-17d2-4f7a-bd41-74c4f898db9c
1-1bb975d1-c14d-4a2d-80dc-727162a27cdf,de_mirage,9 / 13,22,d6f9cde7-5a51-4385-a088-23fe98566a43
1-1bc5a37f-d26a-479c-a4ac-59a238b2ce2d,de_dust2,13 / 5,18,acabc360-b1dd-40ec-b17b-0e7b4214c7f7
